{"q_values": {"(0, 0, 0, -1)": [0.0, 0.0, 0.0, 0.0, 0.0004993673879653216], "(0, 0, 0, 2)": [0.0, 0.0, 0.0, 0.0, 0.0009731441829353572], "(0, 0, 0, 4)": [0.0, 0.0004991319496184587, 0.0, 0.0, 0.0], "(0, 0, 0, 3)": [0.0, 0.0, 0.0005237363768741489, 0.0, 0.0], "(0, 0, 0, 5)": [0.0, 0.0, 0.0004986152984201908, 0.0, 0.0], "(0, 1, 0, 5)": [0.0, 0.0004984089639037848, 0.0005201805813470856, 0.0, 0.000494877016171813], "(0, 1, 0, 3)": [0.0, 0.0004982640035450459, 0.0, 0.0010444683863959892, 0.0], "(0, 1, 0, 2)": [0.0, 0.0, 0.0, 0.0, 0.000498062651604414], "(0, 1, 0, 4)": [0.0, 0.0010193057269888537, 0.0010438466098338052, 0.0005206595605472102, 0.0], "(0, 1, 0, 7)": [0.0, 0.000987776306649088, 0.0, 0.0, 0.0], "(0, 1, 0, 6)": [0.0, 0.0, 0.0, 0.0005178945271763951, 0.0004917668178677559], "(0, 1, 0, 8)": [0.0, 0.0, 0.0, 0.0004905982408672571, 0.0], "(0, 1, 0, 9)": [0.0, 0.0, 0.0, 0.0004892077762633562, 0.0], "(0, 1, 0, 10)": [0.0, 0.0, 0.0004876740742474795, 0.0, 0.0], "(0, 2, 0, 10)": [0.0, 0.0, 0.0, 0.0009584729499660782, 0.0], "(0, 2, 0, 11)": [0.0, 0.0004987305961782113, 0.0, 0.0004839613568037749, 0.0009245964488945902], "(0, 2, 1, 12)": [0.0, 0.0005058521430240944, 0.0, 0.0, 0.0], "(0, 2, 1, 13)": [0.0, 0.0005010175078408794, 0.0, 0.0, 0.0], "(0, 2, 1, 14)": [0.0, 0.00046563292853534226, 0.0, 0.0, 0.0], "(0, 3, 0, 13)": [0.0009040768421910354, 0.0004623750690370798, 0.0008933027173893026, 0.0, 0.0], "(0, 3, 0, 12)": [0.0, 0.0, 0.0, 0.0009458844021484098, 0.0], "(0, 3, 0, 11)": [0.0, 0.0, 0.0, 0.0, 0.00047446967733558274], "(0, 4, 0, 14)": [0.00041782017797231674, 0.00044431327618658543, 0.0004285804927349091, 0.0, 0.0], "(0, 4, 0, 12)": [0.0, 0.0004126659128814936, 0.0, 0.0, -0.001093286368995905]}}