{"q_values": {"(0, 0, 0, 0)": [0.9521504618421687, 0.9514799809956198, 0.9452163132703446, 0.9511971150055392, 0.9421127593600755, 0.9519477861585354, 0.9498179034310186, 0.9515548932280607, 0.9527187815841638, 0.9516203081835061, 1.0326991735715958], "(0, 1, 0, 0)": [0.7473105832513572, 0.8020779513399823, 1.0986458097567446, 0.7472318235203268, 0.7323404998378287, 0.765180895783494, 0.7459004078582645, 0.7203651271884142, 0.7576405273044028, 0.7147048769556559, 0.7472849595405147], "(0, 2, 0, 0)": [0.30063855027348096, 0.29947304983526213, 0.5045531195969791, 0.30059724090183715, 0.3001136420427223, 0.29903705982695317, 0.2993938963493057, 0.29877293957346013, 0.299819721971462, 0.2956286731066575, 0.3003497918196605], "(0, 3, 0, 0)": [0.24496064142564633, 0.07952734332643868, 0.08778767302136703, 0.08376501565176278, 0.08780145688672972, 0.07832523084521148, 0.07859533962347948, 0.08804413751844428, 0.08467053147350342, 0.08811227800655835, 0.08416515882404058], "(0, 4, 0, 0)": [-0.014527769574651564, -0.015644244753057805, -0.013527364457473672, -0.014310611253679991, -0.01732364263297808, -0.014143549619735928, -0.014327095932241584, -0.015043174870782158, -0.01501239359378237, -0.014120030990591106, -0.014037177185100084], "(0, -2, 0, 0)": [0.34083613414228264, 0.5196776838524484, 0.4652781867573393, 0.42232166164846896, 0.256217984186889, 0.24647715014414012, 0.2597883488316373, 0.28609048372602286, 0.15832988697620268, 0.16274196922139555, 0.8117535414132825], "(0, -3, 0, 0)": [0.04506939382082745, 0.04427661653415908, 0.04503435268328447, 0.04636527426334287, 0.04379819897805487, 0.04598234657918374, 0.044263716443836476, 0.04648371465745199, 0.042093005024270214, 0.05093317511595767, 0.04255801459587875], "(0, -4, 0, 0)": [-0.016876476568379255, -0.016697811308079888, -0.0178142364935978, -0.019534930383009214, -0.01926567989929888, -0.0188959810664147, -0.005890449159093412, -0.017493140392623303, -0.016659917976237466, -0.017825598598588538, -0.016788132781517105], "(0, -1, 0, 0)": [0.7745605958325752, 0.7760497696298219, 0.7594735510411125, 0.7745496022877502, 0.7744546809296948, 0.820363958991885, 0.7741430555654174, 0.7742098063099856, 0.7744227294227559, 0.7743736997715688, 0.774614891744005], "(1, 0, 0, 0)": [0.8019464396454996, 0.801546396984057, 0.7810041358238354, 0.7646694464534973, 0.7873620849923995, 0.7753137481366177, 0.7904444466783476, 0.8012007825796175, 0.7490465259539818, 0.7753321175580656, 0.7820494782835776], "(1, -1, 0, 0)": [0.5664568729100772, 0.4101025579059394, 0.40951097376364337, 0.41114527134579004, 0.4106879122912255, 0.4059635966699613, 0.41014804499456503, 0.411199386891707, 0.42322640672065515, 0.41117000068016374, 0.41108665280597445], "(1, -2, 0, 0)": [0.11072199681097294, 0.20643367906017726, 0.10956911346858314, 0.23605019173283467, 0.1977396078441836, 0.109339782677498, 0.14170535200338147, 0.1936587361360938, 0.2041845633288411, 0.15441562590541205, 0.5302056777058073], "(1, -3, 0, 0)": [0.02062322933568412, 0.019732254870591527, 0.01783775893837323, 0.021866266045463684, 0.01884046213190852, 0.019266701056481973, 0.02004144157368706, 0.020280058770796253, 0.020845394499412827, 0.023591528692913415, 0.03354011286951978], "(1, -4, 0, 0)": [-0.0296881157166679, -0.02787860112840412, -0.027969702548283397, -0.028583274123236416, -0.02793822760339642, -0.028345426751166594, -0.027767049166043646, -0.02919563733935198, -0.027654158658090358, 0.023113921282648484, -0.02913160292737242], "(1, 2, 0, 0)": [0.09323103508629882, 0.08207985754170613, 0.06460689973782285, 0.08627264847915611, 0.4489520181322536, 0.12567603685717615, 0.09919614627672707, 0.01890969395443433, 0.053865263696354304, 0.09288024013994842, 0.047737476619373914], "(1, 3, 0, 0)": [0.03918539795662358, 0.01730555758597392, 0.014651747036296549, 0.006411595975666875, 0.02895251554031294, 0.029522132320045875, 0.029258946527158717, 0.01333198434674985, 0.11736235102299783, 0.016844854190023233, 0.021456750895146693], "(1, 4, 0, 0)": [-0.0076314428923764405, -0.009701048170411815, -0.00946791263653338, -0.008063774036101572, -0.008311406418629525, -0.009263098003838078, -0.010639519035707269, -0.008535524111684744, -0.009424878197348358, -0.008559872904021668, -0.007883609533309938], "(-1, 0, 0, 0)": [0.8930254150158067, 0.4834114343137556, 0.48875366133456716, 0.48239972988290175, 0.5218813528948334, 0.501941754251378, 0.5644866648423039, 0.5570301366180926, 0.4908935588123058, 0.5054430504088164, 0.46431116565530883], "(1, 1, 0, 0)": [1.0826448083149824, 1.340463843949384, 1.353903203890059, 0.887762035453971, 1.2220334997357, 1.2268370413991274, 1.346395997144652, 1.0342457463379156, 1.2059140549969265, 1.321122322335007, 1.293092176534205], "(-1, -2, 0, 0)": [0.7109792584731874, 0.15182684535716368, 0.25761498084891343, 0.07634585148986334, 0.06325190278419299, 0.06952329972391627, 0.1343221788846845, 0.06731679458676892, 0.07747767853606759, 0.06962001294585993, 0.005968067779827871], "(-1, -3, 0, 0)": [0.16816770688888394, 0.34347373924629815, 0.32658051258387405, 0.3665329596354182, 0.45184216837542995, 0.28438155540566223, 0.2089541189889068, 0.2980329716051648, 0.25629422309589217, 0.4220450657279869, 0.3175670246736579], "(-1, -4, 0, 0)": [0.10910793042364915, 0.056944134224554854, 0.08145411336388712, 0.0636875000537922, 0.11904179124842541, 0.05096395775925019, 0.09751812032122845, 0.006868349076486465, 0.02896661514497781, 0.10008988139821699, 0.35245049545156715], "(-1, 1, 0, 0)": [0.4059131834514111, 0.44370415112367007, 0.433074835566019, 0.4453897972319422, 0.40410129010719986, 0.4065792159012053, 0.41926005878139405, 0.5166106158426118, 0.4054219998263139, 0.44518894240117296, 0.443452554499733], "(-1, 4, 0, 0)": [-0.007198006626012477, -0.004735155396722862, -0.005142622651593567, -0.006203276700292007, -0.00921481560841534, -0.005285168472075006, -0.0044164681625533525, -0.007739298711410112, -0.00487965171723507, -0.004833406395101191, -0.00667000398551461], "(-1, 2, 0, 0)": [0.2147036457506045, 0.2270553826470132, 0.22642501071680038, 0.22644027750868717, 0.1973804063496758, 0.22011787837738436, 0.2002275175980395, 0.22536113706482286, 0.2221734126195715, 0.2263469880573328, 0.18901367944834277], "(-2, 1, 0, 0)": [0.19060551646245416, 0.1948876307806345, 0.21146754582045485, 0.1908336268360606, 0.1927701385241956, 0.190908266612825, 0.19145157601926843, 0.1855804032289457, 0.19014617123426855, 0.19360779247072282, 0.17069497809448625], "(-2, 2, 0, 0)": [0.3645878703868377, 0.1329266628064897, 0.0764622754204557, 0.1312717254442214, 0.15008303242329427, 0.13626383834613237, 0.14582081289136634, 0.1630554601297889, 0.11302253322287537, 0.16508533544387685, 0.22166024271100354], "(-2, 3, 0, 0)": [0.024799609225049896, 0.019943158072010476, 0.02520046384419012, 0.023970316896549916, 0.019274582846336877, 0.024622155319834946, 0.02251501667756902, 0.02350626406839012, 0.023621056547075574, 0.023132706740150808, 0.02243259341035101], "(-3, 3, 0, 0)": [0.0, 0.0, 0.0, 0.007962421865434296, 0.0, 0.003684686904371459, 0.005429068182222633, 0.000948385769628063, 0.05358933332413981, 0.0024428790014982224, 0.005754457959122817], "(-3, 4, 0, 0)": [-0.006331649684037971, -0.007293137961590353, -0.004384050890803337, -0.006444983927312221, -0.0053636654129396374, -0.007506917899930179, -0.006221994526591632, -0.0036356361462652085, -0.0036905746997073293, -0.0037470807076171032, -0.004365765303373337], "(-1, 3, 0, 0)": [0.09100155279285888, 0.08701048492151828, 0.09209541111678105, 0.08559125875274003, 0.053578850918241494, 0.08251793853965197, 0.09138770407016676, 0.09317837868777243, 0.08734044162432966, 0.09270106280829529, 0.09294282945924146], "(-2, 4, 0, 0)": [-0.01726969392139269, -0.01863490792457164, -0.016022034295159162, -0.01705986985778479, -0.017130980868894464, -0.01868891978855837, -0.01669748885572176, -0.017153921990527884, -0.01676930815349676, -0.017783885644594585, -0.017179382949477514],