{"q_values": {"(0, 0, 0, 0)": [0.5639406811754056, 0.5647688987500248, 0.5530898969383764, 0.5649934780984003, 0.5635400333573258, 0.5671446196199557, 0.5616668480456737, 0.5641838028437307, 0.5568807636565907, 0.5614920120521166, 0.5670474082396642], "(0, 1, 0, 0)": [0.42121748743403764, 0.4067447740276968, 0.3731239601522319, 0.4273087050000901, 0.3980173210186281, 0.451735769033519, 0.40233274619042514, 0.44042933399324125, 0.3943333224153626, 0.44686316407077153, 0.40930559594773674], "(0, 2, 0, 0)": [0.2948953516640397, 0.2778073230342199, 0.2947109047531079, 0.2960196085491398, 0.2934199105391174, 0.28961109331182106, 0.29514041988187223, 0.2887603260764836, 0.27464486000585436, 0.29473697910771274, 0.2904933616173239], "(0, 3, 0, 0)": [0.08049238957420468, 0.07603189329824174, 0.07919279679866895, 0.07473898204608526, 0.07819076147809248, 0.06815358606954651, 0.07749228895281635, 0.07895125794095625, 0.07633932331491233, 0.07664362782279822, 0.0773753725983867], "(0, 4, 0, 0)": [0.0017380404701301108, -0.0027249898554846073, -0.0056904170510730595, -0.0007915360729337751, 0.002196776453167462, -0.0005927756530495678, -0.0014602474922072906, 0.002559901646317007, -0.004781401351148806, 0.0004923070343086752, 0.0003428974144976532], "(0, -2, 0, 0)": [0.25161802316185344, 0.25189158856583027, 0.25056731826687195, 0.2431227987328841, 0.25187185281107993, 0.2531992010108298, 0.24807845184818494, 0.2398135105354105, 0.23453717230502782, 0.24539435868475484, 0.25168091217535205], "(0, -3, 0, 0)": [0.07720426616045031, 0.07117998777092785, 0.07060387992202809, 0.06277520601476719, 0.075171550975519, 0.07486205642740942, 0.07417893468918596, 0.06011679547829667, 0.0766294756295601, 0.08131844642004343, 0.07574231740122767], "(0, -4, 0, 0)": [-0.011543047608258633, -0.007231085891941022, -0.011431555923546957, -0.014048650908126318, -0.005796325189177584, -0.007052910257665913, -0.003007263480450886, -0.007213937740733809, -0.013401051836384636, -0.014945940651177964, -0.007405687095803071], "(0, -1, 0, 0)": [0.5177954240350391, 0.5399813607410322, 0.5306319817778539, 0.541677288429874, 0.5407945063154779, 0.5375896758930928, 0.5128564702121747, 0.5423546578953373, 0.5415796098604053, 0.5303152884696045, 0.5359355138492281], "(1, 0, 0, 0)": [0.15098794240852637, 0.1348273374118084, 0.21469534778131852, 0.1503968071347605, 0.11031507128480243, 0.19223530056131066, 0.16597517067592915, 0.32730200025313916, 0.09350981674175066, 0.1178775984770253, 0.11631582218180503], "(1, -1, 0, 0)": [0.09285551084649148, 0.10093845801756338, 0.08057479135479607, 0.1282056763002239, 0.2556460792987319, 0.12688957554767405, 0.041755255415344424, 0.11941803295650602, 0.1517024225008711, 0.09395518923726909, 0.10938874368947202], "(1, -2, 0, 0)": [0.1249315924130901, 0.12193192875317253, 0.06455720135256125, 0.03892998375738984, 0.04410494040001298, 0.05006781871166842, 0.08946356746052472, 0.12104168212231088, 0.08481109080895957, 0.06659607297923661, 0.09807164518452344], "(1, -3, 0, 0)": [0.04404358653995058, 0.026536372371409753, 0.03684164606046357, 0.0071970235356851415, 0.021598597505612667, 0.042289808566257296, 0.04038112741868122, 0.017147533612300318, 0.021824546873174415, 0.027689781747258543, 0.01221529554763421], "(1, -4, 0, 0)": [-0.003655144229703981, -0.0042332245246570754, -0.00591525313532563, -0.002651841698586941, -0.003410576049487552, -0.002136836479033983, -0.0031825656837202922, -0.0052389412564895575, -0.0026572697445750235, -0.004166535330146865, -0.0032690879593310265], "(1, 2, 0, 0)": [0.018258244876436028, 0.02512803144859578, 0.012810221215133094, 0.012902467835514582, 0.07740149760902662, 0.01346750555100502, 0.009330019851569558, 0.010993180551556084, 0.007156510825126385, 0.0087806075614221, 0.025357848627038552], "(1, 3, 0, 0)": [0.013834467859289351, 0.010584843240980912, 0.014651747036296549, 0.006411595975666875, 0.00533661745000444, 0.006324311010151738, 0.003971187679469586, 0.004150110075995327, 0.05102251763340374, 0.006070288231283063, 0.0], "(1, 4, 0, 0)": [0.0032448819544631247, -0.001276010125875473, 0.0, 0.002328290569409728, 0.0, -0.00010867327451705871, 0.0004641724451422695, 0.0, 0.002871019486765627, -0.0005287584960177419, -0.007883609533309938], "(-1, 0, 0, 0)": [0.0019994426518678667, 0.010197091622025652, 0.010770150400755022, 0.0, 0.0, 0.0, 0.007821177719770638, 0.016857412046405194, 0.05328150256739361, 0.006622970236792106, 0.0], "(1, 1, 0, 0)": [0.06259126543067679, 0.08252986681501959, 0.0543305479129854, 0.18464735757547274, 0.04873325398094413, 0.011771098491436132, 0.020024814015253616, 0.008841490602355893, 0.035474452220355515, 0.051508092151486495, 0.006918142886655385], "(-1, -2, 0, 0)": [0.010379519382759928, 0.0, 0.0, 0.0, 0.0, 0.0, 0.0, 0.0023934278146363797, 0.0, 0.001857704296708107, 0.0], "(-1, -3, 0, 0)": [0.0018390627577900887, 0.0, 0.0, 0.0, 0.0, 0.0, 0.0, 0.0, 0.0, 0.007508871894323825, 0.0], "(-1, -4, 0, 0)": [0.0017388546839356422, 0.0, 0.0, 0.0, 0.0, 0.0, 0.0, 0.0016871115606278183, 0.0, 0.0017034254968166353, 0.0], "(-1, 1, 0, 0)": [0.11972828145244037, 0.0, 0.0, 0.012097208548238642, 0.027348963945543953, 0.005236862352753393, 0.0, 0.02993081391131512, 0.019481800366306458, 0.019534915778973667, 0.014305334883027944], "(-1, 4, 0, 0)": [-0.0002733087840673448, 0.0011243571551144125, -0.003241342396885157, 0.0011261080415546896, -0.008715476095676421, 0.001667967066168785, 0.0016959039494395256, 1.2113352502102388e-05, -0.004359385743737221, 0.0, 0.0002581211182475099], "(-1, 2, 0, 0)": [0.10867411707064034, 0.011232608056126282, 0.028139876474865856, 0.03810598689137854, 0.040985348805742575, 0.04821501230720822, 0.02295510059401339, 0.04814380185409107, 0.02936144985721345, 0.02085742331461557, 0.03818497771959336], "(-2, 1, 0, 0)": [0.052202755263964624, 0.01037832014546456, 0.005836697658945835, 0.0, 0.0, 0.02275141482798155, 0.0, 0.0, 0.010135884012223054, 0.0, 0.007878207229287539], "(-2, 2, 0, 0)": [0.01255981465529099, 0.0026299435241520404, 0.0, 0.0, 0.001873273216187954, 0.0, 0.0, 0.0029262421089090405, 0.0, 0.0, 0.0029089558306016026], "(-2, 3, 0, 0)": [0.003706120140850544, 0.0, 0.0, 0.0, 0.0, 0.0, 0.0, 0.0, 0.0, 0.0, 0.0], "(-3, 3, 0, 0)": [0.0, 0.0, 0.0, 0.0, 0.0, 0.0, 0.0, 0.0, 0.006814028827100993, 0.0, 0.0], "(-3, 4, 0, 0)": [0.004104264639317989, 0.0, -0.004384050890803337, 0.0, 0.0, 0.0, 0.0, 0.0, 0.0, 0.0, 0.0], "(-1, 3, 0, 0)": [0.0521786560646291, 0.008583981805321658, 0.004730836115071996, 0.005987231282683762, 0.008571587963671072, 0.01955543038511475, 0.009693164662060915, 0.0, 0.005662018280779453, 0.010242163207286908, 0.022362831279923095]}}