{"q_values": {"(0, 0, 0, 0)": [0.20639031685520048, 0.2338339451289661, 0.18999912950928316, 0.21626896763081388, 0.21434622056377373, 0.18062668982593458, 0.21712664741774845, 0.20388490089313405, 0.19108017108776837, 0.18973720665900395, 0.2132987235004229], "(0, 1, 0, 0)": [0.12267565846558202, 0.12223064004129394, 0.12174399369634135, 0.11186032644946906, 0.10831793634743417, 0.12114529943391705, 0.12588237078383155, 0.10668719178153005, 0.11642426697035546, 0.12204092268580599, 0.11069078583246919], "(0, 2, 0, 0)": [0.09313694452902532, 0.07954233618807804, 0.09311612533696281, 0.08471717411952659, 0.07574649892942602, 0.08079330638672735, 0.09075193383515451, 0.08841776200110789, 0.11957206717311278, 0.08513475126434134, 0.0765955460128671], "(0, 3, 0, 0)": [0.03353810063913596, 0.041170512903626624, 0.03431029641755292, 0.028631651719332664, 0.03389142901430037, 0.03708078674491184, 0.03645983395928075, 0.02888514694740253, 0.03808811724105365, 0.05207342655748585, 0.03128030263531109], "(0, 4, 0, 0)": [-0.0019457058149389603, -0.0051462815110284625, -0.0026694309008200184, 0.00010489270159367149, -0.0001864339219737909, -0.0010562367742863333, -0.007725834346231766, -0.0022784323864242523, -0.005706119620603481, -0.0007153857063200231, -0.004068394835662865], "(0, -2, 0, 0)": [0.16485240101105614, 0.20232014014015987, 0.20537476443976022, 0.18355078896097965, 0.19532684259054944, 0.193973505935006, 0.19615936121113625, 0.18599429907191894, 0.18785411635018992, 0.20336001161529443, 0.189102070072855], "(0, -3, 0, 0)": [0.09702636278876353, 0.09897497554167706, 0.09299356816649358, 0.11042704923005262, 0.10506049343560135, 0.0824910481286755, 0.09524997370895082, 0.09629993448574442, 0.11551768887481406, 0.10071126312406753, 0.08955568844864238], "(0, -4, 0, 0)": [0.014777810024128198, -0.0004057271008307455, 0.009212566056225974, 0.009430433028266742, 0.009828762189427813, 0.01061383652549041, 0.00699916245539105, 0.008500866369968692, 0.00938132568735341, -0.005965061797740421, 0.009001515810572383], "(0, -1, 0, 0)": [0.245110841504885, 0.2432948199077864, 0.25065965947691693, 0.2473831082172761, 0.24233317710148106, 0.24501731974043128, 0.2485678950336821, 0.2520967441791265, 0.2461112741856048, 0.2515704300705891, 0.22925577463096825]}}