{"q_values": {"(0, 0, 0, 0)": [0.7516632504981691, 0.8256945423082246, 0.7604465181529207, 0.8527758831132998, 0.8394325327013741, 0.7824272104669687, 0.7736286704819917, 0.7403483089973932, 0.7805358766132895, 0.7605061335965171, 1.0104157113856869], "(0, 1, 0, 0)": [0.6581822420917338, 0.6467641603234591, 0.6343824685973078, 0.6566439471828232, 0.6168143165525632, 0.6530753738465875, 0.6425457243873558, 0.6550640179711964, 0.6269540477900217, 0.6563712840486848, 0.6340389973986225], "(0, 2, 0, 0)": [0.36889332810413633, 0.2661094387640742, 0.26211997148999766, 0.26208147466543175, 0.26422224931488764, 0.2663634003737231, 0.2550898432147749, 0.25860394372177176, 0.266051935067661, 0.265535799963757, 0.26352263248797453], "(0, 3, 0, 0)": [0.08717281136407665, 0.10211823228338024, 0.09108909900629092, 0.08778206067068685, 0.09054826937284889, 0.08817116356087942, 0.09012491365771647, 0.08754397760562097, 0.09301492940820688, 0.08807273819513897, 0.08962527037367007], "(0, 4, 0, 0)": [0.09307271276585907, -0.005930813361289023, -0.013873341818652823, -0.011836502596811224, -0.01732364263297808, -0.008687765564013204, -0.013661984289424108, -0.013446557116900418, -0.0003000215343539796, -0.008096610792843649, -0.015499687136450323], "(0, -2, 0, 0)": [0.37256683695720993, 0.42556834637337737, 0.4809409890224841, 0.4714823444638707, 0.38368346976084045, 0.4820411187469161, 0.37150805460528713, 0.48410560357657106, 0.36070469129460747, 1.0485001985964266, 0.4165207897882752], "(0, -3, 0, 0)": [0.0903152902256668, 0.09182609214646938, 0.09174653632153115, 0.09172683038806456, 0.09050704680605169, 0.09112071962028834, 0.0899371530109399, 0.09179876823809988, 0.08714759872280317, 0.09125442615877459, 0.09178814312874913], "(0, -4, 0, 0)": [-0.012145423958788655, -0.012445426607529442, 0.0017026110055365206, -0.0033837069971311565, -0.011022036566305852, -0.011027945041839267, -0.011850679534661932, -0.012675033294122798, -0.014359151740061206, -0.011974429837168121, 0.0027947899770633046], "(0, -1, 0, 0)": [0.6844729902002344, 1.0496105141269287, 0.6574313960845077, 0.6618601441751206, 0.657607126080687, 0.6974725732855973, 0.6846780148707988, 0.6573966806780087, 0.657583755207801, 0.7224327256205991, 0.6580263557863748], "(1, 0, 0, 0)": [0.8306209969707747, 0.4058319052677256, 0.40421522512036867, 0.45255822465084516, 0.40637089154342554, 0.410316298130721, 0.40671092171937107, 0.5180771480262594, 0.40663349007628447, 0.4066094773369512, 0.4825812591850289], "(1, -1, 0, 0)": [0.44336906219865213, 0.5099291643209203, 0.4400704721562144, 0.44051902255795206, 0.443687988451382, 0.4390209995738382, 0.4126396659265008, 0.42813809638768363, 0.4450826295166683, 0.43586778361487244, 0.4456598052263513], "(1, -2, 0, 0)": [0.3250484581971829, 0.22173169024677214, 0.26930033101164397, 0.21892122588842486, 0.16462233167400198, 0.2084858351345194, 0.2133528629443383, 0.2401736279652928, 0.15561634126909213, 0.5126295411579769, 0.24800730071789312], "(1, -3, 0, 0)": [0.04336134770946423, 0.02445107765228845, 0.02602361568713737, 0.025703981722262945, 0.024270598390939493, 0.025611576950904782, 0.06477741984309211, 0.04290268024530794, 0.024863896885663626, 0.1798449214320954, 0.032348908530990504], "(1, -4, 0, 0)": [-0.02256853893732641, -0.015631851572887823, -0.01729343092460338, -0.022555134285558977, -0.02259942017309452, -0.023824238161107424, -0.024268123948751066, -0.026033716527008043, 0.012902234123641339, -0.022461129135561714, -0.023716526942515415], "(1, 2, 0, 0)": [0.05801665346665124, 0.08207985754170613, 0.029160794848906723, 0.08627264847915611, 0.32934747576095236, 0.12567603685717615, 0.060089803936663244, 0.01890969395443433, 0.053865263696354304, 0.04899617772461938, 0.047737476619373914], "(1, 3, 0, 0)": [0.02708330067240602, 0.01730555758597392, 0.014651747036296549, 0.006411595975666875, 0.02895251554031294, 0.029522132320045875, 0.029258946527158717, 0.01333198434674985, 0.09938048650678219, 0.016844854190023233, 0.008919941175083488], "(1, 4, 0, 0)": [-0.00360094378459191, -0.0040970600404953966, -0.0027414141561326586, -0.003972320592899434, -0.005716756031323773, -0.005668506895324301, -0.004127803919723099, -0.004355859756469726, -0.004443169423572436, -0.004363999059636903, -0.007883609533309938], "(-1, 0, 0, 0)": [0.23296652556176325, 0.2258313824279547, 0.244424962633786, 0.23367042549025682, 0.23341735165665234, 0.23265430812249924, 0.23211367306946135, 0.23158019822424797, 0.2303345119605538, 0.23265199880792464, 0.23259458453477277], "(1, 1, 0, 0)": [0.43671301677748287, 0.484945365765604, 0.5008915242809482, 0.4991492874227466, 0.48869238210691, 0.5019223666704451, 0.5015045313659221, 0.4976996787574415, 0.4996102026096523, 0.49595869449537466, 0.4996405272410056], "(-1, -2, 0, 0)": [0.1996059836239936, 0.014694112470582837, 0.004735868725284499, 0.004770211990281504, 0.0, 0.0, 0.0023171089123934507, 0.0023934278146363797, 0.004091755627338559, 0.001857704296708107, 0.005968067779827871], "(-1, -3, 0, 0)": [0.016868682972390747, 0.006619786959157747, 0.0, 0.003520804546826968, 0.0, 0.006934084120099746, 0.002877816469860603, 0.006789032162838039, 0.005434245074663394, 0.2508785879432511, 0.003272713017462463], "(-1, -4, 0, 0)": [0.032010908499406375, 0.026513606928688413, 0.0016492361202836037, 0.02795830533064031, 0.0083500400481253, 0.01087497928465723, 0.01897423050081952, 0.006868349076486465, 0.0, 0.04016265642109616, 0.2205484679558533], "(-1, 1, 0, 0)": [0.3496916869444118, 0.34316357294608824, 0.3442159107374213, 0.34420776649218987, 0.3414110457071122, 0.3413856225104601, 0.3527342985646217, 0.39954756530427543, 0.3419729739190176, 0.3427739163115105, 0.3908273156356068], "(-1, 4, 0, 0)": [-0.02006915397524351, -0.018892078136122148, -0.020272755550322707, -0.02245232353326882, -0.01983576890132182, -0.01838958765220485, -0.02253800189688899, -0.019992500438994695, -0.022726355909909, -0.022676639394837463, -0.0012411108100839324], "(-1, 2, 0, 0)": [0.20656017003804877, 0.19726198137710182, 0.40048634158537555, 0.1999735360897326, 0.20656133507271696, 0.20889182950695873, 0.2058389708373437, 0.22452750805895416, 0.21993381498495979, 0.24212463495125952, 0.20675107119815994], "(-2, 1, 0, 0)": [0.44001016513850477, 0.16512957447294263, 0.18410901255300455, 0.07228145807975742, 0.16697534589440738, 0.28984255747394083, 0.23461572638830408, 0.1962571746207752, 0.19014617123426855, 0.20522856991926286, 0.17069497809448625], "(-2, 2, 0, 0)": [0.2762789912626634, 0.1329266628064897, 0.0764622754204557, 0.1312717254442214, 0.15008303242329427, 0.13626383834613237, 0.14582081289136634, 0.1630554601297889, 0.11302253322287537, 0.16508533544387685, 0.22166024271100354], "(-2, 3, 0, 0)": [0.12800380594554261, 0.03709578237277887, 0.07119235686181505, 0.043780594739527015, 0.019274582846336877, 0.05250104404589686, 0.04726919697438335, 0.030692768891222813, 0.04554789543534841, 0.07176259743781169, 0.04073931117019637], "(-3, 3, 0, 0)": [0.0, 0.0, 0.0, 0.007962421865434296, 0.0, 0.003684686904371459, 0.005429068182222633, 0.000948385769628063, 0.03754849993630932, 0.0024428790014982224, 0.0], "(-3, 4, 0, 0)": [-0.006331649684037971, 0.0009186582810449743, -0.004384050890803337, -0.006444983927312221, -0.0023791469237203697, -0.0031727265032908797, -0.002652588833467662, -0.0036356361462652085, -0.0036905746997073293, -0.0037470807076171032, -0.004365765303373337], "(-1, 3, 0, 0)": [0.28520055219440793, 0.03741221955134155, 0.033781631276901807, 0.09085708816149578, 0.06070159128340093, 0.04067671173233996, 0.13841495884353566, 0.09288685611627048, 0.0347791772204698, 0.06789879552110699, 0.08094998264538902], "(-2, 4, 0, 0)": [-0.0072067300564299195, -0.007490554793512136, -0.008145750172286487, -0.007796267744240719, -0.008423983268218239, -0.009548629408301795, -0.007555980885090757, -0.00798138726443765, -0.010034031146152042, -0.007481332962519801, -0.0091302182707604],