{"q_values": {"(0, 0, 0, 0)": [0.8263675173688815, 0.8273847386727087, 0.827849195109111, 0.8294146923663882, 0.8293069395017973, 0.829036600392108, 0.8251965765366847, 0.821544557619127, 0.8266547181849638, 0.8284291461947395, 0.8288383321511311], "(0, 1, 0, 0)": [0.585516373169088, 0.5847147239239139, 0.9956860374767972, 0.5860774265625861, 0.5857627232405844, 0.6441247248648433, 0.6199844643394877, 0.5850934286299023, 0.6769643160848234, 0.6282728099742833, 0.6517020721090003], "(0, 2, 0, 0)": [0.36772375788092027, 0.369088811718028, 0.7501126674648141, 0.3674482026930136, 0.3677044984173287, 0.3940907523169725, 0.3686227936554227, 0.3686727905468754, 0.34666855708843336, 0.3620184594574205, 0.3670495977428607], "(0, 3, 0, 0)": [0.11771013155250312, 0.12206462518052583, 0.12109520033638743, 0.12223328926122494, 0.11594970668954796, 0.1125535645158293, 0.12038621774743846, 0.11584054570610058, 0.12147553132884, 0.1233758855835547, 0.1205348280055471], "(0, 4, 0, 0)": [-0.011809163418026448, -0.013495061550437459, -0.013873341818652823, -0.01469294547313522, -0.01732364263297808, -0.013980010029497768, -0.013661984289424108, -0.013446557116900418, -0.013209221389252752, -0.013293356928359638, -0.015499687136450323], "(0, -2, 0, 0)": [0.2542811540470726, 0.25927176468467, 0.31943882633710485, 0.3236763677075766, 0.2684538801198878, 0.26970860183031065, 0.26928237399243593, 0.2688921274054284, 0.2680730710025109, 0.8985810501408721, 0.3115186544600471], "(0, -3, 0, 0)": [0.0903152902256668, 0.09302862740743173, 0.09174653632153115, 0.09313068891222462, 0.09050704680605169, 0.0921231309816195, 0.0899371530109399, 0.09221374524997131, 0.09183576336928574, 0.09125442615877459, 0.09234681855170337], "(0, -4, 0, 0)": [-0.012145423958788655, -0.012445426607529442, 0.0017026110055365206, -0.0033837069971311565, -0.011022036566305852, -0.011027945041839267, -0.011850679534661932, -0.012675033294122798, -0.014359151740061206, -0.011974429837168121, 0.046011885883694634], "(0, -1, 0, 0)": [0.8321560713549099, 0.833086521506974, 0.8350922701117709, 0.833216098562173, 0.8352756054295607, 0.8370078776365513, 0.8047422028161768, 0.8371416668976972, 0.797918137112959, 0.826057369434798, 0.83100881144778], "(1, 0, 0, 0)": [0.8306209969707747, 0.4058319052677256, 0.40421522512036867, 0.45255822465084516, 0.40637089154342554, 0.410316298130721, 0.40671092171937107, 0.5180771480262594, 0.40663349007628447, 0.4066094773369512, 0.4825812591850289], "(1, -1, 0, 0)": [0.4648994531846561, 0.4662575221098596, 0.4564418466564355, 0.4644543144826596, 0.46043867387183224, 0.45276929229217533, 0.4126396659265008, 0.42813809638768363, 0.46142838808593123, 0.45075984885435805, 0.46116322184353115], "(1, -2, 0, 0)": [0.14772695768563987, 0.09655127911682877, 0.2130506253609578, 0.13437565762253276, 0.0968341940825134, 0.13367443864157733, 0.14881248104674885, 0.12799917831979252, 0.11857545033818855, 0.4141865793299565, 0.09688858725808314], "(1, -3, 0, 0)": [0.025317676820798028, 0.02445107765228845, 0.02602361568713737, 0.025703981722262945, 0.024270598390939493, 0.025611576950904782, 0.026146378034853035, 0.02663416884538001, 0.024863896885663626, 0.0336075487805091, 0.026261732358926978], "(1, -4, 0, 0)": [-0.02256853893732641, -0.022981057868690896, -0.022939604104453372, -0.022555134285558977, -0.02259942017309452, -0.023824238161107424, -0.022627545958592957, -0.023869773708349747, -0.013489955028191628, -0.022461129135561714, -0.023716526942515415], "(1, 2, 0, 0)": [0.05801665346665124, 0.08207985754170613, 0.029160794848906723, 0.08627264847915611, 0.32934747576095236, 0.12567603685717615, 0.060089803936663244, 0.01890969395443433, 0.053865263696354304, 0.04899617772461938, 0.047737476619373914], "(1, 3, 0, 0)": [0.02708330067240602, 0.01730555758597392, 0.014651747036296549, 0.006411595975666875, 0.02895251554031294, 0.029522132320045875, 0.029258946527158717, 0.01333198434674985, 0.09938048650678219, 0.016844854190023233, 0.008919941175083488], "(1, 4, 0, 0)": [-0.00360094378459191, -0.0040970600404953966, -0.0027414141561326586, -0.003972320592899434, -0.005716756031323773, -0.005668506895324301, -0.004127803919723099, -0.004355859756469726, -0.004443169423572436, -0.004363999059636903, -0.007883609533309938], "(-1, 0, 0, 0)": [0.23296652556176325, 0.23445032521506526, 0.2342068870725822, 0.23367042549025682, 0.23341735165665234, 0.23265430812249924, 0.23211367306946135, 0.23158019822424797, 0.2303345119605538, 0.23265199880792464, 0.24521854508620672], "(1, 1, 0, 0)": [0.43671301677748287, 0.484945365765604, 0.5008915242809482, 0.4991492874227466, 0.48869238210691, 0.5019223666704451, 0.5015045313659221, 0.4976996787574415, 0.4996102026096523, 0.49595869449537466, 0.4996405272410056], "(-1, -2, 0, 0)": [0.1704124955135104, 0.014694112470582837, 0.004735868725284499, 0.004770211990281504, 0.0, 0.0, 0.0023171089123934507, 0.0023934278146363797, 0.004091755627338559, 0.001857704296708107, 0.005968067779827871], "(-1, -3, 0, 0)": [0.016868682972390747, 0.006619786959157747, 0.0, 0.003520804546826968, 0.0, 0.006934084120099746, 0.002877816469860603, 0.006789032162838039, 0.005434245074663394, 0.22497700804786802, 0.003272713017462463], "(-1, -4, 0, 0)": [0.032010908499406375, 0.0, 0.0016492361202836037, 0.0, 0.0083500400481253, 0.01087497928465723, 0.01897423050081952, 0.006868349076486465, 0.0, 0.04016265642109616, 0.23963799576557604], "(-1, 1, 0, 0)": [0.3815278960968327, 0.3664308122415251, 0.3671491849501295, 0.38062578150872883, 0.38113875490150173, 0.380437140653865, 0.38150319653718345, 0.37020440213603556, 0.3757818643135984, 0.3808869842564763, 0.3810474596524445], "(-1, 4, 0, 0)": [-0.02006915397524351, -0.022885113341870683, -0.020272755550322707, -0.02245232353326882, -0.01983576890132182, -0.01838958765220485, -0.02253800189688899, -0.019992500438994695, -0.022726355909909, -0.022676639394837463, 0.012613321275551138], "(-1, 2, 0, 0)": [0.20656017003804877, 0.19726198137710182, 0.21012303725977627, 0.1999735360897326, 0.20656133507271696, 0.20303098724866542, 0.2058389708373437, 0.2065880406095184, 0.20411744198978732, 0.20570769814058357, 0.20675107119815994], "(-2, 1, 0, 0)": [0.44001016513850477, 0.16512957447294263, 0.18410901255300455, 0.07228145807975742, 0.16697534589440738, 0.28984255747394083, 0.23461572638830408, 0.1962571746207752, 0.19014617123426855, 0.20522856991926286, 0.17069497809448625], "(-2, 2, 0, 0)": [0.2762789912626634, 0.1329266628064897, 0.0764622754204557, 0.1312717254442214, 0.15008303242329427, 0.13626383834613237, 0.14582081289136634, 0.1630554601297889, 0.11302253322287537, 0.16508533544387685, 0.22166024271100354], "(-2, 3, 0, 0)": [0.15626998960375177, 0.03709578237277887, 0.07119235686181505, 0.043780594739527015, 0.019274582846336877, 0.05250104404589686, 0.04726919697438335, 0.030692768891222813, 0.04554789543534841, 0.07176259743781169, 0.04073931117019637], "(-3, 3, 0, 0)": [0.0, 0.0, 0.0, 0.007962421865434296, 0.0, 0.003684686904371459, 0.005429068182222633, 0.000948385769628063, 0.03754849993630932, 0.0024428790014982224, 0.0], "(-3, 4, 0, 0)": [-0.006331649684037971, 0.0009186582810449743, -0.004384050890803337, -0.006444983927312221, -0.0023791469237203697, -0.0031727265032908797, -0.002652588833467662, -0.0036356361462652085, -0.0036905746997073293, -0.0037470807076171032, -0.004365765303373337], "(-1, 3, 0, 0)": [0.21784688660664958, 0.03741221955134155, 0.033781631276901807, 0.05232645978850832, 0.039084049015380026, 0.04067671173233996, 0.04068989325620838, 0.06492988268080296, 0.0347791772204698, 0.045219687961634975, 0.04847938830267357], "(-2, 4, 0, 0)": [-0.0072067300564299195, -0.007490554793512136, -0.008145750172286487, -0.006012102313353886, -0.008423983268218239, -0.006693674287284414, -0.005824313862562402, -0.006457684330882399, -0.010034031146152042, -0.007481332962519801, -0.006271243004610121],