{"q_values": {"(0, 0, 0, 0)": [0.8259552282358082, 0.8902120344199635, 0.8925627282120641, 0.8919274719744897, 0.9000013886617405, 0.8749374343370475, 0.8835257116339663, 0.8721169248293524, 0.8202826123243522, 0.9010886302175298, 0.8759968988215804], "(0, 1, 0, 0)": [0.6846400566075577, 0.7424181704279854, 0.6780813370761167, 0.6446041292170276, 0.7237818130146613, 0.6856326218376604, 0.7347121803263319, 0.6900832398480152, 1.0955550064980049, 0.7186927009643324, 0.6844347613358144], "(0, 2, 0, 0)": [0.9999785591610486, 0.5186878147652855, 0.6384090596239945, 0.4959717540091733, 0.5397761111281956, 0.5167916401546124, 0.45112823857936535, 0.5987342201161718, 0.469501459195816, 0.6149267294752678, 0.5675929959051378], "(0, 3, 0, 0)": [0.16316004112447283, 0.178035497495867, 0.17055115284799532, 0.16031167924248374, 0.1694883971859779, 0.17742037204317673, 0.1674627682289561, 0.17747760601081455, 0.17641951451342397, 0.1758939652170487, 0.17774164054630492], "(0, 4, 0, 0)": [0.0010957854028817338, 0.0016740051317994538, -0.013873341818652823, 0.0036515031639422577, -0.01732364263297808, 0.0033828534890173903, 0.0028110273321694445, -0.00037823775868536975, 0.004071494154920511, 0.0011473763702583338, 0.003864040486837813], "(0, -2, 0, 0)": [0.15641019479011045, 0.16406377731853872, 0.1565827782414546, 0.1622738273788854, 0.1638973822242878, 0.1640353277649284, 0.1549213158360454, 0.1633927870205374, 0.15832988697620268, 0.16454528773038002, 0.16338380625467913], "(0, -3, 0, 0)": [0.06390634589793806, 0.05937351497793106, 0.05036920846493748, 0.06277676856506767, 0.048421010396173206, 0.06221767958550502, 0.06446248809036338, 0.059673823182512534, 0.05441071833479022, 0.058516122968979276, 0.06499446175057759], "(0, -4, 0, 0)": [-0.018417361829349492, -0.014573906452517826, -0.0178142364935978, -0.01734159816651599, -0.014448804719264295, -0.017590283369564877, -0.01319426402470751, -0.015306882533705135, -0.015025841591427027, -0.015604332924000403, -0.009217801516307453], "(0, -1, 0, 0)": [0.5845433183737552, 0.5517462303348954, 0.5830205645370522, 0.5670436615099288, 0.5818932512402917, 0.5845089216595214, 0.5840067911281933, 0.5841815984102638, 0.5807469118803419, 0.5429340591223598, 0.5736907294181604], "(1, 0, 0, 0)": [0.4475651542964507, 0.4058319052677256, 0.44803539662626357, 0.701276033759929, 0.4797990972616104, 0.4859376931575542, 0.5008620147146854, 0.4909109407559029, 0.5411673450250353, 0.44486794810691044, 0.44657322079505646], "(1, -1, 0, 0)": [0.35865625686562663, 0.43440016679718574, 0.34129648438951726, 0.3876963277656689, 0.36410390446778595, 0.3739640055668162, 0.34661055482687464, 0.35312116458349224, 0.44415916925861065, 0.35924856661940363, 0.386695147062215], "(1, -2, 0, 0)": [0.1470443845056223, 0.14781833889022186, 0.1569187054383408, 0.18472225569913658, 0.15521363900671847, 0.14159352700113123, 0.2774988561758245, 0.1535613646490963, 0.14802717439763663, 0.18802121845751446, 0.14618919207281772], "(1, -3, 0, 0)": [0.028788578386379365, 0.030939765808120773, 0.031877344490661916, 0.03535403173577635, 0.03515311432525024, 0.025611576950904782, 0.09089036522116617, 0.03240083812608084, 0.03271739870039668, 0.03186033246853946, 0.036285992231387586], "(1, -4, 0, 0)": [-0.02339655028525081, -0.024220351559879512, -0.024096377708068543, -0.02537231688598726, -0.02320417606661914, -0.0240180888008315, -0.024835724776903087, -0.02244536845029079, -0.022463077290797266, -0.024182321852569494, -0.02243462006722203], "(1, 2, 0, 0)": [0.09323103508629882, 0.08207985754170613, 0.06460689973782285, 0.08627264847915611, 0.44867466210197354, 0.12567603685717615, 0.060089803936663244, 0.01890969395443433, 0.053865263696354304, 0.04899617772461938, 0.047737476619373914], "(1, 3, 0, 0)": [0.02708330067240602, 0.01730555758597392, 0.014651747036296549, 0.006411595975666875, 0.02895251554031294, 0.029522132320045875, 0.029258946527158717, 0.01333198434674985, 0.10844189766968344, 0.016844854190023233, 0.008919941175083488], "(1, 4, 0, 0)": [-0.006586725589588608, -0.007562630493447469, -0.006677237415859894, -0.0064940302768244085, -0.008311406418629525, -0.009263098003838078, -0.010639519035707269, -0.007586726381484568, -0.006755569100485182, -0.00669961835177003, -0.007883609533309938], "(-1, 0, 0, 0)": [0.8651125389544884, 0.4834114343137556, 0.48875366133456716, 0.48239972988290175, 0.5218813528948334, 0.4679399542548727, 0.4652706008201404, 0.5570301366180926, 0.4908935588123058, 0.46661553593679217, 0.46431116565530883], "(1, 1, 0, 0)": [0.43671301677748287, 1.0629820470282594, 0.4676494515816506, 0.4611640057675102, 0.4673695492602972, 0.4565952494470154, 0.541782676528021, 0.46588074315491634, 0.4602370037576445, 0.4624408647729684, 0.46760645541997115], "(-1, -2, 0, 0)": [0.6701063358301858, 0.014694112470582837, 0.004735868725284499, 0.07634585148986334, 0.0, 0.0, 0.0023171089123934507, 0.06731679458676892, 0.07747767853606759, 0.001857704296708107, 0.005968067779827871], "(-1, -3, 0, 0)": [0.1346276176669534, 0.1996913218733645, 0.17368715666615275, 0.1266436856629805, 0.20217082192589703, 0.21904583191308016, 0.1816833581979586, 0.24916577989996047, 0.12877722222534754, 0.6503641186944191, 0.23224454904622333], "(-1, -4, 0, 0)": [0.07824360199092703, 0.026513606928688413, 0.08145411336388712, 0.02795830533064031, 0.05716094961949354, 0.01087497928465723, 0.0594722269935013, 0.006868349076486465, 0.02896661514497781, 0.06663594257694593, 0.5156977779857091], "(-1, 1, 0, 0)": [0.4059131834514111, 0.39464104065598615, 0.40624543530950297, 0.4056777202400208, 0.40410129010719986, 0.4065792159012053, 0.38441080632704927, 0.43134025466398074, 0.3856559689490061, 0.4068837689939391, 0.40664387327602103], "(-1, 4, 0, 0)": [0.051987724147661146, -0.012508292571597648, -0.00929241327666911, -0.02245232353326882, -0.01802444907239413, -0.017505804560090092, -0.0006875699026727116, -0.004394429940968627, -0.003999396824252068, -0.00477643166080673, -0.008933410211624616], "(-1, 2, 0, 0)": [0.16115965863178505, 0.23747167797429086, 0.20767985785331589, 0.4828111704894771, 0.18278378109081897, 0.19433742308728236, 0.16328897220200345, 0.21397484351333862, 0.2194497500763098, 0.19381035082859127, 0.18901367944834277], "(-2, 1, 0, 0)": [0.19060551646245416, 0.1948876307806345, 0.21146754582045485, 0.1908336268360606, 0.1927701385241956, 0.190908266612825, 0.19145157601926843, 0.1855804032289457, 0.19014617123426855, 0.19360779247072282, 0.17069497809448625], "(-2, 2, 0, 0)": [0.3645878703868377, 0.1329266628064897, 0.0764622754204557, 0.1312717254442214, 0.15008303242329427, 0.13626383834613237, 0.14582081289136634, 0.1630554601297889, 0.11302253322287537, 0.16508533544387685, 0.22166024271100354], "(-2, 3, 0, 0)": [0.024799609225049896, 0.025313024773149773, 0.025584778078246807, 0.025405381168371224, 0.019274582846336877, 0.024622155319834946, 0.025868806899992734, 0.025768357295318886, 0.023621056547075574, 0.023132706740150808, 0.02588991337994854], "(-3, 3, 0, 0)": [0.0, 0.0, 0.0, 0.007962421865434296, 0.0, 0.003684686904371459, 0.005429068182222633, 0.000948385769628063, 0.05358933332413981, 0.0024428790014982224, 0.005754457959122817], "(-3, 4, 0, 0)": [-0.006331649684037971, -0.007293137961590353, -0.004384050890803337, -0.006444983927312221, -0.0053636654129396374, -0.007506917899930179, -0.006221994526591632, -0.0036356361462652085, -0.0036905746997073293, -0.0037470807076171032, -0.004365765303373337], "(-1, 3, 0, 0)": [0.30370782208708913, 0.050052729657272296, 0.08270913599622678, 0.08677686143618961, 0.053578850918241494, 0.08327397535789752, 0.09595333023182982, 0.048996754691929115, 0.04517881824593749, 0.08265033528853082, 0.076320227899193], "(-2, 4, 0, 0)": [-0.014949240280390042, -0.016158803700189277, -0.013943368829139699, -0.014613096217766958, -0.014948435793649028, -0.013936614973304434, -0.01524163022934332, -0.017153921990527884, -0.01676930815349676, -0.015733364780017477, -0.015756975943026795],