{"q_values": {"(0, 0, 0, 0)": [0.6663650502783853, 0.6652226013376499, 0.6666103761766928, 0.6658243712316568, 0.6668812399054886, 0.6729423593350777, 0.6668929190322416, 0.7779096119363456, 0.6667093027325695, 0.6664913060723131, 0.6663838705368704], "(0, 1, 0, 0)": [0.6035218707956278, 0.7307344620921763, 0.553696012488602, 0.6593477772999227, 0.972469476209562, 0.6280542920122074, 0.7246779557726443, 0.7437968557463084, 0.7281484639312776, 0.6147261022829952, 0.6518102434185673], "(0, 2, 0, 0)": [0.7856228952297082, 0.4197965374615842, 0.41757335788270483, 0.2664296395488861, 0.24239090079456016, 0.3945360184456205, 0.4005336621293751, 0.2562000894748864, 0.2408622660698582, 0.3118276931921755, 0.39070165812228363], "(0, 3, 0, 0)": [0.33470382587121206, 0.09188656945112354, 0.07230852854757713, 0.0845043428557116, 0.09609747149239431, 0.11472944395247961, 0.062082117544038654, 0.06492522492366443, 0.0944765695178895, 0.06413313056753321, 0.05942545277925957], "(0, 4, 0, 0)": [-0.01317079885901465, -0.01204173251030888, -0.008255934919256944, -0.01334630287163034, -0.018667314441010593, -0.012963936356581302, -0.013661984289424108, -0.012746496151128342, -0.013110048676335409, -0.013293356928359638, -0.012489578553835966], "(0, -2, 0, 0)": [0.3275950089512717, 0.27879101931579986, 0.27854369294191705, 0.27823031247505514, 0.27807965324649464, 0.2789082768856019, 0.2829323117072696, 0.27807990628597967, 0.27952479035511396, 0.2688387480603007, 0.2786395889909371], "(0, -3, 0, 0)": [0.10411594234650803, 0.15136422583733614, 0.10091338050026857, 0.10053953340625835, 0.1379697647020639, 0.1372079380131312, 0.11617174192634619, 0.12991254612808462, 0.0800559993293043, 0.0993823771659074, 0.31464135941010274], "(0, -4, 0, 0)": [-0.009664688556520537, -0.009338240548379478, -0.008553961523006075, -0.009100401137454178, -0.009429574573705114, -0.009984053535423549, -0.00961805390908502, -0.010530861110460268, -0.011080690444833922, -0.01020702401953678, -0.00899021027685126], "(0, -1, 0, 0)": [0.4750700882911549, 0.4978506112404003, 0.48486899236171493, 0.5146892659157966, 0.4819196915448203, 0.4973622468427475, 0.49898028246752624, 0.4989463473499014, 0.4839673750285118, 0.49884128321421084, 0.4989040185185196], "(1, 0, 0, 0)": [0.405790228248741, 0.4058319052677256, 0.40421522512036867, 0.40403211107456916, 0.40637089154342554, 0.42055834367495304, 0.40598562685428186, 0.4066235112556984, 0.40663349007628447, 0.4066094773369512, 0.406460891944644], "(1, -1, 0, 0)": [0.2098593361879629, 0.24438572157178146, 0.2191373707640305, 0.28063608417249286, 0.35056841123456145, 0.2391094707644201, 0.138466308594751, 0.20956632910433975, 0.26243784269539083, 0.20440609798655812, 0.1912460823100385], "(1, -2, 0, 0)": [0.11056196616691885, 0.1106506154364443, 0.08446935997700925, 0.10491351422268969, 0.1098245624133877, 0.09975336064938956, 0.11133286426097844, 0.10960825918181283, 0.10932201644225473, 0.08563000441259841, 0.10206155423165764], "(1, -3, 0, 0)": [0.027844818063908802, 0.03247313664915586, 0.032385148933980645, 0.023157635840701348, 0.050288410201753196, 0.04268156573996301, 0.02919032933202459, 0.034511354351153524, 0.04590319786903671, 0.05079918717523853, 0.13835914692479978], "(1, -4, 0, 0)": [-0.015927668556308894, -0.015279967923206619, -0.015002677665426692, -0.01860001378527125, -0.013959579597088666, -0.015635989695409323, -0.017234031743879177, -0.016796826527732803, -0.020783879038869173, -0.01580018379213388, -0.01503472895252526], "(1, 2, 0, 0)": [0.02494454296595682, 0.08207985754170613, 0.029160794848906723, 0.08627264847915611, 0.27754689484469136, 0.12567603685717615, 0.060089803936663244, 0.01890969395443433, 0.053865263696354304, 0.04899617772461938, 0.047737476619373914], "(1, 3, 0, 0)": [0.02708330067240602, 0.01730555758597392, 0.014651747036296549, 0.006411595975666875, 0.02895251554031294, 0.029522132320045875, 0.018438869591214473, 0.01333198434674985, 0.09099218083968907, 0.006070288231283063, 0.008919941175083488], "(1, 4, 0, 0)": [-0.00360094378459191, -0.001276010125875473, -0.0027414141561326586, -0.0017027580481395917, -0.002509135115148126, -0.005668506895324301, -0.002465758779094113, -0.004355859756469726, -0.0009677995672693323, -0.004363999059636903, -0.007883609533309938], "(-1, 0, 0, 0)": [0.3516866182173819, 0.32443268592990515, 0.346012444900131, 0.34563579623743224, 0.3494221812556101, 0.35094238705977565, 0.3461330427254643, 0.35103370271525347, 0.34558887647608577, 0.37442842370710117, 0.34803811263511936], "(1, 1, 0, 0)": [0.43006151097637757, 0.5353116200944888, 0.526799471596824, 0.530843730763727, 0.5362698534321148, 0.512251076589606, 0.5295703160564272, 0.5145073120012817, 0.5085196571975302, 0.5298716074398925, 0.5334320015612615], "(-1, -2, 0, 0)": [0.06037222368808251, 0.0040499377536222046, 0.004735868725284499, 0.004770211990281504, 0.0, 0.0, 0.0023171089123934507, 0.0023934278146363797, 0.004091755627338559, 0.001857704296708107, 0.005968067779827871], "(-1, -3, 0, 0)": [0.0018390627577900887, 0.006619786959157747, 0.0, 0.003520804546826968, 0.0, 0.006934084120099746, 0.002877816469860603, 0.006789032162838039, 0.005434245074663394, 0.06023261174073738, 0.003272713017462463], "(-1, -4, 0, 0)": [0.0022023032841861244, 0.0, 0.0016492361202836037, 0.0, 0.0083500400481253, 0.01087497928465723, 0.01897423050081952, 0.006868349076486465, 0.0, 0.0017034254968166353, 0.08371564874612769], "(-1, 1, 0, 0)": [0.40160440652227913, 0.40869968321060923, 0.4114735088576842, 0.41257025441645134, 0.41106599204860367, 0.41026176853618235, 0.4076112654565741, 0.40793980312892925, 0.5896608359202193, 0.4126547042317788, 0.42734933065585345], "(-1, 4, 0, 0)": [-0.014023274555822106, -0.016730267084589127, -0.014200996000787842, -0.01986938556428044, -0.014985342774547064, -0.01613169303395415, -0.014929582101372399, -0.015946201688630205, -0.014266878091944796, -0.014269605471547177, -0.01525484886180132], "(-1, 2, 0, 0)": [0.6317083729139628, 0.23091154298771802, 0.2604882363700455, 0.30561951209900284, 0.28228682981880254, 0.2330488017310287, 0.2498737040380778, 0.34388944123613424, 0.3205781126991339, 0.20349263894419412, 0.16888815760762488], "(-2, 1, 0, 0)": [0.44001016513850477, 0.16512957447294263, 0.18410901255300455, 0.07228145807975742, 0.16697534589440738, 0.28984255747394083, 0.23461572638830408, 0.1962571746207752, 0.19014617123426855, 0.20522856991926286, 0.17069497809448625], "(-2, 2, 0, 0)": [0.39690786437466363, 0.1329266628064897, 0.0764622754204557, 0.13191517050530344, 0.11902036256244289, 0.08093983250392639, 0.10545591141975659, 0.1630554601297889, 0.05446273909305854, 0.1466143098633274, 0.16446094568771114], "(-2, 3, 0, 0)": [0.13944663612895702, 0.012930418063132009, 0.0218002167195798, 0.043780594739527015, 0.0034340716897285316, 0.05250104404589686, 0.019601735404860033, 0.014477143551420298, 0.02331035203886038, 0.04632580965439244, 0.01822051711930882], "(-3, 3, 0, 0)": [0.0, 0.0, 0.0, 0.007962421865434296, 0.0, 0.003684686904371459, 0.005429068182222633, 0.000948385769628063, 0.041574725876798904, 0.0024428790014982224, 0.0], "(-3, 4, 0, 0)": [-0.0009347612177667613, -0.0008726416442676847, -0.004384050890803337, -0.006444983927312221, -0.0023791469237203697, -0.0031727265032908797, -0.002652588833467662, -0.0036356361462652085, -0.0036905746997073293, 0.0, -0.004365765303373337], "(-1, 3, 0, 0)": [0.028453364368749838, 0.026790365132808205, 0.028561020912819937, 0.027099015133211217, 0.02659829969174314, 0.037007689128460086, 0.028640978689848155, 0.03332204511190412, 0.028395112622391187, 0.02775154621187733, 0.024803424852988424], "(-2, 4, 0, 0)": [-0.003438007704798158, -0.0036194345021339927, -0.0026655330860107067, -0.0016847195498113443, -0.008423983268218239, -0.0031566191301151117, -0.0025467216717098826, -0.004353635385632515, -0.0029633228925425585, -0.001703208863318741, -0.004192685217731605],