{"q_values": {"(0, 0, 0, 0)": [0.9916362218454713, 1.0439913759047887, 1.0317158807335893, 1.032978294147018, 1.0209348425223914, 1.009630736911909, 0.9758315610165793, 0.9515548932280607, 0.9527187815841638, 0.9516203081835061, 1.4074138513665693], "(0, 1, 0, 0)": [1.0892242842398563, 0.8321958171996144, 1.3676872746405762, 0.9663496517329699, 0.7770288642502622, 0.8869604585168724, 0.895063987803772, 1.0251921242037505, 0.9635899561768794, 0.8635118064339755, 0.9439755559136351], "(0, 2, 0, 0)": [0.30063855027348096, 0.29947304983526213, 1.0326173665775036, 0.3647546740136678, 0.3001136420427223, 0.29903705982695317, 0.2993938963493057, 0.29877293957346013, 0.4055632068268298, 0.2956286731066575, 0.3003497918196605], "(0, 3, 0, 0)": [0.24496064142564633, 0.07952734332643868, 0.08778767302136703, 0.08376501565176278, 0.08780145688672972, 0.07832523084521148, 0.07859533962347948, 0.08804413751844428, 0.08467053147350342, 0.08811227800655835, 0.08416515882404058], "(0, 4, 0, 0)": [-0.014527769574651564, -0.015644244753057805, -0.014299173342462545, -0.014310611253679991, -0.01732364263297808, -0.014143549619735928, -0.014327095932241584, -0.015043174870782158, -0.01501239359378237, -0.014120030990591106, -0.014037177185100084], "(0, -2, 0, 0)": [0.40024298000057257, 0.5196776838524484, 0.642855775763919, 0.42232166164846896, 0.256217984186889, 0.3962437876589975, 0.40549741860220256, 0.3787649501736482, 0.23930281899565398, 0.2659514930045029, 1.0910042701696314], "(0, -3, 0, 0)": [0.04506939382082745, 0.04427661653415908, 0.04503435268328447, 0.04636527426334287, 0.04379819897805487, 0.04598234657918374, 0.044263716443836476, 0.04648371465745199, 0.042093005024270214, 0.05093317511595767, 0.04255801459587875], "(0, -4, 0, 0)": [-0.016876476568379255, -0.016697811308079888, -0.0178142364935978, -0.019534930383009214, -0.01926567989929888, -0.0188959810664147, -0.007674745406077349, -0.017493140392623303, -0.016659917976237466, -0.017825598598588538, -0.016788132781517105], "(0, -1, 0, 0)": [0.9347280684047075, 0.8906073506605712, 0.774671400521024, 0.8840447993700027, 0.8209285206381354, 1.1262493485379794, 0.8122072009323993, 0.8652575879372557, 0.8644096934834662, 0.8381497640117381, 0.8692910846635276], "(1, 0, 0, 0)": [0.8019464396454996, 0.801546396984057, 0.7810041358238354, 0.7646694464534973, 0.7873620849923995, 0.7753137481366177, 0.7904444466783476, 0.8012007825796175, 0.7490465259539818, 0.7753321175580656, 0.7820494782835776], "(1, -1, 0, 0)": [0.700444031111797, 0.4101025579059394, 0.43347379138821956, 0.41114527134579004, 0.4106879122912255, 0.434405166405065, 0.4340433005083072, 0.411199386891707, 0.42322640672065515, 0.4386531549814513, 0.41108665280597445], "(1, -2, 0, 0)": [0.16554918681364514, 0.3344926756484857, 0.21427253021279696, 0.3505863442678924, 0.2493389009628823, 0.1707531572313649, 0.19349072994197583, 0.25631195271203944, 0.33925596753513176, 0.2633410183884341, 0.6759812228062868], "(1, -3, 0, 0)": [0.02062322933568412, 0.019732254870591527, 0.01783775893837323, 0.021866266045463684, 0.01884046213190852, 0.019266701056481973, 0.02004144157368706, 0.020280058770796253, 0.020845394499412827, 0.023591528692913415, 0.053978432931443804], "(1, -4, 0, 0)": [-0.0296881157166679, -0.02787860112840412, -0.027969702548283397, -0.028583274123236416, -0.02793822760339642, -0.028345426751166594, -0.027767049166043646, -0.02919563733935198, -0.027654158658090358, 0.023113921282648484, -0.02913160292737242], "(1, 2, 0, 0)": [0.09323103508629882, 0.08207985754170613, 0.06460689973782285, 0.08627264847915611, 0.4489520181322536, 0.12567603685717615, 0.09919614627672707, 0.01890969395443433, 0.053865263696354304, 0.09288024013994842, 0.047737476619373914], "(1, 3, 0, 0)": [0.03918539795662358, 0.01730555758597392, 0.014651747036296549, 0.006411595975666875, 0.02895251554031294, 0.029522132320045875, 0.029258946527158717, 0.01333198434674985, 0.11736235102299783, 0.016844854190023233, 0.021456750895146693], "(1, 4, 0, 0)": [-0.0076314428923764405, -0.009701048170411815, -0.00946791263653338, -0.008063774036101572, -0.008311406418629525, -0.009263098003838078, -0.010639519035707269, -0.008535524111684744, -0.009424878197348358, -0.008559872904021668, -0.007883609533309938], "(-1, 0, 0, 0)": [0.5237063204185735, 0.5233379115894599, 0.48875366133456716, 0.48239972988290175, 0.549548099090458, 0.501941754251378, 0.5262223806148569, 0.5209981001337236, 0.4908935588123058, 0.9125496778382667, 0.5046127029969967], "(1, 1, 0, 0)": [1.0826448083149824, 1.340463843949384, 1.353903203890059, 0.887762035453971, 1.2220334997357, 1.2268370413991274, 1.346395997144652, 1.0342457463379156, 1.2059140549969265, 1.321122322335007, 1.293092176534205], "(-1, -2, 0, 0)": [0.10514891258138093, 0.09880168029197746, 0.11020982053807035, 0.07634585148986334, 0.06325190278419299, 0.06952329972391627, 0.10407733076788547, 0.06731679458676892, 0.07747767853606759, 0.06962001294585993, 0.005968067779827871], "(-1, -3, 0, 0)": [0.11656501668741888, 0.11979129488811216, 0.11989180236917964, 0.1202657861868642, 0.12003001190602101, 0.1204979072525243, 0.11202300855107329, 0.12115051306548216, 0.12162143116319754, 0.12179501276750529, 0.12054275293989444], "(-1, -4, 0, 0)": [0.07257653571329994, 0.06727233651537079, 0.07035456265203331, 0.0636875000537922, 0.06366607067685187, 0.05096395775925019, 0.07323319979827232, 0.006868349076486465, 0.02896661514497781, 0.06488132453617473, 0.06763570389010923], "(-1, 1, 0, 0)": [0.44683191770709496, 0.8488467253870811, 0.49792804183963424, 0.4230403898680364, 0.48529100737691033, 0.513129178255505, 0.49756306667562056, 0.43364018231898505, 0.4401107303746957, 0.39877895389623363, 0.5110461568994769], "(-1, 4, 0, 0)": [-0.007198006626012477, -0.005352150003824635, -0.005142622651593567, -0.006203276700292007, -0.00921481560841534, -0.009319406879510363, -0.009356116228694086, -0.007739298711410112, -0.007966609979430377, -0.006376839534349882, -0.00667000398551461], "(-1, 2, 0, 0)": [0.20027170641191777, 0.2034051188255495, 0.18865466713737955, 0.20198741842698636, 0.1973804063496758, 0.20332769402756448, 0.20276688637374143, 0.20315816248531313, 0.202216561603271, 0.19641612883482515, 0.18901367944834277], "(-2, 1, 0, 0)": [0.1596826585483576, 0.1600219882642957, 0.15445865080330112, 0.15389197137820687, 0.15851808404515239, 0.15312689239977323, 0.15940829875643572, 0.1570289916430442, 0.15975641426694182, 0.15433232365769617, 0.15602766114242503], "(-2, 2, 0, 0)": [0.12829310438572408, 0.11746287948000406, 0.0764622754204557, 0.12404812608086047, 0.12634808448238027, 0.12584383987279618, 0.12671582298566242, 0.11987933874518436, 0.12217751773398568, 0.1210434869145189, 0.12940467191460894], "(-2, 3, 0, 0)": [0.018819391245380027, 0.018764633944382467, 0.01874132306889146, 0.01959596655041972, 0.019274582846336877, 0.01976064299399139, 0.019915796569364243, 0.018714178345648494, 0.01966005750329681, 0.017190244919322268, 0.019323024845802114], "(-3, 3, 0, 0)": [0.0, 0.0, 0.0, 0.007962421865434296, 0.0, 0.003684686904371459, 0.005429068182222633, 0.000948385769628063, 0.05975333292635327, 0.0024428790014982224, 0.005754457959122817], "(-3, 4, 0, 0)": [-0.006331649684037971, -0.007293137961590353, -0.008756686002016068, -0.006444983927312221, -0.0053636654129396374, -0.007506917899930179, -0.006221994526591632, -0.006548128685924444, -0.005701679378023613, -0.0037470807076171032, -0.004365765303373337], "(-1, 3, 0, 0)": [0.08462088097557546, 0.08417871837125857, 0.0854854164145788, 0.07710486549743223, 0.053578850918241494, 0.08251793853965197, 0.08314821288498639, 0.08499347651538894, 0.07783699142077746, 0.08054114063322562, 0.08148945386738285], "(-2, 4, 0, 0)": [-0.019520817440734486, -0.01863490792457164, -0.018017015116908622, -0.018100029329871564, -0.01795134539769011, -0.01868891978855837, -0.018837113987622462, -0.01952174575354057, -0.019171949904913832, -0.01855542740998948, -0.018601706092811733],