{"q_values": {"(0, 0, 0, 0)": [0.9979089452123524, 0.9868540697348862, 0.9778680144552196, 0.9615415163506345, 0.9619703846615391, 1.0109467342955119, 0.9822009953191734, 0.962059112000937, 0.9619645690977441, 0.9587528863372321, 1.3655862370587672], "(0, 1, 0, 0)": [0.9848734457723376, 0.8785182996549152, 1.2798865116272176, 1.0130482617865793, 0.9153326886491446, 0.9259418659090205, 0.9203007527979195, 0.8450324201527462, 0.8558048706486296, 0.8617419314015786, 0.839265442994149], "(0, 2, 0, 0)": [0.3624452661721796, 0.33168206116008997, 0.30889041586503596, 0.36652296202516355, 0.4386152326618865, 0.3787357346596989, 0.6848147418559051, 0.43637848156544223, 0.3291773307729158, 0.3028226918066679, 0.33933626246641435], "(0, 3, 0, 0)": [0.22827780079216187, 0.5119227829739652, 0.36027722588394584, 0.33426970587815785, 0.3572880300296868, 0.3168131401633933, 0.3148510208537666, 0.2762644247927595, 0.28136360269244315, 0.32571639871401875, 0.2734453176484983], "(0, 4, 0, 0)": [0.17282587212691777, 0.042670427400113814, -0.013873341818652823, 0.03237066460954132, -0.01732364263297808, 0.03384751969929976, 0.010707491076689973, -0.00037823775868536975, 0.04542790864569992, 0.0011473763702583338, 0.009285121653082118], "(0, -2, 0, 0)": [0.2128796578506177, 0.21625227624172444, 0.21575796599307587, 0.21663590445896258, 0.25267491709994283, 0.6030901505499368, 0.2476822057580475, 0.21644336612476994, 0.21690760915838053, 0.2161598219158568, 0.21646590500131424], "(0, -3, 0, 0)": [0.0917088667321232, 0.14096658322455666, 0.12372822489827269, 0.1164522014636325, 0.14136459081787847, 0.12203860241121486, 0.07085768526041097, 0.0961577790444498, 0.10293946335655738, 0.14663343002417806, 0.49086161978595844], "(0, -4, 0, 0)": [-0.015164869353999728, -0.013518377675637447, -0.0133261965588393, -0.014255644797497649, -0.014452430369090812, -0.013755620412600617, -0.014580457597493879, 0.009864806701569036, -0.015025841591427027, -0.015604332924000403, -0.013185178547197633], "(0, -1, 0, 0)": [0.6627586522447964, 0.6652462549472913, 0.6587378358459104, 0.6670065942836124, 0.6662633259434613, 0.6695431021114102, 0.6691933650652933, 0.6694745164894947, 1.110810946799894, 0.6766696520981772, 0.6688983996479466], "(1, 0, 0, 0)": [0.4475651542964507, 0.4058319052677256, 0.44803539662626357, 0.8479335085093682, 0.4797990972616104, 0.4478968610397335, 0.4456436449189768, 0.4488603194216047, 0.5411673450250353, 0.44486794810691044, 0.44657322079505646], "(1, -1, 0, 0)": [0.6386621023560967, 0.3743063712466137, 0.36383762967442146, 0.37270505958850586, 0.37383530217393757, 0.374806287260536, 0.36296302822427073, 0.37146238282658073, 0.3959659100746803, 0.3701135532912345, 0.3712734014028869], "(1, -2, 0, 0)": [0.1470443845056223, 0.14781833889022186, 0.1569187054383408, 0.29458933471517357, 0.15119489939970826, 0.14606861873741062, 0.19709622205323846, 0.1535613646490963, 0.14802717439763663, 0.15356052064673298, 0.14618919207281772], "(1, -3, 0, 0)": [0.028788578386379365, 0.030939765808120773, 0.031877344490661916, 0.031355558005569224, 0.03221438490469605, 0.025611576950904782, 0.03610869342987587, 0.03240083812608084, 0.03220609411066637, 0.03186033246853946, 0.03055189886196763], "(1, -4, 0, 0)": [-0.02339655028525081, -0.022741782450434563, -0.023015565645860225, -0.020382840937087345, -0.023018465006403872, -0.0240180888008315, -0.024835724776903087, -0.023195207195817677, -0.02305264369101859, -0.024182321852569494, -0.0231757195681112], "(1, 2, 0, 0)": [0.05801665346665124, 0.08207985754170613, 0.06460689973782285, 0.08627264847915611, 0.3139583075769203, 0.12567603685717615, 0.060089803936663244, 0.01890969395443433, 0.053865263696354304, 0.04899617772461938, 0.047737476619373914], "(1, 3, 0, 0)": [0.02708330067240602, 0.01730555758597392, 0.014651747036296549, 0.006411595975666875, 0.02895251554031294, 0.029522132320045875, 0.029258946527158717, 0.01333198434674985, 0.10696329163316731, 0.016844854190023233, 0.008919941175083488], "(1, 4, 0, 0)": [-0.006586725589588608, -0.007562630493447469, -0.006677237415859894, -0.0064940302768244085, -0.008311406418629525, -0.0063989301198303546, -0.010639519035707269, -0.007586726381484568, -0.006755569100485182, -0.00669961835177003, -0.007883609533309938], "(-1, 0, 0, 0)": [0.5826233283915381, 0.5944927242186839, 0.44976904323598377, 0.45114707017875355, 0.5754273078477044, 0.6029605908723361, 0.5340282558346187, 0.5490810257109671, 0.602239122072741, 0.5426263987002009, 0.5964435504050992], "(1, 1, 0, 0)": [0.43671301677748287, 0.744070816302308, 0.4676494515816506, 0.4611640057675102, 0.4673695492602972, 0.4565952494470154, 0.46431972788580256, 0.46588074315491634, 0.4602370037576445, 0.4624408647729684, 0.46760645541997115], "(-1, -2, 0, 0)": [0.40581053907360254, 0.014694112470582837, 0.004735868725284499, 0.004770211990281504, 0.0, 0.0, 0.0023171089123934507, 0.0023934278146363797, 0.004091755627338559, 0.001857704296708107, 0.005968067779827871], "(-1, -3, 0, 0)": [0.016868682972390747, 0.006619786959157747, 0.03964563241864372, 0.003520804546826968, 0.0, 0.006934084120099746, 0.002877816469860603, 0.006789032162838039, 0.005434245074663394, 0.4250695043033475, 0.003272713017462463], "(-1, -4, 0, 0)": [0.032010908499406375, 0.026513606928688413, 0.03301966422176138, 0.02795830533064031, 0.0083500400481253, 0.01087497928465723, 0.01897423050081952, 0.006868349076486465, 0.02896661514497781, 0.04016265642109616, 0.23494928393783654], "(-1, 1, 0, 0)": [0.44078106378512255, 0.446259405653494, 0.44917099448816133, 0.44819042229479666, 0.4512751217350929, 0.4503394962771361, 0.44295262886028475, 0.44844506519775085, 0.4473537556500479, 0.44381655781896445, 0.4518728024305173], "(-1, 4, 0, 0)": [-0.014299988367729707, -0.02234419646218992, -0.022820622766780683, -0.02245232353326882, 0.025576873679004207, -0.01316515649626741, -0.015654118518940156, -0.014734302281256922, -0.015427638228176877, -0.022366288703651253, -0.009965013203016309], "(-1, 2, 0, 0)": [0.1415727021922273, 0.144573563264711, 0.15548234523007715, 0.35005855725139656, 0.14290302311054082, 0.13457989811177473, 0.13681799219283725, 0.1716072530277489, 0.1423635656797019, 0.14589614243806118, 0.1598056280989235], "(-2, 1, 0, 0)": [0.21608867396087822, 0.21490583749258757, 0.21435211076828453, 0.20346646769287047, 0.22700159326845493, 0.22091824486734354, 0.21877160476962382, 0.21712010703950807, 0.19014617123426855, 0.2232747870281915, 0.17069497809448625], "(-2, 2, 0, 0)": [0.30774707869621176, 0.1329266628064897, 0.0764622754204557, 0.1312717254442214, 0.15008303242329427, 0.13626383834613237, 0.14582081289136634, 0.1630554601297889, 0.11302253322287537, 0.16508533544387685, 0.22166024271100354], "(-2, 3, 0, 0)": [0.02675784687566824, 0.02796375395632013, 0.025584778078246807, 0.025405381168371224, 0.019274582846336877, 0.027210413495101775, 0.02821837842594304, 0.026781375919680137, 0.02761803614440659, 0.026056745340155694, 0.027882867578608146], "(-3, 3, 0, 0)": [0.0, 0.0, 0.0, 0.007962421865434296, 0.0, 0.003684686904371459, 0.005429068182222633, 0.000948385769628063, 0.05046484102307748, 0.0024428790014982224, 0.005754457959122817], "(-3, 4, 0, 0)": [-0.006331649684037971, -0.007293137961590353, -0.004384050890803337, -0.006444983927312221, -0.0053636654129396374, -0.0031727265032908797, -0.006221994526591632, -0.0036356361462652085, -0.0036905746997073293, -0.0037470807076171032, -0.004365765303373337], "(-1, 3, 0, 0)": [0.08001955426780641, 0.07945310771892093, 0.18210558429191515, 0.046907446409663794, 0.04683795870964849, 0.05933304447819429, 0.06234424701099072, 0.04396288745859292, 0.04517881824593749, 0.06513528203519303, 0.059347622283758436], "(-2, 4, 0, 0)": [-0.012778892586264988, -0.012573917237304402, -0.012520328014057865, -0.014613096217766958, -0.013815655986108332, -0.013936614973304434, -0.01524163022934332, -0.013031405811696026, -0.013851104075134263, -0.013571071428422959, -0.01293848023996173],