{"q_values": {"(0, 0, 0, 0)": [1.03751114648249, 1.2220599818657716, 1.5685941350798438, 1.1413816441769924, 1.0937151753915608, 1.2134374411378266, 1.2483831002605514, 1.1943992746314536, 1.1554611788690399, 1.0936315576668372, 1.0376878199131159], "(0, 1, 0, 0)": [0.7561682832259393, 0.7563717585537705, 0.7568423591881173, 0.7558699821401172, 0.758364605391149, 0.7734652628588294, 0.7558840016212254, 0.7596916977834792, 0.7577182860237441, 0.7597588760967235, 0.7587730854951891], "(0, 2, 0, 0)": [0.29462528669112376, 0.37890676927658606, 0.7807205458445771, 0.27535966058038175, 0.2742675591202055, 0.36149225484176073, 0.35101978401580175, 0.2941877921640956, 0.28013150680655485, 0.3869653300752999, 0.2763621295369158], "(0, 3, 0, 0)": [0.09122824503628182, 0.09340528452464314, 0.08957147905433153, 0.09617389818903954, 0.09450110575874464, 0.09825970949095508, 0.09320394555002687, 0.0967135036192541, 0.09420324146659974, 0.09818713220439096, 0.0921980703597259], "(0, 4, 0, 0)": [-0.0028695652285445693, -0.0087755722932411, -0.013873341818652823, -0.00903615081949328, -0.01732364263297808, -0.008717283288106673, -0.008265323776182847, -0.008098354827936204, -0.009777831702895768, -0.00947708561464556, -0.008385251243228775], "(0, -2, 0, 0)": [0.15641019479011045, 0.43693690215336567, 0.4372665582856814, 0.27484018728798576, 0.1627888888416173, 0.18606397995266508, 0.2597883488316373, 0.2732847797695784, 0.15832988697620268, 0.16274196922139555, 1.4276590718651723], "(0, -3, 0, 0)": [0.04506939382082745, 0.04427661653415908, 0.04503435268328447, 0.04636527426334287, 0.04379819897805487, 0.04598234657918374, 0.044263716443836476, 0.04648371465745199, 0.042093005024270214, 0.047012787473207904, 0.04255801459587875], "(0, -4, 0, 0)": [-0.016876476568379255, -0.016697811308079888, -0.0178142364935978, -0.019534930383009214, -0.01926567989929888, -0.0188959810664147, -0.015376010267537968, -0.017493140392623303, -0.016659917976237466, -0.017825598598588538, -0.016788132781517105], "(0, -1, 0, 0)": [0.7968673583607788, 0.8920924349920294, 0.9459960002600922, 1.0623613393761286, 0.9471228181622546, 0.9778397888504455, 0.9155818961858369, 0.9385740959763494, 0.967950572384566, 1.012520821356895, 1.5134125651136388], "(1, 0, 0, 0)": [0.8561860985009718, 1.060831841036451, 0.8598459760042667, 0.8702195484001756, 0.8343690159362955, 0.8607577171374728, 0.8347404043611371, 0.8346786641983769, 0.7248506893952171, 0.8599732847929313, 0.8447443411100444], "(1, -1, 0, 0)": [0.4326479763170936, 0.5847782028131377, 0.4152014456929994, 0.5354429957734593, 0.42310740638910244, 0.4970496039401672, 0.5266743614398051, 0.6457692846562704, 0.4147409300610858, 0.5100648398715117, 0.9526149151172456], "(1, -2, 0, 0)": [0.1252477328325901, 0.12010956498324438, 0.11831655166629226, 0.11622395231667237, 0.12314690851449402, 0.12181265249610407, 0.12631853109380317, 0.12037530262871762, 0.1204061308621323, 0.12582468997617932, 0.12331526776831853], "(1, -3, 0, 0)": [0.026464316544217218, 0.02644612847172733, 0.023827413788382983, 0.02575148518410713, 0.027845643643665492, 0.025611576950904782, 0.026236521115513407, 0.0271982971386946, 0.02757173046751156, 0.02578375480407484, 0.027214506057003665], "(1, -4, 0, 0)": [-0.02588438010791203, -0.027404212685782078, -0.026107904071129187, -0.025958670615492677, -0.027029744525944872, -0.02694262336491048, -0.027486405381353555, -0.025801617524864887, -0.02713357368179956, -0.027606636428225653, -0.026161763718289825], "(1, 2, 0, 0)": [0.09323103508629882, 0.08207985754170613, 0.06460689973782285, 0.08627264847915611, 0.4475294991449348, 0.12567603685717615, 0.060089803936663244, 0.01890969395443433, 0.053865263696354304, 0.04899617772461938, 0.047737476619373914], "(1, 3, 0, 0)": [0.02708330067240602, 0.01730555758597392, 0.014651747036296549, 0.006411595975666875, 0.02895251554031294, 0.029522132320045875, 0.029258946527158717, 0.01333198434674985, 0.10784030905059411, 0.016844854190023233, 0.008919941175083488], "(1, 4, 0, 0)": [-0.006842917375546367, -0.007562630493447469, -0.007020900731841341, -0.008063774036101572, -0.008311406418629525, -0.009263098003838078, -0.010639519035707269, -0.007586726381484568, -0.009424878197348358, -0.008559872904021668, -0.007883609533309938], "(-1, 0, 0, 0)": [0.9046069233682417, 0.4834114343137556, 0.48875366133456716, 0.48239972988290175, 0.5218813528948334, 0.501941754251378, 0.5644866648423039, 0.5570301366180926, 0.4908935588123058, 0.5054430504088164, 0.46431116565530883], "(1, 1, 0, 0)": [1.0826448083149824, 1.5161662223240069, 1.439466429290927, 0.887762035453971, 1.2220334997357, 1.2268370413991274, 1.346395997144652, 1.0342457463379156, 1.2059140549969265, 1.321122322335007, 1.364479442390446], "(-1, -2, 0, 0)": [0.7830675019287676, 0.08609441912314734, 0.25761498084891343, 0.07634585148986334, 0.06325190278419299, 0.06952329972391627, 0.1343221788846845, 0.06731679458676892, 0.07747767853606759, 0.06962001294585993, 0.005968067779827871], "(-1, -3, 0, 0)": [0.16816770688888394, 0.34347373924629815, 0.32658051258387405, 0.3665329596354182, 0.42406680296883364, 0.28438155540566223, 0.2089541189889068, 0.2980329716051648, 0.25629422309589217, 0.6111575875526367, 0.3175670246736579], "(-1, -4, 0, 0)": [0.07824360199092703, 0.056944134224554854, 0.08145411336388712, 0.0636875000537922, 0.11904179124842541, 0.05096395775925019, 0.09751812032122845, 0.006868349076486465, 0.02896661514497781, 0.10008988139821699, 0.3019640696678273], "(-1, 1, 0, 0)": [0.4059131834514111, 0.44370415112367007, 0.433074835566019, 0.4453897972319422, 0.40410129010719986, 0.4065792159012053, 0.41926005878139405, 0.623101957637711, 0.4054219998263139, 0.44518894240117296, 0.443452554499733], "(-1, 4, 0, 0)": [0.09910674511388817, -0.004735155396722862, 0.02465451781505644, -0.006203276700292007, 0.005477288180300795, -0.0040950051770488344, -0.0006875699026727116, 0.008611382507142426, 0.01704855735262245, 0.008908627058961487, 0.00435823532110225], "(-1, 2, 0, 0)": [0.19687577607650553, 0.25653126318427166, 0.23778008174705897, 0.46957600562695945, 0.2150219503259288, 0.266421570510439, 0.2002275175980395, 0.2451151991378088, 0.2194497500763098, 0.27216886632474113, 0.18901367944834277], "(-2, 1, 0, 0)": [0.19060551646245416, 0.1948876307806345, 0.21146754582045485, 0.1908336268360606, 0.1927701385241956, 0.190908266612825, 0.19145157601926843, 0.1855804032289457, 0.19014617123426855, 0.19360779247072282, 0.17069497809448625], "(-2, 2, 0, 0)": [0.3645878703868377, 0.1329266628064897, 0.0764622754204557, 0.1312717254442214, 0.15008303242329427, 0.13626383834613237, 0.14582081289136634, 0.1630554601297889, 0.11302253322287537, 0.16508533544387685, 0.22166024271100354], "(-2, 3, 0, 0)": [0.024799609225049896, 0.019943158072010476, 0.02520046384419012, 0.023970316896549916, 0.019274582846336877, 0.024622155319834946, 0.02251501667756902, 0.02350626406839012, 0.023621056547075574, 0.023132706740150808, 0.02243259341035101], "(-3, 3, 0, 0)": [0.0, 0.0, 0.0, 0.007962421865434296, 0.0, 0.003684686904371459, 0.005429068182222633, 0.000948385769628063, 0.05358933332413981, 0.0024428790014982224, 0.005754457959122817], "(-3, 4, 0, 0)": [-0.006331649684037971, -0.007293137961590353, -0.004384050890803337, -0.006444983927312221, -0.0053636654129396374, -0.007506917899930179, -0.006221994526591632, -0.0036356361462652085, -0.0036905746997073293, -0.0037470807076171032, -0.004365765303373337], "(-1, 3, 0, 0)": [0.33152120358721865, 0.1323537555873677, 0.15194260128049103, 0.14590166432979615, 0.053578850918241494, 0.13817042126464874, 0.15042136526773836, 0.16438163363958985, 0.08751817169139729, 0.15046663320769801, 0.17578836937650577], "(-2, 4, 0, 0)": [-0.01726969392139269, -0.01863490792457164, -0.016022034295159162, -0.01705986985778479, -0.017130980868894464, -0.01868891978855837, -0.01669748885572176, -0.017153921990527884, -0.01676930815349676, -0.017783885644594585, -0.017179382949477514],