{"q_values": {"(0, 0, 0, 0)": [1.3380677398955838, 0.9457983391487219, 0.9058723393078845, 0.9058045793740552, 0.9470213581868936, 0.9404824393860496, 0.9657719230097528, 0.9373521227568207, 0.9491667657358668, 0.9473946534536424, 0.9393973832421632], "(0, 1, 0, 0)": [0.8628009318535119, 1.0379097636181236, 0.8780901991490173, 0.8782383060068013, 0.862529946966347, 0.8779839642213263, 0.8780392042617551, 0.8775924331220601, 0.8782465611926799, 0.8781809178377677, 0.870271092209325], "(0, 2, 0, 0)": [0.883827675133366, 0.4091848804260935, 0.27460882033577855, 0.336020461900282, 0.33243162745138155, 0.3404224087625956, 0.36664609027062545, 0.40745407326722377, 0.2734608917592631, 0.33729384616306823, 0.43887877476826026], "(0, 3, 0, 0)": [0.16316004112447283, 0.178035497495867, 0.17055115284799532, 0.16031167924248374, 0.1694883971859779, 0.17742037204317673, 0.1674627682289561, 0.17747760601081455, 0.17641951451342397, 0.1758939652170487, 0.17774164054630492], "(0, 4, 0, 0)": [0.0010957854028817338, 0.0016740051317994538, -0.013873341818652823, 0.0036515031639422577, -0.01732364263297808, 0.0033828534890173903, 0.0028110273321694445, -0.00037823775868536975, 0.004071494154920511, 0.0011473763702583338, 0.003864040486837813], "(0, -2, 0, 0)": [0.19110099943691072, 0.2193633758680113, 0.19138629802482554, 0.2046054060533398, 0.188365709793562, 0.1882488973177292, 0.18437493624789875, 0.18790993995956679, 0.1896580218762501, 0.216112638041135, 0.21600111497643254], "(0, -3, 0, 0)": [0.05104574139280292, 0.05341959668586313, 0.049686216307387086, 0.05408524282592407, 0.05355325167473829, 0.0510926651277719, 0.05291785051585294, 0.05100249346482777, 0.051242803108014656, 0.05372531076492853, 0.0535181723505445], "(0, -4, 0, 0)": [-0.018052769900487126, -0.01420893258319282, -0.014546761803519399, -0.01734159816651599, -0.014448804719264295, -0.014414424340865642, -0.015956282346459662, -0.014202192328559304, -0.015025841591427027, -0.015604332924000403, -0.014248510929449591], "(0, -1, 0, 0)": [0.774770453861159, 0.7464021794091349, 0.74634484441444, 0.6191676869331617, 0.7470620283078475, 0.7046203220924286, 0.7844393852729441, 0.8272986702238705, 0.7098618397371614, 1.2898210659281, 0.6512519756779487], "(1, 0, 0, 0)": [0.4475651542964507, 0.4058319052677256, 0.44803539662626357, 0.8702571189838804, 0.4797990972616104, 0.4859376931575542, 0.5008620147146854, 0.4909109407559029, 0.5411673450250353, 0.44486794810691044, 0.44657322079505646], "(1, -1, 0, 0)": [0.6930896904474297, 0.3743063712466137, 0.47782346161567124, 0.408119946517005, 0.37383530217393757, 0.374806287260536, 0.36296302822427073, 0.37146238282658073, 0.3959659100746803, 0.3701135532912345, 0.3712734014028869], "(1, -2, 0, 0)": [0.1470443845056223, 0.14781833889022186, 0.1569187054383408, 0.3039115932684759, 0.15119489939970826, 0.1540616501885089, 0.19709622205323846, 0.1535613646490963, 0.14802717439763663, 0.15356052064673298, 0.14618919207281772], "(1, -3, 0, 0)": [0.028788578386379365, 0.030939765808120773, 0.031877344490661916, 0.03535403173577635, 0.03515311432525024, 0.025611576950904782, 0.05585581092734151, 0.03240083812608084, 0.03271739870039668, 0.03186033246853946, 0.03055189886196763], "(1, -4, 0, 0)": [-0.02339655028525081, -0.02325813343914173, -0.024096377708068543, -0.023297056381095575, -0.02320417606661914, -0.0240180888008315, -0.024835724776903087, -0.023195207195817677, -0.016753239920380927, -0.024182321852569494, -0.0231757195681112], "(1, 2, 0, 0)": [0.09323103508629882, 0.08207985754170613, 0.06460689973782285, 0.08627264847915611, 0.4048608339424109, 0.12567603685717615, 0.060089803936663244, 0.01890969395443433, 0.053865263696354304, 0.04899617772461938, 0.047737476619373914], "(1, 3, 0, 0)": [0.02708330067240602, 0.01730555758597392, 0.014651747036296549, 0.006411595975666875, 0.02895251554031294, 0.029522132320045875, 0.029258946527158717, 0.01333198434674985, 0.10484718338551177, 0.016844854190023233, 0.008919941175083488], "(1, 4, 0, 0)": [-0.006586725589588608, -0.007562630493447469, -0.006677237415859894, -0.0064940302768244085, -0.008311406418629525, -0.005468552603917763, -0.010639519035707269, -0.007586726381484568, -0.006755569100485182, -0.00669961835177003, -0.007883609533309938], "(-1, 0, 0, 0)": [0.8978797354049672, 0.4834114343137556, 0.48875366133456716, 0.48239972988290175, 0.5218813528948334, 0.4679399542548727, 0.4652706008201404, 0.5570301366180926, 0.4908935588123058, 0.46661553593679217, 0.46431116565530883], "(1, 1, 0, 0)": [0.43671301677748287, 1.1703274144290083, 0.4676494515816506, 0.4611640057675102, 0.4673695492602972, 0.4565952494470154, 0.541782676528021, 0.46588074315491634, 0.4602370037576445, 0.4624408647729684, 0.46760645541997115], "(-1, -2, 0, 0)": [0.7093823449607126, 0.014694112470582837, 0.004735868725284499, 0.07634585148986334, 0.0, 0.0, 0.0023171089123934507, 0.06731679458676892, 0.07747767853606759, 0.001857704296708107, 0.005968067779827871], "(-1, -3, 0, 0)": [0.1346276176669534, 0.1704686875025978, 0.17368715666615275, 0.1266436856629805, 0.20217082192589703, 0.21904583191308016, 0.1816833581979586, 0.24916577989996047, 0.12877722222534754, 0.5847665942223921, 0.23224454904622333], "(-1, -4, 0, 0)": [0.07824360199092703, 0.026513606928688413, 0.03301966422176138, 0.02795830533064031, 0.05716094961949354, 0.01087497928465723, 0.0594722269935013, 0.006868349076486465, 0.02896661514497781, 0.06663594257694593, 0.523483764154635], "(-1, 1, 0, 0)": [0.41943317486987214, 0.39464104065598615, 0.4296644857574984, 0.656320746855086, 0.42090642799553646, 0.5101425358514615, 0.38441080632704927, 0.5212828112696581, 0.3856559689490061, 0.455376222489357, 0.46954150328472877], "(-1, 4, 0, 0)": [-0.01737281052961978, -0.02234419646218992, -0.01693835398203705, -0.02245232353326882, -0.016842383307790164, -0.016891627313274146, -0.01883172393974233, -0.017673660520451145, -0.018034049246326064, -0.022366288703651253, -0.017274844426860572], "(-1, 2, 0, 0)": [0.1415727021922273, 0.144573563264711, 0.15548234523007715, 0.2925158225419634, 0.18278378109081897, 0.18143948136667998, 0.16328897220200345, 0.1716072530277489, 0.1423635656797019, 0.16696967574684093, 0.1598056280989235], "(-2, 1, 0, 0)": [0.19060551646245416, 0.1948876307806345, 0.21146754582045485, 0.1908336268360606, 0.1927701385241956, 0.190908266612825, 0.19145157601926843, 0.1855804032289457, 0.19014617123426855, 0.19360779247072282, 0.17069497809448625], "(-2, 2, 0, 0)": [0.3645878703868377, 0.1329266628064897, 0.0764622754204557, 0.1312717254442214, 0.15008303242329427, 0.13626383834613237, 0.14582081289136634, 0.1630554601297889, 0.11302253322287537, 0.16508533544387685, 0.22166024271100354], "(-2, 3, 0, 0)": [0.024799609225049896, 0.025313024773149773, 0.025584778078246807, 0.025405381168371224, 0.019274582846336877, 0.024622155319834946, 0.025868806899992734, 0.025768357295318886, 0.023621056547075574, 0.023132706740150808, 0.02588991337994854], "(-3, 3, 0, 0)": [0.0, 0.0, 0.0, 0.007962421865434296, 0.0, 0.003684686904371459, 0.005429068182222633, 0.000948385769628063, 0.05358933332413981, 0.0024428790014982224, 0.005754457959122817], "(-3, 4, 0, 0)": [-0.006331649684037971, -0.007293137961590353, -0.004384050890803337, -0.006444983927312221, -0.0053636654129396374, -0.007506917899930179, -0.006221994526591632, -0.0036356361462652085, -0.0036905746997073293, -0.0037470807076171032, -0.004365765303373337], "(-1, 3, 0, 0)": [0.06868695797064378, 0.06841537981078727, 0.06615723312046708, 0.06562200729383505, 0.05934396027624269, 0.05933304447819429, 0.06783752939313478, 0.04396288745859292, 0.04517881824593749, 0.06159531445932047, 0.059347622283758436], "(-2, 4, 0, 0)": [-0.014949240280390042, -0.016158803700189277, -0.013943368829139699, -0.014613096217766958, -0.013815655986108332, -0.013936614973304434, -0.01524163022934332, -0.013031405811696026, -0.013851104075134263, -0.013571071428422959, -0.015756975943026795],