{"q_values": {"(0, 0, 0, 0)": [1.1244301013470324, 1.1829252280706748, 1.028543334675357, 1.138268331817034, 1.0542967985046205, 1.1803484378127647, 1.0638369532933614, 1.249291342338256, 1.1109927189182018, 1.1255470566614583, 1.0776982779909352], "(0, 1, 0, 0)": [1.2966057678787646, 1.0430097351918133, 1.0714621832171392, 1.0625946396336254, 1.0438112580905896, 1.1553830746407414, 1.0159058711779574, 1.0368034353266244, 1.0671035097867676, 1.124561037294781, 1.0082581009212688], "(0, 2, 0, 0)": [0.36508953097638663, 0.36252604271815825, 0.35872819007871115, 0.36384302896121523, 0.3642539480039009, 0.3670940895275946, 0.36121446501309545, 0.36215574791127486, 0.3620077904560345, 0.35687808755315004, 0.35722816958386455], "(0, 3, 0, 0)": [0.35491572552600004, 0.11272240374454733, 0.12804831784286885, 0.23161816830796045, 0.16121517084302442, 0.13215409435259126, 0.22821294345569063, 0.18967432336594703, 0.16961774888522085, 0.1197784871568617, 0.1481274467816419], "(0, 4, 0, 0)": [0.00671332863416348, -0.0015873526278793685, -0.012013328148433079, 0.00044264865914372037, -0.006025566906332992, -0.002634485071887507, -0.005084304019093694, -0.002691232564278955, -0.0017475601100089867, -0.009806350401576675, -0.002805200230572626], "(0, -2, 0, 0)": [0.2338211406272091, 0.25041452007621195, 0.2145339619720108, 0.23998749357680632, 0.34849806472185113, 0.2343010200109585, 0.2734351174394013, 0.22123509272369526, 0.22989753826148926, 0.22854599948272192, 0.24159793628247922], "(0, -3, 0, 0)": [0.18182262120077733, 0.15255009375019674, 0.16950524982574858, 0.20678156411606893, 0.15773309173601366, 0.17049903246885206, 0.15288761413427082, 0.16443898960601003, 0.17025642234229543, 0.16389049508729883, 0.3020970045988113], "(0, -4, 0, 0)": [-0.006263499434561835, -0.0036327123006107825, -0.0025168750261133823, 0.0008150512245722972, -0.009215777499277423, -0.006419106710107083, 0.0005484433812993107, 0.0016629031947555612, -0.002433331576510527, -0.0045900838053582575, 0.030270025865017605], "(0, -1, 0, 0)": [0.4301351834483673, 0.43422421871568206, 0.4847308272551454, 0.45169302764239827, 0.4098979936086159, 0.48948229397959503, 0.42304497654580075, 0.4822798189337253, 0.4256502215678458, 0.46911631743659177, 0.7671520390896842], "(1, 0, 0, 0)": [0.40958501194482316, 0.30680781862580503, 0.34555562913851917, 0.2713130296360642, 0.3216991117078208, 0.30696132090783196, 0.35911328150152577, 0.6297582680963203, 0.25484561129021266, 0.2928709829831733, 0.34249942171262265], "(1, -1, 0, 0)": [0.09285551084649148, 0.10093845801756338, 0.08057479135479607, 0.1282056763002239, 0.23929603689832604, 0.12688957554767405, 0.041755255415344424, 0.11941803295650602, 0.1517024225008711, 0.09395518923726909, 0.10938874368947202], "(1, -2, 0, 0)": [0.11689392722667957, 0.11668314048885282, 0.06455720135256125, 0.05708874960062422, 0.04410494040001298, 0.05006781871166842, 0.0973638812157078, 0.11890338820683966, 0.09086806191587277, 0.06659607297923661, 0.10245797386579775], "(1, -3, 0, 0)": [0.03402890958552085, 0.026536372371409753, 0.05980221137187, 0.0071599134601246445, 0.021598597505612667, 0.037541354432337595, 0.03971692180595304, 0.017147533612300318, 0.02416001326243957, 0.0300070100006625, 0.017876492628679137], "(1, -4, 0, 0)": [-0.003655144229703981, -0.007203530508356018, -0.00591525313532563, -0.0039021227178063418, -0.005762172634360558, -0.0061165304784491364, -0.006075037354046213, -0.0046574885720938606, -0.005479191758512636, -0.00644753844680419, -0.004912401504405847], "(1, 2, 0, 0)": [0.018258244876436028, 0.034298411619515676, 0.012810221215133094, 0.012902467835514582, 0.10644672823729232, 0.032273128162828235, 0.009330019851569558, 0.01890969395443433, 0.007156510825126385, 0.0087806075614221, 0.028168700122538682], "(1, 3, 0, 0)": [0.019018567744599923, 0.017238230192674214, 0.014651747036296549, 0.006411595975666875, 0.01237243571372014, 0.011740595873661424, 0.011545194831537386, 0.004150110075995327, 0.05937747483045955, 0.006070288231283063, 0.0], "(1, 4, 0, 0)": [-0.0006165300495577924, -0.001276010125875473, 0.0, -0.0007239532010067315, 0.0, -0.00010867327451705871, 0.0004641724451422695, 0.0, -0.0009677995672693323, -0.0004514699129703464, -0.007883609533309938], "(-1, 0, 0, 0)": [0.44894656881530615, 0.3270820005919892, 0.4022787542747872, 0.5012056465579855, 0.32021805768238454, 0.4365067201591897, 0.47348002001870315, 0.49492901157180985, 0.8199894253086432, 0.2932231430038831, 0.2908594355329681], "(1, 1, 0, 0)": [0.24306138353493795, 0.38024473062921715, 0.2373021214092328, 0.7058601547011065, 0.4575941211328295, 0.23996979606910807, 0.22038061886337634, 0.2591337531044107, 0.3454968184335899, 0.2971642401075122, 0.3969948854470453], "(-1, -2, 0, 0)": [0.024436357572430113, 0.0040499377536222046, 0.0, 0.0, 0.0, 0.0, 0.0023171089123934507, 0.0023934278146363797, 0.004091755627338559, 0.001857704296708107, 0.0], "(-1, -3, 0, 0)": [0.0018390627577900887, 0.006619786959157747, 0.0, 0.003520804546826968, 0.0, 0.0, 0.002877816469860603, 0.0, 0.0036822367632129123, 0.015889965081118857, 0.003272713017462463], "(-1, -4, 0, 0)": [0.0022023032841861244, 0.0, 0.0016492361202836037, 0.0, 0.0, 0.0, 0.0, 0.001066924347686768, 0.0, 0.0017034254968166353, 0.003488607038620293], "(-1, 1, 0, 0)": [0.7908014122536973, 0.7109652383068519, 0.7001873557146525, 0.6630211143564126, 0.7430934551015174, 0.5867902928131695, 0.6937247062450601, 0.7346247728112008, 0.7426244386467898, 0.7202964593657809, 0.6903271359573884], "(-1, 4, 0, 0)": [-0.0034481738615681915, -0.004036823824224515, -0.0020008677243370026, -0.004146033299181234, -0.004092886446481134, -0.0027977940598703467, -0.0025673390330485006, -0.0022283719912002025, -0.007255365958483531, -0.0028860909314528055, -0.0029993971038717133], "(-1, 2, 0, 0)": [0.3480591055382751, 0.16836171114897897, 0.0909998308185172, 0.22308997041387868, 0.16340573012292436, 0.15083361773765924, 0.11481887107043082, 0.13862409375935558, 0.180832350393125, 0.13237388966774655, 0.11961532146670335], "(-2, 1, 0, 0)": [0.3354294743675862, 0.16512957447294263, 0.09157130103614464, 0.07228145807975742, 0.1670407888414362, 0.22884043403942, 0.09840479927983875, 0.12133510582737465, 0.13749776831778412, 0.134819995633337, 0.17069497809448625], "(-2, 2, 0, 0)": [0.261170077919608, 0.057100417761314526, 0.050170101086650064, 0.08235978042800139, 0.054316545437455996, 0.04711931386671232, 0.07379148918244224, 0.014176120281058618, 0.0174497473155863, 0.0755613639080878, 0.08474710241307534], "(-2, 3, 0, 0)": [0.10484393936738531, 0.012930418063132009, 0.0218002167195798, 0.012977626985714108, 0.0034340716897285316, 0.005625162829200391, 0.019601735404860033, 0.0, 0.009944047642089286, 0.0, 0.0], "(-3, 3, 0, 0)": [0.0, 0.0, 0.0, 0.0024849352937936784, 0.0, 0.003684686904371459, 0.005429068182222633, 0.0, 0.032884491674717506, 0.0024428790014982224, 0.0], "(-3, 4, 0, 0)": [-0.0009347612177667613, -0.0008726416442676847, -0.004384050890803337, -0.006444983927312221, 0.0009194024523124846, 0.0, 0.0004530170973338606, 0.0, 0.0, 0.0, -0.004365765303373337], "(-1, 3, 0, 0)": [0.14532003393163795, 0.050368193175982304, 0.03002421545984438, 0.030453867215913505, 0.057705274164705014, 0.055261439741650834, 0.05709693291476396, 0.0, 0.04690033195363899, 0.047740768878297465, 0.02752279715736737], "(-2, 4, 0, 0)": [0.001625270359614018, -0.0043924301862716675, 0.0, 0.0029098701536835942, -0.004368009418249131, 0.0, 0.0, 0.0, 0.0, 0.006253870139231118, 0.0016864081844687462], "(-1, -1, 0, 0)": [0.008569882931830806, 0.0, 0.002673856264278293, 0.0, 0.0, 0.0, 0.0, 0.0, 0.0, 0.0, 0.0], "(-2, 0, 0, 0)": [0.31347297520064443, 0.1478891077795366, 0.07984642994844213, 0.07466165068460598, 0.14456960149039857, 0.1154849696790498, 0.12634716863340364, 0.09953595712870814, 0.09795800712646921, 0.09215318176806041, 0.14100179427099296],