{"q_values": {"(0, 0, 0, 0)": [0.9453879050211182, 0.9451286362912307, 0.9450878774280094, 0.9448771350266598, 0.9453615466894068, 0.9449582116842673, 0.9449404728679547, 0.9429284904602017, 0.9740080268784415, 0.9453219725897966, 0.9445152692336831], "(0, 1, 0, 0)": [0.7473105832513572, 0.7595021531835264, 0.7629827884784143, 0.7472318235203268, 0.7680839826698473, 0.7470920984976088, 0.7459004078582645, 0.9111028703960193, 0.7460311270847132, 0.7463147236486167, 0.7472849595405147], "(0, 2, 0, 0)": [0.4605755915694804, 0.6314483839198517, 0.8749032180360172, 0.3412583572626633, 0.43521848932306073, 0.4979426934161939, 0.4676154646791635, 0.4132579875294029, 0.4913193802963406, 0.4252958358602612, 0.3449093843028907], "(0, 3, 0, 0)": [0.09122824503628182, 0.0987185665453951, 0.08957147905433153, 0.09617389818903954, 0.09450110575874464, 0.08972882455401743, 0.0994351940232994, 0.08865680297804471, 0.09420324146659974, 0.09669971523257724, 0.0921980703597259], "(0, 4, 0, 0)": [-0.011458796896196255, -0.013812966563900908, -0.013873341818652823, -0.011415102057037621, -0.01732364263297808, -0.013279780112717063, -0.011345197949095538, -0.013186737249345003, -0.013441526881015582, -0.011916933688938983, -0.011425805502025465], "(0, -2, 0, 0)": [0.34083613414228264, 0.5196776838524484, 0.4652781867573393, 0.3343866948227284, 0.256217984186889, 0.24647715014414012, 0.2597883488316373, 0.28609048372602286, 0.15832988697620268, 0.16274196922139555, 0.8447564786243082], "(0, -3, 0, 0)": [0.04506939382082745, 0.04427661653415908, 0.04503435268328447, 0.04636527426334287, 0.04379819897805487, 0.04598234657918374, 0.044263716443836476, 0.04648371465745199, 0.042093005024270214, 0.12257773622978188, 0.04255801459587875], "(0, -4, 0, 0)": [-0.016876476568379255, -0.016697811308079888, -0.0178142364935978, -0.019534930383009214, -0.01926567989929888, -0.0188959810664147, -0.015376010267537968, -0.017493140392623303, -0.016659917976237466, -0.017825598598588538, -0.016788132781517105], "(0, -1, 0, 0)": [0.7654547744782945, 0.7894836159139136, 0.7681288672912825, 0.7683770617858456, 0.7655135749590476, 0.7682687706302775, 0.7856392682576294, 0.7681718603129541, 0.7678204592664624, 0.9941013521821522, 0.7685139203688935], "(1, 0, 0, 0)": [0.8561860985009718, 1.0428289119614007, 0.8598459760042667, 0.8702195484001756, 0.8744184417475098, 0.8607577171374728, 0.8347404043611371, 0.8346786641983769, 0.7248506893952171, 0.8599732847929313, 0.867356638127116], "(1, -1, 0, 0)": [0.49473321987824154, 0.6701913931319741, 0.5053103376896155, 0.5354429957734593, 0.4812176599535669, 0.4970496039401672, 0.6570742335580306, 0.6829907800918926, 0.46659852683141245, 0.5100648398715117, 0.952411322730019], "(1, -2, 0, 0)": [0.11072199681097294, 0.11301313754829645, 0.10956911346858314, 0.10848370605203142, 0.11348412753910889, 0.109339782677498, 0.10800834763206535, 0.11340781663336469, 0.11353829457678742, 0.1059280014331461, 0.3401107908685901], "(1, -3, 0, 0)": [0.023052177293548675, 0.019732254870591527, 0.022137998748465552, 0.021269177926564152, 0.021687108006125666, 0.019266701056481973, 0.02299843773844084, 0.023283916355111768, 0.023322505294445038, 0.022462342747860305, 0.021581747586012643], "(1, -4, 0, 0)": [-0.027362441467137566, -0.027404212685782078, -0.027969702548283397, -0.028583274123236416, -0.027425041761749182, -0.028345426751166594, -0.027486405381353555, -0.027493468004819745, -0.027654158658090358, -0.027606636428225653, -0.02632657503862111], "(1, 2, 0, 0)": [0.09323103508629882, 0.08207985754170613, 0.06460689973782285, 0.08627264847915611, 0.4405796836263718, 0.12567603685717615, 0.060089803936663244, 0.01890969395443433, 0.053865263696354304, 0.09288024013994842, 0.047737476619373914], "(1, 3, 0, 0)": [0.03918539795662358, 0.01730555758597392, 0.014651747036296549, 0.006411595975666875, 0.02895251554031294, 0.029522132320045875, 0.029258946527158717, 0.01333198434674985, 0.12253749687119647, 0.016844854190023233, 0.008919941175083488], "(1, 4, 0, 0)": [-0.007822546217171756, -0.007562630493447469, -0.007648395578176955, -0.008063774036101572, -0.008311406418629525, -0.009263098003838078, -0.010639519035707269, -0.007586726381484568, -0.009424878197348358, -0.008559872904021668, -0.007883609533309938], "(-1, 0, 0, 0)": [0.9046069233682417, 0.4834114343137556, 0.48875366133456716, 0.48239972988290175, 0.5218813528948334, 0.501941754251378, 0.5644866648423039, 0.5570301366180926, 0.4908935588123058, 0.5054430504088164, 0.46431116565530883], "(1, 1, 0, 0)": [1.0826448083149824, 1.4627076094090805, 1.439466429290927, 0.887762035453971, 1.2220334997357, 1.2268370413991274, 1.346395997144652, 1.0342457463379156, 1.2059140549969265, 1.321122322335007, 1.364479442390446], "(-1, -2, 0, 0)": [0.7830675019287676, 0.08609441912314734, 0.25761498084891343, 0.07634585148986334, 0.06325190278419299, 0.06952329972391627, 0.1343221788846845, 0.06731679458676892, 0.07747767853606759, 0.06962001294585993, 0.005968067779827871], "(-1, -3, 0, 0)": [0.16816770688888394, 0.34347373924629815, 0.32658051258387405, 0.3665329596354182, 0.42406680296883364, 0.28438155540566223, 0.2089541189889068, 0.2980329716051648, 0.25629422309589217, 0.6111575875526367, 0.3175670246736579], "(-1, -4, 0, 0)": [0.07824360199092703, 0.056944134224554854, 0.08145411336388712, 0.0636875000537922, 0.11904179124842541, 0.05096395775925019, 0.09751812032122845, 0.006868349076486465, 0.02896661514497781, 0.10008988139821699, 0.3019640696678273], "(-1, 1, 0, 0)": [0.4059131834514111, 0.44370415112367007, 0.433074835566019, 0.4453897972319422, 0.40410129010719986, 0.4065792159012053, 0.41926005878139405, 0.5822899257324635, 0.4054219998263139, 0.44518894240117296, 0.443452554499733], "(-1, 4, 0, 0)": [0.0013871392086640675, -0.004735155396722862, 0.001009689867706734, -0.006203276700292007, -0.004305771341782949, -0.0040950051770488344, 0.0008411327924679329, 0.00032997193132200614, -0.004189335824390494, -0.0020430787580966864, 0.0005615403875212669], "(-1, 2, 0, 0)": [0.22708776650698878, 0.24180230131667768, 0.23778008174705897, 0.24076330608450439, 0.2344516372104504, 0.23978925988284672, 0.2002275175980395, 0.2440203892329195, 0.24040719962701496, 0.2263469880573328, 0.18901367944834277], "(-2, 1, 0, 0)": [0.19060551646245416, 0.1948876307806345, 0.21146754582045485, 0.1908336268360606, 0.1927701385241956, 0.190908266612825, 0.19145157601926843, 0.1855804032289457, 0.19014617123426855, 0.19360779247072282, 0.17069497809448625], "(-2, 2, 0, 0)": [0.3645878703868377, 0.1329266628064897, 0.0764622754204557, 0.1312717254442214, 0.15008303242329427, 0.13626383834613237, 0.14582081289136634, 0.1630554601297889, 0.11302253322287537, 0.16508533544387685, 0.22166024271100354], "(-2, 3, 0, 0)": [0.024799609225049896, 0.019943158072010476, 0.02520046384419012, 0.023970316896549916, 0.019274582846336877, 0.024622155319834946, 0.02251501667756902, 0.02350626406839012, 0.023621056547075574, 0.023132706740150808, 0.02243259341035101], "(-3, 3, 0, 0)": [0.0, 0.0, 0.0, 0.007962421865434296, 0.0, 0.003684686904371459, 0.005429068182222633, 0.000948385769628063, 0.05358933332413981, 0.0024428790014982224, 0.005754457959122817], "(-3, 4, 0, 0)": [-0.006331649684037971, -0.007293137961590353, -0.004384050890803337, -0.006444983927312221, -0.0053636654129396374, -0.007506917899930179, -0.006221994526591632, -0.0036356361462652085, -0.0036905746997073293, -0.0037470807076171032, -0.004365765303373337], "(-1, 3, 0, 0)": [0.11023394827566271, 0.11773846086019668, 0.11611555170830773, 0.10367175935957193, 0.053578850918241494, 0.10988822143642102, 0.10711555676646334, 0.11506827700813789, 0.11704665792943621, 0.11701064534033803, 0.11544744677353781], "(-2, 4, 0, 0)": [-0.01726969392139269, -0.01863490792457164, -0.016022034295159162, -0.01705986985778479, -0.017130980868894464, -0.01868891978855837, -0.01669748885572176, -0.017153921990527884, -0.01676930815349676, -0.017783885644594585, -0.017179382949477514],