{"q_values": {"(0, 0, 0, 0)": [0.9903967231871204, 1.0404709838472006, 0.9938679948160956, 1.1287196818350886, 1.1126923292281776, 1.027742764301611, 1.035730418623002, 1.0402894327411794, 0.9599499151615545, 1.299099149315575, 1.0554449014545124], "(0, 1, 0, 0)": [1.0482679250559166, 1.265654974734332, 0.9525410968711074, 0.733205266742686, 0.8338629221768554, 0.8909179724084877, 0.8057608280429025, 0.777574513123442, 0.8889740311112475, 0.8639939922798532, 0.7583528963772389], "(0, 2, 0, 0)": [1.0761413872871, 0.2661094387640742, 0.26211997148999766, 0.3187823803814103, 0.30331127815530623, 0.30558446453354426, 0.330789203454449, 0.3394566392798085, 0.266051935067661, 0.3675710489201833, 0.2878206088886032], "(0, 3, 0, 0)": [0.08717281136407665, 0.10211823228338024, 0.09108909900629092, 0.08778206067068685, 0.09054826937284889, 0.08817116356087942, 0.09012491365771647, 0.08754397760562097, 0.09301492940820688, 0.08807273819513897, 0.08962527037367007], "(0, 4, 0, 0)": [0.09307271276585907, -0.005930813361289023, -0.013873341818652823, -0.011836502596811224, -0.01732364263297808, -0.008687765564013204, -0.013661984289424108, -0.013446557116900418, -0.0003000215343539796, -0.008096610792843649, -0.015499687136450323], "(0, -2, 0, 0)": [0.3520397871031682, 0.3522754792595365, 0.35176665408454566, 0.3944594796945221, 0.35250243810182413, 0.352139069022126, 0.3903310969998618, 0.7243709941971597, 0.353900052817962, 0.35385521238493867, 0.3518842955124246], "(0, -3, 0, 0)": [0.0903152902256668, 0.09167032203865845, 0.08373031310702753, 0.12442752485604563, 0.09050704680605169, 0.12248380620929017, 0.10419382218017706, 0.09038328224655735, 0.08714759872280317, 0.09125442615877459, 0.39406063517217393], "(0, -4, 0, 0)": [-0.012145423958788655, -0.012445426607529442, -0.0035115956286055437, -0.0033837069971311565, -0.011022036566305852, -0.011027945041839267, -0.01026398894123513, -0.012675033294122798, -0.014359151740061206, -0.011974429837168121, 0.03250824607149208], "(0, -1, 0, 0)": [0.7689881120886657, 0.8091282062987779, 0.6898471324175324, 0.6618601441751206, 0.7010877269945672, 0.7823594356785871, 0.8554283656464564, 0.6913528117374383, 0.7282080292302525, 1.3811866610468782, 0.6922434830429358], "(1, 0, 0, 0)": [0.886449979593575, 0.4058319052677256, 0.40421522512036867, 0.45255822465084516, 0.40637089154342554, 0.410316298130721, 0.40671092171937107, 0.47510063140100756, 0.40663349007628447, 0.4066094773369512, 0.4684557832366113], "(1, -1, 0, 0)": [0.39966457938622946, 0.7880147065739469, 0.3998388338499982, 0.40140586265743383, 0.40158250980239474, 0.4002900915513201, 0.4015141376435991, 0.4023122824747861, 0.4011589887349722, 0.4019930180185366, 0.46212657022537473], "(1, -2, 0, 0)": [0.3922099726411359, 0.28377009023065314, 0.2980104471642493, 0.3171006619403902, 0.29482976837361996, 0.2819287864224233, 0.27557708335440256, 0.31241416991641646, 0.24522272000977088, 0.6468893918342622, 0.28038340835010134], "(1, -3, 0, 0)": [0.04336134770946423, 0.02445107765228845, 0.02602361568713737, 0.045470014357534866, 0.025353625386769565, 0.025611576950904782, 0.08108590736003043, 0.06472475744870612, 0.024863896885663626, 0.20870761232202617, 0.06836459504709085], "(1, -4, 0, 0)": [-0.02256853893732641, -0.010148600369772727, -0.01729343092460338, -0.022555134285558977, -0.02259942017309452, -0.023824238161107424, -0.01962594751499407, -0.026033716527008043, 0.034208729070580694, -0.022461129135561714, -0.023716526942515415], "(1, 2, 0, 0)": [0.05801665346665124, 0.08207985754170613, 0.06460689973782285, 0.08627264847915611, 0.3465330622926889, 0.12567603685717615, 0.060089803936663244, 0.01890969395443433, 0.053865263696354304, 0.04899617772461938, 0.047737476619373914], "(1, 3, 0, 0)": [0.02708330067240602, 0.01730555758597392, 0.014651747036296549, 0.006411595975666875, 0.02895251554031294, 0.029522132320045875, 0.029258946527158717, 0.01333198434674985, 0.11722174508631678, 0.016844854190023233, 0.008919941175083488], "(1, 4, 0, 0)": [-0.005796196158461397, -0.007562630493447469, -0.004595077688674945, -0.0064940302768244085, -0.005716756031323773, -0.005668506895324301, -0.004127803919723099, -0.004355859756469726, -0.004443169423572436, -0.004363999059636903, -0.007883609533309938], "(-1, 0, 0, 0)": [0.2269976204828364, 0.2258313824279547, 0.27098076110152136, 0.2280618701442877, 0.22646797856898465, 0.22411512122440344, 0.2281521235002592, 0.827511109894199, 0.22399982429631102, 0.2290628461110474, 0.22917184924621997], "(1, 1, 0, 0)": [0.43671301677748287, 0.47759580096522736, 0.4745685841021537, 0.4769248382717493, 0.47780858656458935, 0.4774909437424756, 0.46431972788580256, 0.4767675715928465, 0.47728645291843586, 0.4624408647729684, 0.4772721043483972], "(-1, -2, 0, 0)": [0.2108554108342505, 0.014694112470582837, 0.004735868725284499, 0.004770211990281504, 0.0, 0.0, 0.0023171089123934507, 0.0023934278146363797, 0.004091755627338559, 0.001857704296708107, 0.005968067779827871], "(-1, -3, 0, 0)": [0.016868682972390747, 0.006619786959157747, 0.0, 0.003520804546826968, 0.0, 0.006934084120099746, 0.002877816469860603, 0.006789032162838039, 0.005434245074663394, 0.2533352837418781, 0.003272713017462463], "(-1, -4, 0, 0)": [0.032010908499406375, 0.026513606928688413, 0.0016492361202836037, 0.02795830533064031, 0.0083500400481253, 0.01087497928465723, 0.01897423050081952, 0.006868349076486465, 0.0, 0.04016265642109616, 0.19639549127818534], "(-1, 1, 0, 0)": [0.4453571594042143, 0.36377460941446893, 0.4852233163732047, 0.4245699848010453, 0.3414110457071122, 0.438574535516308, 0.3527342985646217, 0.7992816582244264, 0.46912883701181834, 0.3890537119545322, 0.3866379381807492], "(-1, 4, 0, 0)": [-0.02006915397524351, -0.018892078136122148, -0.020272755550322707, -0.02245232353326882, -0.01983576890132182, -0.01838958765220485, -0.02253800189688899, -0.014165456578493801, -0.019770590766508934, -0.022676639394837463, 0.010722560019966153], "(-1, 2, 0, 0)": [0.25040017363932765, 0.3263896768475495, 0.4229929746002405, 0.22317981128119446, 0.23035994796185882, 0.3092092203036788, 0.3055100459043634, 0.2590151119717379, 0.2399526447012706, 0.28256064462733455, 0.2840222311629499], "(-2, 1, 0, 0)": [0.44001016513850477, 0.16512957447294263, 0.18410901255300455, 0.07228145807975742, 0.16697534589440738, 0.28984255747394083, 0.23461572638830408, 0.1962571746207752, 0.19014617123426855, 0.20522856991926286, 0.17069497809448625], "(-2, 2, 0, 0)": [0.2762789912626634, 0.1329266628064897, 0.0764622754204557, 0.1312717254442214, 0.15008303242329427, 0.13626383834613237, 0.14582081289136634, 0.1630554601297889, 0.11302253322287537, 0.16508533544387685, 0.22166024271100354], "(-2, 3, 0, 0)": [0.029326107254338672, 0.02992163409584035, 0.029121949625177702, 0.02955334679480808, 0.019274582846336877, 0.02955301175641753, 0.030494306447043755, 0.030692768891222813, 0.03051403400640305, 0.026056745340155694, 0.030721016708098594], "(-3, 3, 0, 0)": [0.0, 0.0, 0.0, 0.007962421865434296, 0.0, 0.003684686904371459, 0.005429068182222633, 0.000948385769628063, 0.03754849993630932, 0.0024428790014982224, 0.0], "(-3, 4, 0, 0)": [-0.006331649684037971, 0.0009186582810449743, -0.004384050890803337, -0.006444983927312221, -0.0023791469237203697, -0.0031727265032908797, -0.002652588833467662, -0.0036356361462652085, -0.0036905746997073293, -0.0037470807076171032, -0.004365765303373337], "(-1, 3, 0, 0)": [0.19034744260957734, 0.17834995681522556, 0.06558122066500048, 0.17545808241345462, 0.08898823468773844, 0.10911949647338302, 0.17643353601748504, 0.08898917478807569, 0.17739267338626627, 0.18698752197869029, 0.141527843403561], "(-2, 4, 0, 0)": [-0.012778892586264988, -0.012573917237304402, -0.012520328014057865, -0.014613096217766958, -0.012353476146856873, -0.013936614973304434, -0.01230146206393197, -0.013031405811696026, -0.013851104075134263, -0.013571071428422959, -0.01293848023996173],