{"q_values": {"(0, 0, 0, 0)": [0.8238954010615167, 0.85360281729157, 0.9409824782215236, 1.2220732013891058, 0.8686793754615898, 0.904859198466847, 0.9809372208472608, 0.9174654170385406, 0.8648453797267359, 0.8629031009474983, 0.8236818055108122], "(0, 1, 0, 0)": [0.9536542153506062, 0.7079164358226593, 0.7264302682037889, 0.729119090374178, 0.7307088794242949, 0.7298518375894952, 0.7244067859027385, 0.7300481296757227, 0.728126968926706, 0.7276795183739015, 0.7300841168611341], "(0, 2, 0, 0)": [0.3624452661721796, 0.33168206116008997, 0.26547010106279245, 0.36652296202516355, 0.3683680699029597, 0.3069112108969483, 0.622074816226764, 0.40348128207209005, 0.26630755442828324, 0.3028226918066679, 0.3031775384984874], "(0, 3, 0, 0)": [0.18521230040994202, 0.5124919305867958, 0.2346194875051575, 0.25082172627429866, 0.2797973692302297, 0.30290040451844813, 0.2122958975364542, 0.197029016475198, 0.2669060694866916, 0.23758445006005044, 0.2734453176484983], "(0, 4, 0, 0)": [0.17922974824644056, 0.026750174131576526, -0.013873341818652823, 0.011572584511837888, -0.01732364263297808, 0.020322421386121572, 0.010707491076689973, -0.00037823775868536975, 0.04542790864569992, 0.0011473763702583338, 0.009285121653082118], "(0, -2, 0, 0)": [0.23430267593083962, 0.31676476385350216, 0.28806097816967413, 0.23509992153848042, 0.2377147951157325, 0.32406645057604744, 0.31457259581065566, 0.23828354229305876, 0.28174908548026445, 0.3439775161149412, 0.5790104662978331], "(0, -3, 0, 0)": [0.07908117280171229, 0.08256748643680209, 0.08049285183374799, 0.08469226516497369, 0.08146944605875692, 0.08307113745335998, 0.07932454345846174, 0.08507143165614689, 0.08154992141051476, 0.08335410284197386, 0.07654730509246203], "(0, -4, 0, 0)": [-0.012078644485662034, -0.011855146734709537, -0.013059752385042164, -0.011613039836571427, -0.012699410202956389, -0.012851413143967374, -0.011766070047926357, -0.012675033294122798, -0.011564700729917995, -0.011554310487561009, -0.012393650831027857], "(0, -1, 0, 0)": [0.7238672958729125, 0.6954356266122784, 0.6968484581239929, 0.7269292286469429, 0.696528623020062, 0.7941249602436282, 0.8013629281088545, 0.6958667397263432, 0.7767041351483546, 0.7382114003007845, 1.3040679748962536], "(1, 0, 0, 0)": [0.5547496706891656, 0.4058319052677256, 0.45467934051639586, 0.5091098059313386, 0.45559845242806063, 0.4613255464039465, 0.46729752545579034, 0.47510063140100756, 0.4666873750965863, 0.46624086534879405, 0.4684557832366113], "(1, -1, 0, 0)": [0.3773949126368409, 0.3743063712466137, 0.36383762967442146, 0.37270505958850586, 0.37738717634019775, 0.374806287260536, 0.36296302822427073, 0.37146238282658073, 0.36351150943417876, 0.3701135532912345, 0.3712734014028869], "(1, -2, 0, 0)": [0.1470443845056223, 0.14781833889022186, 0.2943332662851514, 0.15229276682215018, 0.15119489939970826, 0.14606861873741062, 0.15336136784903848, 0.1535613646490963, 0.14802717439763663, 0.15356052064673298, 0.14618919207281772], "(1, -3, 0, 0)": [0.03259615227445588, 0.03314375139386411, 0.031870031934212936, 0.031355558005569224, 0.03221438490469605, 0.025611576950904782, 0.032860990285123286, 0.033373589252590166, 0.03203380187840732, 0.03426706401639691, 0.03055189886196763], "(1, -4, 0, 0)": [-0.02339655028525081, -0.022741782450434563, -0.02415183082262875, -0.021787712876586124, -0.022377694189910487, -0.0240180888008315, -0.022896041886736995, -0.023844325084691725, -0.02318201131703906, -0.024182321852569494, -0.0231757195681112], "(1, 2, 0, 0)": [0.05801665346665124, 0.08207985754170613, 0.06460689973782285, 0.08627264847915611, 0.33148289128194663, 0.12567603685717615, 0.060089803936663244, 0.01890969395443433, 0.053865263696354304, 0.04899617772461938, 0.047737476619373914], "(1, 3, 0, 0)": [0.02708330067240602, 0.01730555758597392, 0.014651747036296549, 0.006411595975666875, 0.02895251554031294, 0.029522132320045875, 0.029258946527158717, 0.01333198434674985, 0.10943982832109142, 0.016844854190023233, 0.008919941175083488], "(1, 4, 0, 0)": [-0.006586725589588608, -0.007562630493447469, -0.006677237415859894, -0.0064940302768244085, -0.008311406418629525, -0.0063989301198303546, -0.010639519035707269, -0.00548141488539594, -0.006755569100485182, -0.00669961835177003, -0.007883609533309938], "(-1, 0, 0, 0)": [0.4498001253511245, 0.4518004243441861, 0.44976904323598377, 0.45114707017875355, 0.44829884078038057, 0.4497778079717075, 0.45124121786354654, 0.44857723830344864, 0.45192185930347806, 0.44467816944022587, 0.5556969233865989], "(1, 1, 0, 0)": [0.43671301677748287, 0.7663032652835919, 0.4676494515816506, 0.4611640057675102, 0.4673695492602972, 0.4565952494470154, 0.46431972788580256, 0.46588074315491634, 0.4602370037576445, 0.4624408647729684, 0.46760645541997115], "(-1, -2, 0, 0)": [0.3963128049857967, 0.014694112470582837, 0.004735868725284499, 0.004770211990281504, 0.0, 0.0, 0.0023171089123934507, 0.0023934278146363797, 0.004091755627338559, 0.001857704296708107, 0.005968067779827871], "(-1, -3, 0, 0)": [0.016868682972390747, 0.006619786959157747, 0.03964563241864372, 0.003520804546826968, 0.0, 0.006934084120099746, 0.002877816469860603, 0.006789032162838039, 0.005434245074663394, 0.44844820728554435, 0.003272713017462463], "(-1, -4, 0, 0)": [0.032010908499406375, 0.026513606928688413, 0.03301966422176138, 0.02795830533064031, 0.0083500400481253, 0.01087497928465723, 0.01897423050081952, 0.006868349076486465, 0.02896661514497781, 0.04016265642109616, 0.23059906697797805], "(-1, 1, 0, 0)": [0.6861121701436654, 0.324781759329378, 0.3260660665082786, 0.3248969559667441, 0.31834797654615554, 0.3558064914693833, 0.3259661977954945, 0.336474421266798, 0.32451816881605433, 0.3224641871370957, 0.3224698501355148], "(-1, 4, 0, 0)": [-0.021387349515311, -0.02234419646218992, -0.022820622766780683, -0.02245232353326882, 0.020682039011507614, -0.02134489727310611, -0.012524489765298321, -0.022458772513541902, -0.02290810458390259, -0.01702083045240619, -0.012416006726907208], "(-1, 2, 0, 0)": [0.1415727021922273, 0.144573563264711, 0.13587009606734263, 0.2624769230998535, 0.14290302311054082, 0.13457989811177473, 0.13681799219283725, 0.13940661748589672, 0.1423635656797019, 0.14226670521924006, 0.139568896895649], "(-2, 1, 0, 0)": [0.9743713254879228, 0.3074323354985826, 0.3621324208426928, 0.1575641593530205, 0.16697534589440738, 0.28984255747394083, 0.28880202574465225, 0.26638717877237067, 0.19014617123426855, 0.20522856991926286, 0.17069497809448625], "(-2, 2, 0, 0)": [0.2762789912626634, 0.1329266628064897, 0.0764622754204557, 0.1312717254442214, 0.15008303242329427, 0.13626383834613237, 0.14582081289136634, 0.1630554601297889, 0.11302253322287537, 0.16508533544387685, 0.22166024271100354], "(-2, 3, 0, 0)": [0.029326107254338672, 0.02992163409584035, 0.029121949625177702, 0.02955334679480808, 0.019274582846336877, 0.02955301175641753, 0.030494306447043755, 0.030692768891222813, 0.03051403400640305, 0.026056745340155694, 0.030721016708098594], "(-3, 3, 0, 0)": [0.0, 0.0, 0.0, 0.007962421865434296, 0.0, 0.003684686904371459, 0.005429068182222633, 0.000948385769628063, 0.03935020970547749, 0.0024428790014982224, 0.0], "(-3, 4, 0, 0)": [-0.006331649684037971, -0.001858898876204322, -0.004384050890803337, -0.006444983927312221, -0.0023791469237203697, -0.0031727265032908797, -0.002652588833467662, -0.0036356361462652085, -0.0036905746997073293, -0.0037470807076171032, -0.004365765303373337], "(-1, 3, 0, 0)": [0.04427486662425463, 0.04576615122132952, 0.16391538756455012, 0.046907446409663794, 0.04683795870964849, 0.04402277549263549, 0.045758164355850964, 0.04396288745859292, 0.04517881824593749, 0.04908647006311317, 0.046105381729905984], "(-2, 4, 0, 0)": [-0.012778892586264988, -0.012573917237304402, -0.012520328014057865, -0.014613096217766958, -0.012353476146856873, -0.013936614973304434, -0.01230146206393197, -0.013031405811696026, -0.013851104075134263, -0.013571071428422959, -0.01293848023996173],