{"q_values": {"(0, 0, 0, 0)": [0.8974401986700657, 0.9971231751451842, 1.0332320247459648, 0.8721343261531864, 0.9293935894342287, 0.9841648911298407, 0.9961313871518792, 0.8509607125800795, 0.9264705131207046, 0.8974280718194418, 1.4758951872860653], "(0, 1, 0, 0)": [1.52259584510713, 1.0662732662538255, 0.9002132843271979, 0.8296978004367837, 0.8857475788762685, 0.979634657579448, 0.9336732067393481, 0.9737961205280885, 0.8984154514341918, 0.9687818400737411, 1.0001887050389604], "(0, 2, 0, 0)": [1.0786075954242493, 0.312934460784891, 0.26211997148999766, 0.3187823803814103, 0.42308393114358267, 0.30558446453354426, 0.330789203454449, 0.3394566392798085, 0.266051935067661, 0.3675710489201833, 0.4731043197066748], "(0, 3, 0, 0)": [0.08717281136407665, 0.09340360653490418, 0.09108909900629092, 0.08778206067068685, 0.09054826937284889, 0.08817116356087942, 0.09012491365771647, 0.08754397760562097, 0.09301492940820688, 0.08807273819513897, 0.09205405006603998], "(0, 4, 0, 0)": [0.0443741153310552, -0.005930813361289023, -0.013873341818652823, -0.011836502596811224, -0.01732364263297808, -0.008687765564013204, -0.013661984289424108, -0.00037823775868536975, -0.0003000215343539796, -0.008096610792843649, -0.015499687136450323], "(0, -2, 0, 0)": [0.6188135875393712, 0.3600118563676713, 0.34178002718166794, 0.34337340564630026, 0.34429266515435275, 0.3440500781769726, 0.3440512083857121, 0.3407362606149313, 0.33775342130329, 0.3555639182945658, 0.34264426409946025], "(0, -3, 0, 0)": [0.1578585815352881, 0.11190855361960025, 0.1237527215376514, 0.17280504574032773, 0.1668093630650418, 0.1526019174296454, 0.16974932866937903, 0.13746684837153583, 0.10677630844286502, 0.09125442615877459, 0.5401558673978], "(0, -4, 0, 0)": [0.031701932958673164, -0.006223832165799193, 0.01308240581250883, 0.010259905975407692, -0.011022036566305852, -0.011027945041839267, -0.01026398894123513, -0.012675033294122798, -0.014359151740061206, 0.0007081203170197494, 0.26740971003839725], "(0, -1, 0, 0)": [0.6266661250248249, 0.6318561278047912, 0.6207000780605181, 0.6707714753904991, 0.630941410511725, 0.6315657947089236, 0.6312654881195497, 0.6299453255320555, 0.6316350835209632, 0.6316772155118207, 1.2079363414518356], "(1, 0, 0, 0)": [0.8256287740299424, 0.4058319052677256, 0.40421522512036867, 0.45255822465084516, 0.45559845242806063, 0.410316298130721, 0.40671092171937107, 0.47510063140100756, 0.40663349007628447, 0.4066094773369512, 0.4684557832366113], "(1, -1, 0, 0)": [0.39966457938622946, 0.7769848445604026, 0.42018886586210086, 0.40140586265743383, 0.40158250980239474, 0.4002900915513201, 0.43240667034635727, 0.4023122824747861, 0.45417217236034235, 0.4019930180185366, 0.46212657022537473], "(1, -2, 0, 0)": [0.2853684208261778, 0.28377009023065314, 0.2920856186136901, 0.2854440012385133, 0.28667453356853856, 0.2819287864224233, 0.27557708335440256, 0.2804279061437903, 0.24522272000977088, 0.28988958331300174, 0.2917053998148344], "(1, -3, 0, 0)": [0.06429087673300923, 0.04962876213155309, 0.02602361568713737, 0.06188497379578954, 0.025353625386769565, 0.025611576950904782, 0.08108590736003043, 0.08549755008672613, 0.06042329123824643, 0.20680490206411162, 0.06836459504709085], "(1, -4, 0, 0)": [-0.0176453598872357, -0.002662107598263533, 0.00020666822322310853, -0.022555134285558977, -0.02259942017309452, -0.011277976481303572, -0.01962594751499407, -0.01846861383282908, 0.04186744001074958, -0.022461129135561714, -0.023716526942515415], "(1, 2, 0, 0)": [0.05801665346665124, 0.08207985754170613, 0.06460689973782285, 0.08627264847915611, 0.3465330622926889, 0.12567603685717615, 0.060089803936663244, 0.01890969395443433, 0.053865263696354304, 0.04899617772461938, 0.047737476619373914], "(1, 3, 0, 0)": [0.02708330067240602, 0.01730555758597392, 0.014651747036296549, 0.006411595975666875, 0.02895251554031294, 0.029522132320045875, 0.029258946527158717, 0.01333198434674985, 0.11722174508631678, 0.016844854190023233, 0.008919941175083488], "(1, 4, 0, 0)": [-0.005796196158461397, -0.007562630493447469, -0.004595077688674945, -0.0064940302768244085, -0.005716756031323773, -0.005668506895324301, -0.004127803919723099, -0.004355859756469726, -0.004443169423572436, -0.004363999059636903, -0.007883609533309938], "(-1, 0, 0, 0)": [0.2269976204828364, 0.3474760333900759, 0.30396678151412626, 0.33810314409720654, 0.22646797856898465, 0.4030714290666543, 0.2281521235002592, 1.1180857352518037, 0.2625728881809407, 0.2961769634843566, 0.27093969638945825], "(1, 1, 0, 0)": [0.43671301677748287, 0.47759580096522736, 0.4745685841021537, 0.4769248382717493, 0.47780858656458935, 0.4774909437424756, 0.46431972788580256, 0.4767675715928465, 0.47728645291843586, 0.4624408647729684, 0.4772721043483972], "(-1, -2, 0, 0)": [0.29846863707910637, 0.014694112470582837, 0.004735868725284499, 0.004770211990281504, 0.0, 0.0, 0.0023171089123934507, 0.0023934278146363797, 0.004091755627338559, 0.001857704296708107, 0.005968067779827871], "(-1, -3, 0, 0)": [0.016868682972390747, 0.006619786959157747, 0.0, 0.003520804546826968, 0.0, 0.006934084120099746, 0.002877816469860603, 0.006789032162838039, 0.005434245074663394, 0.3353883435610049, 0.003272713017462463], "(-1, -4, 0, 0)": [0.032010908499406375, 0.026513606928688413, 0.03301966422176138, 0.02795830533064031, 0.0083500400481253, 0.01087497928465723, 0.01897423050081952, 0.006868349076486465, 0.02896661514497781, 0.04016265642109616, 0.22521091954867734], "(-1, 1, 0, 0)": [1.124396392711294, 0.46283306754313874, 0.49707030816031034, 0.3765265466662706, 0.4490488792827938, 0.359273276704968, 0.37524421663446317, 0.3055950883692401, 0.3879903202862326, 0.47294178353486277, 0.4464512698500883], "(-1, 4, 0, 0)": [-0.02006915397524351, -0.019599895202262234, -0.01914590983276515, -0.02245232353326882, -0.01983576890132182, -0.019848741319838673, -0.019471155537928005, -0.01947830855314652, -0.019770590766508934, -0.022676639394837463, -0.018605427166788452], "(-1, 2, 0, 0)": [0.1802799831843802, 0.17842945860578252, 0.17299177082132117, 0.18046395280106065, 0.18038126954302997, 0.1786734106787866, 0.1694350935408453, 0.17500735885550212, 0.17939996998860752, 0.1731402261051296, 0.17666662683145606], "(-2, 1, 0, 0)": [0.6448162703960127, 0.16512957447294263, 0.23054012594952394, 0.07228145807975742, 0.16697534589440738, 0.28984255747394083, 0.23461572638830408, 0.1962571746207752, 0.19014617123426855, 0.20522856991926286, 0.17069497809448625], "(-2, 2, 0, 0)": [0.2762789912626634, 0.1329266628064897, 0.0764622754204557, 0.1312717254442214, 0.15008303242329427, 0.13626383834613237, 0.14582081289136634, 0.1630554601297889, 0.11302253322287537, 0.16508533544387685, 0.22166024271100354], "(-2, 3, 0, 0)": [0.029326107254338672, 0.02992163409584035, 0.029121949625177702, 0.02955334679480808, 0.019274582846336877, 0.02955301175641753, 0.030494306447043755, 0.030692768891222813, 0.03051403400640305, 0.026056745340155694, 0.030721016708098594], "(-3, 3, 0, 0)": [0.0, 0.0, 0.0, 0.007962421865434296, 0.0, 0.003684686904371459, 0.005429068182222633, 0.000948385769628063, 0.03754849993630932, 0.0024428790014982224, 0.0], "(-3, 4, 0, 0)": [-0.006331649684037971, 0.0009186582810449743, -0.004384050890803337, -0.006444983927312221, -0.0023791469237203697, -0.0031727265032908797, -0.002652588833467662, -0.0036356361462652085, -0.0036905746997073293, -0.0037470807076171032, -0.004365765303373337], "(-1, 3, 0, 0)": [0.05622653403150764, 0.06314316012958984, 0.05851243284757713, 0.05813911411786139, 0.06261499559002759, 0.058431153874969666, 0.061812743580853036, 0.06354370074455956, 0.06136819650986314, 0.06390673828946633, 0.05973647930779531], "(-2, 4, 0, 0)": [-0.012778892586264988, -0.012573917237304402, -0.012520328014057865, -0.014613096217766958, -0.012353476146856873, -0.013936614973304434, -0.01230146206393197, -0.013031405811696026, -0.013851104075134263, -0.013571071428422959, -0.01293848023996173],