{"q_values": {"(0, 0, 0, 0)": [1.149420850870845, 1.1596664375629206, 1.151834986911892, 1.1196343971586091, 1.1173349670334392, 1.149933436030783, 1.1143783753988115, 1.1142208231031256, 1.1143161707413993, 1.1145307279895276, 1.114779632098865], "(0, 1, 0, 0)": [0.7862617533751666, 0.7918700672047521, 0.7919963435543749, 0.7863857005309476, 0.7913857183336237, 0.7851977497065612, 0.7908823954149428, 0.7912132165535837, 0.7814053288088056, 0.7904258176563128, 0.7828866689444944], "(0, 2, 0, 0)": [0.3624452661721796, 0.33168206116008997, 0.30889041586503596, 0.36652296202516355, 0.4386152326618865, 0.3429728350839454, 0.6685802990270382, 0.40348128207209005, 0.3291773307729158, 0.3028226918066679, 0.33933626246641435], "(0, 3, 0, 0)": [0.22827780079216187, 0.5253373282732805, 0.29693365902919266, 0.33426970587815785, 0.3358476466464698, 0.30290040451844813, 0.3148510208537666, 0.2762644247927595, 0.28136360269244315, 0.2664806822611371, 0.2734453176484983], "(0, 4, 0, 0)": [0.20765112675610392, 0.042670427400113814, -0.013873341818652823, 0.03237066460954132, -0.01732364263297808, 0.017281063665521183, 0.010707491076689973, -0.00037823775868536975, 0.04542790864569992, 0.0011473763702583338, 0.009285121653082118], "(0, -2, 0, 0)": [0.2128796578506177, 0.21625227624172444, 0.21575796599307587, 0.21663590445896258, 0.2143907897922046, 0.371988161480305, 0.21665285579320875, 0.21644336612476994, 0.21690760915838053, 0.2161598219158568, 0.21646590500131424], "(0, -3, 0, 0)": [0.07345796303889976, 0.07348462961406582, 0.07836732173236184, 0.07553905981433337, 0.07079270589119613, 0.0735228698088964, 0.07085768526041097, 0.07200969458722932, 0.07176009937519585, 0.09653312602148106, 0.20728724733196943], "(0, -4, 0, 0)": [-0.015164869353999728, -0.013518377675637447, -0.0133261965588393, -0.014255644797497649, -0.014452430369090812, -0.013755620412600617, -0.014580457597493879, -0.00642722919692205, -0.015025841591427027, -0.015604332924000403, -0.013185178547197633], "(0, -1, 0, 0)": [0.7238672958729125, 0.7889651488187652, 0.8606403171001458, 0.8307668068515919, 0.7579773257429612, 0.8273858430218357, 0.8280798681787285, 0.7478265385929066, 0.826196263376539, 0.7844100116186926, 1.1546686000081396], "(1, 0, 0, 0)": [0.4475651542964507, 0.4058319052677256, 0.44803539662626357, 0.9716584792521847, 0.4797990972616104, 0.4478968610397335, 0.4456436449189768, 0.4488603194216047, 0.5411673450250353, 0.44486794810691044, 0.44657322079505646], "(1, -1, 0, 0)": [0.7166795109615759, 0.3743063712466137, 0.36383762967442146, 0.37270505958850586, 0.37383530217393757, 0.374806287260536, 0.36296302822427073, 0.37146238282658073, 0.3959659100746803, 0.3701135532912345, 0.3712734014028869], "(1, -2, 0, 0)": [0.1470443845056223, 0.14781833889022186, 0.1569187054383408, 0.22640769871037114, 0.15119489939970826, 0.14606861873741062, 0.15336136784903848, 0.1535613646490963, 0.14802717439763663, 0.15356052064673298, 0.14618919207281772], "(1, -3, 0, 0)": [0.03268203972107535, 0.03314375139386411, 0.031870031934212936, 0.031355558005569224, 0.03221438490469605, 0.025611576950904782, 0.032860990285123286, 0.033373589252590166, 0.03220609411066637, 0.055735699787580126, 0.03055189886196763], "(1, -4, 0, 0)": [-0.02339655028525081, -0.022741782450434563, -0.023015565645860225, -0.017355858932248596, -0.022377694189910487, -0.0240180888008315, -0.022896041886736995, -0.023195207195817677, -0.02305264369101859, -0.024182321852569494, -0.0231757195681112], "(1, 2, 0, 0)": [0.05801665346665124, 0.08207985754170613, 0.06460689973782285, 0.08627264847915611, 0.3139583075769203, 0.12567603685717615, 0.060089803936663244, 0.01890969395443433, 0.053865263696354304, 0.04899617772461938, 0.047737476619373914], "(1, 3, 0, 0)": [0.02708330067240602, 0.01730555758597392, 0.014651747036296549, 0.006411595975666875, 0.02895251554031294, 0.029522132320045875, 0.029258946527158717, 0.01333198434674985, 0.10696329163316731, 0.016844854190023233, 0.008919941175083488], "(1, 4, 0, 0)": [-0.006586725589588608, -0.007562630493447469, -0.006677237415859894, -0.0064940302768244085, -0.008311406418629525, -0.0063989301198303546, -0.010639519035707269, -0.007586726381484568, -0.006755569100485182, -0.00669961835177003, -0.007883609533309938], "(-1, 0, 0, 0)": [0.5826233283915381, 0.6100735126870802, 0.44976904323598377, 0.45114707017875355, 0.6329517491220468, 0.7173782095716421, 0.5340282558346187, 0.5490810257109671, 0.6787994719091329, 0.5426263987002009, 0.8459216966318979], "(1, 1, 0, 0)": [0.43671301677748287, 0.744070816302308, 0.4676494515816506, 0.4611640057675102, 0.4673695492602972, 0.4565952494470154, 0.46431972788580256, 0.46588074315491634, 0.4602370037576445, 0.4624408647729684, 0.46760645541997115], "(-1, -2, 0, 0)": [0.3963128049857967, 0.014694112470582837, 0.004735868725284499, 0.004770211990281504, 0.0, 0.0, 0.0023171089123934507, 0.0023934278146363797, 0.004091755627338559, 0.001857704296708107, 0.005968067779827871], "(-1, -3, 0, 0)": [0.016868682972390747, 0.006619786959157747, 0.03964563241864372, 0.003520804546826968, 0.0, 0.006934084120099746, 0.002877816469860603, 0.006789032162838039, 0.005434245074663394, 0.44844820728554435, 0.003272713017462463], "(-1, -4, 0, 0)": [0.032010908499406375, 0.026513606928688413, 0.03301966422176138, 0.02795830533064031, 0.0083500400481253, 0.01087497928465723, 0.01897423050081952, 0.006868349076486465, 0.02896661514497781, 0.04016265642109616, 0.23059906697797805], "(-1, 1, 0, 0)": [0.5808326591160126, 0.6032854539783328, 0.6040026531575876, 0.6095183474298375, 0.6098300672366612, 0.6013616434592937, 0.5999962564915999, 0.6026718551402692, 0.6105872831108994, 0.6062447070111924, 0.5986495277993596], "(-1, 4, 0, 0)": [-0.014299988367729707, -0.02234419646218992, -0.022820622766780683, -0.02245232353326882, 0.025644070882274876, -0.02134489727310611, -0.015654118518940156, -0.022458772513541902, -0.015427638228176877, -0.0200468098958428, -0.01582568990655256], "(-1, 2, 0, 0)": [0.1415727021922273, 0.144573563264711, 0.13587009606734263, 0.30192722319396753, 0.14290302311054082, 0.13457989811177473, 0.13681799219283725, 0.1716072530277489, 0.1423635656797019, 0.14226670521924006, 0.139568896895649], "(-2, 1, 0, 0)": [0.24185498178322512, 0.22877556366266522, 0.2303611480037213, 0.20346646769287047, 0.22637696845238567, 0.22091824486734354, 0.21877160476962382, 0.21712010703950807, 0.19014617123426855, 0.22897338843083875, 0.17069497809448625], "(-2, 2, 0, 0)": [0.3114646428143117, 0.1329266628064897, 0.0764622754204557, 0.1312717254442214, 0.15008303242329427, 0.13626383834613237, 0.14582081289136634, 0.1630554601297889, 0.11302253322287537, 0.16508533544387685, 0.22166024271100354], "(-2, 3, 0, 0)": [0.02675784687566824, 0.02796375395632013, 0.025584778078246807, 0.025405381168371224, 0.019274582846336877, 0.027210413495101775, 0.02821837842594304, 0.026781375919680137, 0.02761803614440659, 0.026056745340155694, 0.027882867578608146], "(-3, 3, 0, 0)": [0.0, 0.0, 0.0, 0.007962421865434296, 0.0, 0.003684686904371459, 0.005429068182222633, 0.000948385769628063, 0.0459866292849906, 0.0024428790014982224, 0.005754457959122817], "(-3, 4, 0, 0)": [-0.006331649684037971, -0.007293137961590353, -0.004384050890803337, -0.006444983927312221, -0.0053636654129396374, -0.0031727265032908797, -0.002652588833467662, -0.0036356361462652085, -0.0036905746997073293, -0.0037470807076171032, -0.004365765303373337], "(-1, 3, 0, 0)": [0.04427486662425463, 0.04576615122132952, 0.15250065624413983, 0.046907446409663794, 0.04683795870964849, 0.04402277549263549, 0.045758164355850964, 0.04396288745859292, 0.04517881824593749, 0.04908647006311317, 0.046105381729905984], "(-2, 4, 0, 0)": [-0.012778892586264988, -0.012573917237304402, -0.012520328014057865, -0.014613096217766958, -0.013815655986108332, -0.013936614973304434, -0.01524163022934332, -0.013031405811696026, -0.013851104075134263, -0.013571071428422959, -0.01293848023996173],