{"q_values": {"(0, 0, 0, 0)": [0.7410356547648724, 0.7413766446987299, 0.737048135507411, 0.7485315596923431, 0.7388175352848281, 0.739487300098159, 0.7691399431668318, 0.8067183218740437, 0.7427106730647093, 0.7578379856472566, 0.7399159401791213], "(0, 1, 0, 0)": [0.7126403282703222, 0.7101720038012497, 0.7121524968040812, 0.6963291304069728, 0.7104702397108162, 0.6546856911397883, 0.6548610402732704, 0.7120759322692483, 0.708673455004321, 0.7103601195619103, 0.7139990625567696], "(0, 2, 0, 0)": [0.3041817372475405, 0.30958544675148014, 0.29262426183037804, 0.2866162045288557, 0.30151276550292583, 0.3100809795338658, 0.30941077087577606, 0.3072790342216592, 0.304215034806366, 0.3107195782281425, 0.31028620373293325], "(0, 3, 0, 0)": [0.06599022681316392, 0.07049030850586802, 0.06456004591568179, 0.06493955238166138, 0.06757808577703582, 0.06791447067277087, 0.0701863493129142, 0.06444775080849788, 0.06816278782181881, 0.05677226156907884, 0.057647322153024046], "(0, 4, 0, 0)": [-0.01317079885901465, -0.012463502752846002, -0.01040040324209471, -0.01334630287163034, -0.01568749660944098, -0.014355094578544381, -0.01260442217948155, -0.012746496151128342, -0.013110048676335409, -0.012852733545119595, -0.012489578553835966], "(0, -2, 0, 0)": [0.23252315757178948, 0.21467650006162434, 0.24774283761542332, 0.21900166683773659, 0.24213624048522878, 0.24912728920049984, 0.3041527747252091, 0.2759841882082289, 0.5125570807320259, 0.2565731036345088, 0.2204768468151361], "(0, -3, 0, 0)": [0.07514300107475316, 0.07998189518630669, 0.08293076768595917, 0.08344192029559204, 0.08205597006275872, 0.08349138137183273, 0.08041515755291695, 0.0849751899780763, 0.07837079427957183, 0.09243929566627734, 0.08515768344260344], "(0, -4, 0, 0)": [-0.009664688556520537, -0.009338240548379478, -0.008692367989180364, -0.008738957493898709, -0.007998750074046502, -0.007829925621202723, -0.00850930753852143, -0.00970664690781177, -0.007269842666221084, -0.007802380763373878, -0.00899021027685126], "(0, -1, 0, 0)": [0.6348063333541661, 0.6317871235919756, 0.6280794742016105, 0.6323558600167536, 0.6310614422798293, 0.6340324320139974, 0.6268275468677822, 0.6261051214530902, 0.6270519197498194, 0.6327215902284031, 0.6331757826963371], "(1, 0, 0, 0)": [0.4362877993225649, 0.4358378123649941, 0.4356361368979348, 0.43746385446405456, 0.43928504090640097, 0.4363820018345917, 0.43859036436857624, 0.43462143602138714, 0.43461343710024103, 0.43075869291909297, 0.43745723579724916], "(1, -1, 0, 0)": [0.1893652320208561, 0.20983079797524354, 0.11625148878637516, 0.2345284929834187, 0.3143152598962794, 0.18361909432151585, 0.13266980805485878, 0.19511173039216728, 0.23240334920231814, 0.19459576704852954, 0.16983008147739004], "(1, -2, 0, 0)": [0.11973321239892912, 0.12348774249363281, 0.08113696929193313, 0.09871200127322866, 0.09324353080449609, 0.08356395400601621, 0.09803299587007204, 0.14284462712616197, 0.11535997135766554, 0.08457508963252325, 0.11301911051617783], "(1, -3, 0, 0)": [0.0418904820510267, 0.03773901780847237, 0.06572431862829894, 0.0246511038054136, 0.05424477939424202, 0.04938361124686162, 0.0470950014045315, 0.03206104319704603, 0.05853920433988382, 0.046599020815592807, 0.043639898855794855], "(1, -4, 0, 0)": [-0.014807834027413116, -0.013472595513223957, -0.013173162148718269, -0.014912818860075096, -0.015048742760234194, -0.014361557949356764, -0.013890019290852706, -0.013844750483197985, -0.016414797847552655, -0.013109415207548561, -0.01385749492219111], "(1, 2, 0, 0)": [0.02494454296595682, 0.08207985754170613, 0.029160794848906723, 0.08627264847915611, 0.2568660260877979, 0.0978625112865878, 0.060089803936663244, 0.01890969395443433, 0.02248447702123837, 0.04899617772461938, 0.047737476619373914], "(1, 3, 0, 0)": [0.02708330067240602, 0.01730555758597392, 0.014651747036296549, 0.006411595975666875, 0.02895251554031294, 0.029522132320045875, 0.018438869591214473, 0.01333198434674985, 0.08260646754451934, 0.006070288231283063, 0.008919941175083488], "(1, 4, 0, 0)": [-0.0006165300495577924, -0.001276010125875473, -0.0029983583795677414, 0.0013413186464925576, -0.002509135115148126, -0.005668506895324301, -0.002465758779094113, -0.004355859756469726, -0.0009677995672693323, -0.004363999059636903, -0.007883609533309938], "(-1, 0, 0, 0)": [0.3516866182173819, 0.32443268592990515, 0.346012444900131, 0.34563579623743224, 0.3494221812556101, 0.35094238705977565, 0.3461330427254643, 0.35103370271525347, 0.34558887647608577, 0.37442842370710117, 0.34803811263511936], "(1, 1, 0, 0)": [0.43006151097637757, 0.5353116200944888, 0.562760858859338, 0.530843730763727, 0.5637978693881901, 0.512251076589606, 0.5295703160564272, 0.5145073120012817, 0.5535969644372739, 0.5484599601574636, 0.5640420714856715], "(-1, -2, 0, 0)": [0.045100577016461675, 0.0040499377536222046, 0.004735868725284499, 0.004770211990281504, 0.0, 0.0, 0.0023171089123934507, 0.0023934278146363797, 0.004091755627338559, 0.001857704296708107, 0.005968067779827871], "(-1, -3, 0, 0)": [0.0018390627577900887, 0.006619786959157747, 0.0, 0.003520804546826968, 0.0, 0.0, 0.002877816469860603, 0.006789032162838039, 0.005434245074663394, 0.03596894404419072, 0.003272713017462463], "(-1, -4, 0, 0)": [0.0022023032841861244, 0.0, 0.0016492361202836037, 0.0, 0.0083500400481253, 0.01087497928465723, 0.009587889110213315, 0.006868349076486465, 0.0, 0.0017034254968166353, 0.060235710221640454], "(-1, 1, 0, 0)": [0.4322715924234009, 0.4206516091457285, 0.4292070988151428, 0.4266018543670479, 0.4262649858298348, 0.43075738545900577, 0.4076112654565741, 0.43357023116379023, 0.4225438768573075, 0.43259238900696284, 0.42497291925510605], "(-1, 4, 0, 0)": [-0.013194726283849535, -0.01183932741875536, -0.012811087078677626, -0.01351155875524265, -0.012921123621108949, -0.013040457571672204, -0.01227811171929281, -0.012502466707767527, -0.013378901471337296, -0.013389218482597363, -0.01525484886180132], "(-1, 2, 0, 0)": [0.1480099779883339, 0.1464967233881378, 0.13584482376376236, 0.14772616835121768, 0.14628125307637246, 0.1372463771701109, 0.13739043155886604, 0.1477911732548785, 0.1470414948941767, 0.14711985854950566, 0.1469625280907113], "(-2, 1, 0, 0)": [0.44001016513850477, 0.16512957447294263, 0.18410901255300455, 0.07228145807975742, 0.16697534589440738, 0.28984255747394083, 0.23461572638830408, 0.1962571746207752, 0.19014617123426855, 0.20522856991926286, 0.17069497809448625], "(-2, 2, 0, 0)": [0.2969668495935779, 0.09897563236345049, 0.050170101086650064, 0.10451272443917896, 0.054316545437455996, 0.08093983250392639, 0.07379148918244224, 0.06749968062489756, 0.05446273909305854, 0.1212386181522693, 0.10703904537490541], "(-2, 3, 0, 0)": [0.10724736103683927, 0.012930418063132009, 0.0218002167195798, 0.043780594739527015, 0.0034340716897285316, 0.005625162829200391, 0.019601735404860033, 0.014477143551420298, 0.02331035203886038, 0.0, 0.0], "(-3, 3, 0, 0)": [0.0, 0.0, 0.0, 0.007962421865434296, 0.0, 0.003684686904371459, 0.005429068182222633, 0.000948385769628063, 0.04203105061230911, 0.0024428790014982224, 0.0], "(-3, 4, 0, 0)": [-0.0009347612177667613, -0.0008726416442676847, -0.004384050890803337, -0.006444983927312221, -0.0023791469237203697, 0.0, -0.002652588833467662, 0.0, 0.0, 0.0, -0.004365765303373337], "(-1, 3, 0, 0)": [0.029461628580730877, 0.030479996008678054, 0.02953328907087103, 0.031121262888836758, 0.029984059889807072, 0.028010405017829053, 0.03201104267450951, 0.03048534829391882, 0.028395112622391187, 0.03211873289540873, 0.03209740739898791], "(-2, 4, 0, 0)": [0.00024277187310978946, -0.0004639213310138057, 0.0, 0.0029098701536835942, -0.008423983268218239, 0.0, 0.0015339600245332485, -0.004353635385632515, 0.0016549041494727135, 0.0023349564003625175, 0.0016864081844687462], "(-1, -1, 0, 0)": [0.05044506442638476, 0.005689260236877658, 0.002673856264278293, 0.0, 0.0, 0.0, 0.0, 0.0, 0.0, 0.0, 0.0],