{"q_values": {"(0, 0, 0, 0)": [1.094099295803086, 1.173008379411561, 1.1681802177206415, 1.1793797471428475, 1.1349760504957174, 1.1747448819624953, 1.1160547482827767, 1.1030466420834015, 1.1034204913022276, 1.1785357288597236, 1.5117224568568874], "(0, 1, 0, 0)": [1.0743375383119165, 1.0137627579266142, 0.9407892793498718, 1.554698855973737, 1.0361706862222313, 0.9726223003870988, 0.9409252591367734, 0.9868145156151201, 1.0695543151116966, 0.968372046541988, 0.9238705519490737], "(0, 2, 0, 0)": [0.36184181924068504, 0.5911236495960236, 1.2961122354778665, 0.5428941543049177, 0.5237533607475453, 0.6236891520236914, 0.4972561743304526, 0.534131220496886, 0.4055632068268298, 0.6074494441993482, 0.3584907959863846], "(0, 3, 0, 0)": [0.33759330228818707, 0.1408202207197974, 0.08778767302136703, 0.08376501565176278, 0.08497199190650966, 0.11141327929658051, 0.07859533962347948, 0.08804413751844428, 0.08467053147350342, 0.08811227800655835, 0.08416515882404058], "(0, 4, 0, 0)": [-0.014527769574651564, -0.015644244753057805, -0.014299173342462545, -0.014310611253679991, -0.01732364263297808, -0.014143549619735928, -0.014327095932241584, -0.015043174870782158, -0.01501239359378237, -0.014120030990591106, -0.014037177185100084], "(0, -2, 0, 0)": [0.3761016727014952, 0.37524784464553296, 0.37651529558417896, 0.3744122265754244, 0.257926141597285, 0.3687222180308903, 0.3764041107204972, 0.37502772275730406, 0.23930281899565398, 0.3729221541842944, 0.3662705648274654], "(0, -3, 0, 0)": [0.04506939382082745, 0.04427661653415908, 0.04647386602971097, 0.062192960499990166, 0.04379819897805487, 0.04598234657918374, 0.044263716443836476, 0.07873156863752731, 0.042093005024270214, 0.3106752306987185, 0.04255801459587875], "(0, -4, 0, 0)": [-0.016876476568379255, -0.016697811308079888, -0.0178142364935978, -0.019534930383009214, -0.01926567989929888, -0.0188959810664147, 0.04340527988865367, -0.017493140392623303, -0.016659917976237466, -0.01201207737116366, -0.016788132781517105], "(0, -1, 0, 0)": [0.8449965904011716, 0.9092619600330578, 0.8975546151236691, 0.909764568169119, 0.8993038242369279, 0.9013101854431913, 0.946835912273537, 0.9057133891157431, 0.9100080515739128, 0.8992062745839857, 0.8972840124276054], "(1, 0, 0, 0)": [0.9326038049814152, 0.7384916845534965, 0.7373227280641536, 0.736257941974787, 0.7393488602225667, 0.7381938443298073, 0.7362766501529608, 0.7382443451017541, 0.7373296910228093, 0.7357773890152735, 0.7390197970756809], "(1, -1, 0, 0)": [0.9892930832405069, 0.5006045464530595, 0.43347379138821956, 0.44304589046152987, 0.4106879122912255, 0.5279747082687689, 0.4340433005083072, 0.4689791357315763, 0.42322640672065515, 0.4386531549814513, 0.41108665280597445], "(1, -2, 0, 0)": [0.3257819142455883, 0.3750327071948061, 0.39518467237043103, 0.5087917859175874, 0.337159441547638, 0.32981486845204666, 0.31743868974874745, 0.30231047629703445, 0.3797684427357224, 0.45253539837862383, 0.5005450346453206], "(1, -3, 0, 0)": [0.02062322933568412, 0.019732254870591527, 0.032600491953271055, 0.05428177354010102, 0.01884046213190852, 0.019266701056481973, 0.0545472400305595, 0.0644016388780082, 0.020845394499412827, 0.0915358067437976, 0.43781894508344416], "(1, -4, 0, 0)": [-0.0296881157166679, -0.02787860112840412, -0.027969702548283397, -0.028583274123236416, -0.02793822760339642, -0.028345426751166594, -0.027767049166043646, -0.02919563733935198, -0.027654158658090358, 0.025219868986118405, -0.02913160292737242], "(1, 2, 0, 0)": [0.09323103508629882, 0.08207985754170613, 0.06460689973782285, 0.08627264847915611, 0.3824649903359104, 0.12567603685717615, 0.09919614627672707, 0.01890969395443433, 0.053865263696354304, 0.09288024013994842, 0.08743000136467724], "(1, 3, 0, 0)": [0.03918539795662358, 0.01730555758597392, 0.014651747036296549, 0.006411595975666875, 0.02895251554031294, 0.029522132320045875, 0.029258946527158717, 0.01333198434674985, 0.10838076520747318, 0.016844854190023233, 0.021456750895146693], "(1, 4, 0, 0)": [-0.010209998279167095, -0.00826834527174463, -0.00946791263653338, -0.009260602072197779, -0.008869614031536653, -0.009263098003838078, -0.010639519035707269, -0.010288053177706648, -0.009424878197348358, -0.008559872904021668, -0.010145068474070304], "(-1, 0, 0, 0)": [0.6554119587211795, 0.6852659231702689, 0.5725264967907482, 0.7089052750986683, 0.6777438908114233, 0.7838459317641797, 0.7303693692223346, 0.7446524557175989, 0.4908935588123058, 1.4867809528178118, 0.5490626962066351], "(1, 1, 0, 0)": [0.9796282723160195, 0.9655450381654784, 0.9812266595469838, 0.887762035453971, 0.9567223505730577, 0.9792251343198448, 0.9800114995142296, 0.9634658785533923, 0.9287102983116997, 0.9594262673833929, 0.984552950327851], "(-1, -2, 0, 0)": [0.10331958873315515, 0.09880168029197746, 0.10304826328216823, 0.07634585148986334, 0.06325190278419299, 0.06952329972391627, 0.10765784996238816, 0.06731679458676892, 0.07747767853606759, 0.06962001294585993, 0.005968067779827871], "(-1, -3, 0, 0)": [0.11656501668741888, 0.11979129488811216, 0.11989180236917964, 0.11827699200419906, 0.1088707566537021, 0.1167484496689424, 0.11202300855107329, 0.11891252964371433, 0.11719318421552524, 0.11924939381672875, 0.11813657367191732], "(-1, -4, 0, 0)": [0.058161232257145146, 0.06727233651537079, 0.05859627645031849, 0.0636875000537922, 0.06366607067685187, 0.05096395775925019, 0.0674334491430628, 0.006868349076486465, 0.02896661514497781, 0.06488132453617473, 0.06763570389010923], "(-1, 1, 0, 0)": [1.020917992258914, 1.4885568221479608, 0.8946134182908101, 0.9591695115988408, 0.8222389759263282, 1.0078395231281054, 0.9223113095452041, 0.820683305116234, 0.8793831042949224, 1.0970732976319502, 1.119771470714849], "(-1, 4, 0, 0)": [-0.012749049364575816, -0.012574916246159935, -0.012561824425164125, -0.011925279798957923, -0.011900999900176429, -0.012506524883324547, -0.012200168452985327, -0.01222654258870309, -0.012525387271651558, -0.012357973481910006, -0.01256562927907326], "(-1, 2, 0, 0)": [0.1722381291109219, 0.16630730318116227, 0.17102887474698575, 0.17190868550951233, 0.17139272566085859, 0.16861160416159532, 0.16821786939611788, 0.17204071219938483, 0.16131366922441592, 0.16267234348337917, 0.16983390512195207], "(-2, 1, 0, 0)": [1.312772763411855, 0.5349412455677739, 0.5355650585648712, 0.54700675039832, 0.2532227534490722, 0.5132486978339932, 0.5609308718102377, 0.6150721222871315, 0.4171987010536049, 0.3317021464280526, 0.3985458142006099], "(-2, 2, 0, 0)": [0.11934802608974047, 0.11746287948000406, 0.0764622754204557, 0.11827875166836824, 0.11686829834142334, 0.11203257559505339, 0.11416383410139892, 0.11430234741153353, 0.11357859382576763, 0.11977544219488186, 0.11639912554521108], "(-2, 3, 0, 0)": [0.018819391245380027, 0.018764633944382467, 0.01874132306889146, 0.01959596655041972, 0.019274582846336877, 0.017087951545797626, 0.018899926624135116, 0.018714178345648494, 0.01966005750329681, 0.017190244919322268, 0.019323024845802114], "(-3, 3, 0, 0)": [0.0, 0.0, 0.0, 0.007962421865434296, 0.0, 0.003684686904371459, 0.005429068182222633, 0.000948385769628063, 0.06538733978730177, 0.0024428790014982224, 0.005754457959122817], "(-3, 4, 0, 0)": [-0.006331649684037971, -0.007293137961590353, -0.008756686002016068, -0.006444983927312221, -0.0053636654129396374, -0.007506917899930179, -0.006221994526591632, -0.006548128685924444, -0.005701679378023613, -0.0037470807076171032, -0.004365765303373337], "(-1, 3, 0, 0)": [0.053823880933133825, 0.05158180303179515, 0.05359220192300879, 0.049452988896759684, 0.053578850918241494, 0.05361148713182637, 0.05319537516570853, 0.05370873387698695, 0.0520889784067517, 0.05417783637621245, 0.05304565541583503], "(-2, 4, 0, 0)": [-0.019520817440734486, -0.01863490792457164, -0.01876986951259494, -0.01913585619312603, -0.019532655800751683, -0.01868891978855837, -0.018837113987622462, -0.01952174575354057, -0.019171949904913832, -0.01855542740998948, -0.018601706092811733],