{"q_values": {"(0, 0, 0, 0)": [0.47122389085322924, 0.4737188102189107, 0.5514360621271759, 0.47878776368798304, 0.46876398641111794, 0.4706706612752456, 0.48582138011665005, 0.48275156622102716, 0.48332631098523315, 0.4910478494401835, 0.46424980018175277], "(0, 1, 0, 0)": [0.18996179346292408, 0.19376153418362085, 0.20786422100257498, 0.18264453977501802, 0.18643991155289258, 0.1946808813418549, 0.19437413816699867, 0.18273496636748351, 0.19266851846944155, 0.27021058096658146, 0.19031453165404918], "(0, 2, 0, 0)": [0.1352317131320353, 0.13207827604262576, 0.14287614287562939, 0.1621895737420746, 0.13758663333136537, 0.1357595270205269, 0.1344569127752993, 0.13536053912362683, 0.13946629271254143, 0.13475085681678275, 0.13406741750100193], "(0, 3, 0, 0)": [0.06540592232713956, 0.04831607797070497, 0.11185979279626332, 0.0748226347380225, 0.06671883687832403, 0.0786658029465963, 0.08232237810707446, 0.0603100162617307, 0.07865801728169054, 0.08230437696724191, 0.06458111791224495], "(0, 4, 0, 0)": [0.008755824296036283, 0.004221158138585365, -0.007458228186937869, -0.012526225103769505, -0.0003149620044692932, 0.0021644196779227426, -0.008748126360160265, -0.005883565598576235, -0.007262915236279362, -6.95646548231376e-05, -0.005054007969945118], "(0, -2, 0, 0)": [0.2626271632742768, 0.24221375191936198, 0.23486397303501994, 0.26306660738254395, 0.24830112120210596, 0.25711938106190996, 0.24543705720487374, 0.25944327397089506, 0.2845769395007888, 0.26226550035382645, 0.31663941730770595], "(0, -3, 0, 0)": [0.08867990798031486, 0.08923487429673038, 0.0886611850253041, 0.08871443549468969, 0.08814083490104083, 0.08099212425356657, 0.08091043320644475, 0.09024773126405754, 0.08682522312638662, 0.08565940377097238, 0.08590354906088055], "(0, -4, 0, 0)": [-0.004270605458008161, 0.00202245710554868, 0.0034848196928193523, 0.0037580773537274326, 0.0026205954195106015, -0.0025198810943905378, -0.0011818493051893707, 0.0033205986472839167, 0.002457972981558753, -0.00916291563458222, -0.009108347589335694], "(0, -1, 0, 0)": [0.4506550355371991, 0.4629847754621101, 0.42604532698959174, 0.4272154435485146, 0.4479997778038637, 0.46103969087520413, 0.4273814654349082, 0.45577047646826957, 0.4592861172881646, 0.45349908366937985, 0.46431727596772066], "(1, 0, 0, 0)": [0.02743182392494385, 0.04720445409956479, 0.0656160225379521, 0.06122235036782387, 0.04952360767869213, 0.05929602768026416, 0.05749786523304912, 0.11742610327975211, 0.04052208394964598, 0.0313211073303379, 0.03450971862654144], "(1, -1, 0, 0)": [0.025682323679500636, 0.017573058287395308, 0.01785789588320388, 0.02275599379871849, 0.05675612806268164, 0.0151734251079331, 0.013294454286135252, 0.010515657317719258, 0.018086378935604108, 0.006249217156044155, 0.02638256935401089], "(1, -2, 0, 0)": [0.05105950126931064, 0.04864837644150326, 0.008043768603420636, 0.015307575445555633, 0.011025683145222539, 0.00312224760012002, 0.017377296868599283, 0.011342598991959607, 0.006796365989072049, 0.007293057375171141, 0.0045342483309774384], "(1, -3, 0, 0)": [0.03899639903396174, 0.0, 0.01249295383912118, 0.002083643053099513, 0.009814732205358936, 0.005691455102886995, 0.0022021110817790034, 0.0038636745601892475, 0.010261937921072672, 0.0026231983787310125, 0.006878773590534504], "(1, -4, 0, 0)": [0.0016827451065182686, 0.0008200729467988015, 0.0027480012243713743, -0.004364546015858651, 0.0, -0.004357524216175079, 0.00898827294974023, 0.0, -0.004363108426332474, 0.0020676598536737262, -0.004361801594495773], "(1, 2, 0, 0)": [0.0018739482387900353, 0.011140261206812073, 0.003879526257514954, 0.007104614480604884, 0.03845220250658457, 0.00957801009345691, 0.0, 0.005720773129464387, 0.0, 0.001944008283317089, 0.011359930690523884], "(1, 3, 0, 0)": [0.004469267511495352, 0.006430853306174704, 0.0050248986137835456, 0.0018286177888512613, 0.00533661745000444, 0.0021399418845772745, 0.003971187679469586, 0.0017988258972764016, 0.02266664430062312, 0.00174001045525074, 0.0], "(1, 4, 0, 0)": [0.001675064116716385, -0.001276010125875473, 0.0, 0.0, 0.0, -0.00010867327451705871, 0.0032695802953839307, 0.0, 0.0017154436558485032, 0.001991786354035139, -0.004373788461089135], "(-1, 0, 0, 0)": [0.0019994426518678667, 0.0, 0.0, 0.0, 0.0, 0.0, 0.0023950176961719995, 0.001998249441385269, 0.023914006567126857, 0.0, 0.0], "(1, 1, 0, 0)": [0.0, 0.0019721074029803278, 0.0, 0.026520472923181358, 0.0, 0.003202252192907461, 0.0019720807671546937, 0.0023631367046386006, 0.0023635372031480077, 0.003932088005915284, 0.0019680341705679894]}}