{"q_values": {"(0, 0, 0, 0)": [1.0964309942951218, 1.111091193851042, 1.092763072016012, 1.1609446806713306, 1.039447456452847, 1.070746180304426, 1.0509582817489815, 0.988037171405294, 1.1114250835630484, 1.4833493098063828, 1.055047520383269], "(0, 1, 0, 0)": [0.9887879922917566, 1.4146115358409448, 0.9026246532561182, 1.0296797083766454, 0.8177532158672355, 1.0470792464906897, 0.8021091899780994, 0.7057817533349775, 0.7902033547012067, 1.012440650223205, 0.9275300447388868], "(0, 2, 0, 0)": [0.29462528669112376, 0.29457301584538115, 1.0602725124003785, 0.27535966058038175, 0.2742675591202055, 0.29459906085420084, 0.29477863458241316, 0.2941877921640956, 0.28013150680655485, 0.28835111263160806, 0.2763621295369158], "(0, 3, 0, 0)": [0.09122824503628182, 0.09340528452464314, 0.08957147905433153, 0.09617389818903954, 0.09450110575874464, 0.09825970949095508, 0.09320394555002687, 0.0967135036192541, 0.09888785418158305, 0.09818713220439096, 0.0921980703597259], "(0, 4, 0, 0)": [0.003738046649880495, -0.0087755722932411, -0.013873341818652823, -0.00903615081949328, -0.01732364263297808, -0.008717283288106673, -0.008265323776182847, -0.008098354827936204, -0.009777831702895768, -0.00947708561464556, -0.008385251243228775], "(0, -2, 0, 0)": [0.15641019479011045, 0.43693690215336567, 0.4372665582856814, 0.27484018728798576, 0.1627888888416173, 0.18606397995266508, 0.2597883488316373, 0.2732847797695784, 0.15832988697620268, 0.16274196922139555, 1.1406305876487148], "(0, -3, 0, 0)": [0.04506939382082745, 0.04427661653415908, 0.04503435268328447, 0.04636527426334287, 0.04379819897805487, 0.04598234657918374, 0.04950543140307707, 0.04648371465745199, 0.047226391710624926, 0.047012787473207904, 0.047235996976917424], "(0, -4, 0, 0)": [-0.016876476568379255, -0.016559326445209584, -0.0178142364935978, -0.019534930383009214, -0.016551187974739333, -0.01656792954509588, -0.01654550027508984, -0.016574298569497888, -0.017747788532249006, -0.016468106953636364, -0.016788132781517105], "(0, -1, 0, 0)": [0.7968673583607788, 0.7457480620768224, 0.7405902821398159, 0.7689672964478058, 0.7464378132216004, 0.8059470931296162, 0.7384421995774992, 0.7443671207063105, 0.789610482487145, 0.7764882859741099, 1.4207999669599816], "(1, 0, 0, 0)": [1.3226692716552162, 0.9610989578029899, 1.0490641752007548, 1.0029778979416974, 0.9571571668425449, 1.0442441315880453, 1.1565902826018173, 1.2705509718028587, 0.7248506893952171, 1.1079896137325111, 1.6522926724804134], "(1, -1, 0, 0)": [0.35865625686562663, 0.4534229786319235, 0.34129648438951726, 0.3600910310596331, 0.34557193815040366, 0.4970496039401672, 0.34661055482687464, 0.5138209820053867, 0.34283801841757117, 0.4032415311479207, 1.244124610322412], "(1, -2, 0, 0)": [0.1252477328325901, 0.1285266267291596, 0.12804513283422342, 0.12784160363627217, 0.13012396953080332, 0.13037822351108885, 0.12631853109380317, 0.12869626355968206, 0.12903525893391843, 0.12582468997617932, 0.13003212485355584], "(1, -3, 0, 0)": [0.028788578386379365, 0.030939765808120773, 0.031877344490661916, 0.03535403173577635, 0.03515311432525024, 0.025611576950904782, 0.06253852906266925, 0.03240083812608084, 0.03271739870039668, 0.03854647996877832, 0.036285992231387586], "(1, -4, 0, 0)": [-0.025063438609473167, -0.023573230292596663, -0.024096377708068543, -0.02537231688598726, -0.02320417606661914, -0.0240180888008315, -0.024835724776903087, -0.023150110165194384, -0.016448190701373842, -0.024182321852569494, -0.018664681311819614], "(1, 2, 0, 0)": [0.09323103508629882, 0.08207985754170613, 0.06460689973782285, 0.08627264847915611, 0.4475294991449348, 0.12567603685717615, 0.060089803936663244, 0.01890969395443433, 0.053865263696354304, 0.04899617772461938, 0.047737476619373914], "(1, 3, 0, 0)": [0.02708330067240602, 0.01730555758597392, 0.014651747036296549, 0.006411595975666875, 0.02895251554031294, 0.029522132320045875, 0.029258946527158717, 0.01333198434674985, 0.10784030905059411, 0.016844854190023233, 0.008919941175083488], "(1, 4, 0, 0)": [-0.006842917375546367, -0.007562630493447469, -0.007020900731841341, -0.008063774036101572, -0.008311406418629525, -0.009263098003838078, -0.010639519035707269, -0.007586726381484568, -0.009424878197348358, -0.008559872904021668, -0.007883609533309938], "(-1, 0, 0, 0)": [0.8678243599346618, 0.4834114343137556, 0.48875366133456716, 0.48239972988290175, 0.5218813528948334, 0.501941754251378, 0.5644866648423039, 0.5570301366180926, 0.4908935588123058, 0.5054430504088164, 0.46431116565530883], "(1, 1, 0, 0)": [1.0826448083149824, 1.6348845812361446, 1.439466429290927, 0.887762035453971, 1.2220334997357, 1.2268370413991274, 1.346395997144652, 1.0342457463379156, 1.2059140549969265, 1.321122322335007, 1.364479442390446], "(-1, -2, 0, 0)": [0.7722837954158974, 0.08609441912314734, 0.25761498084891343, 0.07634585148986334, 0.06325190278419299, 0.06952329972391627, 0.07092146734953263, 0.06731679458676892, 0.07747767853606759, 0.06962001294585993, 0.005968067779827871], "(-1, -3, 0, 0)": [0.16816770688888394, 0.28930034274673566, 0.32658051258387405, 0.25626198147783785, 0.36832182313043366, 0.28438155540566223, 0.2089541189889068, 0.2980329716051648, 0.25629422309589217, 0.7526399848499278, 0.3175670246736579], "(-1, -4, 0, 0)": [0.07824360199092703, 0.026513606928688413, 0.08145411336388712, 0.0636875000537922, 0.11904179124842541, 0.05096395775925019, 0.09751812032122845, 0.006868349076486465, 0.02896661514497781, 0.08894690426815198, 0.28561303658607057], "(-1, 1, 0, 0)": [0.4059131834514111, 0.4101986042302871, 0.433074835566019, 0.41616220103669166, 0.40410129010719986, 0.4065792159012053, 0.38441080632704927, 0.7136119468106061, 0.4054219998263139, 0.44518894240117296, 0.443452554499733], "(-1, 4, 0, 0)": [0.11768453905684456, -0.004735155396722862, -0.002302747048241456, -0.006203276700292007, -0.009550245332676554, -0.0040950051770488344, -0.0006875699026727116, 0.008611382507142426, 0.01704855735262245, -0.007647945263099382, 0.00435823532110225], "(-1, 2, 0, 0)": [0.16115965863178505, 0.25653126318427166, 0.20767985785331589, 0.4893104635986403, 0.18278378109081897, 0.266421570510439, 0.16328897220200345, 0.2451151991378088, 0.2194497500763098, 0.24168746260405727, 0.18901367944834277], "(-2, 1, 0, 0)": [0.19060551646245416, 0.1948876307806345, 0.21146754582045485, 0.1908336268360606, 0.1927701385241956, 0.190908266612825, 0.19145157601926843, 0.1855804032289457, 0.19014617123426855, 0.19360779247072282, 0.17069497809448625], "(-2, 2, 0, 0)": [0.3645878703868377, 0.1329266628064897, 0.0764622754204557, 0.1312717254442214, 0.15008303242329427, 0.13626383834613237, 0.14582081289136634, 0.1630554601297889, 0.11302253322287537, 0.16508533544387685, 0.22166024271100354], "(-2, 3, 0, 0)": [0.024799609225049896, 0.025313024773149773, 0.02520046384419012, 0.025405381168371224, 0.019274582846336877, 0.024622155319834946, 0.02251501667756902, 0.02350626406839012, 0.023621056547075574, 0.023132706740150808, 0.025533533635564543], "(-3, 3, 0, 0)": [0.0, 0.0, 0.0, 0.007962421865434296, 0.0, 0.003684686904371459, 0.005429068182222633, 0.000948385769628063, 0.05358933332413981, 0.0024428790014982224, 0.005754457959122817], "(-3, 4, 0, 0)": [-0.006331649684037971, -0.007293137961590353, -0.004384050890803337, -0.006444983927312221, -0.0053636654129396374, -0.007506917899930179, -0.006221994526591632, -0.0036356361462652085, -0.0036905746997073293, -0.0037470807076171032, -0.004365765303373337], "(-1, 3, 0, 0)": [0.39379208707884106, 0.0985124878719415, 0.12453016487521534, 0.14590166432979615, 0.053578850918241494, 0.10746384589185792, 0.09595333023182982, 0.16438163363958985, 0.04517881824593749, 0.15046663320769801, 0.13748811853666393], "(-2, 4, 0, 0)": [-0.01726969392139269, -0.016158803700189277, -0.016042376569669007, -0.015818825753096573, -0.017130980868894464, -0.01642151408619241, -0.01669748885572176, -0.017153921990527884, -0.01676930815349676, -0.015733364780017477, -0.015756975943026795],