{"q_values": {"(0, 0, 0, 0)": [1.0464010009258997, 1.0210162011569937, 1.0084147753835204, 1.022204122710661, 1.02099594551101, 1.0218820165939242, 1.0223193671288837, 1.0219350470917234, 1.022506567883756, 1.022064501563694, 1.1796888988238887], "(0, 1, 0, 0)": [0.7485008348731668, 1.214721454762562, 0.7037699295693599, 0.6798246483489311, 0.7095349695102076, 0.7053623610665909, 0.7087082110279952, 0.7027217918851154, 0.686694545370825, 0.7071932859754879, 0.7063641878683308], "(0, 2, 0, 0)": [0.33418829178844806, 0.3361917029707735, 0.3366808730843415, 0.33721512714277824, 0.336585162058362, 0.3369393392585979, 0.34372579836332384, 0.3363069903451018, 0.3373047698164154, 0.34448798599600505, 0.4500209393607834], "(0, 3, 0, 0)": [0.41097141186126845, 0.1408202207197974, 0.08778767302136703, 0.11545249745884428, 0.08497199190650966, 0.15038674603276003, 0.07859533962347948, 0.08804413751844428, 0.21111782680332325, 0.15831255480373865, 0.14625624019867567], "(0, 4, 0, 0)": [0.08504610714259977, -0.015644244753057805, -0.015468951423571093, -0.01486473470500197, -0.01732364263297808, -0.014805748614776296, -0.014759548689196957, -0.015516009836936327, -0.01501239359378237, -0.016480487381257045, -0.016008696345382118], "(0, -2, 0, 0)": [0.2746637071881939, 0.26774107740751363, 0.27119042104532065, 0.2731487903498259, 0.2644800891427943, 0.26440025707241843, 0.27794503844122276, 0.27624974521074874, 0.2654153886976147, 0.27673385711515974, 0.27413043370221213], "(0, -3, 0, 0)": [0.04506939382082745, 0.08705421329123636, 0.08863671005700798, 0.08839531642692969, 0.08199416740582816, 0.08632586039716923, 0.044263716443836476, 0.08833727474408809, 0.04622060555736808, 0.08431022248464798, 0.08373325196443679], "(0, -4, 0, 0)": [-0.016876476568379255, -0.016697811308079888, -0.0178142364935978, -0.019534930383009214, -0.01926567989929888, -0.0188959810664147, -0.005745249600253154, -0.01570696687598761, -0.016659917976237466, -0.004457401566807738, -0.00864191068808415], "(0, -1, 0, 0)": [0.755611673898876, 0.7026724853026227, 0.7481135210486933, 0.7462231928788401, 0.7777308195795516, 0.7376085782921816, 0.7537911042365575, 0.7504647624311123, 0.754022710470818, 0.748953213988708, 0.7494655196951168], "(1, 0, 0, 0)": [0.891980781811349, 0.7384916845534965, 0.7373227280641536, 0.736257941974787, 0.7393488602225667, 0.7381938443298073, 0.7362766501529608, 0.7382443451017541, 0.7373296910228093, 0.7357773890152735, 0.7390197970756809], "(1, -1, 0, 0)": [0.765237415411997, 0.5006045464530595, 0.43347379138821956, 0.44304589046152987, 0.4106879122912255, 0.5279747082687689, 0.4340433005083072, 0.4689791357315763, 0.47586208132978636, 0.4386531549814513, 0.46074934671395634], "(1, -2, 0, 0)": [0.3257819142455883, 0.3647187017025789, 0.39518467237043103, 0.4282794614452372, 0.337159441547638, 0.32981486845204666, 0.3384220524457437, 0.30231047629703445, 0.39102743760733427, 0.45253539837862383, 0.4316695078274178], "(1, -3, 0, 0)": [0.02062322933568412, 0.11048153803988013, 0.07520210676131314, 0.05428177354010102, 0.01884046213190852, 0.019266701056481973, 0.08588432957603968, 0.0644016388780082, 0.020845394499412827, 0.0915358067437976, 0.21210238124235953], "(1, -4, 0, 0)": [-0.0296881157166679, -0.02787860112840412, -0.027969702548283397, -0.028583274123236416, -0.02793822760339642, -0.028345426751166594, -0.027767049166043646, -0.02919563733935198, -0.027654158658090358, 0.06444513146685785, -0.02913160292737242], "(1, 2, 0, 0)": [0.09323103508629882, 0.08207985754170613, 0.06460689973782285, 0.08627264847915611, 0.34532589676342956, 0.15622712632093716, 0.09919614627672707, 0.01890969395443433, 0.053865263696354304, 0.09288024013994842, 0.12328113850871872], "(1, 3, 0, 0)": [0.03918539795662358, 0.01730555758597392, 0.014651747036296549, 0.006411595975666875, 0.02895251554031294, 0.029522132320045875, 0.029258946527158717, 0.01333198434674985, 0.11118220335183138, 0.016844854190023233, 0.021456750895146693], "(1, 4, 0, 0)": [-0.010209998279167095, -0.009683404953815377, -0.00946791263653338, -0.009260602072197779, -0.01012870964828099, -0.009263098003838078, -0.010639519035707269, -0.010288053177706648, -0.009424878197348358, -0.010178945921033264, -0.010145068474070304], "(-1, 0, 0, 0)": [0.7388804883777775, 0.6852659231702689, 0.5725264967907482, 0.7089052750986683, 0.6777438908114233, 0.7838459317641797, 0.7303693692223346, 0.7446524557175989, 0.4908935588123058, 1.509665379191383, 0.6606514758689207], "(1, 1, 0, 0)": [0.934880263130221, 0.9356725819944217, 0.9434563645556928, 0.887762035453971, 0.9567223505730577, 0.9068744341943903, 0.8980633870699051, 0.9382638572319257, 0.9287102983116997, 0.9594262673833929, 0.9301224236894594], "(-1, -2, 0, 0)": [0.07726501107311572, 0.07353792126677952, 0.07669206052486481, 0.07634585148986334, 0.06325190278419299, 0.06952329972391627, 0.07330758142169375, 0.06731679458676892, 0.07498589127318989, 0.06962001294585993, 0.005968067779827871], "(-1, -3, 0, 0)": [0.11851806551584504, 0.11629961122715535, 0.11552280529278228, 0.11521504216279094, 0.1088707566537021, 0.11379698641305577, 0.11202300855107329, 0.11422506552648425, 0.10490604137326312, 0.11654655184086182, 0.11619051326321429], "(-1, -4, 0, 0)": [0.058161232257145146, 0.06184023384181463, 0.05859627645031849, 0.05854147764271245, 0.0517126770444971, 0.05096395775925019, 0.06309608079170465, 0.006868349076486465, 0.02896661514497781, 0.05750877305921017, 0.061202099990972224], "(-1, 1, 0, 0)": [1.159182586420619, 1.5525877538936026, 1.0202884581669531, 1.173833197942003, 1.0226982571905157, 1.1667935734797144, 1.1086549083707768, 0.9188922136767755, 0.9950554194339536, 1.2067206519469962, 1.2635893203514814], "(-1, 4, 0, 0)": [-0.012749049364575816, -0.0071272696141089446, -0.014007057300994868, -0.013824078771957682, -0.01397545773172288, -0.012879262259762716, -0.014010457612161685, -0.013339971905048582, -0.014412734750645424, -0.015007236626320296, -0.01751615670756056], "(-1, 2, 0, 0)": [0.1464380666079112, 0.15206810926738495, 0.14527662850824918, 0.14916604306622325, 0.14795656208628832, 0.15137341937277468, 0.15094937605833697, 0.17246327892994973, 0.15111967946031174, 0.1516317171972656, 0.15004197991376467], "(-2, 1, 0, 0)": [1.2718830258685996, 0.7121879665481814, 0.6279342505156137, 0.69900386414901, 0.37030264642342703, 0.8700156502233454, 0.6504205790251969, 0.8700012064315659, 0.5022265539288487, 0.448581000602257, 0.743612645533406], "(-2, 2, 0, 0)": [0.11934802608974047, 0.11746287948000406, 0.0764622754204557, 0.11827875166836824, 0.11686829834142334, 0.11203257559505339, 0.11416383410139892, 0.11430234741153353, 0.11357859382576763, 0.11977544219488186, 0.11639912554521108], "(-2, 3, 0, 0)": [0.018819391245380027, 0.018764633944382467, 0.01874132306889146, 0.01959596655041972, 0.019274582846336877, 0.017087951545797626, 0.018899926624135116, 0.018714178345648494, 0.018269427811563835, 0.017190244919322268, 0.019323024845802114], "(-3, 3, 0, 0)": [0.0, 0.0, 0.0, 0.007962421865434296, 0.0, 0.003684686904371459, 0.005429068182222633, 0.000948385769628063, 0.06538733978730177, 0.0024428790014982224, 0.005754457959122817], "(-3, 4, 0, 0)": [-0.006331649684037971, -0.007293137961590353, -0.008756686002016068, -0.006444983927312221, -0.0053636654129396374, -0.007506917899930179, -0.006221994526591632, -0.006548128685924444, -0.005701679378023613, -0.0037470807076171032, -0.004365765303373337], "(-1, 3, 0, 0)": [0.18927414701930279, 0.04918537723697792, 0.059541247700057684, 0.049452988896759684, 0.04901216808031754, 0.048025326923253925, 0.04695645224039367, 0.048833288778485605, 0.048066299501868914, 0.07400443091668446, 0.0670021900913102], "(-2, 4, 0, 0)": [-0.019520817440734486, -0.01863490792457164, -0.01876986951259494, -0.01913585619312603, -0.019532655800751683, -0.01868891978855837, -0.018837113987622462, -0.01952174575354057, -0.019171949904913832, -0.017655274258857885, -0.018601706092811733],