{"q_values": {"(0, 0, 0, 0)": [1.0573046629084089, 1.0439913759047887, 1.111239093866311, 1.075355995743683, 1.1072814713560515, 1.108049298274325, 1.0324339246846423, 0.9515548932280607, 0.9527187815841638, 1.0734230950540378, 1.6396571168387726], "(0, 1, 0, 0)": [1.2725286651443874, 1.092534849501206, 1.6137184345018656, 1.2977732331618403, 1.1437049076920418, 1.2144132058167014, 1.1279750577415664, 1.2612121672887526, 1.0944249254009588, 1.0131727395181738, 1.1777831221954993], "(0, 2, 0, 0)": [0.30063855027348096, 0.29947304983526213, 1.3706575610008251, 0.4513654794846324, 0.3001136420427223, 0.29903705982695317, 0.3994071655958682, 0.29877293957346013, 0.4055632068268298, 0.2956286731066575, 0.3003497918196605], "(0, 3, 0, 0)": [0.24496064142564633, 0.07952734332643868, 0.08778767302136703, 0.08376501565176278, 0.08780145688672972, 0.07832523084521148, 0.07859533962347948, 0.08804413751844428, 0.08467053147350342, 0.08811227800655835, 0.08416515882404058], "(0, 4, 0, 0)": [-0.014527769574651564, -0.015644244753057805, -0.014299173342462545, -0.014310611253679991, -0.01732364263297808, -0.014143549619735928, -0.014327095932241584, -0.015043174870782158, -0.01501239359378237, -0.014120030990591106, -0.014037177185100084], "(0, -2, 0, 0)": [0.49944847183014246, 0.7087795464905137, 0.745330738417993, 0.5802319792671872, 0.256217984186889, 0.5652640444611033, 0.49244903275416024, 0.523911806377231, 0.23930281899565398, 0.4544797680857404, 1.2193434387536697], "(0, -3, 0, 0)": [0.04506939382082745, 0.04427661653415908, 0.04503435268328447, 0.04636527426334287, 0.04379819897805487, 0.04598234657918374, 0.044263716443836476, 0.04648371465745199, 0.042093005024270214, 0.05093317511595767, 0.04255801459587875], "(0, -4, 0, 0)": [-0.016876476568379255, -0.016697811308079888, -0.0178142364935978, -0.019534930383009214, -0.01926567989929888, -0.0188959810664147, -0.007674745406077349, -0.017493140392623303, -0.016659917976237466, -0.017825598598588538, -0.016788132781517105], "(0, -1, 0, 0)": [0.9900798878688309, 0.9650443675785894, 0.8129716954861319, 0.9148431307454692, 0.9036757396029158, 1.1823525220138826, 0.9253003162064187, 0.9500496241273753, 0.8644096934834662, 0.900755687743521, 0.9059086373812222], "(1, 0, 0, 0)": [0.8019464396454996, 0.801546396984057, 0.7810041358238354, 0.7646694464534973, 0.7873620849923995, 0.7753137481366177, 0.7904444466783476, 0.8012007825796175, 0.7490465259539818, 0.7753321175580656, 0.7820494782835776], "(1, -1, 0, 0)": [0.7111321795792263, 0.442056651671307, 0.43347379138821956, 0.44304589046152987, 0.4106879122912255, 0.434405166405065, 0.4340433005083072, 0.411199386891707, 0.42322640672065515, 0.4386531549814513, 0.41108665280597445], "(1, -2, 0, 0)": [0.2147511009174774, 0.3344926756484857, 0.33547380987104924, 0.4773156100286348, 0.337159441547638, 0.1707531572313649, 0.23803302530088838, 0.25631195271203944, 0.3797684427357224, 0.40807412178456715, 0.640017804508513], "(1, -3, 0, 0)": [0.02062322933568412, 0.019732254870591527, 0.01783775893837323, 0.021866266045463684, 0.01884046213190852, 0.019266701056481973, 0.02004144157368706, 0.020280058770796253, 0.020845394499412827, 0.023591528692913415, 0.10913165553979062], "(1, -4, 0, 0)": [-0.0296881157166679, -0.02787860112840412, -0.027969702548283397, -0.028583274123236416, -0.02793822760339642, -0.028345426751166594, -0.027767049166043646, -0.02919563733935198, -0.027654158658090358, 0.019422024879654432, -0.02913160292737242], "(1, 2, 0, 0)": [0.09323103508629882, 0.08207985754170613, 0.06460689973782285, 0.08627264847915611, 0.42992302275405847, 0.12567603685717615, 0.09919614627672707, 0.01890969395443433, 0.053865263696354304, 0.09288024013994842, 0.08743000136467724], "(1, 3, 0, 0)": [0.03918539795662358, 0.01730555758597392, 0.014651747036296549, 0.006411595975666875, 0.02895251554031294, 0.029522132320045875, 0.029258946527158717, 0.01333198434674985, 0.11767933084598929, 0.016844854190023233, 0.021456750895146693], "(1, 4, 0, 0)": [-0.010209998279167095, -0.009701048170411815, -0.00946791263653338, -0.008063774036101572, -0.008311406418629525, -0.009263098003838078, -0.010639519035707269, -0.008535524111684744, -0.009424878197348358, -0.008559872904021668, -0.007883609533309938], "(-1, 0, 0, 0)": [0.6554119587211795, 0.6089648030529893, 0.5725264967907482, 0.6067014956091321, 0.6777438908114233, 0.501941754251378, 0.5262223806148569, 0.7446524557175989, 0.4908935588123058, 1.4122341598324244, 0.5490626962066351], "(1, 1, 0, 0)": [1.0826448083149824, 1.2676507659437455, 1.2430822795924539, 0.887762035453971, 1.2220334997357, 1.2268370413991274, 1.2369738538474113, 1.0342457463379156, 1.2059140549969265, 1.1836045718581807, 1.2502108363756286], "(-1, -2, 0, 0)": [0.10514891258138093, 0.09880168029197746, 0.11020982053807035, 0.07634585148986334, 0.06325190278419299, 0.06952329972391627, 0.10407733076788547, 0.06731679458676892, 0.07747767853606759, 0.06962001294585993, 0.005968067779827871], "(-1, -3, 0, 0)": [0.11656501668741888, 0.11979129488811216, 0.11989180236917964, 0.1202657861868642, 0.12003001190602101, 0.1204979072525243, 0.11202300855107329, 0.12115051306548216, 0.12162143116319754, 0.12179501276750529, 0.12054275293989444], "(-1, -4, 0, 0)": [0.07257653571329994, 0.06727233651537079, 0.07035456265203331, 0.0636875000537922, 0.06366607067685187, 0.05096395775925019, 0.07323319979827232, 0.006868349076486465, 0.02896661514497781, 0.06488132453617473, 0.06763570389010923], "(-1, 1, 0, 0)": [0.5986982308103701, 1.3821246339397006, 0.7119952507107771, 0.5820036655290357, 0.5650821580332155, 0.6372937793743303, 0.7780840922646299, 0.6940975044148646, 0.6371077592473686, 0.6964678628039013, 0.8386315418029144], "(-1, 4, 0, 0)": [-0.007198006626012477, -0.005352150003824635, -0.005142622651593567, -0.006203276700292007, -0.00921481560841534, -0.009319406879510363, -0.009356116228694086, -0.007739298711410112, -0.007966609979430377, -0.006376839534349882, -0.00667000398551461], "(-1, 2, 0, 0)": [0.20027170641191777, 0.2034051188255495, 0.18865466713737955, 0.20198741842698636, 0.1973804063496758, 0.20332769402756448, 0.20276688637374143, 0.20315816248531313, 0.202216561603271, 0.19641612883482515, 0.18901367944834277], "(-2, 1, 0, 0)": [1.077893745360218, 0.2981961737897264, 0.28726850054048825, 0.2710304243393873, 0.15155995330706423, 0.3432029750602452, 0.393443708685866, 0.31466409369505316, 0.4171987010536049, 0.2500872689981113, 0.3046511516369371], "(-2, 2, 0, 0)": [0.11934802608974047, 0.11746287948000406, 0.0764622754204557, 0.11827875166836824, 0.11686829834142334, 0.11203257559505339, 0.11416383410139892, 0.11430234741153353, 0.11357859382576763, 0.11977544219488186, 0.11639912554521108], "(-2, 3, 0, 0)": [0.018819391245380027, 0.018764633944382467, 0.01874132306889146, 0.01959596655041972, 0.019274582846336877, 0.017087951545797626, 0.018899926624135116, 0.018714178345648494, 0.01966005750329681, 0.017190244919322268, 0.019323024845802114], "(-3, 3, 0, 0)": [0.0, 0.0, 0.0, 0.007962421865434296, 0.0, 0.003684686904371459, 0.005429068182222633, 0.000948385769628063, 0.06538733978730177, 0.0024428790014982224, 0.005754457959122817], "(-3, 4, 0, 0)": [-0.006331649684037971, -0.007293137961590353, -0.008756686002016068, -0.006444983927312221, -0.0053636654129396374, -0.007506917899930179, -0.006221994526591632, -0.006548128685924444, -0.005701679378023613, -0.0037470807076171032, -0.004365765303373337], "(-1, 3, 0, 0)": [0.08462088097557546, 0.08417871837125857, 0.0854854164145788, 0.07710486549743223, 0.053578850918241494, 0.08251793853965197, 0.08314821288498639, 0.08499347651538894, 0.07783699142077746, 0.08054114063322562, 0.08148945386738285], "(-2, 4, 0, 0)": [-0.019520817440734486, -0.01863490792457164, -0.01876986951259494, -0.01913585619312603, -0.019532655800751683, -0.01868891978855837, -0.018837113987622462, -0.01952174575354057, -0.019171949904913832, -0.01855542740998948, -0.018601706092811733],