{"q_values": {"(0, 0, 0, 0)": [0.8926738169516047, 0.9053404545020478, 0.8920101453703289, 0.9055255204479655, 0.8982661108617154, 0.9047336696890489, 0.8793161820902566, 0.9047627637340813, 0.9033317724032739, 0.9049130288131584, 0.9034492861434552], "(0, 1, 0, 0)": [0.7682647604092163, 0.7779073281311304, 0.7849666961057462, 0.7611972116633351, 0.7867102135397572, 0.7849194418132719, 0.7472440582764028, 0.7656822516720807, 0.7856967838432081, 0.7749242655031268, 0.7851140044258835], "(0, 2, 0, 0)": [0.4044615156248347, 0.39926575733498215, 0.4263784337994307, 0.430030922210063, 0.40292298299332113, 0.4214652817928942, 0.4220819627042709, 0.3914763340613644, 0.4284548660887521, 0.43041800674546515, 0.4269227535997503], "(0, 3, 0, 0)": [0.11577834020467043, 0.11814308486076182, 0.11065377068479976, 0.10920589257697197, 0.10728663559173934, 0.11560934397860194, 0.11234082650718213, 0.11599340736650995, 0.11688197890811544, 0.11636652430407263, 0.10449577156062645], "(0, 4, 0, 0)": [-0.007803521378031931, -0.007651089619164486, -0.012013328148433079, -0.006545010637899137, -0.008396261159153132, -0.007198599807870645, -0.008008904714713999, -0.0075508565834849235, -0.009230182621737333, -0.005685291533759529, -0.008525779092284011], "(0, -2, 0, 0)": [0.285696989897813, 0.28216411335388014, 0.27997449125497365, 0.2852612687550926, 0.28425705086396763, 0.2848652078627336, 0.28213238017566056, 0.2846791829579824, 0.2648080379509021, 0.26020684057294236, 0.2684047937727711], "(0, -3, 0, 0)": [0.15322330038163043, 0.15242756878440292, 0.1536995153801547, 0.14960700578667532, 0.15270235658846676, 0.15338446065187156, 0.14429325691898187, 0.1402905711979318, 0.15241793487676328, 0.1523200926083824, 0.14701255614162015], "(0, -4, 0, 0)": [0.019591883003808448, 0.016037926620450744, 0.018918904328255604, 0.010529791471556646, 0.02067919600218767, -0.0005813700816769875, 0.01290899157980384, 0.021539696229602435, 0.015175864239955286, -0.002925904742061327, 0.01587667245315729], "(0, -1, 0, 0)": [0.6307192270003977, 0.6362375564370593, 0.6050922338505299, 0.635046777386306, 0.6017877717543159, 0.6449347692292242, 0.5914571196842275, 0.6698718696766957, 0.6472336439889145, 0.8490391493185663, 0.6254880623733834], "(1, 0, 0, 0)": [0.5699662122779965, 0.6196252597800571, 0.4366816053891673, 0.5312189518664652, 0.5424160341964717, 0.5981856871030695, 0.5704666837207665, 0.6505621781850042, 0.5397819682203557, 0.6193624417480208, 0.5455546243320988], "(1, -1, 0, 0)": [0.11618476248435836, 0.11492771135305785, 0.08057479135479607, 0.14583520570165015, 0.25993577777662896, 0.12688957554767405, 0.06290540614127563, 0.1485431066597065, 0.16302875962827298, 0.11134332154608235, 0.1272613872948945], "(1, -2, 0, 0)": [0.11615129544818965, 0.11668314048885282, 0.06455720135256125, 0.06323693423043303, 0.06075530928685175, 0.06555407362748869, 0.09657415019847093, 0.12314593147957317, 0.09596658983276246, 0.06659607297923661, 0.10066600201714233], "(1, -3, 0, 0)": [0.03149729988446501, 0.03773901780847237, 0.07562412304206562, 0.0071599134601246445, 0.029406626742289624, 0.03348394808405516, 0.0470950014045315, 0.017147533612300318, 0.03717952049090694, 0.0300070100006625, 0.026713612467638558], "(1, -4, 0, 0)": [-0.01111379533219722, -0.008718824250341494, -0.009612091383954736, -0.007336338736609921, -0.008432284569255565, -0.010939378556328318, -0.00759439077403329, -0.006902905679884836, -0.007871929689864957, -0.0065328076202291925, -0.008664357033967415], "(1, 2, 0, 0)": [0.02494454296595682, 0.06507808492360166, 0.029160794848906723, 0.07095006617117638, 0.20149959992780364, 0.07720876622310949, 0.060089803936663244, 0.01890969395443433, 0.02248447702123837, 0.02569508041277433, 0.042704237760592414], "(1, 3, 0, 0)": [0.02708330067240602, 0.01730555758597392, 0.014651747036296549, 0.006411595975666875, 0.02895251554031294, 0.029522132320045875, 0.018438869591214473, 0.01333198434674985, 0.06816742083305594, 0.006070288231283063, 0.008490227270190175], "(1, 4, 0, 0)": [-0.0006165300495577924, -0.001276010125875473, -0.0029983583795677414, -0.00043942969050438877, -0.002509135115148126, -0.002170965981132478, -0.002465758779094113, -0.004355859756469726, -0.0009677995672693323, -0.004363999059636903, -0.007883609533309938], "(-1, 0, 0, 0)": [0.49100612068390015, 0.3270820005919892, 0.46012617938166156, 0.5012056465579855, 0.38462271066343895, 0.47749650704053187, 0.47348002001870315, 0.49492901157180985, 0.799945744682963, 0.3698257509814045, 0.4244912008787709], "(1, 1, 0, 0)": [0.43006151097637757, 0.5353116200944888, 0.5771007558480563, 0.579698848574942, 0.5768066949631534, 0.512251076589606, 0.5295703160564272, 0.5145073120012817, 0.5622052634359977, 0.5484599601574636, 0.5755321335588475], "(-1, -2, 0, 0)": [0.024436357572430113, 0.0040499377536222046, 0.0, 0.0, 0.0, 0.0, 0.0023171089123934507, 0.0023934278146363797, 0.004091755627338559, 0.001857704296708107, 0.0], "(-1, -3, 0, 0)": [0.0018390627577900887, 0.006619786959157747, 0.0, 0.003520804546826968, 0.0, 0.0, 0.002877816469860603, 0.0, 0.0036822367632129123, 0.015889965081118857, 0.003272713017462463], "(-1, -4, 0, 0)": [0.0022023032841861244, 0.0, 0.0016492361202836037, 0.0, 0.0, 0.0, 0.0, 0.001066924347686768, 0.0, 0.0017034254968166353, 0.003488607038620293], "(-1, 1, 0, 0)": [0.6413445481055051, 0.6390669848569941, 0.6265487666765597, 0.6430261804474299, 0.6423240891239346, 0.6434006834277273, 0.6008855610186683, 0.6361865152673003, 0.6307165950651603, 0.6172807496953459, 0.6380193220892861], "(-1, 4, 0, 0)": [-0.004265864354959459, -0.008694608003902335, -0.002781754086253479, -0.004146033299181234, -0.005332484397522713, -0.0036960978798944856, -0.005157811999490903, -0.005286607741962924, -0.004877968898944806, -0.004896876760070055, -0.0046917939892290265], "(-1, 2, 0, 0)": [0.25286621359750394, 0.2616466270696226, 0.264481572622673, 0.26466495542924146, 0.26428193684863954, 0.25622372451324954, 0.2480355415411265, 0.26496843510723145, 0.25558795858511213, 0.23842608556414677, 0.26239989255007135], "(-2, 1, 0, 0)": [0.35505883276979067, 0.16512957447294263, 0.09157130103614464, 0.07228145807975742, 0.1670407888414362, 0.2586231972279081, 0.1295740824316918, 0.12133510582737465, 0.15327389887796755, 0.17257912031369013, 0.17069497809448625], "(-2, 2, 0, 0)": [0.2616986369941223, 0.057100417761314526, 0.050170101086650064, 0.10451272443917896, 0.054316545437455996, 0.05596584448023246, 0.07379148918244224, 0.014176120281058618, 0.04256835526017037, 0.0755613639080878, 0.10703904537490541], "(-2, 3, 0, 0)": [0.09214178101480724, 0.012930418063132009, 0.0218002167195798, 0.043780594739527015, 0.0034340716897285316, 0.005625162829200391, 0.019601735404860033, 0.014477143551420298, 0.02331035203886038, 0.0, 0.0], "(-3, 3, 0, 0)": [0.0, 0.0, 0.0, 0.007962421865434296, 0.0, 0.003684686904371459, 0.005429068182222633, 0.000948385769628063, 0.04228098633498423, 0.0024428790014982224, 0.0], "(-3, 4, 0, 0)": [-0.0009347612177667613, -0.0008726416442676847, -0.004384050890803337, -0.006444983927312221, -0.0023791469237203697, 0.0, 0.0004530170973338606, 0.0, 0.0, 0.0, -0.004365765303373337], "(-1, 3, 0, 0)": [0.09002501848732335, 0.058932562600330904, 0.0683656673182164, 0.09347211601331724, 0.07987649343948587, 0.08358793339902777, 0.08101803157470513, 0.03262567378960859, 0.09153167759856429, 0.08259565778543794, 0.07179757662061091], "(-2, 4, 0, 0)": [0.00024277187310978946, -0.0004639213310138057, 0.0, 0.0029098701536835942, -0.008423983268218239, 0.0, 0.004452513401744065, -0.004353635385632515, 0.0016549041494727135, 0.0023349564003625175, 0.0016864081844687462], "(-1, -1, 0, 0)": [0.008569882931830806, 0.0, 0.002673856264278293, 0.0, 0.0, 0.0, 0.0, 0.0, 0.0, 0.0, 0.0],