{"q_values": {"(0, 0, 0, 0)": [0.8496069009713019, 0.8718649586780642, 0.8728935213388896, 0.8713415356563832, 0.8731306721086836, 0.8819681835689459, 0.9341425297924801, 0.8716720201780936, 0.872564533726351, 0.8844500062148185, 0.8727805907513699], "(0, 1, 0, 0)": [0.7453477896714723, 0.8283223620828055, 0.7236819880510165, 0.7240158579654171, 0.723828869046673, 0.7232955034357569, 0.7224059616048433, 0.7225414001666679, 0.7230220880901952, 0.7246429000762319, 0.7221597160840131], "(0, 2, 0, 0)": [0.3028332369391228, 0.33168206116008997, 0.26547010106279245, 0.3276401624129862, 0.3683680699029597, 0.26817996880442097, 0.5961075577795877, 0.3300310705915813, 0.26630755442828324, 0.3028226918066679, 0.3031775384984874], "(0, 3, 0, 0)": [0.18521230040994202, 0.47905475335678516, 0.16886877617906182, 0.08778206067068685, 0.15603399305349097, 0.15133299248949383, 0.17486188218317822, 0.14347299415594483, 0.09301492940820688, 0.18473946849236772, 0.1853657657501715], "(0, 4, 0, 0)": [0.21186714610348406, 0.008986220919479614, -0.013873341818652823, 0.011572584511837888, -0.01732364263297808, 0.020322421386121572, 0.010707491076689973, -0.00037823775868536975, 0.04542790864569992, 0.0011473763702583338, 0.009285121653082118], "(0, -2, 0, 0)": [0.23430267593083962, 0.22725454014431654, 0.22790641125684186, 0.23509992153848042, 0.2377147951157325, 0.23806724507515614, 0.23892542817273635, 0.23828354229305876, 0.22643212588848396, 0.23875503799981762, 0.7395545629519021], "(0, -3, 0, 0)": [0.08713266210916348, 0.09595155344604689, 0.09571726929867214, 0.09524472037042606, 0.08972439837487092, 0.09565956255839939, 0.09594155214251116, 0.08703430468743437, 0.09197095844477107, 0.09125442615877459, 0.09598024856969373], "(0, -4, 0, 0)": [-0.012078644485662034, -0.008683949597526395, -0.010136101560321766, -0.008752583747732218, -0.01006284327486095, -0.011027945041839267, -0.008847654375728136, -0.012675033294122798, -0.010778798871868257, -0.009796334084194735, 0.0015846863014450981], "(0, -1, 0, 0)": [0.6941116103148208, 0.6855488547386197, 0.5674537738800101, 0.6282264860247644, 0.6272920429843769, 0.597579004070951, 0.683646636345139, 0.627747374394271, 1.07435474399644, 0.6289359673858443, 0.6295952435034817], "(1, 0, 0, 0)": [1.078624058288018, 0.4058319052677256, 0.45467934051639586, 0.45255822465084516, 0.45559845242806063, 0.410316298130721, 0.46729752545579034, 0.47510063140100756, 0.4666873750965863, 0.4066094773369512, 0.4684557832366113], "(1, -1, 0, 0)": [0.39706187537140314, 0.9551249341926589, 0.42018886586210086, 0.40140586265743383, 0.40158250980239474, 0.4002900915513201, 0.5109029606211144, 0.4023122824747861, 0.45417217236034235, 0.4019930180185366, 0.5094567214665069], "(1, -2, 0, 0)": [0.2759773043686157, 0.38410267236148277, 0.27788617943259436, 0.2720640283044868, 0.27788391545096003, 0.2759672128575285, 0.27557708335440256, 0.2748046525476976, 0.24522272000977088, 0.273922763790187, 0.2783360238312446], "(1, -3, 0, 0)": [0.08348280982786221, 0.04962876213155309, 0.04706287673692695, 0.06188497379578954, 0.04582373257922622, 0.025611576950904782, 0.09424600808878508, 0.08549755008672613, 0.06042329123824643, 0.22835309857259295, 0.06836459504709085], "(1, -4, 0, 0)": [-0.020041730803541817, -0.002662107598263533, -0.005072983900626439, -0.022555134285558977, -0.009090825613593027, -0.004882166994929835, -0.008349062822328574, -0.008944074696811848, 0.05280123409879498, -0.022461129135561714, -0.023716526942515415], "(1, 2, 0, 0)": [0.05801665346665124, 0.08207985754170613, 0.06460689973782285, 0.08627264847915611, 0.33193397001057057, 0.12567603685717615, 0.060089803936663244, 0.01890969395443433, 0.053865263696354304, 0.04899617772461938, 0.047737476619373914], "(1, 3, 0, 0)": [0.02708330067240602, 0.01730555758597392, 0.014651747036296549, 0.006411595975666875, 0.02895251554031294, 0.029522132320045875, 0.029258946527158717, 0.01333198434674985, 0.10695322741292887, 0.016844854190023233, 0.008919941175083488], "(1, 4, 0, 0)": [-0.006586725589588608, -0.007562630493447469, -0.006677237415859894, -0.0064940302768244085, -0.008311406418629525, -0.00594766593822194, -0.0064680583826499626, -0.006236984570564067, -0.006755569100485182, -0.00669961835177003, -0.007883609533309938], "(-1, 0, 0, 0)": [0.6227263501801823, 0.6224516853171325, 0.6198886061889382, 0.599393543867357, 0.6205437779003926, 0.576730875829474, 0.6258887575853673, 0.6166746567708654, 0.6162654008552633, 0.6230410403605147, 0.6099155479317886], "(1, 1, 0, 0)": [0.43671301677748287, 0.77201524710187, 0.4676494515816506, 0.4611640057675102, 0.4673695492602972, 0.4565952494470154, 0.46431972788580256, 0.46588074315491634, 0.4602370037576445, 0.4624408647729684, 0.46760645541997115], "(-1, -2, 0, 0)": [0.3567112695845095, 0.014694112470582837, 0.004735868725284499, 0.004770211990281504, 0.0, 0.0, 0.0023171089123934507, 0.0023934278146363797, 0.004091755627338559, 0.001857704296708107, 0.005968067779827871], "(-1, -3, 0, 0)": [0.016868682972390747, 0.006619786959157747, 0.03964563241864372, 0.003520804546826968, 0.0, 0.006934084120099746, 0.002877816469860603, 0.006789032162838039, 0.005434245074663394, 0.36419093968451444, 0.003272713017462463], "(-1, -4, 0, 0)": [0.032010908499406375, 0.026513606928688413, 0.03301966422176138, 0.02795830533064031, 0.0083500400481253, 0.01087497928465723, 0.01897423050081952, 0.006868349076486465, 0.02896661514497781, 0.04016265642109616, 0.2530236474157703], "(-1, 1, 0, 0)": [0.4093166384792942, 0.4190853401111341, 0.4060205391498892, 0.42857966549293114, 0.40103531475664955, 0.42988810410355793, 0.4167621643784347, 0.40144596700285506, 0.4252007021247878, 0.42880842980559286, 0.42861468757287746], "(-1, 4, 0, 0)": [-0.021387349515311, -0.02234419646218992, -0.022820622766780683, -0.02245232353326882, 0.01699328808265342, -0.02134489727310611, -0.01691842264760082, -0.022458772513541902, -0.02290810458390259, -0.01702083045240619, -0.007533813469565502], "(-1, 2, 0, 0)": [0.1415727021922273, 0.14205182818781334, 0.13587009606734263, 0.1604199570658077, 0.14290302311054082, 0.13457989811177473, 0.13681799219283725, 0.13940661748589672, 0.1391949615445897, 0.14226670521924006, 0.139568896895649], "(-2, 1, 0, 0)": [0.9795271238684409, 0.3074323354985826, 0.3621324208426928, 0.1575641593530205, 0.16697534589440738, 0.28984255747394083, 0.28880202574465225, 0.1962571746207752, 0.19014617123426855, 0.20522856991926286, 0.17069497809448625], "(-2, 2, 0, 0)": [0.2762789912626634, 0.1329266628064897, 0.0764622754204557, 0.1312717254442214, 0.15008303242329427, 0.13626383834613237, 0.14582081289136634, 0.1630554601297889, 0.11302253322287537, 0.16508533544387685, 0.22166024271100354], "(-2, 3, 0, 0)": [0.029326107254338672, 0.02992163409584035, 0.029121949625177702, 0.02955334679480808, 0.019274582846336877, 0.02955301175641753, 0.030494306447043755, 0.030692768891222813, 0.03051403400640305, 0.026056745340155694, 0.030721016708098594], "(-3, 3, 0, 0)": [0.0, 0.0, 0.0, 0.007962421865434296, 0.0, 0.003684686904371459, 0.005429068182222633, 0.000948385769628063, 0.03935020970547749, 0.0024428790014982224, 0.0], "(-3, 4, 0, 0)": [-0.006331649684037971, -0.001858898876204322, -0.004384050890803337, -0.006444983927312221, -0.0023791469237203697, -0.0031727265032908797, -0.002652588833467662, -0.0036356361462652085, -0.0036905746997073293, -0.0037470807076171032, -0.004365765303373337], "(-1, 3, 0, 0)": [0.04427486662425463, 0.04576615122132952, 0.1780249588666118, 0.046907446409663794, 0.04683795870964849, 0.04402277549263549, 0.045758164355850964, 0.04396288745859292, 0.04517881824593749, 0.04908647006311317, 0.046105381729905984], "(-2, 4, 0, 0)": [-0.012778892586264988, -0.012573917237304402, -0.012520328014057865, -0.014613096217766958, -0.012353476146856873, -0.013936614973304434, -0.01230146206393197, -0.013031405811696026, -0.013851104075134263, -0.013571071428422959, -0.01293848023996173],