{"q_values": {"(0, 0, 0, 0)": [0.727863091168839, 0.9039191790568127, 1.1152975030156922, 0.9111526941576709, 0.849066074663015, 0.8180216227142052, 0.830598480353048, 0.9285963022273023, 0.9282452063352795, 0.8368380884844088, 0.7861580049701117], "(0, 1, 0, 0)": [0.6898787054909034, 0.6935875763606929, 0.6899521341425868, 0.6917627818873986, 0.6926471409608238, 0.6901540311165788, 0.6938106784805442, 0.6864295711784272, 0.6893416482364303, 0.6711580151418862, 0.6888017026039746], "(0, 2, 0, 0)": [0.4233426099994143, 0.42369596105681184, 0.4240315501910802, 0.4229285690602067, 0.43539780584914867, 0.4245443146855762, 0.42355301240255405, 0.4241641454006395, 0.42452741895710044, 0.4236240409616039, 0.42098959445268036], "(0, 3, 0, 0)": [0.4806844534119427, 0.13167994169343022, 0.07230852854757713, 0.15533401879427206, 0.2795536160170387, 0.14883774947519107, 0.13595910948212897, 0.09833910912714229, 0.16773980469352082, 0.10456942597927647, 0.15084174471062825], "(0, 4, 0, 0)": [-0.01317079885901465, -0.01204173251030888, -0.006841206193816063, -0.01334630287163034, -0.018667314441010593, -0.012963936356581302, -0.013661984289424108, -0.012746496151128342, -0.013110048676335409, -0.013293356928359638, -0.012489578553835966], "(0, -2, 0, 0)": [0.3673474217147876, 0.3007961600387873, 0.2855055964907115, 0.30006042652954357, 0.29286852029277427, 0.29428763917190126, 0.2975884017671415, 0.2931828421378053, 0.2895485242068132, 0.2757902378433373, 0.2786395889909371], "(0, -3, 0, 0)": [0.20380555915746074, 0.21704949127008635, 0.1435651887897582, 0.2054374183980533, 0.20263435443006106, 0.20679238030353642, 0.19652173764200884, 0.18275680208595987, 0.10877902117591687, 0.14360543584186036, 0.20839102705115242], "(0, -4, 0, 0)": [-0.01316938982721065, -0.009338240548379478, 0.013675927304388241, -0.009100401137454178, -0.009429574573705114, -0.009984053535423549, -0.00961805390908502, -0.010530861110460268, -0.014359151740061206, -0.01020702401953678, -0.00875988778231989], "(0, -1, 0, 0)": [0.8967515386495374, 0.8706630483585696, 0.8170987223484227, 0.6990793477544986, 0.7219060828717604, 0.7724724659166894, 0.8656865575334924, 1.068019882130566, 0.577152994647631, 0.8617279752800815, 0.7494969828137399], "(1, 0, 0, 0)": [0.43768645170980225, 0.4058319052677256, 0.40421522512036867, 0.40403211107456916, 0.40637089154342554, 0.4905081463626274, 0.4104825471144619, 0.40963666584201486, 0.40663349007628447, 0.4066094773369512, 0.406460891944644], "(1, -1, 0, 0)": [0.2098593361879629, 0.24438572157178146, 0.266642382194473, 0.28063608417249286, 0.41263685919120074, 0.25947982458960916, 0.138466308594751, 0.2309913872993135, 0.26243784269539083, 0.20440609798655812, 0.21750649526137766], "(1, -2, 0, 0)": [0.11056196616691885, 0.1106506154364443, 0.08446935997700925, 0.10491351422268969, 0.12446003338704843, 0.09975336064938956, 0.33356851391757475, 0.10960825918181283, 0.10932201644225473, 0.08563000441259841, 0.12817065391032512], "(1, -3, 0, 0)": [0.04958384579523351, 0.05065675774017783, 0.08034455242148893, 0.03952424079134555, 0.04328028634215764, 0.07519375817165273, 0.06653098418413118, 0.09084887798376749, 0.10503871826394072, 0.07327413808783988, 0.25381102579631626], "(1, -4, 0, 0)": [-0.015927668556308894, -0.015188301850207543, -0.010654080888027767, -0.01860001378527125, -0.01592365589586468, -0.015635989695409323, -0.017234031743879177, -0.016796826527732803, -0.018001091793881464, -0.01580018379213388, -0.01503472895252526], "(1, 2, 0, 0)": [0.02494454296595682, 0.08207985754170613, 0.029160794848906723, 0.08627264847915611, 0.29632219558033557, 0.12567603685717615, 0.060089803936663244, 0.01890969395443433, 0.053865263696354304, 0.04899617772461938, 0.047737476619373914], "(1, 3, 0, 0)": [0.02708330067240602, 0.01730555758597392, 0.014651747036296549, 0.006411595975666875, 0.02895251554031294, 0.029522132320045875, 0.018438869591214473, 0.01333198434674985, 0.09459291965300719, 0.006070288231283063, 0.008919941175083488], "(1, 4, 0, 0)": [-0.00360094378459191, -0.001276010125875473, -0.0027414141561326586, -0.0017027580481395917, -0.002509135115148126, -0.005668506895324301, -0.002465758779094113, -0.004355859756469726, -0.004443169423572436, -0.004363999059636903, -0.007883609533309938], "(-1, 0, 0, 0)": [0.3516866182173819, 0.32443268592990515, 0.346012444900131, 0.34563579623743224, 0.3494221812556101, 0.35094238705977565, 0.3461330427254643, 0.35103370271525347, 0.34558887647608577, 0.37442842370710117, 0.34803811263511936], "(1, 1, 0, 0)": [0.43671301677748287, 0.5118970959413527, 0.5136695031729868, 0.5125726941257802, 0.5126524894197875, 0.512251076589606, 0.5061678785001333, 0.5145073120012817, 0.5085196571975302, 0.5051044881259443, 0.5135706741694686], "(-1, -2, 0, 0)": [0.06037222368808251, 0.0040499377536222046, 0.004735868725284499, 0.004770211990281504, 0.0, 0.0, 0.0023171089123934507, 0.0023934278146363797, 0.004091755627338559, 0.001857704296708107, 0.005968067779827871], "(-1, -3, 0, 0)": [0.0018390627577900887, 0.006619786959157747, 0.0, 0.003520804546826968, 0.0, 0.006934084120099746, 0.002877816469860603, 0.006789032162838039, 0.005434245074663394, 0.06023261174073738, 0.003272713017462463], "(-1, -4, 0, 0)": [0.0022023032841861244, 0.0, 0.0016492361202836037, 0.0, 0.0083500400481253, 0.01087497928465723, 0.01897423050081952, 0.006868349076486465, 0.0, 0.0017034254968166353, 0.08371564874612769], "(-1, 1, 0, 0)": [0.40160440652227913, 0.40869968321060923, 0.4114735088576842, 0.41257025441645134, 0.4418887585706297, 0.43059411942685166, 0.4076112654565741, 0.4455138556704946, 0.7009430023160133, 0.45509492865397316, 0.42734933065585345], "(-1, 4, 0, 0)": [-0.01777562891924908, -0.017664991950321667, -0.01701578019300829, -0.01986938556428044, -0.0173804327907524, -0.016995831358571304, -0.01692303448774016, -0.01698206408793751, -0.017125595624398304, -0.017207801396615777, -0.017126885306537977], "(-1, 2, 0, 0)": [0.42964812244382894, 0.4283931163477619, 0.34911315955314404, 0.41341065575525043, 0.37024929479574753, 0.4288299398512875, 0.4163982704079634, 0.4272501635014421, 0.4486357226639211, 0.4385314237860562, 0.39161692278444393], "(-2, 1, 0, 0)": [0.44001016513850477, 0.16512957447294263, 0.18410901255300455, 0.07228145807975742, 0.16697534589440738, 0.28984255747394083, 0.23461572638830408, 0.1962571746207752, 0.19014617123426855, 0.20522856991926286, 0.17069497809448625], "(-2, 2, 0, 0)": [0.2762789912626634, 0.1329266628064897, 0.0764622754204557, 0.1312717254442214, 0.15008303242329427, 0.13626383834613237, 0.14582081289136634, 0.1630554601297889, 0.11302253322287537, 0.16508533544387685, 0.22166024271100354], "(-2, 3, 0, 0)": [0.1548604106078562, 0.03709578237277887, 0.07119235686181505, 0.043780594739527015, 0.019274582846336877, 0.05250104404589686, 0.04726919697438335, 0.014477143551420298, 0.04554789543534841, 0.07176259743781169, 0.04073931117019637], "(-3, 3, 0, 0)": [0.0, 0.0, 0.0, 0.007962421865434296, 0.0, 0.003684686904371459, 0.005429068182222633, 0.000948385769628063, 0.03754849993630932, 0.0024428790014982224, 0.0], "(-3, 4, 0, 0)": [-0.006331649684037971, 0.0009186582810449743, -0.004384050890803337, -0.006444983927312221, -0.0023791469237203697, -0.0031727265032908797, -0.002652588833467662, -0.0036356361462652085, -0.0036905746997073293, -0.0037470807076171032, -0.004365765303373337], "(-1, 3, 0, 0)": [0.03808660754975822, 0.036850363511034386, 0.033781631276901807, 0.036342857655798484, 0.03376608943424047, 0.08749903622071767, 0.02940885728331097, 0.043280328567661924, 0.038355185736467706, 0.04256752787322769, 0.033809677871598116], "(-2, 4, 0, 0)": [-0.0072067300564299195, -0.007490554793512136, -0.0055460579059219105, -0.006012102313353886, -0.008423983268218239, -0.006693674287284414, -0.005824313862562402, -0.006457684330882399, -0.010034031146152042, -0.007481332962519801, -0.006271243004610121],