{"q_values": {"(0, 0, 0, 0)": [0.8195871966513195, 0.8182508259432881, 0.8099436951641772, 0.8216004246104414, 0.8214993857646367, 0.8217369103369243, 0.8215222137089372, 0.8215818621009895, 0.8202826123243522, 0.8202803760887736, 0.8346441177838548], "(0, 1, 0, 0)": [0.75213373016461, 0.7355702514367451, 0.7495841658640385, 0.7511190562767425, 0.7524400598009524, 0.8792644027125396, 0.7498759511645003, 0.7518107518452546, 0.7531451829953382, 0.7439892501645585, 0.749462220398214], "(0, 2, 0, 0)": [0.8703766955452673, 0.4091848804260935, 0.3352828512210597, 0.4632630622655308, 0.45473763966674213, 0.4696755558409661, 0.36664609027062545, 0.40745407326722377, 0.32954224463735626, 0.33729384616306823, 0.4885676780150437], "(0, 3, 0, 0)": [0.16316004112447283, 0.178035497495867, 0.17055115284799532, 0.16031167924248374, 0.1694883971859779, 0.17742037204317673, 0.1674627682289561, 0.17747760601081455, 0.17641951451342397, 0.1758939652170487, 0.17774164054630492], "(0, 4, 0, 0)": [0.0010957854028817338, 0.0016740051317994538, -0.013873341818652823, 0.0036515031639422577, -0.01732364263297808, 0.0033828534890173903, 0.0028110273321694445, -0.00037823775868536975, 0.004071494154920511, 0.0011473763702583338, 0.003864040486837813], "(0, -2, 0, 0)": [0.1701092106611942, 0.5763609638361136, 0.1702876063102275, 0.17034155999345071, 0.16991077574827065, 0.1698410116135579, 0.17487402093569093, 0.1684975283805692, 0.17053016556102818, 0.1681831398315117, 0.17023914896060105], "(0, -3, 0, 0)": [0.05104574139280292, 0.09844612870644581, 0.05036920846493748, 0.07965374045449033, 0.048421010396173206, 0.10181062407802122, 0.08439603188603641, 0.1057709401745255, 0.05441071833479022, 0.08875852580168218, 0.4388800680623952], "(0, -4, 0, 0)": [-0.020364153162999193, -0.014573906452517826, -0.014546761803519399, -0.01734159816651599, -0.014448804719264295, -0.017590283369564877, -0.015956282346459662, 0.0654117732145183, -0.015025841591427027, -0.015604332924000403, -0.012123555009654612], "(0, -1, 0, 0)": [0.589246011909899, 0.5890993210000142, 0.601955680687482, 0.5871266092095693, 0.5887499766409096, 0.5891531171174553, 0.5859149038987496, 0.5893383573366746, 0.5872748703745998, 0.7987179914304388, 0.5872468879858379], "(1, 0, 0, 0)": [0.4475651542964507, 0.4058319052677256, 0.44803539662626357, 0.7099214927055093, 0.4797990972616104, 0.4859376931575542, 0.5008620147146854, 0.4909109407559029, 0.5411673450250353, 0.44486794810691044, 0.44657322079505646], "(1, -1, 0, 0)": [0.35865625686562663, 0.5068580959336921, 0.34129648438951726, 0.35846597923821344, 0.3586145687219349, 0.34748544815468907, 0.34661055482687464, 0.34701056401257385, 0.3573185735136365, 0.35924856661940363, 0.35682162091732283], "(1, -2, 0, 0)": [0.1470443845056223, 0.14781833889022186, 0.1569187054383408, 0.18472225569913658, 0.15521363900671847, 0.1501154747317082, 0.22385659026027022, 0.1535613646490963, 0.14802717439763663, 0.16407058796123755, 0.14618919207281772], "(1, -3, 0, 0)": [0.028788578386379365, 0.030939765808120773, 0.031877344490661916, 0.03535403173577635, 0.03515311432525024, 0.025611576950904782, 0.06357191755261489, 0.03240083812608084, 0.03271739870039668, 0.03186033246853946, 0.036285992231387586], "(1, -4, 0, 0)": [-0.02339655028525081, -0.02325813343914173, -0.024096377708068543, -0.02537231688598726, -0.02320417606661914, -0.0240180888008315, -0.024835724776903087, -0.023195207195817677, -0.018441003371313547, -0.024182321852569494, -0.02104498435888211], "(1, 2, 0, 0)": [0.09323103508629882, 0.08207985754170613, 0.06460689973782285, 0.08627264847915611, 0.37158719125732564, 0.12567603685717615, 0.060089803936663244, 0.01890969395443433, 0.053865263696354304, 0.04899617772461938, 0.047737476619373914], "(1, 3, 0, 0)": [0.02708330067240602, 0.01730555758597392, 0.014651747036296549, 0.006411595975666875, 0.02895251554031294, 0.029522132320045875, 0.029258946527158717, 0.01333198434674985, 0.10844189766968344, 0.016844854190023233, 0.008919941175083488], "(1, 4, 0, 0)": [-0.006586725589588608, -0.007562630493447469, -0.006677237415859894, -0.0064940302768244085, -0.008311406418629525, -0.009263098003838078, -0.010639519035707269, -0.007586726381484568, -0.006755569100485182, -0.00669961835177003, -0.007883609533309938], "(-1, 0, 0, 0)": [0.8651125389544884, 0.4834114343137556, 0.48875366133456716, 0.48239972988290175, 0.5218813528948334, 0.4679399542548727, 0.4652706008201404, 0.5570301366180926, 0.4908935588123058, 0.46661553593679217, 0.46431116565530883], "(1, 1, 0, 0)": [0.43671301677748287, 1.0629820470282594, 0.4676494515816506, 0.4611640057675102, 0.4673695492602972, 0.4565952494470154, 0.541782676528021, 0.46588074315491634, 0.4602370037576445, 0.4624408647729684, 0.46760645541997115], "(-1, -2, 0, 0)": [0.6701063358301858, 0.014694112470582837, 0.004735868725284499, 0.07634585148986334, 0.0, 0.0, 0.0023171089123934507, 0.06731679458676892, 0.07747767853606759, 0.001857704296708107, 0.005968067779827871], "(-1, -3, 0, 0)": [0.1346276176669534, 0.1996913218733645, 0.17368715666615275, 0.1266436856629805, 0.20217082192589703, 0.21904583191308016, 0.1816833581979586, 0.24916577989996047, 0.12877722222534754, 0.6503641186944191, 0.23224454904622333], "(-1, -4, 0, 0)": [0.07824360199092703, 0.026513606928688413, 0.08145411336388712, 0.02795830533064031, 0.05716094961949354, 0.01087497928465723, 0.0594722269935013, 0.006868349076486465, 0.02896661514497781, 0.06663594257694593, 0.5156977779857091], "(-1, 1, 0, 0)": [0.41943317486987214, 0.39464104065598615, 0.4296644857574984, 0.4535454151819611, 0.42090642799553646, 0.43734177992420287, 0.38441080632704927, 0.4501642274971883, 0.3856559689490061, 0.45297534095173586, 0.45056784721592663], "(-1, 4, 0, 0)": [0.0008628290878505262, -0.02234419646218992, -0.018548338150996702, -0.02245232353326882, -0.01802444907239413, -0.017505804560090092, -0.01766676918704916, -0.017673660520451145, -0.015541009067791515, -0.017192894580996446, -0.018977945374198106], "(-1, 2, 0, 0)": [0.1415727021922273, 0.144573563264711, 0.15548234523007715, 0.2833229715140243, 0.18278378109081897, 0.18143948136667998, 0.16328897220200345, 0.1716072530277489, 0.16228589673727367, 0.16696967574684093, 0.17097258599578796], "(-2, 1, 0, 0)": [0.19060551646245416, 0.1948876307806345, 0.21146754582045485, 0.1908336268360606, 0.1927701385241956, 0.190908266612825, 0.19145157601926843, 0.1855804032289457, 0.19014617123426855, 0.19360779247072282, 0.17069497809448625], "(-2, 2, 0, 0)": [0.3645878703868377, 0.1329266628064897, 0.0764622754204557, 0.1312717254442214, 0.15008303242329427, 0.13626383834613237, 0.14582081289136634, 0.1630554601297889, 0.11302253322287537, 0.16508533544387685, 0.22166024271100354], "(-2, 3, 0, 0)": [0.024799609225049896, 0.025313024773149773, 0.025584778078246807, 0.025405381168371224, 0.019274582846336877, 0.024622155319834946, 0.025868806899992734, 0.025768357295318886, 0.023621056547075574, 0.023132706740150808, 0.02588991337994854], "(-3, 3, 0, 0)": [0.0, 0.0, 0.0, 0.007962421865434296, 0.0, 0.003684686904371459, 0.005429068182222633, 0.000948385769628063, 0.05358933332413981, 0.0024428790014982224, 0.005754457959122817], "(-3, 4, 0, 0)": [-0.006331649684037971, -0.007293137961590353, -0.004384050890803337, -0.006444983927312221, -0.0053636654129396374, -0.007506917899930179, -0.006221994526591632, -0.0036356361462652085, -0.0036905746997073293, -0.0037470807076171032, -0.004365765303373337], "(-1, 3, 0, 0)": [0.05409108810506644, 0.04697829952740165, 0.0531812306992985, 0.05178213138288771, 0.057810512222187846, 0.053593050740519586, 0.05022959123018718, 0.04396288745859292, 0.04517881824593749, 0.05418516094464129, 0.052134498219962466], "(-2, 4, 0, 0)": [-0.014949240280390042, -0.016158803700189277, -0.013943368829139699, -0.014613096217766958, -0.013815655986108332, -0.013936614973304434, -0.01524163022934332, -0.013031405811696026, -0.013851104075134263, -0.013571071428422959, -0.015756975943026795],