{"q_values": {"(0, 0, 0, 0)": [1.1606178954788453, 1.173008379411561, 1.1681802177206415, 1.1793797471428475, 1.1750758316745875, 1.1747448819624953, 1.2311704620234378, 1.160251569290856, 1.1034204913022276, 1.2330141321221602, 1.5919036611276245], "(0, 1, 0, 0)": [1.1777686699919556, 1.1793823271469077, 1.1930093389577991, 1.53779462182212, 1.2434872675380282, 1.0491594944726836, 1.067467585080705, 1.2277664375131292, 1.1548116743803436, 1.209848987384114, 1.1662007297971932], "(0, 2, 0, 0)": [0.36184181924068504, 0.6665436961123578, 1.0248536135708897, 0.6366365265352196, 0.5237533607475453, 0.6236891520236914, 0.6544384634321304, 0.6179853814119023, 0.48638125881361993, 0.6074494441993482, 0.3584907959863846], "(0, 3, 0, 0)": [0.33759330228818707, 0.1408202207197974, 0.08778767302136703, 0.08376501565176278, 0.08497199190650966, 0.11141327929658051, 0.07859533962347948, 0.08804413751844428, 0.08467053147350342, 0.08811227800655835, 0.08416515882404058], "(0, 4, 0, 0)": [-0.014527769574651564, -0.015644244753057805, -0.014299173342462545, -0.014310611253679991, -0.01732364263297808, -0.014143549619735928, -0.014327095932241584, -0.015043174870782158, -0.01501239359378237, -0.016480487381257045, -0.014437662864341392], "(0, -2, 0, 0)": [0.3648973221367692, 0.4341937491814749, 0.36739525988981026, 0.36838891959977144, 0.2875933921505944, 0.6679352100531071, 0.36829891883887267, 0.36644094841445524, 0.2654153886976147, 0.3679101150661202, 0.37249041886032036], "(0, -3, 0, 0)": [0.04506939382082745, 0.04427661653415908, 0.08863671005700798, 0.17211335034929526, 0.12860006107976543, 0.08632586039716923, 0.044263716443836476, 0.12333290144650866, 0.042093005024270214, 0.6090840524735274, 0.19776871856427441], "(0, -4, 0, 0)": [-0.016876476568379255, -0.016697811308079888, -0.0178142364935978, -0.019534930383009214, -0.01926567989929888, -0.0188959810664147, 0.06669863332511722, -0.017493140392623303, -0.016659917976237466, 0.004071883955918189, -0.00864191068808415], "(0, -1, 0, 0)": [0.7036202484081195, 0.7026724853026227, 0.7009693345999573, 0.7015868779839982, 0.7023062654183809, 0.7052447125445387, 0.7048275639811653, 0.7050797760992343, 0.8997496687659343, 0.7051022530610853, 0.7051095975959101], "(1, 0, 0, 0)": [0.9326038049814152, 0.7384916845534965, 0.7373227280641536, 0.736257941974787, 0.7393488602225667, 0.7381938443298073, 0.7362766501529608, 0.7382443451017541, 0.7373296910228093, 0.7357773890152735, 0.7390197970756809], "(1, -1, 0, 0)": [0.9892930832405069, 0.5006045464530595, 0.43347379138821956, 0.44304589046152987, 0.4106879122912255, 0.5279747082687689, 0.4340433005083072, 0.4689791357315763, 0.42322640672065515, 0.4386531549814513, 0.41108665280597445], "(1, -2, 0, 0)": [0.3257819142455883, 0.3750327071948061, 0.39518467237043103, 0.5024942918985325, 0.337159441547638, 0.32981486845204666, 0.31743868974874745, 0.30231047629703445, 0.3797684427357224, 0.45253539837862383, 0.5005450346453206], "(1, -3, 0, 0)": [0.02062322933568412, 0.11048153803988013, 0.07520210676131314, 0.05428177354010102, 0.01884046213190852, 0.019266701056481973, 0.0545472400305595, 0.0644016388780082, 0.020845394499412827, 0.0915358067437976, 0.43857017488122507], "(1, -4, 0, 0)": [-0.0296881157166679, -0.02787860112840412, -0.027969702548283397, -0.028583274123236416, -0.02793822760339642, -0.028345426751166594, -0.027767049166043646, -0.02919563733935198, -0.027654158658090358, 0.04071053843391166, -0.02913160292737242], "(1, 2, 0, 0)": [0.09323103508629882, 0.08207985754170613, 0.06460689973782285, 0.08627264847915611, 0.390935834215265, 0.15622712632093716, 0.09919614627672707, 0.01890969395443433, 0.053865263696354304, 0.09288024013994842, 0.12328113850871872], "(1, 3, 0, 0)": [0.03918539795662358, 0.01730555758597392, 0.014651747036296549, 0.006411595975666875, 0.02895251554031294, 0.029522132320045875, 0.029258946527158717, 0.01333198434674985, 0.11392216358221781, 0.016844854190023233, 0.021456750895146693], "(1, 4, 0, 0)": [-0.010209998279167095, -0.009683404953815377, -0.00946791263653338, -0.009260602072197779, -0.008869614031536653, -0.009263098003838078, -0.010639519035707269, -0.010288053177706648, -0.009424878197348358, -0.008559872904021668, -0.010145068474070304], "(-1, 0, 0, 0)": [0.7388804883777775, 0.6852659231702689, 0.5725264967907482, 0.7089052750986683, 0.6777438908114233, 0.7838459317641797, 0.7303693692223346, 0.7446524557175989, 0.4908935588123058, 1.5641510817347828, 0.5490626962066351], "(1, 1, 0, 0)": [0.934880263130221, 0.9356725819944217, 0.9434563645556928, 0.887762035453971, 0.9567223505730577, 0.9068744341943903, 0.8980633870699051, 0.9382638572319257, 0.9287102983116997, 0.9594262673833929, 0.9301224236894594], "(-1, -2, 0, 0)": [0.10331958873315515, 0.09880168029197746, 0.10304826328216823, 0.07634585148986334, 0.06325190278419299, 0.06952329972391627, 0.10765784996238816, 0.06731679458676892, 0.07747767853606759, 0.06962001294585993, 0.005968067779827871], "(-1, -3, 0, 0)": [0.11656501668741888, 0.11979129488811216, 0.11989180236917964, 0.11827699200419906, 0.1088707566537021, 0.1167484496689424, 0.11202300855107329, 0.11891252964371433, 0.11719318421552524, 0.11924939381672875, 0.11813657367191732], "(-1, -4, 0, 0)": [0.058161232257145146, 0.06727233651537079, 0.05859627645031849, 0.0636875000537922, 0.06366607067685187, 0.05096395775925019, 0.0674334491430628, 0.006868349076486465, 0.02896661514497781, 0.06488132453617473, 0.06763570389010923], "(-1, 1, 0, 0)": [1.159182586420619, 1.541729393186293, 1.0202884581669531, 1.0655853028721451, 1.0226982571905157, 1.1667935734797144, 1.0550288157937673, 0.820683305116234, 0.9950554194339536, 1.176410179607477, 1.1848303914281317], "(-1, 4, 0, 0)": [-0.012749049364575816, -0.0118083016573824, -0.012627970732348389, -0.013824078771957682, -0.01397545773172288, -0.012879262259762716, -0.014010457612161685, -0.013339971905048582, -0.014412734750645424, -0.015007236626320296, -0.013863656656770572], "(-1, 2, 0, 0)": [0.1464380666079112, 0.15412309350863457, 0.1557472827391343, 0.14916604306622325, 0.14795656208628832, 0.15596948865426158, 0.15094937605833697, 0.15251866033550948, 0.15111967946031174, 0.1516317171972656, 0.15004197991376467], "(-2, 1, 0, 0)": [1.3111276969168555, 0.7121879665481814, 0.6279342505156137, 0.69900386414901, 0.2532227534490722, 0.6759118029135515, 0.6504205790251969, 0.8048940849311931, 0.5022265539288487, 0.448581000602257, 0.6313508302495408], "(-2, 2, 0, 0)": [0.11934802608974047, 0.11746287948000406, 0.0764622754204557, 0.11827875166836824, 0.11686829834142334, 0.11203257559505339, 0.11416383410139892, 0.11430234741153353, 0.11357859382576763, 0.11977544219488186, 0.11639912554521108], "(-2, 3, 0, 0)": [0.018819391245380027, 0.018764633944382467, 0.01874132306889146, 0.01959596655041972, 0.019274582846336877, 0.017087951545797626, 0.018899926624135116, 0.018714178345648494, 0.018269427811563835, 0.017190244919322268, 0.019323024845802114], "(-3, 3, 0, 0)": [0.0, 0.0, 0.0, 0.007962421865434296, 0.0, 0.003684686904371459, 0.005429068182222633, 0.000948385769628063, 0.06538733978730177, 0.0024428790014982224, 0.005754457959122817], "(-3, 4, 0, 0)": [-0.006331649684037971, -0.007293137961590353, -0.008756686002016068, -0.006444983927312221, -0.0053636654129396374, -0.007506917899930179, -0.006221994526591632, -0.006548128685924444, -0.005701679378023613, -0.0037470807076171032, -0.004365765303373337], "(-1, 3, 0, 0)": [0.05237505687825554, 0.04918537723697792, 0.049534624437223174, 0.049452988896759684, 0.04901216808031754, 0.048025326923253925, 0.04695645224039367, 0.048833288778485605, 0.048066299501868914, 0.04891786582797482, 0.04890777227766527], "(-2, 4, 0, 0)": [-0.019520817440734486, -0.01863490792457164, -0.01876986951259494, -0.01913585619312603, -0.019532655800751683, -0.01868891978855837, -0.018837113987622462, -0.01952174575354057, -0.019171949904913832, -0.018488603159259438, -0.018601706092811733],