{"q_values": {"(0, 0, 0, 0)": [1.3576148611404868, 1.1165670576362126, 1.1274053513528839, 1.1920038650864757, 1.2945724363093736, 1.3336184078179072, 1.7272763861425238, 1.4007351769833982, 1.3393094562772738, 1.5042329530232825, 1.3884015034174846], "(0, 1, 0, 0)": [1.0301825256056123, 1.214051397977748, 1.6917921909925542, 1.0163663284371918, 1.1465970747028857, 1.111829500316087, 1.0113496235952963, 1.2055570191471983, 1.2760021582854886, 1.000051902496458, 1.0041609352920244], "(0, 2, 0, 0)": [0.26716767273260056, 0.2690215193793588, 0.26547010106279245, 0.290445965832849, 0.25975980550649674, 0.26817996880442097, 0.6644398268211675, 0.2668998848407838, 0.26630755442828324, 0.2651207690725659, 0.3031775384984874], "(0, 3, 0, 0)": [0.13603891061970197, 0.5587550452248528, 0.09108909900629092, 0.08778206067068685, 0.15603399305349097, 0.1251141589538508, 0.09012491365771647, 0.14347299415594483, 0.09301492940820688, 0.08807273819513897, 0.09205405006603998], "(0, 4, 0, 0)": [0.13083866704845837, 0.008986220919479614, -0.013873341818652823, -0.011836502596811224, -0.01732364263297808, 0.00012446323150102495, -0.013661984289424108, -0.00037823775868536975, -0.0003000215343539796, 0.0011473763702583338, -0.015499687136450323], "(0, -2, 0, 0)": [0.5513861627484047, 0.3600118563676713, 0.34178002718166794, 0.4452521703979301, 0.34429266515435275, 0.42110543824338376, 0.3679425554829572, 0.3407362606149313, 0.3794426026376549, 0.3555639182945658, 0.4051932697238236], "(0, -3, 0, 0)": [0.22931744599395765, 0.26326648776851863, 0.17422456794564994, 0.2988810867091243, 0.1668093630650418, 0.19458292974641245, 0.16974932866937903, 0.2073158600619163, 0.1480788509259555, 0.09125442615877459, 0.49677440163497955], "(0, -4, 0, 0)": [0.012204772719464907, -0.006223832165799193, 0.009852199294276947, 0.008420218552395924, -0.011022036566305852, -0.011027945041839267, 0.011236489304820524, -0.012675033294122798, -0.01197945268701119, -0.005034214546675383, 0.007612694843643108], "(0, -1, 0, 0)": [0.6609725503089078, 0.6318561278047912, 0.7004073289615684, 0.8416650902477689, 0.7383223964449552, 0.7910186016009582, 0.6312654881195497, 0.7922708741194879, 0.65481244806309, 0.6316772155118207, 1.6031710076596852], "(1, 0, 0, 0)": [0.9754294537895896, 0.4058319052677256, 0.45467934051639586, 0.45255822465084516, 0.45559845242806063, 0.410316298130721, 0.40671092171937107, 0.47510063140100756, 0.40663349007628447, 0.4066094773369512, 0.4684557832366113], "(1, -1, 0, 0)": [0.39966457938622946, 0.8913046157181808, 0.42018886586210086, 0.40140586265743383, 0.40158250980239474, 0.4002900915513201, 0.46725730087676753, 0.4023122824747861, 0.45417217236034235, 0.4019930180185366, 0.46212657022537473], "(1, -2, 0, 0)": [0.2759773043686157, 0.3044264909836206, 0.27788617943259436, 0.2720640283044868, 0.27788391545096003, 0.2759672128575285, 0.27557708335440256, 0.2748046525476976, 0.24522272000977088, 0.273922763790187, 0.2783360238312446], "(1, -3, 0, 0)": [0.08348280982786221, 0.04962876213155309, 0.02602361568713737, 0.06188497379578954, 0.04582373257922622, 0.025611576950904782, 0.09424600808878508, 0.08549755008672613, 0.06042329123824643, 0.18463050504098266, 0.06836459504709085], "(1, -4, 0, 0)": [-0.0176453598872357, -0.002662107598263533, -0.005072983900626439, -0.022555134285558977, -0.009090825613593027, -0.011277976481303572, -0.008349062822328574, -0.008944074696811848, 0.04620769024027692, -0.022461129135561714, -0.023716526942515415], "(1, 2, 0, 0)": [0.05801665346665124, 0.08207985754170613, 0.06460689973782285, 0.08627264847915611, 0.3626247255142846, 0.12567603685717615, 0.060089803936663244, 0.01890969395443433, 0.053865263696354304, 0.04899617772461938, 0.047737476619373914], "(1, 3, 0, 0)": [0.02708330067240602, 0.01730555758597392, 0.014651747036296549, 0.006411595975666875, 0.02895251554031294, 0.029522132320045875, 0.029258946527158717, 0.01333198434674985, 0.11123846836223213, 0.016844854190023233, 0.008919941175083488], "(1, 4, 0, 0)": [-0.005796196158461397, -0.007562630493447469, -0.004595077688674945, -0.0064940302768244085, -0.005716756031323773, -0.005668506895324301, -0.0064680583826499626, -0.006236984570564067, -0.006755569100485182, -0.00669961835177003, -0.007883609533309938], "(-1, 0, 0, 0)": [0.7778035731252515, 0.7716297352379051, 0.94228849515244, 0.6868049713982958, 0.6205437779003926, 0.4964609738959022, 0.6904483556756115, 1.454401343123193, 0.8097175421658853, 0.8451756192446468, 0.7347550820608175], "(1, 1, 0, 0)": [0.43671301677748287, 0.5125728783948825, 0.4676494515816506, 0.4611640057675102, 0.4673695492602972, 0.4565952494470154, 0.46431972788580256, 0.46588074315491634, 0.4602370037576445, 0.4624408647729684, 0.46760645541997115], "(-1, -2, 0, 0)": [0.3110205066911634, 0.014694112470582837, 0.004735868725284499, 0.004770211990281504, 0.0, 0.0, 0.0023171089123934507, 0.0023934278146363797, 0.004091755627338559, 0.001857704296708107, 0.005968067779827871], "(-1, -3, 0, 0)": [0.016868682972390747, 0.006619786959157747, 0.0, 0.003520804546826968, 0.0, 0.006934084120099746, 0.002877816469860603, 0.006789032162838039, 0.005434245074663394, 0.36495446384561026, 0.003272713017462463], "(-1, -4, 0, 0)": [0.032010908499406375, 0.026513606928688413, 0.03301966422176138, 0.02795830533064031, 0.0083500400481253, 0.01087497928465723, 0.01897423050081952, 0.006868349076486465, 0.02896661514497781, 0.04016265642109616, 0.25837406868729795], "(-1, 1, 0, 0)": [1.4095595029078605, 1.0721230280099907, 1.166006235403078, 1.0825494719439606, 1.1037235375547088, 1.1737603923019817, 0.7460433731917047, 0.8445707466091739, 0.9182464493585183, 1.1030891377107634, 1.2245007025250145], "(-1, 4, 0, 0)": [-0.021387349515311, -0.02234419646218992, -0.022820622766780683, -0.02245232353326882, 0.017045270824170025, -0.02134489727310611, -0.021682534359466762, -0.022458772513541902, -0.02290810458390259, -0.01702083045240619, -0.021541403073565606], "(-1, 2, 0, 0)": [0.15339647970368966, 0.15472452091342687, 0.1549946825259154, 0.15492159657840165, 0.15546015301044436, 0.14347026598683027, 0.15180853150497042, 0.15503627549395926, 0.14683973643196802, 0.15330568238179235, 0.15074162921467477], "(-2, 1, 0, 0)": [1.0006551481892458, 0.3074323354985826, 0.3621324208426928, 0.1575641593530205, 0.16697534589440738, 0.28984255747394083, 0.28880202574465225, 0.1962571746207752, 0.19014617123426855, 0.20522856991926286, 0.17069497809448625], "(-2, 2, 0, 0)": [0.2762789912626634, 0.1329266628064897, 0.0764622754204557, 0.1312717254442214, 0.15008303242329427, 0.13626383834613237, 0.14582081289136634, 0.1630554601297889, 0.11302253322287537, 0.16508533544387685, 0.22166024271100354], "(-2, 3, 0, 0)": [0.029326107254338672, 0.02992163409584035, 0.029121949625177702, 0.02955334679480808, 0.019274582846336877, 0.02955301175641753, 0.030494306447043755, 0.030692768891222813, 0.03051403400640305, 0.026056745340155694, 0.030721016708098594], "(-3, 3, 0, 0)": [0.0, 0.0, 0.0, 0.007962421865434296, 0.0, 0.003684686904371459, 0.005429068182222633, 0.000948385769628063, 0.03935020970547749, 0.0024428790014982224, 0.0], "(-3, 4, 0, 0)": [-0.006331649684037971, -0.001858898876204322, -0.004384050890803337, -0.006444983927312221, -0.0023791469237203697, -0.0031727265032908797, -0.002652588833467662, -0.0036356361462652085, -0.0036905746997073293, -0.0037470807076171032, -0.004365765303373337], "(-1, 3, 0, 0)": [0.04427486662425463, 0.04576615122132952, 0.054850977159234836, 0.046907446409663794, 0.04683795870964849, 0.04402277549263549, 0.045758164355850964, 0.04688028690924179, 0.04517881824593749, 0.04908647006311317, 0.046105381729905984], "(-2, 4, 0, 0)": [-0.012778892586264988, -0.012573917237304402, -0.012520328014057865, -0.014613096217766958, -0.012353476146856873, -0.013936614973304434, -0.01230146206393197, -0.013031405811696026, -0.013851104075134263, -0.013571071428422959, -0.01293848023996173],