{"q_values": {"(0, 0, 0, 0)": [0.9314996498151534, 1.506556926841349, 0.8677129776458824, 0.9092057448202921, 1.0131134595715001, 0.9112278125337003, 0.8801852098482783, 0.8809675084848927, 0.903992907813102, 0.8878841054823081, 0.9269543928511043], "(0, 1, 0, 0)": [0.767205534572538, 1.4039816733058073, 0.8084594858505024, 0.7240158579654171, 0.723828869046673, 0.7232955034357569, 0.7224059616048433, 0.7225414001666679, 0.7230220880901952, 0.7246429000762319, 0.7221597160840131], "(0, 2, 0, 0)": [0.3624452661721796, 0.33168206116008997, 0.26547010106279245, 0.36652296202516355, 0.3683680699029597, 0.3069112108969483, 0.7071518224119738, 0.3300310705915813, 0.26630755442828324, 0.3028226918066679, 0.3031775384984874], "(0, 3, 0, 0)": [0.18521230040994202, 0.6266611402273468, 0.208819036646275, 0.13804021592421517, 0.2411362808216386, 0.15133299248949383, 0.17486188218317822, 0.14347299415594483, 0.19313433739201677, 0.18473946849236772, 0.22486076507573677], "(0, 4, 0, 0)": [0.1334317603262718, 0.008986220919479614, -0.013873341818652823, 0.011572584511837888, -0.01732364263297808, 0.020322421386121572, 0.010707491076689973, -0.00037823775868536975, 0.04542790864569992, 0.0011473763702583338, 0.009285121653082118], "(0, -2, 0, 0)": [0.23430267593083962, 0.25951605327455884, 0.22790641125684186, 0.23509992153848042, 0.2377147951157325, 0.23806724507515614, 0.23892542817273635, 0.23828354229305876, 0.22643212588848396, 0.23875503799981762, 1.0076972842827905], "(0, -3, 0, 0)": [0.08713266210916348, 0.08256748643680209, 0.08692326749802912, 0.08658287952627433, 0.08146944605875692, 0.08228836470991947, 0.08697267263881421, 0.08703430468743437, 0.08495224889341099, 0.0865425923101821, 0.0866046355176143], "(0, -4, 0, 0)": [-0.012078644485662034, -0.011855146734709537, -0.013059752385042164, -0.011613039836571427, -0.012699410202956389, -0.011027945041839267, -0.010643595037493394, -0.012675033294122798, -0.010778798871868257, -0.011554310487561009, -0.01014948399473569], "(0, -1, 0, 0)": [0.8055822045988696, 0.8883564989727768, 0.9230180027583529, 1.0469198818529803, 1.072894307184643, 1.0192697674407676, 0.8837611214076745, 1.012404080714419, 1.4374371554419558, 0.8247574442311352, 0.8170086116952536], "(1, 0, 0, 0)": [0.9389087807774478, 0.4058319052677256, 0.45467934051639586, 0.5091098059313386, 0.45559845242806063, 0.4613255464039465, 0.46729752545579034, 0.47510063140100756, 0.4666873750965863, 0.46624086534879405, 0.4684557832366113], "(1, -1, 0, 0)": [0.6220190388181199, 0.49982737824621526, 0.7216395340268114, 0.6401384432135948, 0.6150936155495944, 0.579697109728498, 0.545861323506079, 0.5101930411665052, 0.6718156702066211, 0.5066747225128373, 0.6165446831505438], "(1, -2, 0, 0)": [0.22454806112911613, 0.22910810343606747, 0.22969380123889968, 0.21110792529755018, 0.22608111157127167, 0.21584604378144445, 0.22352216621954205, 0.23050471535238204, 0.21781882017621546, 0.21282884631382049, 0.23023358256851228], "(1, -3, 0, 0)": [0.05324131940118554, 0.04962876213155309, 0.05085681393475825, 0.048868396817409385, 0.04582373257922622, 0.025611576950904782, 0.05488305359408562, 0.051415562218814936, 0.04763569899322902, 0.05147520963978447, 0.04934509448656109], "(1, -4, 0, 0)": [-0.021395108434798377, -0.022741782450434563, -0.022311499116068396, -0.022555134285558977, -0.021776023962615156, -0.020237619134491104, -0.02167193290349667, -0.02140351035088903, -0.021517276900825957, -0.022461129135561714, -0.023716526942515415], "(1, 2, 0, 0)": [0.05801665346665124, 0.08207985754170613, 0.06460689973782285, 0.08627264847915611, 0.33193397001057057, 0.12567603685717615, 0.060089803936663244, 0.01890969395443433, 0.053865263696354304, 0.04899617772461938, 0.047737476619373914], "(1, 3, 0, 0)": [0.02708330067240602, 0.01730555758597392, 0.014651747036296549, 0.006411595975666875, 0.02895251554031294, 0.029522132320045875, 0.029258946527158717, 0.01333198434674985, 0.10695322741292887, 0.016844854190023233, 0.008919941175083488], "(1, 4, 0, 0)": [-0.006586725589588608, -0.007562630493447469, -0.006677237415859894, -0.0064940302768244085, -0.008311406418629525, -0.00594766593822194, -0.0064680583826499626, -0.006236984570564067, -0.006755569100485182, -0.00669961835177003, -0.007883609533309938], "(-1, 0, 0, 0)": [0.577317698545872, 0.576983916785277, 0.5673904307817275, 0.5639975635793051, 0.5771236570225189, 0.576730875829474, 0.546497539911558, 0.5778226302946075, 0.5733759833915723, 0.5788534071281556, 0.5644660516454614], "(1, 1, 0, 0)": [0.43671301677748287, 0.77201524710187, 0.4676494515816506, 0.4611640057675102, 0.4673695492602972, 0.4565952494470154, 0.46431972788580256, 0.46588074315491634, 0.4602370037576445, 0.4624408647729684, 0.46760645541997115], "(-1, -2, 0, 0)": [0.3776121466191815, 0.014694112470582837, 0.004735868725284499, 0.004770211990281504, 0.0, 0.0, 0.0023171089123934507, 0.0023934278146363797, 0.004091755627338559, 0.001857704296708107, 0.005968067779827871], "(-1, -3, 0, 0)": [0.016868682972390747, 0.006619786959157747, 0.03964563241864372, 0.003520804546826968, 0.0, 0.006934084120099746, 0.002877816469860603, 0.006789032162838039, 0.005434245074663394, 0.36281990781182905, 0.003272713017462463], "(-1, -4, 0, 0)": [0.032010908499406375, 0.026513606928688413, 0.03301966422176138, 0.02795830533064031, 0.0083500400481253, 0.01087497928465723, 0.01897423050081952, 0.006868349076486465, 0.02896661514497781, 0.04016265642109616, 0.25905245660363385], "(-1, 1, 0, 0)": [0.405172425201748, 0.4061416195902949, 0.4085500725447182, 0.40636372386494923, 0.40103531475664955, 0.3950515136191752, 0.4024735867314123, 0.40144596700285506, 0.3840499907254167, 0.4055923929398446, 0.38200014652931286], "(-1, 4, 0, 0)": [-0.021387349515311, -0.02234419646218992, -0.022820622766780683, -0.02245232353326882, 0.024683593575344005, -0.02134489727310611, -0.01691842264760082, -0.022458772513541902, -0.02290810458390259, -0.01702083045240619, -0.007533813469565502], "(-1, 2, 0, 0)": [0.1415727021922273, 0.14205182818781334, 0.13587009606734263, 0.1541745097064548, 0.14290302311054082, 0.13457989811177473, 0.13681799219283725, 0.13940661748589672, 0.1398589716334107, 0.14226670521924006, 0.139568896895649], "(-2, 1, 0, 0)": [0.9795271238684409, 0.3074323354985826, 0.3621324208426928, 0.1575641593530205, 0.16697534589440738, 0.28984255747394083, 0.28880202574465225, 0.1962571746207752, 0.19014617123426855, 0.20522856991926286, 0.17069497809448625], "(-2, 2, 0, 0)": [0.2762789912626634, 0.1329266628064897, 0.0764622754204557, 0.1312717254442214, 0.15008303242329427, 0.13626383834613237, 0.14582081289136634, 0.1630554601297889, 0.11302253322287537, 0.16508533544387685, 0.22166024271100354], "(-2, 3, 0, 0)": [0.029326107254338672, 0.02992163409584035, 0.029121949625177702, 0.02955334679480808, 0.019274582846336877, 0.02955301175641753, 0.030494306447043755, 0.030692768891222813, 0.03051403400640305, 0.026056745340155694, 0.030721016708098594], "(-3, 3, 0, 0)": [0.0, 0.0, 0.0, 0.007962421865434296, 0.0, 0.003684686904371459, 0.005429068182222633, 0.000948385769628063, 0.03935020970547749, 0.0024428790014982224, 0.0], "(-3, 4, 0, 0)": [-0.006331649684037971, -0.001858898876204322, -0.004384050890803337, -0.006444983927312221, -0.0023791469237203697, -0.0031727265032908797, -0.002652588833467662, -0.0036356361462652085, -0.0036905746997073293, -0.0037470807076171032, -0.004365765303373337], "(-1, 3, 0, 0)": [0.04427486662425463, 0.04576615122132952, 0.17442347028381067, 0.046907446409663794, 0.04683795870964849, 0.04402277549263549, 0.045758164355850964, 0.04396288745859292, 0.04517881824593749, 0.04908647006311317, 0.046105381729905984], "(-2, 4, 0, 0)": [-0.012778892586264988, -0.012573917237304402, -0.012520328014057865, -0.014613096217766958, -0.012353476146856873, -0.013936614973304434, -0.01230146206393197, -0.013031405811696026, -0.013851104075134263, -0.013571071428422959, -0.01293848023996173],