{"q_values": {"(0, 0, 0, 0)": [0.7507414400790958, 0.767940620656776, 0.7700349137872851, 0.7784824659576542, 0.7876023385871858, 0.7787896219374455, 0.7786901830855048, 0.7765798342728436, 0.7786804383605381, 0.7701043628079003, 0.7786624697774042], "(0, 1, 0, 0)": [0.6177413584018874, 0.6170301041798185, 0.646764200443853, 0.6181684308546622, 0.6175819433948092, 0.6337360317248086, 0.6151219498450844, 0.6169147063473295, 0.6280765951754719, 0.6211543476878831, 0.8564785852401343], "(0, 2, 0, 0)": [0.5210916532241066, 0.8356674625585998, 0.5517066603495455, 0.5160560777701203, 0.5626233327391041, 0.612815489961744, 0.5904433099115864, 0.6598818520857906, 0.607566827939845, 0.6388956318106158, 0.626887010851557], "(0, 3, 0, 0)": [0.6136326640822833, 0.2068793393059245, 0.07230852854757713, 0.19341099307888782, 0.2795536160170387, 0.14883774947519107, 0.13595910948212897, 0.1673541955559485, 0.2387196554764478, 0.10456942597927647, 0.15084174471062825], "(0, 4, 0, 0)": [-0.01317079885901465, -0.01204173251030888, -0.006841206193816063, -0.01334630287163034, -0.018667314441010593, -0.012963936356581302, -0.013661984289424108, -0.012746496151128342, -0.013110048676335409, -0.013293356928359638, -0.012489578553835966], "(0, -2, 0, 0)": [0.3724423729096875, 0.521597003049594, 0.5025459714934468, 0.42608281421042116, 0.5497019342393283, 0.5124722806681993, 0.49140985235960033, 0.439398466854825, 0.33048339954968564, 0.33227138528325717, 0.8028345974754312], "(0, -3, 0, 0)": [0.14052411166754078, 0.14024755579592213, 0.1435651887897582, 0.13549354182051673, 0.14348517357407659, 0.14144433855225907, 0.1423239236079027, 0.13163464876690145, 0.10877902117591687, 0.13296712236436, 0.1389638579014568], "(0, -4, 0, 0)": [-0.01316938982721065, -0.009338240548379478, -6.896868004929117e-05, -0.009100401137454178, -0.009876187046161083, -0.009984053535423549, -0.00961805390908502, -0.010530861110460268, -0.014359151740061206, -0.01020702401953678, -0.00875988778231989], "(0, -1, 0, 0)": [0.8195718568255987, 0.5684192416207545, 0.5652759825902407, 0.5780725022208797, 0.5998397472685051, 0.5768083208097999, 0.5593241380626719, 0.5873478750939682, 0.5825792982959612, 0.5815123527505758, 0.6050256143541441], "(1, 0, 0, 0)": [0.43768645170980225, 0.4058319052677256, 0.40421522512036867, 0.40403211107456916, 0.40637089154342554, 0.4905081463626274, 0.4104825471144619, 0.40963666584201486, 0.40663349007628447, 0.4066094773369512, 0.406460891944644], "(1, -1, 0, 0)": [0.22874606780939624, 0.24438572157178146, 0.266642382194473, 0.28063608417249286, 0.34195684159408146, 0.25947982458960916, 0.138466308594751, 0.2468207496908883, 0.30044929644557467, 0.20440609798655812, 0.21750649526137766], "(1, -2, 0, 0)": [0.13624518165906002, 0.13654756976413662, 0.08446935997700925, 0.1289140835955541, 0.12446003338704843, 0.09975336064938956, 0.12814542224987086, 0.10960825918181283, 0.10932201644225473, 0.13037627011534372, 0.12817065391032512], "(1, -3, 0, 0)": [0.038275453180670396, 0.03965741394681162, 0.03555791528540188, 0.03952424079134555, 0.03575872149160364, 0.03960650983605704, 0.03878269746787917, 0.03725440539146871, 0.03666892036149073, 0.03984380699457532, 0.03991930576465928], "(1, -4, 0, 0)": [-0.01905068009115099, -0.018275756227868985, -0.019097276641545435, -0.01860001378527125, -0.018661401665418128, -0.017542407452632233, -0.018691459491868637, -0.01805585933341787, -0.019460799712430144, -0.01759098951512871, -0.017758189136278253], "(1, 2, 0, 0)": [0.02494454296595682, 0.08207985754170613, 0.029160794848906723, 0.08627264847915611, 0.2883713541801201, 0.12567603685717615, 0.060089803936663244, 0.01890969395443433, 0.053865263696354304, 0.04899617772461938, 0.047737476619373914], "(1, 3, 0, 0)": [0.02708330067240602, 0.01730555758597392, 0.014651747036296549, 0.006411595975666875, 0.02895251554031294, 0.029522132320045875, 0.018438869591214473, 0.01333198434674985, 0.0952305476046724, 0.006070288231283063, 0.008919941175083488], "(1, 4, 0, 0)": [-0.00360094378459191, -0.0040970600404953966, -0.0027414141561326586, -0.0017027580481395917, -0.002509135115148126, -0.005668506895324301, -0.002465758779094113, -0.004355859756469726, -0.004443169423572436, -0.004363999059636903, -0.007883609533309938], "(-1, 0, 0, 0)": [0.3516866182173819, 0.32443268592990515, 0.346012444900131, 0.34563579623743224, 0.3494221812556101, 0.35094238705977565, 0.3461330427254643, 0.35103370271525347, 0.34558887647608577, 0.3347124943221897, 0.34803811263511936], "(1, 1, 0, 0)": [0.43671301677748287, 0.5118970959413527, 0.5136695031729868, 0.5125726941257802, 0.5126524894197875, 0.512251076589606, 0.5061678785001333, 0.5145073120012817, 0.5085196571975302, 0.5051044881259443, 0.5135706741694686], "(-1, -2, 0, 0)": [0.0706753593817417, 0.0040499377536222046, 0.004735868725284499, 0.004770211990281504, 0.0, 0.0, 0.0023171089123934507, 0.0023934278146363797, 0.004091755627338559, 0.001857704296708107, 0.005968067779827871], "(-1, -3, 0, 0)": [0.0018390627577900887, 0.006619786959157747, 0.0, 0.003520804546826968, 0.0, 0.006934084120099746, 0.002877816469860603, 0.006789032162838039, 0.005434245074663394, 0.08582565182942183, 0.003272713017462463], "(-1, -4, 0, 0)": [0.015090323322432427, 0.0, 0.0016492361202836037, 0.0, 0.0083500400481253, 0.01087497928465723, 0.01897423050081952, 0.006868349076486465, 0.0, 0.01593009420210632, 0.11412358207339698], "(-1, 1, 0, 0)": [0.40160440652227913, 0.40869968321060923, 0.4114735088576842, 0.41257025441645134, 0.4418887585706297, 0.43059411942685166, 0.4349683732909689, 0.4455138556704946, 0.5909803955745292, 0.45509492865397316, 0.42734933065585345], "(-1, 4, 0, 0)": [-0.019485034613211917, -0.020327177151259597, -0.01974970631788392, -0.01986938556428044, -0.0194129126079659, -0.020100664646246623, -0.020085204948249696, -0.019494459431208193, -0.01951221402587618, -0.019653652650648744, -0.01990287917870251], "(-1, 2, 0, 0)": [0.2584692465216799, 0.25836794611985725, 0.2578625344824962, 0.2581900901737184, 0.24252340661956573, 0.2554707641571899, 0.2452946099292181, 0.24578410575748927, 0.24594621744253842, 0.24755624995886638, 0.2414137124294904], "(-2, 1, 0, 0)": [0.44001016513850477, 0.16512957447294263, 0.18410901255300455, 0.07228145807975742, 0.16697534589440738, 0.28984255747394083, 0.23461572638830408, 0.1962571746207752, 0.19014617123426855, 0.20522856991926286, 0.17069497809448625], "(-2, 2, 0, 0)": [0.2762789912626634, 0.1329266628064897, 0.0764622754204557, 0.1312717254442214, 0.15008303242329427, 0.13626383834613237, 0.14582081289136634, 0.1630554601297889, 0.11302253322287537, 0.16508533544387685, 0.22166024271100354], "(-2, 3, 0, 0)": [0.1548604106078562, 0.03709578237277887, 0.07119235686181505, 0.043780594739527015, 0.019274582846336877, 0.05250104404589686, 0.04726919697438335, 0.014477143551420298, 0.04554789543534841, 0.07176259743781169, 0.04073931117019637], "(-3, 3, 0, 0)": [0.0, 0.0, 0.0, 0.007962421865434296, 0.0, 0.003684686904371459, 0.005429068182222633, 0.000948385769628063, 0.03754849993630932, 0.0024428790014982224, 0.0], "(-3, 4, 0, 0)": [-0.006331649684037971, 0.0009186582810449743, -0.004384050890803337, -0.006444983927312221, -0.0023791469237203697, -0.0031727265032908797, -0.002652588833467662, -0.0036356361462652085, -0.0036905746997073293, -0.0037470807076171032, -0.004365765303373337], "(-1, 3, 0, 0)": [0.03808660754975822, 0.04716156353228633, 0.033781631276901807, 0.043538648485736325, 0.05087721424991894, 0.09624944370315897, 0.025519497813712304, 0.043280328567661924, 0.038355185736467706, 0.05143003721765995, 0.03970115145351192], "(-2, 4, 0, 0)": [-0.0072067300564299195, -0.007490554793512136, -0.0055460579059219105, -0.006012102313353886, -0.008423983268218239, -0.006693674287284414, -0.005824313862562402, -0.006457684330882399, -0.010034031146152042, -0.007481332962519801, -0.006271243004610121],