{"q_values": {"(0, 0, 0, 0)": [1.3774061604751489, 1.0556463187328045, 1.0898436516422834, 1.0806060908737645, 1.0568089057203853, 1.0853746589029116, 1.1153550575693272, 1.1013695825102485, 1.1010159964342918, 1.097185655275989, 1.1203964790048597], "(0, 1, 0, 0)": [0.9158643142505387, 0.8974865530581242, 0.9161584526419714, 0.9382819735254362, 0.9619671293869669, 0.9159441288302174, 0.7956071851388635, 0.8914819940110212, 0.9092828026788179, 0.8858399984104024, 0.883531556423007], "(0, 2, 0, 0)": [0.33418829178844806, 0.3361917029707735, 0.3366808730843415, 0.33721512714277824, 0.336585162058362, 0.3725004423171631, 0.34372579836332384, 0.3363069903451018, 0.3986541561333693, 0.34448798599600505, 0.6144240192893758], "(0, 3, 0, 0)": [0.5704975915188808, 0.16647548641325938, 0.1388201030449682, 0.1995312831544683, 0.1490878075320592, 0.31533320688082, 0.16840925114262092, 0.13495219467548358, 0.28106788374554026, 0.26749941532949567, 0.24154680101649278], "(0, 4, 0, 0)": [0.2794127701900198, -0.015644244753057805, 0.021687158431370954, -0.01486473470500197, -0.01732364263297808, 0.014235369324318379, -0.014759548689196957, -0.015516009836936327, -0.01501239359378237, -0.016480487381257045, -0.016008696345382118], "(0, -2, 0, 0)": [0.18753500908629783, 0.17655425355432963, 0.17660992756175145, 0.18743538370433066, 0.18768929020159994, 0.1884255549027779, 0.1786970285965202, 0.18834402336087205, 0.1881324264452381, 0.18199942224387816, 0.7155270992489928], "(0, -3, 0, 0)": [0.04506939382082745, 0.060013917695237125, 0.061189332077566924, 0.057798471260275104, 0.06438534203175122, 0.06020519052235725, 0.044263716443836476, 0.060989861561885815, 0.04622060555736808, 0.05774738451306173, 0.20480115534930976], "(0, -4, 0, 0)": [-0.016876476568379255, -0.016697811308079888, -0.0178142364935978, -0.019534930383009214, -0.01926567989929888, -0.0188959810664147, -0.011088450540796092, -0.013215411291631455, -0.016659917976237466, 0.02608369613116976, -0.011657016625405902], "(0, -1, 0, 0)": [0.7690748756139851, 0.7056993509342115, 0.7583351997187473, 0.9640493171090381, 0.9187671599378062, 0.8829800092614624, 0.627736573267246, 0.9109855856583651, 0.8641265564481125, 0.7113202939044303, 1.2996282314519407], "(1, 0, 0, 0)": [0.6548287079491999, 0.7015648672718278, 0.7067881562306019, 0.7069552275552522, 0.7059935393112655, 0.6475591364625133, 0.7040745088672465, 0.6592281013736903, 0.6999267363031357, 0.7047458694025633, 0.7060444332079198], "(1, -1, 0, 0)": [0.42953432783308754, 0.44377544256095475, 0.44167491837516426, 0.44304589046152987, 0.4533767583541425, 0.4426786188967659, 0.4340433005083072, 0.43285397639832507, 0.43930439643062447, 0.44347884281358035, 0.6437326189789336], "(1, -2, 0, 0)": [0.29929284444410653, 0.31216513158451153, 0.3110403522614305, 0.31211049055906026, 0.311018920492228, 0.3003881985283653, 0.30760747250813336, 0.30231047629703445, 0.310718905327081, 0.28297748980216986, 0.31144642725305227], "(1, -3, 0, 0)": [0.05809155867240251, 0.11048153803988013, 0.07520210676131314, 0.08622755852208829, 0.057661378939491054, 0.019266701056481973, 0.10699939869883841, 0.0644016388780082, 0.061152721399592186, 0.10850505561127254, 0.1439172102915352], "(1, -4, 0, 0)": [-0.03246987053806935, -0.02787860112840412, -0.027969702548283397, -0.01780979707716719, -0.02793822760339642, -0.028345426751166594, -0.027767049166043646, -0.02919563733935198, -0.01609156173778698, 0.044300806440696526, -0.02913160292737242], "(1, 2, 0, 0)": [0.09323103508629882, 0.08207985754170613, 0.06460689973782285, 0.08627264847915611, 0.49120686654406764, 0.15622712632093716, 0.13294338679131118, 0.01890969395443433, 0.053865263696354304, 0.09288024013994842, 0.12328113850871872], "(1, 3, 0, 0)": [0.03918539795662358, 0.01730555758597392, 0.014651747036296549, 0.006411595975666875, 0.02895251554031294, 0.03877058513607744, 0.029258946527158717, 0.01333198434674985, 0.11528969094286347, 0.016844854190023233, 0.021456750895146693], "(1, 4, 0, 0)": [-0.010209998279167095, -0.011061802064160816, -0.01072091253758184, -0.010397086504990508, -0.010188406236436036, -0.01065662599834067, -0.010639519035707269, -0.010288053177706648, -0.012489150380759099, -0.013979475601355179, -0.012423113907608193], "(-1, 0, 0, 0)": [0.7388804883777775, 0.7534881893441739, 0.5725264967907482, 0.8000538629835683, 0.7606192571549923, 0.7838459317641797, 0.7303693692223346, 0.8229521478991026, 0.5986020549079353, 1.585167466438688, 0.6606514758689207], "(1, 1, 0, 0)": [0.721998065454159, 0.7235749585370035, 0.7240248823235913, 0.7113408196646872, 0.7826758613966984, 0.7245191486476765, 0.7244188484628583, 0.7234724056640224, 0.7241407824400306, 0.7246342404160286, 0.7252311686908532], "(-1, -2, 0, 0)": [0.07726501107311572, 0.07353792126677952, 0.07669206052486481, 0.07634585148986334, 0.06325190278419299, 0.06952329972391627, 0.07330758142169375, 0.06731679458676892, 0.07498589127318989, 0.06962001294585993, 0.005968067779827871], "(-1, -3, 0, 0)": [0.11851806551584504, 0.11629961122715535, 0.11552280529278228, 0.11521504216279094, 0.1088707566537021, 0.11379698641305577, 0.11202300855107329, 0.11422506552648425, 0.10490604137326312, 0.11654655184086182, 0.11619051326321429], "(-1, -4, 0, 0)": [0.058161232257145146, 0.06184023384181463, 0.05859627645031849, 0.05854147764271245, 0.0517126770444971, 0.05096395775925019, 0.06309608079170465, 0.006868349076486465, 0.02896661514497781, 0.05750877305921017, 0.061202099990972224], "(-1, 1, 0, 0)": [1.3240792594744573, 1.554113257163319, 1.1818953257799563, 1.278938611654516, 1.0831389015925543, 1.4459350294520616, 1.4108241231716687, 1.2918456109627154, 1.1432054342719036, 1.2954203232713575, 1.3007817497911556], "(-1, 4, 0, 0)": [-0.012749049364575816, 0.038815912357615244, -0.014007057300994868, -0.01626848840644935, -0.01397545773172288, -0.009557490219607341, -0.014010457612161685, -0.013339971905048582, -0.014412734750645424, -0.015007236626320296, -0.01751615670756056], "(-1, 2, 0, 0)": [0.1464380666079112, 0.15206810926738495, 0.14527662850824918, 0.14916604306622325, 0.14795656208628832, 0.15137341937277468, 0.15094937605833697, 0.21359406018069993, 0.15111967946031174, 0.1516317171972656, 0.15004197991376467], "(-2, 1, 0, 0)": [1.2733451711783417, 0.8266973850673038, 0.842282902970574, 0.9361157852938045, 0.6311064072338561, 0.948742885671738, 0.8726219674783237, 0.9889847470951184, 0.7887568578182692, 0.5409056792586509, 0.8866625301259496], "(-2, 2, 0, 0)": [0.11934802608974047, 0.11746287948000406, 0.0764622754204557, 0.11827875166836824, 0.11686829834142334, 0.11203257559505339, 0.11416383410139892, 0.11430234741153353, 0.11357859382576763, 0.11977544219488186, 0.11639912554521108], "(-2, 3, 0, 0)": [0.018819391245380027, 0.018764633944382467, 0.01874132306889146, 0.01714893143304529, 0.019274582846336877, 0.017087951545797626, 0.018899926624135116, 0.018714178345648494, 0.018269427811563835, 0.017190244919322268, 0.019323024845802114], "(-3, 3, 0, 0)": [0.0, 0.0, 0.0, 0.007962421865434296, 0.0, 0.003684686904371459, 0.005429068182222633, 0.000948385769628063, 0.06538733978730177, 0.0024428790014982224, 0.005754457959122817], "(-3, 4, 0, 0)": [-0.006331649684037971, -0.007293137961590353, -0.008756686002016068, -0.006444983927312221, -0.0053636654129396374, -0.007506917899930179, -0.006221994526591632, -0.006548128685924444, -0.005701679378023613, -0.0037470807076171032, -0.004365765303373337], "(-1, 3, 0, 0)": [0.2548803119068458, 0.061919417360561266, 0.059541247700057684, 0.049452988896759684, 0.04901216808031754, 0.048025326923253925, 0.04695645224039367, 0.048833288778485605, 0.07234571925427705, 0.08845192637937044, 0.0670021900913102], "(-2, 4, 0, 0)": [-0.019520817440734486, -0.01863490792457164, -0.01876986951259494, -0.01913585619312603, -0.019532655800751683, -0.01868891978855837, -0.018837113987622462, -0.01952174575354057, -0.019171949904913832, -0.01890349253881313, -0.01837117248694228],