{"q_values": {"(0, 0, 0, 0)": [0.8716355343362727, 0.8855435137723602, 0.88904466815153, 0.8803572226809141, 0.8751841578064671, 0.8955473835385609, 0.8862905294911869, 0.869542620582467, 0.9313556668834851, 0.8791096192978055, 0.8877962602915278], "(0, 1, 0, 0)": [0.9397884267521509, 0.8371998137474397, 0.8818071244527114, 0.8355111407039638, 0.8829030452380237, 0.8456996592799966, 0.8119786364036921, 0.8625073315564532, 0.8572315467611847, 0.8266216542108646, 0.8651005735676699], "(0, 2, 0, 0)": [0.5279091836641658, 0.8094608417770197, 0.5390683410465354, 0.5057165806825665, 0.5227825601128859, 0.5152881687482139, 0.5271910244976673, 0.5574726406914479, 0.5065002863780718, 0.49979973231376584, 0.5167071590218373], "(0, 3, 0, 0)": [0.20653944922214557, 0.17376004530684935, 0.1826346548980788, 0.1719443729949487, 0.1748334773810346, 0.18838936901558623, 0.1785892225559564, 0.17571422633794845, 0.18242183309261936, 0.1848073862341812, 0.17830410104403713], "(0, 4, 0, 0)": [0.009094900771014065, 0.034250136413938405, 0.008792211193431015, 0.009171384925257858, 0.008534485235069427, -0.003221859452221665, 0.008754050341917383, 0.006808786629589132, 0.006579493232148951, 0.008186872135086416, 0.00870793542970378], "(0, -2, 0, 0)": [0.5823189165413871, 0.5709408493279641, 0.5780828642967588, 0.5472635274060028, 0.5403679722211745, 0.5848047249206376, 0.5725368319473223, 0.7023288680694518, 0.5647231550990519, 0.6034544917458986, 0.5693681276819454], "(0, -3, 0, 0)": [0.13742977182883115, 0.13145356317152654, 0.13311813348159413, 0.140292896642378, 0.13659289274907388, 0.12897897095805277, 0.13087422185789563, 0.15058510944622305, 0.1447679232477982, 0.14076572172759555, 0.2181420844696806], "(0, -4, 0, 0)": [0.00347068651967348, 0.004159944755066439, 0.0021436844810533056, 0.004915181414544796, 0.0010754614765025525, 0.005151063272596664, 0.0055166517071016455, -0.0008277099376436583, 0.002986468237540292, 0.0006768941490027719, 0.026091129459343623], "(0, -1, 0, 0)": [0.8087529794939237, 0.7902111964235007, 0.7905655886247265, 0.7967503876049757, 0.7925610822940405, 0.8515056597509005, 0.795769743754254, 0.8161301707334486, 0.7926219288883367, 0.8366077653450941, 0.925071205470921], "(1, 3, 0, 0)": [0.012878097816668155, 0.01968086473420004, 0.039007520696526396, 0.02826910718140041, 0.09678258807641356, 0.02047599733865151, 0.01811125321420266, 0.032745762454488764, 0.00589850418718186, 0.03616380759717979, 0.005701853827496536], "(1, 4, 0, 0)": [0.015821259935765646, 0.026283569721465887, 0.007357209823113281, -0.002216946229359795, 0.008867106775422772, 0.0017810600811709373, 0.0034888241219203746, 0.0028637975909819244, 0.0031617043733734376, 0.010576547376237894, -0.007845253944396974], "(-1, -1, 0, 0)": [0.8363269749628823, 0.7632935814441175, 0.7958038692288489, 0.7572657364470065, 0.7640518921109477, 0.7114392451881733, 0.7823694021476638, 0.767224497217831, 0.8164248085299917, 0.815346743301557, 0.810419134085085], "(-1, -2, 0, 0)": [0.03340511547864934, 0.0629633940788595, 0.028975514552306892, 0.10764042925969058, 0.030301838623091028, 0.020630802171467275, 0.049405213135272574, 0.00905141372429726, 0.041506709755970345, 0.044481827465482335, 0.03787454526679897], "(-1, 3, 0, 0)": [0.08940949612784363, 0.05488814650431431, 0.06379867821636796, 0.0568561509467171, 0.05352783848796824, 0.06828814253619513, 0.06764112836539321, 0.06251895255299715, 0.055954647444907794, 0.0645334618838325, 0.06435775761825044], "(-1, 4, 0, 0)": [-0.0007580742304984867, -0.0013267794732543213, -0.0009145811572645922, -0.0010218067326184712, -0.006152025434248557, -0.0018529536290579568, -0.00030571322870011526, -0.0020266240075394607, -0.0015818504023685596, -0.0011886331762365884, -0.003426154453711445], "(-1, -3, 0, 0)": [0.026954307860235845, 0.012002300057076335, 0.03788415501364953, 0.043138837680006585, 0.034302021144911515, 0.018692513200870228, 0.02817293028707233, 0.023876173478067107, 0.020380158206776695, 0.01779305813678994, 0.011914682833310278], "(-1, -4, 0, 0)": [-0.008061964931269455, 0.0010022010969639094, 0.0004984837005441219, 0.0001723744746796995, -0.00013312214343950534, -0.002107428240931837, 0.00024259721485056507, 0.0008055079608392185, 0.002231371921758536, 0.0018737255804629118, 0.0015091393304746403], "(1, 0, 0, 0)": [0.7053910779204903, 0.6498979216991623, 0.7567477334965601, 0.7015142478863929, 0.7742112246020627, 0.636609562159075, 0.7215325900197849, 0.7271427648356488, 0.9596900700145303, 0.6587362434069339, 0.7952222167752178], "(1, -1, 0, 0)": [0.5708550655340499, 0.5646153672087928, 0.6101182692672594, 0.6110103454232234, 0.5928523657992697, 0.6283376046335617, 0.49203187091489553, 0.6035995595951238, 0.6455047766693645, 0.6082639196111068, 0.7265339208342734], "(1, -2, 0, 0)": [0.20005820612270603, 0.21221526355866288, 0.26406975631566315, 0.19855606244860133, 0.2167917448952438, 0.25224383071857104, 0.2230392977853674, 0.20753957628207567, 0.2228894206921046, 0.19640794782015344, 0.36345200793725707], "(1, -3, 0, 0)": [0.059243740041562784, 0.0584188986933859, 0.058705957683798785, 0.057161618540921534, 0.05465919808418792, 0.05845207154091592, 0.05992811602971855, 0.056099487831734435, 0.05847168352465289, 0.05639189789596168, 0.0561409416009518], "(1, -4, 0, 0)": [-0.0025318320497727978, -0.0026753993143093695, -0.0028628616975113915, 0.00207513079304414, -0.0025600331288928527, -0.003334762577854749, -0.003796291593877798, -0.005183411447202097, -0.0032378124612389247, -0.0031751556953124585, -0.002751144485687777], "(-1, 1, 0, 0)": [0.8656819969959102, 0.590562173843913, 0.5639009505002229, 0.5892405336022823, 0.6478579046895454, 0.6034001989057141, 0.6150440412683635, 0.5679063237673823, 0.6213361086148661, 0.5787619282794999, 0.5725176842932763], "(-1, 2, 0, 0)": [0.23710995772134652, 0.2383379574958177, 0.24283559143317118, 0.2340239140164509, 0.2525751203407216, 0.2328310145657655, 0.22965818487262163, 0.2308129356987696, 0.23926170384236034, 0.2257503302943833, 0.22754120631153085], "(1, 1, 0, 0)": [0.8007270655141666, 0.7464514044360986, 0.9560069479836247, 0.7712691912033657, 0.782239351995249, 0.7058092434853515, 0.7795551196728443, 0.8376152380202804, 0.682402134390496, 0.8216172610519972, 0.7877290887655873], "(1, 2, 0, 0)": [0.023761659768261743, 0.030647577301955338, 0.07585587143348006, 0.017906970177153012, 0.03670585625837126, 0.06880077698859596, 0.1935184516525681, 0.03228248487292386, 0.03287111485459479, 0.042701275146575526, 0.0874732974766447], "(-1, 0, 0, 0)": [0.8981188644235044, 0.821794342859878, 0.8166196107223678, 0.8229508993706718, 0.7992119638945208, 0.8251110897500338, 0.8074611689895108, 0.8160324883646717, 0.778204363530288, 0.7256280188410913, 0.7898332667405078], "(-2, 1, 0, 0)": [0.013571347817313917, 0.031310196389375745, 0.05656334981432928, 0.03616660122399745, 0.04494841718388683, 0.05939385639022385, 0.056413488985225815, 0.05313966545712889, 0.1554951647521272, 0.07875099803476263, 0.009824620025421088], "(-2, 2, 0, 0)": [0.0, 0.014058662101073533, 0.037813300719549775, 0.058787965658700064, 0.03820968584734916, 0.04926098629268464, 0.03187149858124863, 0.028232331510790916, 0.0695872290706302, 0.03156810956216494, 0.02379973833353869], "(-2, 4, 0, 0)": [-0.004686279725337354, -0.001524173185141529, -0.006601925647976337, -0.004845738655123271, -0.0045515957043481626, -0.006409592090918521, -0.006109179759377543, -0.005704891593813897, -0.006487848247066967, -0.005869780513169657, -0.00472440474140943], "(2, -1, 0, 0)": [0.2781555708150842, 0.2884934911638651, 0.285248985723821, 0.23822379964702742, 0.24473420544911004, 0.17483113367138986, 0.284431272631924, 0.19244162122015607, 0.28537696885442043, 0.2938199942159647, 0.28611485376459767], "(2, -2, 0, 0)": [0.053102967580710043, 0.0638228484470015, 0.04087393988764357, 0.15515640101126818, 0.0, 0.030506513602485165, 0.03396896614009301, 0.07106662526013073, 0.02815385880850118, 0.04743447524596807, 0.05953946553788808],