{"q_values": {"(0, 0, 0, 0)": [0.9306595524849696, 0.9478475999148995, 0.9683462332718876, 0.9414680183943982, 0.9432472144623014, 0.9389844058963789, 0.9224471754717154, 0.9347011100290225, 0.9226355959716604, 0.9228798737873479, 0.9459665742774777], "(0, 1, 0, 0)": [0.8970751568101761, 0.9442423597174527, 0.8979550544683684, 0.8877652456803821, 0.9006864613237998, 0.8703463853344324, 0.8971289734918729, 0.9046868762873499, 0.9020395515695925, 0.9004442567961662, 0.8978687962255256], "(0, 2, 0, 0)": [0.6387625351177955, 0.5504492728818237, 0.5926089660171651, 0.5798331565753332, 0.5704450750068892, 0.5270409239185885, 0.518906545417396, 0.5520294681083455, 0.5571983137678143, 0.6296731960012999, 0.55882906847879], "(0, 3, 0, 0)": [0.1358636439842051, 0.1404696029981632, 0.13151056994904128, 0.1397769335844678, 0.13912487083091812, 0.1418235410926344, 0.13584230599473684, 0.1363188677399456, 0.1279054288007494, 0.13942078666603716, 0.12724524434437257], "(0, 4, 0, 0)": [0.009094900771014065, 0.007073236527624925, 0.003328390542325573, 0.009171384925257858, 0.008534485235069427, 0.004172520005777445, 0.008754050341917383, 0.006056551080217792, 0.006579493232148951, 0.00928453863631636, 0.0026111613747211992], "(0, -2, 0, 0)": [0.40237605820097905, 0.4023580400864647, 0.39167104508692574, 0.3927390902448527, 0.39118152938809064, 0.4354796467006369, 0.3946202965463449, 0.4114166166973916, 0.40490624406599096, 0.4017232195221971, 0.8497256113273559], "(0, -3, 0, 0)": [0.08308006742387714, 0.08272446731070819, 0.07829986001185885, 0.0826772850284048, 0.08050045251303725, 0.08279900016240722, 0.10088353174858339, 0.07546594114418287, 0.08279013551808158, 0.09560659063650499, 0.09364365625473497], "(0, -4, 0, 0)": [0.0019915981168547614, 0.0026535331852019783, -0.002887926936923955, -0.0008436227126060397, 0.0011137572375517612, 0.0025982458829539395, -0.002701832260331818, -0.0008277099376436583, -0.0011947614966842648, 0.00798815907326078, -0.0015489743815524887], "(0, -1, 0, 0)": [0.859376819900282, 0.8643229370192593, 0.8533084062285147, 0.8560132854656173, 0.8595695151532428, 0.8533708450431696, 0.850242641580046, 0.8994373609973355, 0.8268741611702612, 0.8866255624623061, 0.9604345660385486], "(1, 3, 0, 0)": [0.012878097816668155, 0.04783755518088769, 0.09576925698096354, 0.044661350248389804, 0.0706636990335261, 0.05018826781980651, 0.01811125321420266, 0.07085409425661524, 0.00589850418718186, 0.06721084266005709, 0.005701853827496536], "(1, 4, 0, 0)": [0.006776016422367954, 0.00866646696710464, 0.0067965180922826786, 0.008362622173828804, 0.007904628075817885, 0.008264543974535264, 0.006888626548371777, 0.007354025247586033, 0.007220087498460962, 0.008197869387535733, 0.007317585036725862], "(-1, -1, 0, 0)": [0.9420613545316868, 0.9199931080785048, 0.9078865914493863, 0.9292239998724435, 0.9160242425380936, 0.9370991259052381, 0.8969086385869908, 0.9223159391787892, 0.8944732513158304, 0.811542803305659, 0.9692295429577492], "(-1, -2, 0, 0)": [0.33532237819182836, 0.3061144605831394, 0.3353228405797844, 0.3674086671379631, 0.21193097680347275, 0.3777262795782114, 0.37324380123305645, 0.36657172007524264, 0.1900794641539881, 0.044481827465482335, 0.6093155905189286], "(-1, 3, 0, 0)": [0.06274865036246555, 0.06261493669036067, 0.06066109568831306, 0.048236350979535284, 0.057445462847378774, 0.06272403660472953, 0.0615054336393761, 0.06251895255299715, 0.05916452714695416, 0.05936544137574155, 0.06056956597971776], "(-1, 4, 0, 0)": [-0.002321776406510874, -0.0013267794732543213, -0.0011099788559334068, -0.0010218067326184712, -0.006152025434248557, -0.00502352483249792, -0.0023237323164280203, -0.0023350245445995206, -0.0015818504023685596, -0.0009884331556341127, 0.0003420539571628387], "(-1, -3, 0, 0)": [0.035402866240576966, 0.022982540979322758, 0.04902432081463326, 0.0479622001702582, 0.0327636307877412, 0.018692513200870228, 0.028160232679865414, 0.03932133899528098, 0.020380158206776695, 0.029041785925682066, 0.011914682833310278], "(-1, -4, 0, 0)": [-0.008240752703958878, -0.008652028067987816, -0.008489473746424331, -0.008465302326379478, -0.008998542838390525, -0.00851048788657735, -0.007902235845697232, -0.00837573158398504, -0.008665861910945614, -0.008503639428563924, -0.0032984532524350735], "(1, 0, 0, 0)": [0.8698633537986814, 0.8741646969392636, 0.8894287472760334, 0.8666108096025571, 0.868411152968774, 0.8841032483181218, 0.8768352351062781, 0.8715318609620737, 0.8571927732454545, 0.9499511993723037, 0.869702268056986], "(1, -1, 0, 0)": [0.5790722666405069, 0.5609314461273778, 0.5742866980543796, 0.5651272980161742, 0.5674003902966152, 0.5731392181768714, 0.5749509440348517, 0.5620589695354156, 0.5626898156906459, 0.5657781537809746, 0.7441623656307246], "(1, -2, 0, 0)": [0.20058071724226817, 0.16655321868819817, 0.19077130858364266, 0.20508306642598056, 0.18646088748718453, 0.19499013815363603, 0.2057417024524939, 0.1949724030248006, 0.2069191139491092, 0.18672375541162303, 0.28265235532345495], "(1, -3, 0, 0)": [0.06342230443143039, 0.06390881732195472, 0.06233683462127012, 0.061103596386640244, 0.06548254114452147, 0.055967341790664794, 0.06284361293338185, 0.0625235416435024, 0.07238240856008912, 0.06444167362789416, 0.06246140912682467], "(1, -4, 0, 0)": [-0.003670612485608322, -0.007398824407380075, -0.0028184814336786783, -0.000308732040044845, -0.0029887592521990174, -0.003334762577854749, -0.0016828770879158171, -0.005183411447202097, -0.0011029372425852852, -0.0031751556953124585, -0.0016495601805422465], "(-1, 1, 0, 0)": [0.6153666746222496, 0.642799759817647, 0.5895073932802564, 0.5682517259520918, 0.5976582973027367, 0.620206781132377, 0.528313971525098, 0.6273657736703373, 0.5777597682075237, 0.6474907089248846, 0.582963178665712], "(-1, 2, 0, 0)": [0.22229386218375968, 0.21925935311496758, 0.21985561997750214, 0.2114978688868693, 0.20722399425172974, 0.21905947714322216, 0.221774053769611, 0.2254749081410457, 0.22298665678412535, 0.2028539181741418, 0.2057839947566925], "(1, 1, 0, 0)": [0.9532067066718171, 0.7829453310912438, 0.9161978250590144, 0.9137107336077582, 0.8630745043776853, 0.8952330866104373, 0.8538041068823871, 0.9191180263401109, 0.8839278855269355, 0.8918982582939212, 0.8555440561043937], "(1, 2, 0, 0)": [0.20671917385207794, 0.3229476909192883, 0.49131110036906034, 0.046598031460447074, 0.3052711245070482, 0.167125107727067, 0.12876312487463332, 0.12871783202666914, 0.1951284130277563, 0.3071093540070146, 0.23961812326070062], "(-1, 0, 0, 0)": [0.9671995216668972, 0.900913675431215, 0.9389708141897813, 0.9512530239909848, 0.9431563220587376, 0.9448922944133576, 0.9554543140339488, 0.9554989479834708, 0.9346251965977264, 0.950421985509551, 0.946002173011554], "(-2, 1, 0, 0)": [0.03976877409061403, 0.08762003742693267, 0.05656334981432928, 0.09263871912474693, 0.06939430997898353, 0.31888613353521916, 0.10154827593632162, 0.05313966545712889, 0.12722990064109985, 0.12160628946110233, 0.009824620025421088], "(-2, 2, 0, 0)": [0.0, 0.05172642723613754, 0.05336918184681549, 0.06615392206001958, 0.06827922509520801, 0.06616187802498899, 0.04322022689431144, 0.028232331510790916, 0.12611588176263955, 0.049566087006373424, 0.046093876765066724], "(-2, 4, 0, 0)": [0.025437824722246993, 0.001963222954488324, -0.009634778415538739, -0.006018336842907314, -0.0029420078639241865, -0.004508044847456259, -0.002765252689993263, -0.005704891593813897, -0.006487848247066967, -0.00905616755387965, -0.009157593866988528], "(2, -1, 0, 0)": [0.23071671878011685, 0.2511262434914226, 0.303504577106394, 0.3009527694268946, 0.28458396828403426, 0.28799069898468144, 0.30557545582290935, 0.25709989028922864, 0.2190267620265411, 0.25890853491061805, 0.30817257537417164], "(2, -2, 0, 0)": [0.07820704673587889, 0.07632598532491579, 0.1083303002441394, 0.07334359929239707, 0.0, 0.07625935363754796, 0.07566522241353979, 0.07813943236839135, 0.06331176537098868, 0.04743447524596807, 0.15367533166124273],