{"q_values": {"(0, 0, 0, 0)": [0.8783171905882782, 0.884565805408387, 0.8851898960129017, 0.8834015496504704, 0.8835201939210514, 0.8218236672560585, 0.8821371868719035, 0.8801127184090433, 0.880476816852263, 0.8833798872252682, 0.8823780079655313], "(0, 1, 0, 0)": [0.8008601915603041, 0.8296999431970086, 0.825088801571203, 0.8613068904282815, 0.8372691782453716, 0.831251330276268, 0.8206865336340826, 0.8218466810177206, 0.8256324847339315, 0.826099808879188, 0.8342049489213998], "(0, 2, 0, 0)": [0.6621432969494149, 0.6830324250133257, 0.5832836660365683, 0.6881617604119796, 0.6158029548827941, 0.5684041830452785, 0.6733977248965214, 0.6603646341292807, 0.6086663929916887, 0.6327609249814419, 0.6508709008475347], "(0, 3, 0, 0)": [0.2544009313744893, 0.3001991947898689, 0.2372201574877179, 0.23253030251048493, 0.24737715687526893, 0.2870291501974165, 0.26984795701651465, 0.26757855017808463, 0.23327953995176792, 0.219732039310331, 0.26061262815398384], "(0, 4, 0, 0)": [0.02033348670506059, 0.012424298899244207, 0.018406113125194617, 0.003407635934892109, 0.015889004571472284, 0.014521538343796908, 0.020119682193636596, 0.014458285941957062, 0.01835875620714531, 0.019496821579449743, 0.014207485142018667], "(0, -2, 0, 0)": [0.6144215520791448, 0.7301400508777269, 0.689658751322766, 0.5392890999530757, 0.6537574877183193, 0.7084306004477483, 0.619310958034679, 0.5828752032955399, 0.6299023630369458, 0.7172159927181232, 0.8299589264995246], "(0, -3, 0, 0)": [0.16371912809755587, 0.1498657176772854, 0.1565975030112916, 0.16154895142545778, 0.14645155556794268, 0.1524301773703896, 0.16092230987738934, 0.16250207717632756, 0.14846852267162164, 0.16531341525404697, 0.13526433532547694], "(0, -4, 0, 0)": [0.008418774022266502, 0.009455085334704832, 0.006092604811366135, 0.010949966638416915, 0.004039901175712446, -0.0011125067506038344, 0.01061207990579233, -0.0008277099376436583, 0.009463022948400063, 0.006310964420210994, 0.008191809285052799], "(0, -1, 0, 0)": [0.8346711803756633, 0.8519496280851279, 0.8460509581517598, 0.8422750583803817, 0.8487125398636534, 0.8388291402598782, 0.8474661485031155, 0.8484546811398535, 0.8311368900303355, 0.802302042272583, 0.8353833532503606], "(1, 3, 0, 0)": [0.012215425596640454, 0.01968086473420004, 0.022125155861386487, 0.02826910718140041, 0.06292762985378274, 0.0037059369535798617, 0.0037202280984873362, 0.032745762454488764, 0.00589850418718186, 0.02594000689741848, 0.005701853827496536], "(1, 4, 0, 0)": [0.0028234591923985857, 0.004299905233930552, 0.0044652232347284875, -0.002216946229359795, 0.0, 0.008140219645380632, 0.005697462056793674, 0.0028637975909819244, 0.008253734557574876, 0.005644030365809138, -0.007845253944396974], "(-1, -1, 0, 0)": [0.4167660647887088, 0.008423468994256264, 0.45663634075150794, 0.3216327733655673, 0.04249599482194509, 0.35339021621603484, 0.18859452716213493, 0.6428021462910949, 0.25572094026511616, 0.4538080516700704, 0.3541123409613777], "(-1, -2, 0, 0)": [0.027975281414637128, 0.02777717230796487, 0.028975514552306892, 0.06745756848331153, 0.004391725608742736, 0.020630802171467275, 0.034791149400315205, 0.00905141372429726, 0.021333105214333438, 0.044481827465482335, 0.026074734204568423], "(-1, 3, 0, 0)": [0.06890145388501144, 0.08105390871730048, 0.08103003273998338, 0.0731210028451124, 0.07872193258317427, 0.063514297033337, 0.07326259503002691, 0.07006473232372884, 0.07561041202005228, 0.08593181859978913, 0.06382637823028318], "(-1, 4, 0, 0)": [-0.0029206152767527003, -0.0013934983341742165, 0.004843683644513582, -0.0033671365135177706, -0.002246654838165777, 0.0011163467421328914, 0.0009654441820195585, 0.00014020219691228408, -0.001477963800425094, -0.003321874803207627, -0.003426154453711445], "(-1, -3, 0, 0)": [0.015104807609646291, 0.012002300057076335, 0.02033749049796591, 0.04242216441576092, 0.0257070218447807, 0.018692513200870228, 0.0124389353716152, 0.017189393761727702, 0.020380158206776695, 0.005090692974032316, 0.011914682833310278], "(-1, -4, 0, 0)": [-0.004626748303795816, -0.00012062242108714337, 0.0004984837005441219, 0.00060661214886125, -0.0005383665635326756, 0.0010791316568266951, -0.00016898870349597254, 0.00042220060327530576, 0.0, -0.002655066365506272, 0.0011026044014670771], "(1, 0, 0, 0)": [0.5107163008180221, 0.39730572102873124, 0.41203436616418393, 0.478477585844028, 0.20196252029329725, 0.3967375539107172, 0.3404878955700621, 0.5254806598094205, 0.22687258119756676, 0.3737431719393318, 0.21965083236394084], "(1, -1, 0, 0)": [0.5323091721906361, 0.5305356077367092, 0.523156791264431, 0.44783215269999954, 0.5117328556508232, 0.508469338278597, 0.5166425920127997, 0.5434233662537634, 0.5444658527948165, 0.5212625168713649, 0.5192425344209273], "(1, -2, 0, 0)": [0.3309270999660053, 0.2944420660455892, 0.27514924237418853, 0.28499319574128323, 0.2816301444696095, 0.29246132029133626, 0.3161695089872122, 0.3111758626529507, 0.2786229443147027, 0.2952119302971031, 0.2854164060806548], "(1, -3, 0, 0)": [0.06325256885907772, 0.041549103317018, 0.06435984916647013, 0.061399522608638894, 0.0741299399807212, 0.0566001259459712, 0.06895745086696102, 0.06745036836600095, 0.06863257155927052, 0.0651934886066138, 0.06643174854109882], "(1, -4, 0, 0)": [-0.007716631308238437, -0.004350274741763807, -0.004029915030118358, -0.004927929011675292, -0.003975050983004142, -0.004802039213445296, 0.0022142955871578217, -0.005183411447202097, -0.0038628091307985665, -0.004677854179670743, -0.00814594839765414], "(-1, 1, 0, 0)": [0.5471802055551446, 0.5462045338548109, 0.5361541938583441, 0.5563113708082461, 0.5733543521117964, 0.5574877370995758, 0.5211967301895719, 0.5625491711792988, 0.5659441854615344, 0.5580306811888365, 0.5480452125976583], "(-1, 2, 0, 0)": [0.33152291162263536, 0.33908968774974585, 0.3044735524461941, 0.2684522260295295, 0.31249048357676634, 0.3330031601984157, 0.29965638133064215, 0.3198723443529889, 0.3189670238958563, 0.32537783087780775, 0.3313534544934251], "(1, 1, 0, 0)": [0.20189697768675904, 0.2057588222642827, 0.6317568381857837, 0.22962786018815734, 0.006691147833784841, 0.15950094675664497, 0.06233222347304236, 0.029578455981599, 0.0035038922738823523, 0.14161724202256182, 0.09290702489115996], "(1, 2, 0, 0)": [0.0019012192264199258, 0.030647577301955338, 0.01786100518604548, 0.017906970177153012, 0.03670585625837126, 0.031016173764928108, 0.09582362464417751, 0.03228248487292386, 0.03287111485459479, 0.042701275146575526, 0.017873137711489514], "(-1, 0, 0, 0)": [0.32356892635729706, 0.49703266620767556, 0.48628340574264783, 0.44600735944656505, 0.2433770680187728, 0.2258865778031956, 0.5676709431645978, 0.3369414813664511, 0.32026342224954696, 0.6663999967501824, 0.4607042939614], "(-2, 1, 0, 0)": [0.013571347817313917, 0.010183518820395842, 0.0, 0.016692654774259467, 0.0, 0.0, 0.0019504040479660035, 0.0, 0.08146332305895655, 0.0, 0.009824620025421088], "(-2, 2, 0, 0)": [0.0, 0.014058662101073533, 0.01297324587342661, 0.0184616861129195, 0.012123224230333518, 0.0, 0.0, 0.022979084861515058, 0.0846140565724583, 0.014731708663725885, 0.004927311112654558], "(-2, 4, 0, 0)": [0.003654370273044138, 0.0, -0.00783675566315651, 0.0, -0.0043802522122859955, 0.0030535034745345366, -0.002763904266655445, 0.0, 0.002591795890953149, 0.0, 0.003655525120097281], "(2, -1, 0, 0)": [0.06527529237054414, 0.0, 0.014134889662887291, 0.052943719831460526, 0.07382740943068063, 0.019556013687260176, 0.0223172169951877, 0.11615109339813481, 0.16971564231897496, 0.0, 0.0534204091765281], "(2, -2, 0, 0)": [0.010156510545979217, 0.04660065031696804, 0.007013883636808574, 0.07785168878288529, 0.0, 0.007504690148896084, 0.0, 0.03403930596816995, 0.02815385880850118, 0.03531138578984503, 0.01873335360436743], "(2, -3, 0, 0)": [0.032678103829147244, 0.013107540927393298, 0.011245600086971584, 0.00881714616423861, 0.0048610533529481696, 0.0, 0.019440309490522452, 0.009385276877502069, 0.026059990932759326, 0.0, 0.013581677013004681],