{"q_values": {"(0, 0, 0, 0)": [0.862216310221921, 0.8510920858245353, 0.8264440738839098, 0.82263839772149, 0.8560986247922209, 0.8553635061648964, 0.8534491946546446, 0.8313778788821997, 0.8364691455837311, 0.816700226402883, 0.8410249695516764, 0.8473196873345856, 0.8520024253288863, 0.8597496553994775, 0.8607659831830617], "(0, 1, 0, 0)": [0.8654223620001429, 0.8049658884117046, 0.7293102863428439, 0.7581531933601887, 0.7221380713689582, 0.7670041882577029, 0.7514912009223746, 0.7141979545664908, 0.7576057316500521, 0.7816700187853562, 0.7360097579712515, 0.7611979966058048, 0.7617764765305257, 0.7859833799728635, 0.7939574647671843], "(0, 2, 0, 0)": [0.5624373100596708, 0.8863016592686987, 0.5653573471313496, 0.5982370248191058, 0.543900185976945, 0.586013466459261, 0.5836497504796879, 0.44014716352257793, 0.6061398485269834, 0.6171635431626726, 0.5113763137632104, 0.5155803657097212, 0.5753220709817346, 0.606892376561796, 0.64516419386784], "(0, 3, 0, 0)": [0.45725884844154585, 0.170395684500258, 0.17087303473444293, 0.16435541673791607, 0.17297815474903752, 0.15384294510868907, 0.16415445162899764, 0.15203641717729638, 0.16717840367143208, 0.16638789516541977, 0.16747910701484559, 0.16369432241513548, 0.16964492695792524, 0.1686170878850291, 0.16701300382162712], "(0, 4, 0, 0)": [0.017227584871998367, 0.014569597144049632, 0.014088329338349114, 0.016357213277751564, 0.010434547317901102, 0.0004708344205949129, 0.017276853682782964, 0.0118104838931257, 0.017414279566801277, 0.018646852371768368, 0.01268779087289324, 0.01697737923050977, 0.016086212034688165, 0.017964493409060443, 0.015219680919382082], "(0, -2, 0, 0)": [0.7621360676562343, 0.7154645117441174, 0.7594254168787958, 0.7476478031614091, 0.7625150191003438, 0.7314464857631346, 0.7002203685490261, 0.7509940324032138, 0.7092746173629848, 0.773164978641227, 0.846575926485242, 0.7726412316488823, 0.7783656196282469, 0.7681907721180434, 0.7491162003113997], "(0, -3, 0, 0)": [0.27691775280065994, 0.3875523246058257, 0.3170922573518517, 0.4117327054566547, 0.3365622637314036, 0.45018799144068566, 0.42038024056296697, 0.31259348856043967, 0.3986514766273475, 0.32176871624853365, 0.3175607176905655, 0.3782745005932676, 0.30971749803320453, 0.3842175072796509, 0.7406403145708739], "(0, -4, 0, 0)": [0.06572846702499117, 0.0636541004233633, 0.06628692490100006, 0.028575807743025303, 0.06297636016587677, 0.06527066754236856, 0.06859011979576476, 0.04833551514393996, 0.07037445418572182, 0.06453341601089316, 0.03095023852244804, 0.07192966784523713, 0.06892548945443149, 0.17456835234083498, 0.07135668550450008], "(0, -1, 0, 0)": [0.8752998819125307, 0.8780894843475561, 0.8807848118971926, 0.860363227650989, 0.8858264958414355, 0.8606570008745178, 0.8821563472378176, 0.8800449871415631, 0.8823533319546142, 0.8864587604621353, 0.8836093830648747, 0.791991650474839, 0.8811018006542649, 0.9053092391582348, 0.8687036506527415], "(-1, -4, 0, 0)": [0.001474712592481428, 0.09663427713851373, 0.09686696227592466, 0.09348673488065734, 0.09105604380338228, 0.11301560864128832, 0.051137926531063395, 0.003376865189801866, 0.10181137241674176, 0.08509222749964768, 0.04582815671721767, 0.11025225523997699, 0.0941182758660801, 0.1142772298449575, 0.04098710329191982], "(1, -1, 0, 0)": [0.7891544607527794, 0.6954462274935834, 0.7412688842592456, 0.7800660323322147, 0.7267126767129135, 0.7808613368516379, 0.7462008407589136, 0.7709334540179024, 0.7759000858124345, 0.7857634965779127, 0.6985282639199483, 0.7021505688964879, 0.7378209311911049, 0.7783915581828281, 0.835736931762404], "(1, -2, 0, 0)": [0.5392261595759527, 0.5150365050283336, 0.5303801683585444, 0.525069881087824, 0.47277556776546475, 0.5143109574930735, 0.5313936629314132, 0.5340539490738203, 0.49907150002865197, 0.526643173213227, 0.5085006729354846, 0.4976316824118182, 0.4936458989144698, 0.72584576830507, 0.5075534136699801], "(1, -3, 0, 0)": [0.13665996593833357, 0.15596713072877816, 0.14315455595371657, 0.11769059579922549, 0.12056961186437126, 0.07826828515614638, 0.09875544611167417, 0.08202429348162239, 0.06322429929651505, 0.09327446569571478, 0.09276047351340841, 0.1418901005408416, 0.09179154238638174, 0.2959228771991652, 0.07377853036346692], "(-1, 0, 0, 0)": [0.47396751996059416, 0.4393797120302171, 0.5247176632386551, 0.4958416225984811, 0.5682279547099429, 0.5466754834569689, 0.4992291580283351, 0.5389205743512944, 0.5133329971798077, 0.5287204891534393, 0.5264462059301743, 0.5090455084648562, 0.5605920955489109, 0.5469453345501641, 0.5567509030331852], "(-1, -1, 0, 0)": [0.5993697370468404, 0.6171446751182937, 0.5532575776996232, 0.4576368044012719, 0.6134727000080421, 0.5826582294041757, 0.6215292188932285, 0.6228596891624472, 0.544380783430685, 0.5971555295690896, 0.6669192082411091, 0.6331880907320687, 0.576844266292544, 0.6300761300398546, 0.5906400853525071], "(-1, -2, 0, 0)": [0.3179088058778592, 0.06641344377742273, 0.12368894290788249, 0.07318921425373766, 0.06627385375391918, 0.03527640320521916, 0.2080223858083536, 0.12222600241180638, 0.065446674632958, 0.27513684009869416, 0.09340972985500844, 0.06575354957222607, 0.07089894791827353, 0.09762776882605713, 0.11022269352128378], "(-1, -3, 0, 0)": [0.24067188219797656, 0.22322081152308176, 0.03877163031095392, 0.24875359281980464, 0.2535449472545805, 0.021159276199206906, 0.2639602084493631, 0.26158347258902914, 0.23782496637908052, 0.26535993826347215, 0.2412418026264706, 0.2533920654344772, 0.1853392432488858, 0.26586859088371945, 0.19206362687236256], "(-1, 1, 0, 0)": [0.4307574269592426, 0.4565038553344798, 0.593306223481026, 0.4369109889595744, 0.3783491440466084, 0.35001177139696826, 0.4243259719169762, 0.425069314398617, 0.4093037237028687, 0.39729746558415835, 0.40050701405269645, 0.4170133280371593, 0.3966741498866189, 0.4369691065440223, 0.4246759903847803], "(-1, 3, 0, 0)": [0.09311628670750575, 0.0958754218209794, 0.10174231559487276, 0.10696116424274674, 0.10054579848994413, 0.10530439198576884, 0.1118581935743851, 0.1019012391827517, 0.09374343675889567, 0.101341637078989, 0.11165636959468303, 0.0953313112111702, 0.10513815329159301, 0.10090396766495899, 0.09621249435736438], "(-1, 4, 0, 0)": [0.00016472801939925417, 0.0002969160424981217, 0.0008941647636092022, -4.9609138080213e-05, -0.0021407917516083493, 0.0007764841869548822, 0.001013352824223602, -0.0018285552135866873, 0.0008160536052357788, 1.5242228920852273e-05, -0.0001647537893061492, -0.000853143360247075, -0.0026015971063527597, -0.0022424817639799576, 0.0010065699306838543], "(-1, 2, 0, 0)": [0.2913054272667773, 0.3919468413125342, 0.2752721965151261, 0.2771667607040305, 0.30606461547750474, 0.28216748847318335, 0.309441764925021, 0.2672390234758787, 0.26621742751040206, 0.32077874485489144, 0.27598751358722656, 0.3131477336722813, 0.29625403510383214, 0.28632104305822276, 0.3010370132284751], "(1, 0, 0, 0)": [0.8455208458983621, 0.8424740187069608, 0.8487465152105255, 0.8514069726039705, 0.8433088800334572, 0.8518609449480664, 0.851247278558606, 0.8660906714657647, 0.8414291527852714, 0.8391695538379441, 0.8488571259943958, 0.8463746733442526, 0.9081231683739356, 0.8514984948642026, 0.7631897581771487], "(1, -4, 0, 0)": [-0.0052294194999910875, 0.0023399674046240583, 0.0007316539942651681, 0.01684420018125659, 0.009851948735745766, 0.001110343002113102, 0.000994279341229024, 4.3238907917831325e-05, 0.0005456692984859238, -0.005394528792625496, -0.0052090699473481585, 0.0013569558057746215, 0.015454557251970907, 0.0006736784231891292, 0.07741880750669265], "(1, 2, 0, 0)": [0.7183178141799629, 0.6575502411543565, 0.8478098200415503, 0.7241806734500881, 0.6576252819014714, 0.6697393205879528, 0.6957924021984986, 0.6637138017672125, 0.7264118943386308, 0.7322649400418985, 0.7450299519641216, 0.6638119474317268, 0.6956044247189354, 0.7139549903270671, 0.6952382609862972],