{"q_values": {"(0, 0, 0, 0)": [0.7343785545309862, 0.7487103939070947, 0.851145159618278, 0.753555146539095, 0.7077165609834717, 0.7231040033266781, 0.7557726480003049, 0.763496101853617, 0.7532145155664358, 0.7497449985459139, 0.7570870463431456, 0.7517125043424094, 0.7529150633729946, 0.7203372095332862, 0.7349461364757176], "(0, 1, 0, 0)": [0.6593064184629699, 0.8342998798306148, 0.6767178799463569, 0.6705394248740936, 0.6392191444284081, 0.6601695052621803, 0.6427611140455702, 0.6516639307963469, 0.6835240023593017, 0.6759745776901219, 0.6675849967394787, 0.6704237852886925, 0.6537227770789446, 0.6741766306998477, 0.6677308179453917], "(0, 2, 0, 0)": [0.4219902704901566, 0.6481593051937671, 0.5263439714151391, 0.5008120555942659, 0.4679806140502333, 0.41197632580864996, 0.516886297321196, 0.44014716352257793, 0.4646893933415761, 0.4630438390406627, 0.5113763137632104, 0.4134985063123653, 0.43923985258492554, 0.4982318257388756, 0.41093118370508747], "(0, 3, 0, 0)": [0.26970379768652686, 0.170395684500258, 0.17087303473444293, 0.16435541673791607, 0.17297815474903752, 0.15384294510868907, 0.16415445162899764, 0.15203641717729638, 0.16717840367143208, 0.16638789516541977, 0.16747910701484559, 0.16369432241513548, 0.16964492695792524, 0.1686170878850291, 0.16701300382162712], "(0, 4, 0, 0)": [0.017227584871998367, 0.014569597144049632, 0.014088329338349114, 0.016357213277751564, 0.010434547317901102, 0.0004708344205949129, 0.017276853682782964, 0.0118104838931257, 0.017414279566801277, 0.018646852371768368, 0.01268779087289324, 0.01871505794101322, 0.016086212034688165, 0.017964493409060443, 0.015219680919382082], "(0, -2, 0, 0)": [0.6636490177331887, 0.6959853246580125, 0.6619783063621347, 0.7177067575616166, 0.6446665527670135, 0.6642059505271858, 0.699110168546112, 0.6630701570329383, 0.7218946574126996, 0.6660255658826976, 0.653881499741556, 0.6368951537669116, 0.795116070363751, 0.6792238391434566, 0.6978911497388862], "(0, -3, 0, 0)": [0.27691775280065994, 0.3528095892144179, 0.3170922573518517, 0.37024299577083153, 0.2859285620763219, 0.3154230686809306, 0.34851482858713606, 0.31259348856043967, 0.3986514766273475, 0.32176871624853365, 0.3175607176905655, 0.3782745005932676, 0.30971749803320453, 0.35423287335057885, 0.7356900652823637], "(0, -4, 0, 0)": [0.06572846702499117, 0.06292341198209125, 0.05991628374211534, 0.028575807743025303, 0.06712142039524265, 0.16776255804532628, 0.10868266379152074, 0.04833551514393996, 0.04769484415855898, 0.07326614688801511, 0.03095023852244804, 0.057738108073097455, 0.06892548945443149, 0.38034025922103093, 0.07135668550450008], "(0, -1, 0, 0)": [0.8141387187697418, 0.814810881022607, 0.815277188194549, 0.8172678051098793, 0.8136282925167797, 0.7902905667719586, 0.802269483018332, 0.8165667181123174, 0.7980593729509318, 0.8182122752548795, 0.8311146435418596, 0.8160160317554529, 0.8071486627583875, 0.8198662946605507, 0.8211681874081742], "(-1, -4, 0, 0)": [0.001474712592481428, 0.10252009081460366, 0.054962091589428205, 0.01823791054487057, 0.055389497972394695, 0.011331487440043034, 0.051137926531063395, 0.003376865189801866, 0.08319226477255875, 0.0030818642831705627, 0.04582815671721767, 0.05179640505170794, -0.002694606156489405, 0.39796308685959914, 0.0031486996667134236], "(1, -1, 0, 0)": [0.6564029916140915, 0.6537002547154396, 0.677792061586969, 0.6771286234030915, 0.6627662867625437, 0.6284432296349628, 0.6618745223597972, 0.6614322469509064, 0.6606996533495034, 0.6352040681771586, 0.6579979320986207, 0.6766865705928069, 0.6637698190056258, 0.7185327639470044, 0.6326081120506668], "(1, -2, 0, 0)": [0.5243930679968181, 0.5150365050283336, 0.4950593182495279, 0.49132929538322245, 0.5091609252792508, 0.5244130428675533, 0.4968094334244824, 0.4854805280943481, 0.5087837094720743, 0.5520423716938008, 0.5085006729354846, 0.5296149328738928, 0.4936458989144698, 0.5181732790582146, 0.7059831455998145], "(1, -3, 0, 0)": [0.09472262734404888, 0.08943701455659488, 0.14315455595371657, 0.0920359551294683, 0.09008385005500276, 0.07826828515614638, 0.09875544611167417, 0.08202429348162239, 0.06322429929651505, 0.09327446569571478, 0.09276047351340841, 0.1418901005408416, 0.09179154238638174, 0.37593332280006275, 0.07377853036346692], "(-1, 0, 0, 0)": [0.4228407111379034, 0.3507369785550935, 0.4182928220001965, 0.4274467987291954, 0.3539750999807888, 0.4127917051788989, 0.3016625683584467, 0.28153338058847366, 0.4882882399340329, 0.36757184680789706, 0.4254873755747754, 0.3704555147537835, 0.40171054615242363, 0.40673746747674777, 0.4411218357182168], "(-1, -1, 0, 0)": [0.18135087002115127, 0.15101620131928054, 0.16427684349145416, 0.17401337734887734, 0.14895116896657823, 0.18905702284300382, 0.5345551645067773, 0.17972874337966613, 0.14232522238257067, 0.19794043967907643, 0.166752270378055, 0.1559258534361053, 0.0917022607686365, 0.1151583540936229, 0.22083037547196063], "(-1, -2, 0, 0)": [0.5243859875152747, 0.06641344377742273, 0.07354937340091879, 0.07318921425373766, 0.06627385375391918, 0.03527640320521916, 0.11288208129632306, 0.04738506509330245, 0.065446674632958, 0.16071160386483602, 0.09340972985500844, 0.06575354957222607, 0.07089894791827353, 0.09762776882605713, 0.11022269352128378], "(-1, -3, 0, 0)": [0.15830555683850184, 0.0137071292753479, 0.03877163031095392, 0.041111772986210014, 0.1065234579442646, 0.021159276199206906, 0.029502977869914793, 0.1500826335240809, 0.019157584096389024, 0.062048777436096283, 0.5203542423925467, 0.21184809876492602, 0.12641784139783807, 0.12099208083647876, 0.03180567885451614], "(-1, 1, 0, 0)": [0.3838009601244839, 0.35063095350709717, 0.3857361077717792, 0.37461320730036307, 0.39666237634172574, 0.35001177139696826, 0.3841757301969997, 0.39217367553747723, 0.39317507279174235, 0.39032167068224105, 0.38366544272884917, 0.4003698941408443, 0.37681107320752655, 0.38316829452608536, 0.4001045692226207], "(-1, 3, 0, 0)": [0.21450216370089287, 0.0958754218209794, 0.10174231559487276, 0.10696116424274674, 0.1074749347320369, 0.10530439198576884, 0.10302511417594248, 0.1019012391827517, 0.09374343675889567, 0.101341637078989, 0.10022405462581929, 0.0953313112111702, 0.10513815329159301, 0.10090396766495899, 0.09621249435736438], "(-1, 4, 0, 0)": [0.00016472801939925417, 0.0002969160424981217, 0.0008941647636092022, 0.0012257802970689364, 0.0011155950575356538, 0.0018169533451900845, 0.001013352824223602, -0.0018285552135866873, 0.0008160536052357788, 0.0021726270610144495, 0.0019243320777982712, 0.0010664472720527465, 0.002205971136819183, 0.001636223810583222, 0.0010065699306838543], "(-1, 2, 0, 0)": [0.34062497548113785, 0.264018656913964, 0.2752721965151261, 0.2771667607040305, 0.27240576996384513, 0.26444221070152424, 0.2659249297049212, 0.2672390234758787, 0.26621742751040206, 0.2622257818243532, 0.2607454115149129, 0.27347393237407447, 0.2778112824408812, 0.273442669236713, 0.27742193024055206], "(1, 0, 0, 0)": [0.704182623399687, 0.7030620609371337, 0.755149219604737, 0.6958171142133, 0.6920424960884559, 0.7200119174906948, 0.7076413748782436, 0.7193415173509975, 0.7071432653553094, 0.7157339608508615, 0.7107416280767311, 0.7141837121341399, 0.6951965655194573, 0.70242926885584, 0.6917214223822215], "(1, -4, 0, 0)": [-0.0052294194999910875, 0.0023399674046240583, 0.0007316539942651681, 0.01684420018125659, -0.0004622124197772486, 0.001110343002113102, 0.000994279341229024, 4.3238907917831325e-05, 0.0005456692984859238, -0.005394528792625496, -0.0010622738238996775, 0.0013569558057746215, 0.015454557251970907, 0.0006736784231891292, 0.09428561844565946], "(1, 2, 0, 0)": [0.7539160859969011, 0.6575502411543565, 0.682690506910065, 0.7241806734500881, 0.6576252819014714, 0.7515077562532397, 0.7542756743363369, 0.6358943077556075, 0.6213194438626137, 0.7322649400418985, 0.7115215318485058, 0.735718391425272, 0.6956044247189354, 0.6659866360106548, 0.6902736962350046],