{"q_values": {"(0, 1, 0, 0)": [98.92277734453029, 96.89569833156844, 98.9423286453132, 97.71557917958353, 98.82806552906044, 98.95327988049112, 98.90657100071981, 98.86145238053152, 98.92183169273842, 98.90662905515828, 98.82445134244156], "(0, 2, 0, 0)": [97.86058556458929, 97.73317293798361, 94.4789111691567, 97.29639664129081, 97.78155646532247, 96.83173553220065, 97.57444490986221, 97.14490996207114, 97.30888166891256, 97.59249203361856, 97.84934011352844], "(0, 3, 0, 0)": [92.00891899928403, 94.28855811322792, 92.63005755619494, 91.72767490348666, 89.62863683257069, 93.06397853041226, 92.60558505554118, 94.17288277485717, 92.01136050165184, 88.62121325532613, 92.0881332931071], "(0, 4, 0, 0)": [85.78146441378756, 79.71188694094228, 80.39688823166381, 79.48928640906817, 77.60292040852204, 78.87072164163196, 77.6103166505482, 78.43054371930525, 78.36432666297559, 77.27442892187021, 79.09660504901747], "(0, 5, 0, 0)": [59.265577655962154, 67.89320507318139, 58.544890811443686, 56.858047560845066, 54.48966423793165, 61.07231160974218, 64.25117961697389, 60.64017345591359, 61.292951837185804, 57.896031252720306, 47.35467759349048], "(0, 6, 0, 0)": [29.301243713121554, 31.728955973539897, 33.073540112728786, 30.736216760142764, 29.376846763837868, 32.11483564719625, 30.548402794950317, 30.7222569357966, 29.79577155940469, 29.17543986162046, 30.82218458038877], "(0, 7, 0, 0)": [12.779307772523298, 11.138246543496676, 11.667863154205824, 12.419216870178122, 10.175461678561168, 11.191390222725627, 11.940796337704178, 12.334764786758852, 11.231068254868372, 12.939305942055945, 11.385791734735433], "(0, 8, 0, 0)": [1.636257941647537, 1.5877172744086558, 1.1652814935920481, 1.6710419815287458, 1.3063775493714622, 1.3721322366883113, 1.5375049640331073, 1.126240999128496, 1.2937278957726306, 1.76173565460739, 1.4801794522674072], "(0, -4, 0, 0)": [82.16357187195142, 81.16799408997048, 80.14953624556831, 80.76444601539525, 80.55866506562111, 79.88082879319003, 82.56126438001688, 78.51549696834535, 91.75339818330781, 83.24124376573387, 85.79279164073348], "(0, -5, 0, 0)": [56.6979605693917, 54.30822751069685, 46.05673711429748, 61.744099824079484, 57.94643933992079, 57.27585928443836, 53.64426862540261, 55.00151566999591, 54.82703379208363, 64.80661681422261, 61.99647306289986], "(0, -6, 0, 0)": [34.505192532093105, 37.76354416931963, 39.42079265231309, 36.28928751310767, 39.220386675803496, 38.94526335495618, 39.549963200007724, 39.13194384275538, 38.48379723770377, 39.10826584103434, 36.095641460294374], "(0, -7, 0, 0)": [15.723488737283212, 19.48169344317232, 15.606521370219898, 20.589264067063084, 19.832253910236286, 23.72755403810958, 20.108900050443115, 15.609093727779413, 16.132007212408737, 19.083388623585382, 24.304752674824275], "(0, -8, 0, 0)": [2.4453932738739117, 3.5063126637909416, 1.6411844369522677, 2.4615252897531157, 2.1964512809472128, 1.7621025554937573, 2.198684634315934, 2.5514623841594037, 1.980762759058349, 4.567737975630189, 4.414451151046545], "(0, 0, 0, 0)": [99.23238450588183, 99.23464104906095, 99.22967328302653, 98.96397846417837, 99.22384706488985, 98.8159483389434, 98.2618027719023, 99.23386293522722, 99.21289125052205, 99.23295997928228, 99.21250856610187], "(0, -1, 0, 0)": [99.07713869103617, 99.0092107906582, 99.04567144397483, 98.81678271128627, 99.04495246841141, 98.99018827511993, 98.46561831001732, 98.53615190078915, 99.087284526816, 99.14263957515577, 99.07352030430906], "(0, -2, 0, 0)": [98.05712088012844, 97.87303088576785, 97.53227896185146, 97.29585926607807, 97.66378543365563, 97.89952067236483, 97.73116594571937, 97.7681953487408, 97.90956932980735, 98.83475375963059, 98.05423972010595], "(0, -3, 0, 0)": [91.73183414012748, 92.78927124071257, 91.7873184793836, 93.49528820132097, 93.56458454690265, 91.94353478905187, 91.91258005870111, 91.12303674583052, 92.15934637100973, 93.43793781663608, 97.29458696924273], "(-1, -6, 0, 0)": [0.5534415825123831, 0.9889163793178813, 4.647914822305833, 1.9273511355697637, 1.2857501342535413, 2.7830643425991255, 1.6336345923213162, 0.8403207332519795, 0.2680999318550144, 3.7389186049467638, 0.40658847302973694], "(-1, -7, 0, 0)": [0.948729989149552, 2.7411180686747727, 0.2174213583796207, 0.33863888590335844, 1.5143197201000689, 1.2378853472185791, 1.2273798198987287, 2.3074921948724456, 0.36956991522312166, 1.7079755955409612, 0.24233056270656939], "(-1, -8, 0, 0)": [0.0, -0.5233952487025424, 0.08318207818510992, 0.0, -0.10708055155255086, 0.0025097021631883543, -1.0668638591766357, 0.0, -0.4488835877032051, -0.11731496689596832, 0.34597352407667636], "(1, -7, 0, 0)": [5.034898794539996, 4.01963576813941, 4.350954017854955, 5.624651539653321, 6.0039600858261455, 5.927064316163751, 5.072793429072549, 5.517003350431685, 5.694232110800322, 5.961062355319416, 5.663138179865452], "(1, -8, 0, 0)": [-0.7953886763894378, 0.2371835361105764, 0.7169921633827723, -0.8992986111619006, 0.287700671355947, 0.6350727745688867, -0.7872320352618151, 1.0450343796703585, 0.35305307454378243, 1.8023227855738488, 0.8998449305595744], "(-1, -3, 0, 0)": [45.92452096508729, 29.966933679637194, 44.02169201352556, 32.753393146816826, 41.03116081090827, 39.47508031732076, 28.361858830288156, 42.10580810405445, 53.14680377005407, 41.915616832492184, 39.06891925767304], "(-1, -4, 0, 0)": [15.805212986713332, 23.631183817404462, 23.58591478957404, 22.74203687092281, 19.37267255845783, 22.992954167016244, 28.029312387556097, 36.58938424230972, 22.89360830852143, 29.272585442058105, 41.417843947626295], "(-1, -5, 0, 0)": [2.450984814968989, 2.080320781222254, 7.308135504084955, 2.118862281930639, 4.699563195737075, 5.993232350870934, 5.236219276685131, 2.8996832242704, 4.025477788411998, 2.4984512256298785, 3.4523738827505595], "(-1, 3, 0, 0)": [63.38154984973454, 58.45931624645641, 64.83349309042183, 66.29785781833166, 66.12720736676955, 66.81361906779522, 59.72157812886075, 65.68152505557919, 60.19593040768793, 66.72397808742306, 66.14196134162617], "(-1, 4, 0, 0)": [42.81241518724132, 59.1357987820731, 47.113652915741646, 49.30511171638246, 50.99636539503484, 44.62110002846167, 38.97218361639794, 45.01001489831331, 45.27250934586402, 47.99998709443695, 44.271773581614696], "(-1, 5, 0, 0)": [28.16097497399547, 39.757606997225565, 30.442332071949792, 27.878705439404346, 30.555647443851665, 28.455728819994523, 27.318685328863072, 27.100794944224273, 24.170688276226926, 27.17272767183343, 28.009957345791456], "(-1, 6, 0, 0)": [15.598679485117376, 15.144748228887794, 13.90502955174535, 16.150449192612328, 16.472340522113686, 14.037646475839534, 14.101881814683669, 14.849478494489494, 14.658781029908026, 15.633665902334714, 15.974392286519638], "(-1, 7, 0, 0)": [6.333466587058767, 6.271872066401539, 5.83758979628443, 5.665710472414215, 5.855007652005405, 6.408676274578079, 6.296235591249159, 6.0636050261592755, 6.4080377171008225, 5.9726769448523305, 6.532174321909062], "(-1, 8, 0, 0)": [0.3505218504145614, 0.5715830477871214, 0.5474337209245511, 0.4532053989902405, 0.5710521331015069, -0.007734188378832552, -1.178489875989575, -0.5132543828224443, 0.7380757020393425, -0.8724374678282707, -0.03753861804388792], "(1, -3, 0, 0)": [66.23573875895926, 66.20738921090015, 60.12017044862271, 65.82698954124135, 62.299093892415016, 63.8171062374237, 63.7084574583461, 63.6574140157062, 62.6220543898962, 61.20486020310834, 77.84331932257312], "(1, -2, 0, 0)": [84.3105381892572, 83.9763583036269, 85.08257753751614, 86.0884416535242, 86.61260795518714, 87.91717745317781, 77.93726330671277, 90.0755811236753, 88.20013486261523, 86.21686366521992, 87.783612323138], "(1, -4, 0, 0)": [39.06729740554829, 42.35299449942035, 37.70525725718572, 39.25415436890189, 35.024482694617205, 32.39956436195305, 37.06592798916074, 42.17351330665565, 42.21508198133318, 38.162796887909714, 48.22527856454932],