{"q_values": {"(0, 0, 0, 0)": [0.37989629740453695, 0.3882948625398834, 0.4038735228959171, 0.369717754031549, 0.38810207755819637], "(0, 0, 0, 1)": [0.39413119164642474, 0.3857481346396536, 0.3797508991414165, 0.3633128908521878, 0.32332401372081665], "(0, 0, 0, 2)": [0.3452252514963046, 0.3257350960640646, 0.2945501982376345, 0.29153675634906073, 0.21492882988343937], "(0, 1, 0, 2)": [0.3544040444230137, 0.3319955662799137, 0.3440557605639692, 0.33421756117925355, 0.32323889625626795], "(0, 1, 0, 1)": [0.350905766507095, 0.3329069406358238, 0.3559353329532838, 0.33556459241652153, 0.3538786385560915], "(0, 1, 0, 3)": [0.33896314005014655, 0.3118732663396045, 0.3267625444655564, 0.31482963837676414, 0.23817745425409678], "(0, 1, 0, 4)": [0.32060425285148514, 0.29914387572173806, 0.18373205748402346, 0.14580796576518887, 0.16900721193415266], "(0, 1, 0, 5)": [0.12144266181045371, 0.22833377644219952, 0.11647905825548246, 0.07154177442355378, 0.03885817888213314], "(0, 2, 0, 5)": [0.2065632568833406, 0.16665960993329054, 0.1817593479103214, 0.15754673260295698, 0.068854612550712], "(0, 2, 1, 6)": [0.08906455655601277, 0.04628613246280983, 0.02646190536864478, 0.04145713570464617, 0.01086666123601749], "(0, 2, 0, 6)": [0.10359383968705373, 0.13529661494808592, 0.0888656111510478, 0.07231742211208086, 0.06396562864444416], "(0, 2, 1, 7)": [0.04607494483679151, 0.04372146132577987, 0.0, 0.009049358630242463, 0.008163838566350307], "(0, 3, 0, 6)": [0.10019476900801644, 0.11573592840595044, 0.11531578219739638, 0.09479277371226906, 0.08419794223452265], "(0, 3, 0, 5)": [0.10556842332375094, 0.09198228161542216, 0.11812606880547556, 0.10066792271258791, 0.09422381384771678], "(0, 3, 0, 7)": [0.08757089868772718, 0.09116133541965843, 0.07241475807801322, 0.07861148246261829, 0.05783655586363451], "(0, 4, 0, 7)": [0.026638018061632157, 0.030814151076566904, 0.030138504131580122, 0.02911630233476704, 0.019112856699614402], "(0, 4, 0, 6)": [0.029970893943962535, 0.02436525975885229, 0.038285743256226405, 0.03817767249993856, 0.025655112702175242], "(0, -2, 0, 1)": [0.19409850569879966, 0.22565145778685172, 0.21245200483546153, 0.08547064929592302, 0.13537491037303648], "(0, -2, 0, 0)": [0.2170446285919223, 0.24522704402373913, 0.22404268344154266, 0.19842865316963101, 0.21401755804186365], "(0, -2, 0, -1)": [0.25908725861702764, 0.2228843073630476, 0.2529414938717732, 0.239192233606184, 0.22958510354219025], "(0, -2, 0, -2)": [0.2301595334804081, 0.265767660826442, 0.2532461636120753, 0.23728819076357158, 0.2447245351563268], "(0, -2, 1, 1)": [0.0, 0.0, 0.019611239780342207, 0.0, 0.0029299322515726088], "(0, -2, 0, -3)": [0.22389372850868627, 0.21619631039557383, 0.26256149019342956, 0.25306534788987656, 0.2644611680381016], "(0, -3, 0, -4)": [0.1478357450324406, 0.14636699798028943, 0.12766319463362036, 0.15812882851557944, 0.16600535271326963], "(0, -3, 0, -6)": [0.07202335711297234, 0.08310066032012206, 0.13056541856472292, 0.11449809739256901, 0.11876814771301397], "(0, -3, 0, -5)": [0.1295491254010303, 0.13674117531454483, 0.1281229159104518, 0.14619856861965555, 0.13669574415105154], "(0, -3, 0, -7)": [0.047575745904703814, 0.09333623868548994, 0.10708940364750165, 0.09020069056650254, 0.10567632669522299], "(0, -4, 0, -8)": [-0.006333014293873631, -0.011255536658103195, 0.01177108708585957, 0.02650391214330253, 0.012797432019647406], "(0, -4, 0, -9)": [0.008348462606026667, -0.009223170142307786, 0.0013930865396176648, -0.0011856579898581387, 0.01918304610740916], "(0, 1, 0, 0)": [0.345725387952204, 0.3431552438307278, 0.3379044572701658, 0.3580141163605284, 0.33414632721889537], "(0, 2, 0, 1)": [0.15959912972069032, 0.19135383869928105, 0.23498471756911124, 0.24675535034812746, 0.20448886135595568], "(0, 2, 0, 2)": [0.19116967861168882, 0.24572454270476637, 0.24181804754870648, 0.24618981568118956, 0.23681061926601074], "(0, 2, 0, 0)": [0.06384947661307042, 0.10679781913431304, 0.08209406103314928, 0.15946847563139147, 0.1962186200985348], "(0, 2, 0, 3)": [0.2151063420331361, 0.23619716824739984, 0.25938830283091235, 0.23699738651708502, 0.19501299510357656], "(0, 2, 0, 4)": [0.20650584157651025, 0.18991261341246002, 0.20794146830096505, 0.2089621320532336, 0.20369519263379335], "(0, 3, 0, 8)": [0.053086609252034116, 0.0313614719726993, 0.04561477823905805, 0.029272827495991124, 0.026646053637205395], "(0, 3, 0, 9)": [0.021387234289392675, 0.01502575463013944, 0.02154953520146373, 0.012515781889010093, 0.012401265664343065], "(0, 4, 0, 9)": [0.012791335387279033, 0.024627422367077323, 0.0006186078266755563, -0.008345444614088579, -0.012135931318617572], "(0, 4, 0, 10)": [0.0013248216251915863, -0.0011430242068559224, 0.00021839039026698686, -0.011132828202098608, 0.004876173109220976], "(0, -1, 0, 0)": [0.36632741619078213, 0.3885380190258109, 0.36907729247623533, 0.36168207113042694, 0.35856047348290765], "(0, -1, 0, -1)": [0.3587002572702833, 0.3653952910191102, 0.38360962361892714, 0.3881273253491835, 0.3684311561840533], "(0, -1, 0, -2)": [0.3428573909545384, 0.3617491949832108, 0.36225705929169494, 0.32631979170062636, 0.3400139782991252], "(0, -1, 0, -3)": [0.28030104133977984, 0.3127083448767503, 0.3245170264958236, 0.363011027327907, 0.35657674186488514], "(0, -1, 0, -4)": [0.1310282927063435, 0.21790049238571138, 0.2810701437280194, 0.24940194263241525, 0.34680108951459326], "(0, -2, -1, -5)": [0.05143677277223159, 0.0, 0.029238905279512235, 0.11567462623344292, 0.03292288168831653], "(0, -2, -1, -6)": [0.009107505160990003, 0.01931809014170971, 0.054576572735244674, 0.07880891619642738, 0.05881921851333684], "(0, -2, 0, -5)": [0.1251067035953436, 0.1885175394063764, 0.19164316898722356, 0.18986165205653088, 0.21861356232369572], "(0, -4, 0, -4)": [0.0, 0.010000485071568426, -0.004017382121659609, 0.013652925656865308, 0.008198715390496174], "(0, -4, 0, -5)": [0.028396695219328083, 0.04579800315336527, 0.04737217800776657, 0.015973633639610678, 0.025617101638427727], "(0, -4, 0, -6)": [0.04046707825112328, 0.045250998094963316, 0.048137818200702016, 0.05137723983716162, 0.04617566123938802], "(0, -4, 0, -7)": [0.03330658069066515, 0.036949279333370035, 0.02977760611904199, 0.023920449681863066, 0.029261981106499652], "(0, 0, 0, -1)": [0.336595138629077, 0.37079568135473107, 0.3774882382883024, 0.3906960981467454, 0.3919515937542376], "(0, 0, 0, -2)": [0.2830630186321469, 0.3071295273066355, 0.3239610831362164, 0.35443590630653193, 0.30194598215079466], "(0, 1, 0, 6)": [0.023631729323542912, 0.015553864685657838, 0.018201825920374944, 0.0440292842967321, 0.0], "(0, 3, 0, 10)": [0.0, 0.0036469173459931278, 0.0033464504859410226, 0.006459020182931423, 0.0], "(0, -1, 0, 1)": [0.3645721616043506, 0.3601240946349241, 0.3498299989521024, 0.21192597098959148, 0.28989705880967115], "(0, 0, 0, 3)": [0.2649233486490929, 0.26426333497175747, 0.19715009020759997, 0.22101752468193064, 0.0954933939797794], "(0, 1, 1, 5)": [0.046385831204984684, 0.0443739658883521, 0.03889109646044376, 0.008357745993986919, 0.01218528592492554], "(0, 3, 0, 4)": [0.09411481459245732, 0.09345092561173612, 0.12132739347596846, 0.12880063331248454, 0.08321220117354819], "(0, 4, 0, 8)": [0.01677601150731488, -0.0024271403255043244, 0.010680752406429215, 0.02510933706790731, 0.027548219409020906], "(0, -1, 0, -5)": [0.026012596901122065, 0.014116644480533047, 0.06652659059711497, 0.20171561877060812, 0.01418090119836543], "(0, -2, 0, -4)": [0.17923297364377105, 0.20034752747967938, 0.2021020509934319, 0.20113669351499483, 0.2562800072081491], "(0, -2, 0, -6)": [0.0771659345086376, 0.08631914167313778, 0.09464775607635945, 0.17093042810434295, 0.18475355253083142], "(0, -3, 0, -8)": [0.031387654256499295, 0.047282717384010624, 0.055364788460531354, 0.0764109581439819, 0.11490712357626473], "(0, -4, -1, -11)": [0.0006900127391528382, 0.0, 0.0, -0.006569674238562584, -0.006529984250664711],