{"q_values": {"(0, 0, 0, 0)": [0.950178678196997, 0.9376552035447503, 0.9452548013977345, 0.9295831983715271, 0.8778826517358095, 0.9226445142961264, 0.9440536666792887, 0.9439447938822558, 0.945460980356894, 0.93772970829336, 0.8974351774549314], "(0, 1, 0, 0)": [0.8960814297944736, 0.8652775000303603, 0.9240242463641362, 0.9402001255151496, 0.9074305716214338, 0.9081008792967046, 0.9082353550170005, 0.8581395694410202, 0.9030340769968099, 0.9035374523224947, 0.8889930706753975], "(0, 2, 0, 0)": [0.6715175782236454, 0.6639893862303664, 0.7041237511536742, 0.6653849642953024, 0.6610676526593939, 0.674538583338831, 0.7052464226627564, 0.6061525568416505, 0.6574154834691753, 0.6786377930832718, 0.6185575060791434], "(0, 3, 0, 0)": [0.16631744311383462, 0.16669153463226197, 0.15493889220285934, 0.1604372901724969, 0.15290973065255645, 0.15617468298221512, 0.15886214339053206, 0.14566586079533267, 0.15318496563669526, 0.1487287863072421, 0.15211002013188898], "(0, 4, 0, 0)": [0.012736626546375461, 0.01760732949794323, 0.020456279354822596, 0.023474962994042673, 0.018336966307700747, 0.017926352381765178, 0.019078923605800116, 0.0180364992630266, 0.0196278798123179, 0.012381927761730293, 0.019856318619822438], "(0, -2, 0, 0)": [0.5825096969465489, 0.6818023310171085, 0.6604941187231149, 0.6462839337877581, 0.6424515313925024, 0.626798659115964, 0.5837411284471737, 0.6793006798649176, 0.5838751933981526, 0.6695064815594143, 0.6562433687548982], "(0, -3, 0, 0)": [0.14001985206717543, 0.15869615497912457, 0.1450763589177416, 0.1587114226767091, 0.16268591712090788, 0.12622988523871828, 0.13995544209755326, 0.14075485480488806, 0.14053113520615723, 0.15172446786004315, 0.15922709043413616], "(0, -4, 0, 0)": [0.010071972231804976, 0.018540510056938637, 0.016952145935840785, 0.01666499658619245, 0.015433307323082174, 0.00616119045630862, 0.0019679872284167326, 0.016781823555944923, 0.016120598051602632, 0.01921116437500261, 0.019833926965282772], "(0, -1, 0, 0)": [0.9034671121821475, 0.9332754974976989, 0.9370406172535091, 0.8986383048226573, 0.8754665684162642, 0.9171296947936384, 0.904218589722065, 0.9325739460505588, 0.9152668791718975, 0.9026253095131842, 0.8711869753101076], "(1, 3, 0, 0)": [0.012215425596640454, 0.00929674419555731, 0.022125155861386487, 0.0029206416269844356, 0.04193991113405496, 0.0037059369535798617, 0.0037202280984873362, 0.01648798903644008, 0.00589850418718186, 0.01671237348338157, 0.005701853827496536], "(1, 4, 0, 0)": [0.0028234591923985857, 0.004299905233930552, 0.0044652232347284875, -0.007863020226359367, 0.0, 0.0032299100551046235, 0.005697462056793674, 0.0028637975909819244, 0.006007398661695163, 0.005644030365809138, -0.004357173666357995], "(-1, -1, 0, 0)": [0.0031276318836970644, 0.008423468994256264, 0.02443220311298071, 0.0031320070508880932, 0.0, 0.025539537429479096, 0.008424137363489872, 0.1917758987298552, 0.029561478154497764, 0.0035261268541908254, 0.09501945760856763], "(-1, -2, 0, 0)": [0.027975281414637128, 0.02777717230796487, 0.028975514552306892, 0.05558097184661852, 0.004391725608742736, 0.009237102088131163, 0.024753607160038344, 0.00905141372429726, 0.021333105214333438, 0.03223773590454442, 0.026074734204568423], "(-1, 3, 0, 0)": [0.08041814828191365, 0.07441898269399332, 0.06145380602106712, 0.07446486108424494, 0.06081290583229734, 0.0728396571632009, 0.07391090122186152, 0.07804642655307045, 0.07777281427012629, 0.05984952924363805, 0.06663724979842588], "(-1, 4, 0, 0)": [-0.004639095179615639, 0.0068953540836475796, 0.006114555229754387, 0.007604936210776675, -0.0011680212443803172, 0.007386134852945941, -0.0009198219465751546, -0.0038084227305399286, 0.003195617700925514, 0.00366378238316656, 0.005253200214012873], "(-1, -3, 0, 0)": [0.015104807609646291, 0.012002300057076335, 0.010762254834779631, 0.03280001336162848, 0.0257070218447807, 0.010886099886262794, 0.0124389353716152, 0.017189393761727702, 0.017593959631136215, 0.005090692974032316, 0.011914682833310278], "(-1, -4, 0, 0)": [-0.004626748303795816, 0.0019393358940397046, 0.00036116231330640767, -0.0019290682859476231, 0.0013669142492672508, 0.0026086955575587733, 0.0012493900344882638, 0.00042220060327530576, 0.0, 0.0021554024399493875, -0.002199519278118154], "(1, 0, 0, 0)": [0.5366681917281644, 0.10402908301084839, 0.1307147858837494, 0.2767165914384354, 0.0, 0.010725480968969622, 0.009639039487084517, 0.0242642922583529, 0.04621114663321739, 0.03530278322742953, 0.13468833357228033], "(1, -1, 0, 0)": [0.5580641264547676, 0.3102457850005274, 0.39681972527993625, 0.3949379779219394, 0.3788277128730353, 0.42113581604603123, 0.41482239433723295, 0.3168449694199682, 0.382630227709555, 0.4017496300461182, 0.3603337207125308], "(1, -2, 0, 0)": [0.4651096172880588, 0.17773979547781496, 0.15924310020249804, 0.16047210260178837, 0.14297751282121193, 0.09808573661769479, 0.19483547004715634, 0.12222544951697811, 0.07992169610954575, 0.13728000744266766, 0.15387514603838476], "(1, -3, 0, 0)": [0.05461162061498763, 0.0526834943189102, 0.01793093713247596, 0.05247437808921227, 0.03155894375965802, 0.08879384079314931, 0.07244498106950843, 0.06057491874900123, 0.05625836920830264, 0.04990958887653552, 0.04047905786053875], "(1, -4, 0, 0)": [0.00023025760886456487, 3.6513507223456115e-05, 0.008395103911585652, -0.0007071218983488448, 0.004508688082495899, 0.005173066434540165, 0.014225584717178382, -0.0036836498723357555, 0.0020044710571043437, -0.0006662369596635263, -0.004712279758773551], "(-1, 1, 0, 0)": [0.3140523710804328, 0.3760346970273072, 0.5167473095234631, 0.39233741795549115, 0.3895692148668558, 0.40322676584548417, 0.3733598701249596, 0.4085059191043197, 0.38679218916952257, 0.531850086143714, 0.40945494225538626], "(-1, 2, 0, 0)": [0.19023350524995075, 0.20314993684550614, 0.188001746432384, 0.14756445607195362, 0.13878353730487647, 0.19866611141712273, 0.18313553437513141, 0.1785737927416584, 0.09871950691918344, 0.2140767503592096, 0.18729890998779067], "(1, 1, 0, 0)": [0.009752017411504152, 0.11160369136597986, 0.37575993067368785, 0.1420532011706338, 0.006691147833784841, 0.053574121767711744, 0.06233222347304236, 0.029578455981599, 0.0035038922738823523, 0.14161724202256182, 0.09290702489115996], "(1, 2, 0, 0)": [0.0019012192264199258, 0.030647577301955338, 0.01786100518604548, 0.017906970177153012, 0.032490923633061206, 0.031016173764928108, 0.07414664720422226, 0.016571715916909646, 0.017848125926161123, 0.042701275146575526, 0.017873137711489514], "(-1, 0, 0, 0)": [0.15415841730085167, 0.2733517118895704, 0.2970103284236027, 0.30482476972470535, 0.15161776062121374, 0.15339822648466572, 0.3330001688784416, 0.1936844038266067, 0.32026342224954696, 0.5428556008508941, 0.24024143836966658], "(-2, 1, 0, 0)": [0.0, 0.0, 0.0, 0.0, 0.0, 0.0, 0.0019504040479660035, 0.0, 0.003925069067627192, 0.0, 0.0], "(-2, 2, 0, 0)": [0.0, 0.0, 0.0, 0.0, 0.0, 0.0, 0.0, 0.0, 0.013216323148737639, 0.0, 0.0]}}