{"q_values": {"(0, 0, 0, 0)": [0.9013773556958156, 0.8939501499422171, 0.8847567875462096, 0.8924452958881429, 0.8893833283475202, 0.8900987204656696, 0.8888127323707956, 0.8869448555513467, 0.8882546862035555, 0.8904089778942804, 0.8859946366241022], "(0, 1, 0, 0)": [0.8242720536632826, 0.8392923591499051, 0.8182160280780577, 0.8867549383667382, 0.8067037146151201, 0.8059149059563381, 0.8216604699828002, 0.8225447209057413, 0.7984218390123387, 0.8241098042077065, 0.8267545031304336], "(0, 2, 0, 0)": [0.7108131938916572, 0.5265884428369197, 0.4732901764995425, 0.5057165806825665, 0.5227825601128859, 0.48588332179608373, 0.5271910244976673, 0.4882127737236429, 0.5065002863780718, 0.49979973231376584, 0.5109734628268362], "(0, 3, 0, 0)": [0.17675645683212893, 0.16250478609645105, 0.16047301978889142, 0.1719443729949487, 0.1748334773810346, 0.167376422916943, 0.1785892225559564, 0.17902755091848876, 0.18242183309261936, 0.15968905974503386, 0.17830410104403713], "(0, 4, 0, 0)": [0.009094900771014065, 0.017249568699378943, 0.008792211193431015, 0.009171384925257858, 0.008534485235069427, -0.003221859452221665, 0.008754050341917383, 0.014325517719350644, 0.006579493232148951, 0.008186872135086416, 0.0026111613747211992], "(0, -2, 0, 0)": [0.570072325597223, 0.5709408493279641, 0.5780828642967588, 0.5836940745736227, 0.5403679722211745, 0.5848047249206376, 0.6229739486907561, 0.6626358183487757, 0.5937049995190442, 0.5754542949125933, 0.5693681276819454], "(0, -3, 0, 0)": [0.13742977182883115, 0.13145356317152654, 0.13311813348159413, 0.140292896642378, 0.13659289274907388, 0.12897897095805277, 0.13087422185789563, 0.15058510944622305, 0.1447679232477982, 0.14076572172759555, 0.2190114316901703], "(0, -4, 0, 0)": [0.00347068651967348, 0.004159944755066439, 0.0021436844810533056, 0.004915181414544796, 0.0010754614765025525, 0.005151063272596664, 0.0055166517071016455, -0.0008277099376436583, 0.002986468237540292, 0.0006768941490027719, 0.0613675675131887], "(0, -1, 0, 0)": [0.8533858090191526, 0.8175761817633168, 0.8553854251554942, 0.8252394931830627, 0.8625246650795807, 0.8606276409416844, 0.8625573354342762, 0.8479965435233204, 0.8341064528447947, 0.8684909427287348, 0.8635313482068563], "(1, 3, 0, 0)": [0.012878097816668155, 0.01968086473420004, 0.039007520696526396, 0.02826910718140041, 0.10687035981556836, 0.02047599733865151, 0.01811125321420266, 0.032745762454488764, 0.00589850418718186, 0.03616380759717979, 0.005701853827496536], "(1, 4, 0, 0)": [0.011210951847312372, 0.03634827202847174, 0.007357209823113281, 0.011961519851235874, 0.008867106775422772, 0.0017810600811709373, 0.0034888241219203746, 0.0028637975909819244, 0.01708742899240752, 0.010576547376237894, -0.007845253944396974], "(-1, -1, 0, 0)": [0.7690930424338936, 0.7907898388453679, 0.8096851502914411, 0.8120579161794356, 0.7865195813711247, 0.7114392451881733, 0.7823694021476638, 0.767224497217831, 0.7419816789607887, 0.815346743301557, 0.8554181055704294], "(-1, -2, 0, 0)": [0.03340511547864934, 0.0629633940788595, 0.028975514552306892, 0.09108294568646397, 0.030301838623091028, 0.020630802171467275, 0.049405213135272574, 0.00905141372429726, 0.041506709755970345, 0.044481827465482335, 0.03787454526679897], "(-1, 3, 0, 0)": [0.10073946021362476, 0.06186302098087181, 0.06379867821636796, 0.048236350979535284, 0.06601259854814844, 0.06828814253619513, 0.06764112836539321, 0.06251895255299715, 0.06813295996431157, 0.0645334618838325, 0.06435775761825044], "(-1, 4, 0, 0)": [-0.0007580742304984867, -0.0013267794732543213, 0.002969185628621678, -0.0010218067326184712, -0.006152025434248557, -0.0018529536290579568, 0.0037622669063125, -0.0020266240075394607, -0.0015818504023685596, -0.0011886331762365884, -0.003426154453711445], "(-1, -3, 0, 0)": [0.026954307860235845, 0.012002300057076335, 0.03638422173854904, 0.03632698258944299, 0.034302021144911515, 0.018692513200870228, 0.03307048081076344, 0.023876173478067107, 0.020380158206776695, 0.01779305813678994, 0.011914682833310278], "(-1, -4, 0, 0)": [-0.008061964931269455, -0.0008612591956896421, -0.0009887653671371557, -0.0015505629279725713, -0.0018047086250888786, -0.002107428240931837, -0.0015077819290651487, -0.003577384186204578, -0.000559971169036378, -0.00017047977928666067, -0.0010083364826071394], "(1, 0, 0, 0)": [0.7257366154774406, 0.7272363808150846, 0.7708408682808859, 0.7808265269883563, 0.7152485095883747, 0.7370440952288762, 0.7606030003055548, 0.7275853320933421, 0.773563462912333, 0.7517951893512899, 0.7737748418771541], "(1, -1, 0, 0)": [0.6499718115597553, 0.5646153672087928, 0.6599542693211395, 0.6110103454232234, 0.6348114128036872, 0.6283376046335617, 0.49203187091489553, 0.6035995595951238, 0.6455047766693645, 0.6082639196111068, 0.6971762386528272], "(1, -2, 0, 0)": [0.20005820612270603, 0.21221526355866288, 0.2331920961951815, 0.19855606244860133, 0.2167917448952438, 0.25224383071857104, 0.2230392977853674, 0.20753957628207567, 0.2228894206921046, 0.19640794782015344, 0.24539743568801614], "(1, -3, 0, 0)": [0.05400858760032745, 0.0584188986933859, 0.05494426548106763, 0.057161618540921534, 0.05465919808418792, 0.05845207154091592, 0.057004646710106036, 0.056099487831734435, 0.05847168352465289, 0.05639189789596168, 0.0561409416009518], "(1, -4, 0, 0)": [-0.003670612485608322, -0.0026753993143093695, -0.0028628616975113915, -0.004251530712978428, -0.002369200177726083, -0.003334762577854749, -0.003796291593877798, -0.005183411447202097, -0.0032378124612389247, -0.0031751556953124585, -0.002751144485687777], "(-1, 1, 0, 0)": [0.5207932193384325, 0.5472545387174932, 0.5500989264572741, 0.5229147857973455, 0.5108813265900807, 0.5218622331590591, 0.5131371429373028, 0.502022924593505, 0.5299229454798908, 0.5400948390206214, 0.5229330515966408], "(-1, 2, 0, 0)": [0.33948634704356445, 0.22662602575409066, 0.2328803083600924, 0.2340239140164509, 0.23465991170249131, 0.2328310145657655, 0.22965818487262163, 0.23492171391863087, 0.23056353106671051, 0.2257503302943833, 0.22754120631153085], "(1, 1, 0, 0)": [0.7313982540431243, 0.8323084180843373, 0.7094694410727858, 0.7873481480180603, 0.7986672757718895, 0.7817709321386714, 0.7863106179243353, 0.745529680337795, 0.7601791281369112, 0.7597122118038657, 0.7524993010127708], "(1, 2, 0, 0)": [0.023761659768261743, 0.030647577301955338, 0.1272326474141116, 0.017906970177153012, 0.03670585625837126, 0.06880077698859596, 0.18322598276595062, 0.03228248487292386, 0.03287111485459479, 0.042701275146575526, 0.0874732974766447], "(-1, 0, 0, 0)": [0.7359616838016605, 0.863842409423146, 0.7367414418882058, 0.7330021936631645, 0.7471838875327527, 0.7349704357080276, 0.7321232066697088, 0.7537845126708321, 0.7144408163055059, 0.7256280188410913, 0.7286731687133582], "(-2, 1, 0, 0)": [0.03976877409061403, 0.031310196389375745, 0.05656334981432928, 0.03616660122399745, 0.06939430997898353, 0.05939385639022385, 0.056413488985225815, 0.05313966545712889, 0.1310202580492785, 0.07875099803476263, 0.009824620025421088], "(-2, 2, 0, 0)": [0.0, 0.028263095177649383, 0.037813300719549775, 0.058787965658700064, 0.03820968584734916, 0.05553128956330531, 0.04322022689431144, 0.028232331510790916, 0.07616232745476784, 0.033934219730457064, 0.02379973833353869], "(-2, 4, 0, 0)": [-0.005639039722867932, -0.008835395957696997, -0.009634778415538739, -0.005494839754268303, -0.0025621406919263496, -0.006409592090918521, -0.006109179759377543, -0.005704891593813897, -0.006487848247066967, -0.005869780513169657, -0.005430655428813134], "(2, -1, 0, 0)": [0.2781555708150842, 0.30570366066198434, 0.33845432184635843, 0.3167364429483001, 0.24473420544911004, 0.17483113367138986, 0.284431272631924, 0.2522079145647874, 0.28537696885442043, 0.38287607446173416, 0.309201715709075], "(2, -2, 0, 0)": [0.053102967580710043, 0.058958874866397, 0.05866072414564997, 0.1265490248704851, 0.0, 0.030506513602485165, 0.03587091283890916, 0.07106662526013073, 0.02815385880850118, 0.04743447524596807, 0.05953946553788808],