{"q_values": {"(0, 0, 0, 0)": [0.24560404101501832, 0.26781175551683783, 0.2641211258108122, 0.2627148955130947, 0.2563237766661283], "(0, 0, 0, 1)": [0.2603134271982097, 0.24095364389883142, 0.24496648555298628, 0.23639404152505525, 0.19833294572846158], "(0, 0, 0, 2)": [0.22350992250028096, 0.2109367745664152, 0.15964042984077048, 0.1532401430553568, 0.11146967510606509], "(0, 1, 0, 2)": [0.15184072173997487, 0.16658087649421136, 0.1444977863301001, 0.14654961722846027, 0.14953563280735088], "(0, 1, 0, 3)": [0.16015463447800557, 0.14657657554715686, 0.14365494481979033, 0.12559048396772388, 0.13297592815642142], "(0, 1, 0, 4)": [0.14572860326008655, 0.12130405517878305, 0.12607836883524962, 0.09453813543553809, 0.0512262265784162], "(0, 1, 0, 5)": [0.04926734844524654, 0.03835742619040436, 0.039274274395501074, 0.027539683463502187, 0.027285298481540515], "(0, 2, 0, 5)": [0.06744190275523196, 0.06218054912812417, 0.05844249676878406, 0.05559731630996893, 0.054377128742630926], "(0, 2, 0, 4)": [0.0686151487981732, 0.06311893692170287, 0.060845556244141105, 0.06670214184689323, 0.06754018641930981], "(0, 2, 0, 6)": [0.058398037162503365, 0.04794395752233397, 0.04938161289290089, 0.029708665600809987, 0.019086864160113154], "(0, 3, 0, 5)": [0.0, -0.0021863169968128204, 0.0, -0.005927660314366222, -0.005926040453836322], "(0, -1, 0, 1)": [0.13244800337132762, 0.08677078808904108, 0.09609517318697211, 0.07406820462517495, 0.05926143120766284], "(0, -1, 0, 0)": [0.15939860945314022, 0.1339445859167435, 0.12697109874251022, 0.13474566011328795, 0.10634330960966266], "(0, -1, 0, -1)": [0.1557493061015478, 0.17237447503339764, 0.15557229349776794, 0.1479316978324089, 0.15672001676396197], "(0, -1, 0, -2)": [0.1525637255357871, 0.15882521547403286, 0.16050234528977964, 0.16116333183584514, 0.1691043763056395], "(0, -2, 0, -3)": [0.061956182822686064, 0.06618953942494327, 0.04724383662979009, 0.03833457552824957, 0.04421231054909417], "(0, -2, 0, -5)": [0.05084095706173031, 0.061678974907959684, 0.06848626213139494, 0.06209947895124878, 0.06892000482792084], "(0, -2, 0, -4)": [0.0622332135483867, 0.07715153133126981, 0.06928695725060448, 0.07241139177901784, 0.06441330382757388], "(0, -2, 0, -6)": [0.028970949734145927, 0.03034865975282799, 0.043592145884779686, 0.0412461271133556, 0.0581738100749245], "(0, -2, 0, -7)": [0.010456833456842887, 0.00571015535265834, 0.012869727293062471, 0.014863422135949765, 0.022099877337072617], "(0, -2, 0, -8)": [0.0016463123345123775, 0.0006778917949594025, 0.003931211228001412, 0.0013101073686084528, 0.003133972795566773], "(0, 1, 0, 0)": [0.07900939813783099, 0.09663974822544341, 0.12044657392826119, 0.12324311252171231, 0.14823349133990507], "(0, 1, 0, 1)": [0.1297773704398956, 0.12198874604030809, 0.148312237786122, 0.14461426593519913, 0.1629097982400275], "(0, 2, 0, 7)": [0.01904765934678241, 0.009269809709632738, 0.0010845881267678766, -0.001431030993482385, 0.009644918973326661], "(0, 2, 0, 8)": [0.0014172731554913266, -0.001001762431675753, 0.0011682575362429505, 0.001081974394557983, 0.002286440459930892], "(0, -1, 0, -3)": [0.12665387463259972, 0.13224569950423135, 0.14382809511248676, 0.14099981070385134, 0.1579483063367525], "(0, -1, 0, -4)": [0.06891655519356069, 0.07956508309308151, 0.09677109765226492, 0.11083237090432549, 0.1302200404902531], "(0, -1, 0, -5)": [0.023887396250071902, 0.04438443151398226, 0.04581914996772759, 0.07869668917345482, 0.0646810151640898], "(0, 0, 0, -1)": [0.22296682772831167, 0.23655599634581928, 0.24715119397885277, 0.24210769617753797, 0.2585675903496002], "(0, 0, 0, -2)": [0.09194288785435742, 0.14201181733075013, 0.15548456967361732, 0.18459223145229306, 0.23963187130917385], "(0, 0, 0, 3)": [0.06489991631337991, 0.12725915007459146, 0.043641741650525895, 0.0377990828744754, 0.040063661441259585], "(0, 2, 0, 3)": [0.043763253354342585, 0.04135303814288113, 0.046668537540316926, 0.04945173007572048, 0.0667176299351836], "(0, 1, 0, -1)": [0.02347734343720092, 0.03744347057932912, 0.0581502671923061, 0.05336695322245369, 0.10257075210566047], "(0, 1, 0, -2)": [0.010295068793080682, 0.0038352109766646683, 0.01671623574006121, 0.0036827377640390457, 0.009188060383610468], "(0, -1, 0, 2)": [0.03202162732383304, 0.04953631345151832, 0.02246546552939764, 0.012725958471278935, 0.003664492771562187], "(0, -2, 0, -9)": [0.0011189326490371365, -0.0021440470410460473, -0.004290075168358707, 0.0011005930448978085, 0.000254448532975929], "(0, 0, 0, -3)": [0.012050600413682168, 0.04549281552512135, 0.022743559982626563, 0.09077364361615953, 0.04882928775985896], "(0, 3, 0, 7)": [0.0, -0.004157737698405981, 0.0, -0.004160556551069021, -0.0021922994405031205], "(0, 0, 0, -4)": [0.00394721299935951, 0.0, 0.0, 0.022396793737087528, 0.006513825983445987], "(0, -1, 0, -6)": [0.011578909125602735, 0.0074996200969918705, 0.0035762805717577386, 0.01461361384068075, 0.019007365650578728], "(0, -1, 0, -7)": [0.0023032378700435976, 0.0022157731130174833, 0.0025370067398875276, 0.0036176607987097853, 0.0011375301212523381], "(0, -3, 0, -7)": [-0.002191478759050369, -0.00416267329826951, -0.0021897422149777415, -0.0021897697821259498, 0.0], "(0, 1, 0, 6)": [0.018152535969256107, 0.006171386789609728, 0.01592988922334725, 0.009262819703736122, 0.004330647106228703], "(0, 1, 0, 7)": [0.0015162589444140094, 0.004832461837315628, 0.0, 0.0, 0.001894521494023502], "(0, 1, 0, 8)": [0.0010426691776141525, 0.0, 0.0, 0.0, 0.0], "(0, 2, 0, 9)": [0.0, 0.000503917129644876, -0.004588460539864989, 0.0023667826511738267, 0.0], "(0, -2, 0, -2)": [0.04704252737088446, 0.04027728060314834, 0.02579300320559894, 0.02032118329326144, 0.023601924345643364], "(0, -2, 0, -1)": [0.015366426159790773, 0.0029433251124212625, 0.0034478739374634863, 0.0010645925982871486, 0.0020165729495749845], "(0, 2, 0, 2)": [0.013688712729321335, 0.015743622197136875, 0.033972976323195105, 0.032304515721641044, 0.020028097438933714], "(0, 0, 0, 4)": [0.00992536690263987, 0.007073399578094245, 0.013377400891699484, 0.004542415020091683, 0.017883775016889415], "(0, -3, 0, -6)": [-0.004156513456255197, -0.0021872635930776595, -0.002188710495829582, -0.0041569403745234015, -0.004153705090284348], "(0, 0, 0, 5)": [0.0, 0.0, 0.0, 0.0009947099722921848, 0.002474981667448537], "(0, 0, 0, -5)": [0.003045801583348206, 0.0, 0.0, 0.0, 0.0], "(0, -1, 0, 3)": [0.0, 0.001774967615854871, 0.0, 0.0009832593612372875, 0.006054398934184509], "(0, -1, 0, 4)": [0.0, 0.0011832151049971861, 0.0, 0.0, 0.0], "(0, -3, 0, -9)": [0.0, 0.0, -0.0021954622119665147, 0.0, 0.0], "(0, 2, 0, 1)": [0.0009361139498651028, 0.0009288206696510316, 0.009563002298897245, 0.0029790333296168215, 0.014331213022053368], "(0, 3, 0, 8)": [-0.0021924246102571487, -0.0021918321028351786, 0.0, 0.0, 0.0], "(0, 3, 0, 6)": [0.0, 0.0, 0.0, 0.0, -0.0021875161677598954], "(0, -3, 0, -5)": [0.0, -0.002185334637761116, 0.0, 0.0, -0.002185431495308876], "(0, -3, 0, -8)": [-0.0021931191906332972, -0.002193552628159523, -0.002190304361283779, 0.0, 0.0], "(0, 2, 0, 10)": [0.0, 0.0, 0.0, 0.0, -0.0021924821659922602], "(0, 3, 0, 4)": [0.0, 0.0, -0.002182956598699093, 0.0, 0.0], "(0, 2, 0, 0)": [0.0009363483637571335, 0.0, 0.0, 0.0, 0.001492495091590514]}}