{"q_values": {"(0, 0, 0, 0)": [0.8940757010273619, 0.8965288825243485, 0.8863840016288165, 0.8967107562182112, 0.8920400080549238, 0.8876773701466939, 0.8767419850651327, 0.883892673830953, 0.882814554310663, 0.9112204117943956, 0.8911770071375249], "(0, 1, 0, 0)": [0.8414580596420029, 0.9140312141464046, 0.8446251822613491, 0.8193838280502426, 0.8247921007613847, 0.8371293100110341, 0.8383212664744288, 0.8220710451259546, 0.8344014979798634, 0.8154976058391473, 0.8443362296332498], "(0, 2, 0, 0)": [0.6180153281991667, 0.6875760444187702, 0.5909117068802147, 0.6123754192512871, 0.5881106323928786, 0.5309670588295093, 0.5782399958923361, 0.5807456930401463, 0.5666872858855343, 0.5734062691588029, 0.6153955546609963], "(0, 3, 0, 0)": [0.30419987761290956, 0.16250478609645105, 0.16047301978889142, 0.1569114531416611, 0.15483598683527205, 0.15839891413722454, 0.15440798494924596, 0.15565230740681624, 0.16046900203086917, 0.15968905974503386, 0.15428008670054605], "(0, 4, 0, 0)": [0.009094900771014065, 0.031196287271031783, 0.0026810596762804947, 0.009171384925257858, 0.008534485235069427, 0.004172520005777445, 0.008754050341917383, 0.009753991701936054, 0.006579493232148951, 0.008186872135086416, 0.0026111613747211992], "(0, -2, 0, 0)": [0.4656071222118824, 0.4113053185180791, 0.4454344583260748, 0.40306205337898826, 0.4101549121227471, 0.4256713840007946, 0.4129883032748293, 0.3997105869277223, 0.4138055997186434, 0.607914018543406, 0.4438195085749341], "(0, -3, 0, 0)": [0.10276660125475894, 0.10449702118072098, 0.09856015504382709, 0.09295801640775334, 0.10212478447592287, 0.10222723713165185, 0.09679794123535386, 0.09758797124427966, 0.09613110667199404, 0.09733883755207666, 0.12263401331702996], "(0, -4, 0, 0)": [0.002399586924667161, 0.00032756243326230537, 0.0021436844810533056, 0.002479277233861389, 0.0010754614765025525, 0.0024161526622260843, 0.0026841400891015497, -0.0008277099376436583, 0.002771177128400742, 0.0038755288913278653, 0.002114265483565271], "(0, -1, 0, 0)": [0.8360363110553609, 0.8539124226324812, 0.8214046779625535, 0.8025058908061101, 0.8178323884715046, 0.8163757308723182, 0.8134595551287543, 0.8578377109473125, 0.845946467783891, 0.8558547370546463, 0.8856085635320198], "(1, 3, 0, 0)": [0.012878097816668155, 0.04783755518088769, 0.08041728902804114, 0.044661350248389804, 0.07623432754734265, 0.05018826781980651, 0.01811125321420266, 0.07845256162813849, 0.00589850418718186, 0.07459868466234258, 0.005701853827496536], "(1, 4, 0, 0)": [0.021503979335135245, 0.010352480581486606, 0.021235828336624504, 0.022397684961822983, 0.016672025840207785, 0.020250025411246448, 0.020217172987036805, 0.021899494435207244, 0.009214961411794481, 0.021588767579746523, 0.019250727519079636], "(-1, -1, 0, 0)": [0.8784534818412167, 0.8638314872955168, 0.8594900306588843, 0.8789153003076362, 0.8800071114660452, 0.8802240362275422, 0.878748011732109, 0.8795971907910259, 0.8735878641566285, 0.8696191356958038, 0.8772303796154589], "(-1, -2, 0, 0)": [0.05430724630131945, 0.0629633940788595, 0.2909260988303578, 0.32929734593748977, 0.030301838623091028, 0.13063706191840108, 0.32196997669330046, 0.25543015910050765, 0.1900794641539881, 0.044481827465482335, 0.8250701664363335], "(-1, 3, 0, 0)": [0.13312922761735912, 0.06186302098087181, 0.06379867821636796, 0.048236350979535284, 0.06601259854814844, 0.07636144527877715, 0.06764112836539321, 0.06251895255299715, 0.08054049430687728, 0.0645334618838325, 0.0725573400626528], "(-1, 4, 0, 0)": [-0.0007580742304984867, -0.0013267794732543213, 0.014473720774647075, -0.0010218067326184712, -0.006152025434248557, -0.0018529536290579568, 0.008091348495349864, -0.0020266240075394607, -0.0015818504023685596, -0.0011886331762365884, -0.003426154453711445], "(-1, -3, 0, 0)": [0.026954307860235845, 0.022982540979322758, 0.03305221070616509, 0.06355471843083901, 0.0327636307877412, 0.018692513200870228, 0.028160232679865414, 0.019675135172918745, 0.020380158206776695, 0.0228854847101357, 0.011914682833310278], "(-1, -4, 0, 0)": [-0.008240752703958878, -0.007507245623166502, -0.006831553980774582, -0.008465302326379478, -0.0074897582495238625, -0.006880997412376426, -0.007902235845697232, -0.00837573158398504, -0.007433693910005982, -0.006896739598354799, -0.0074064546682979186], "(1, 0, 0, 0)": [0.7484334708895082, 0.7273878663570967, 0.7911598726148664, 0.7558925569299565, 0.7637498514493714, 0.713785089977975, 0.7661971080747798, 0.74880946229147, 0.7547703909666538, 0.7515468769490657, 0.7826870434886067], "(1, -1, 0, 0)": [0.553827135905669, 0.4684108056732165, 0.49484223611241807, 0.4738538030038032, 0.5454497986895934, 0.5902216819455596, 0.590760644014226, 0.4956265332312409, 0.5630298076213518, 0.4874335536983633, 0.7785430428866843], "(1, -2, 0, 0)": [0.18704684287790965, 0.18381881375797884, 0.18068581151627194, 0.17696573846787758, 0.18646088748718453, 0.1883570857669231, 0.18488593708998072, 0.17914680150024131, 0.17700807057489815, 0.29553795130521704, 0.18973054899919978], "(1, -3, 0, 0)": [0.07004847363943749, 0.06390881732195472, 0.06233683462127012, 0.051214602391632606, 0.06269853306898603, 0.055967341790664794, 0.06729640321040922, 0.06286058541738153, 0.05993494234265953, 0.08772436456690554, 0.06924197192821202], "(1, -4, 0, 0)": [-0.003670612485608322, -0.007398824407380075, 0.006504482086904441, -0.004251530712978428, -0.0029887592521990174, -0.003334762577854749, -0.003796291593877798, -0.005183411447202097, -0.0032378124612389247, -0.0031751556953124585, 0.004356871619530789], "(-1, 1, 0, 0)": [0.6392036436212666, 0.7809933868160255, 0.6861837351634883, 0.6672346616288027, 0.6369066734152389, 0.5881048896673969, 0.6842139488712987, 0.6081939293659476, 0.6243176906264996, 0.5674484601224478, 0.6710190503143231], "(-1, 2, 0, 0)": [0.4820122015467274, 0.3379166918785742, 0.2328803083600924, 0.2340239140164509, 0.27790743619655395, 0.32187108027954625, 0.28034659787883787, 0.23492171391863087, 0.34357339100935397, 0.2257503302943833, 0.2894713273267454], "(1, 1, 0, 0)": [0.7992052661344204, 0.8338181670185943, 0.7749590237722299, 0.7306790066076518, 0.7633022515471896, 0.7944833311011128, 0.7851089894161956, 0.6964072576709144, 0.6887560239538972, 0.777660599591919, 0.7677713664398111], "(1, 2, 0, 0)": [0.11663186401377323, 0.08888499775394745, 0.13293484894549726, 0.017906970177153012, 0.08181402430200208, 0.10376036847285808, 0.2260096875010788, 0.12871783202666914, 0.09173105362302762, 0.042701275146575526, 0.0874732974766447], "(-1, 0, 0, 0)": [0.9090605250090068, 0.9118230136141074, 0.9099874565877323, 0.8940059566125751, 0.9107043226939485, 0.9048077898779225, 0.9057324033537874, 0.8943915094844007, 0.9107078125553882, 0.8887444730727553, 0.8976110688861748], "(-2, 1, 0, 0)": [0.03976877409061403, 0.08762003742693267, 0.05656334981432928, 0.03616660122399745, 0.06939430997898353, 0.1401635089075613, 0.0801563984450154, 0.05313966545712889, 0.1425843190629001, 0.07875099803476263, 0.009824620025421088], "(-2, 2, 0, 0)": [0.0, 0.040508312963812756, 0.037813300719549775, 0.058787965658700064, 0.06827922509520801, 0.06616187802498899, 0.04322022689431144, 0.028232331510790916, 0.07762342742009967, 0.033934219730457064, 0.046093876765066724], "(-2, 4, 0, 0)": [0.0016207653496670155, -0.008835395957696997, -0.009634778415538739, -0.006018336842907314, -0.005818228689832701, -0.004508044847456259, -0.006109179759377543, -0.005704891593813897, -0.006487848247066967, -0.00905616755387965, -0.009157593866988528], "(2, -1, 0, 0)": [0.28157469100763133, 0.2776686394482447, 0.290250855656885, 0.28264851255214823, 0.2853088707245739, 0.3137608610364455, 0.2889033748119789, 0.2991057929175522, 0.3422971714441524, 0.3135285704994698, 0.2990643510102176], "(2, -2, 0, 0)": [0.053102967580710043, 0.07089481748757145, 0.08175914806117678, 0.0781754381408794, 0.0, 0.08131313162773493, 0.059031084548493304, 0.08031931589505045, 0.04370844729112643, 0.04743447524596807, 0.07792234153627552],