{"q_values": {"(0, 0, 0, 0)": [0.7023462717459518, 0.7059654779100843, 0.6984587887346597, 0.7144466855905734, 0.6905283230731263, 0.694925108963785, 0.7066373354112427, 0.6949943879631165, 0.6989206732650369, 0.6712065952782976, 0.7049581137479263, 0.6003347393610312, 0.7011258541761614, 0.7022176053475822, 0.6980501551533399], "(0, 1, 0, 0)": [0.678269120626395, 0.5968911039475975, 0.6859539625793027, 0.6608105397676721, 0.6530054612678288, 0.67320707129589, 0.6694014686234819, 0.667636075648353, 0.6728978360292528, 0.6366504934730461, 0.6579776761646791, 0.6538974588113124, 0.6644606188655717, 0.6691958398033606, 0.660242405988934], "(0, 2, 0, 0)": [0.360502390904936, 0.42666377549763196, 0.4303010045937393, 0.43461862555204056, 0.3708829496936177, 0.358399939360447, 0.33931184869294706, 0.38174552960193897, 0.3844095727748293, 0.41338190532496694, 0.40613329995188774, 0.45261014831760554, 0.39426234204994304, 0.357477626417578, 0.355595845762893], "(0, 3, 0, 0)": [0.11179587855951795, 0.11021418205045319, 0.11799996984378193, 0.12132683713555387, 0.1246374475182095, 0.12837133701593936, 0.12114719615473232, 0.12328432781787341, 0.1126326192975311, 0.12415206402014678, 0.11914194492125979, 0.10680128344537954, 0.11445313374339662, 0.11357438677386543, 0.10876115427616764], "(0, 4, 0, 0)": [0.0370217983594392, 0.03499269867361417, 0.03461898043568791, 0.049262610059076464, 0.031569963373061644, 0.03939809047237052, 0.025878465939276465, 0.025671475548616287, 0.02833494219020548, 0.013153498155769602, 0.03183112818942936, 0.02995091044678281, 0.018246821280457286, 0.023379179037175138, 0.03050837277693474], "(0, -2, 0, 0)": [0.4021752240829787, 0.3784100692096708, 0.42769628514582225, 0.42506631471139117, 0.39416491829212424, 0.3609770486917347, 0.3775104726901562, 0.4128963947624966, 0.4177196495007076, 0.45316808202133746, 0.41161147230315787, 0.3732852776049582, 0.41625645739563105, 0.417152106821619, 0.4288644649062841], "(0, -3, 0, 0)": [0.1264595573542079, 0.11612959602217107, 0.11624554169841042, 0.10650570711073079, 0.11532850695044666, 0.12557679984073472, 0.11175576152856413, 0.1198701098250391, 0.13031189017727313, 0.12037550395580619, 0.09093341236035807, 0.11387652581218002, 0.12238223421919872, 0.12513295451664883, 0.11256857449317582], "(0, -4, 0, 0)": [0.01897237283416236, 0.027926231254360834, 0.03239323571022846, 0.030247130101193297, -0.0013939118820665217, 0.030075201703163197, 0.023600791397489183, 0.0171298326072843, 0.027641430526285576, 0.012053991108258477, 0.04140036280186895, 0.015488357507706654, 0.02314517282055017, 0.021419153291387102, 0.018238534696915817], "(0, -1, 0, 0)": [0.655112356308318, 0.6461416517955884, 0.6363398894884298, 0.6047446893350821, 0.6091328905522855, 0.6535774844649809, 0.5421877586638215, 0.6483414260877849, 0.69320275317246, 0.6450213399074907, 0.6605871690096207, 0.6537400589473213, 0.5222165666339955, 0.6441225739261234, 0.7073742288611872], "(-1, -4, 0, 0)": [0.0, -0.004359183460474015, -0.0005088809107485089, 0.0020504917915910486, 0.0, -0.000552103889459637, -0.0043642219156026845, 0.0033507961081175666, 0.0, 0.0015666137537653094, 0.002945019344514343, -0.004359483346343041, 0.003417724126217948, 0.0, 0.0032818116134113885], "(1, -1, 0, 0)": [0.025168539477157255, 0.017983914379239213, 0.013289730671830148, 0.02534076088502123, 0.0, 0.018886489755598625, 0.04919787617579468, 0.0, 0.018596608653263708, 0.01867698621327886, 0.012165414427555244, 0.006174505358775967, 0.01724179005157219, 0.0, 0.026046628111437597], "(1, -2, 0, 0)": [0.03938153012747978, 0.01586149130060646, 0.008413933034389188, 0.02032393207491261, 0.01389432661203297, 0.00898208738223027, 0.010354253647679482, 0.018700056406125175, 0.01974112253878721, 0.011761869517459278, 0.011681922729786838, 0.017123773698525357, 0.016066334935906923, 0.008940910925197205, 0.014285571016134788], "(1, -3, 0, 0)": [0.013695161396602878, 0.011558899855156114, 0.03484776316424689, 0.008635965524197315, 0.006931940659891985, 0.006878783561300657, 0.02447079100468496, 0.0022056211590766907, 0.01363178715707914, 0.006286919297659534, 0.0, 0.0076209371084339705, 0.027260511895143405, 0.0031782202227828363, 0.006635291431912821], "(-1, 0, 0, 0)": [0.001994399167597294, 0.0, 0.006448447942951177, 0.0, 0.001997424475848675, 0.0, 0.0, 0.0, 0.0, 0.00199469868093729, 0.002392570864036679, 0.0, 0.0, 0.0032724375973774327, 0.0], "(-1, -1, 0, 0)": [0.00765169509698134, 0.028288123872086866, 0.0, 0.002385994252189994, 0.014942455017030693, 0.008445627856157538, 0.011996952247525903, 0.0041776585702804235, 0.0019533734768629077, 0.006892744698309555, 0.00418195494758164, 0.0, 0.007537955605486217, 0.004600146988775839, 0.015287191187111557], "(-1, -2, 0, 0)": [0.02808056283950364, 0.004609302803326066, 0.003928329725197755, 0.009709947856801966, 0.0066226888166038105, 0.01082962261581807, 0.018806190584325613, 0.011921509370830701, 0.0, 0.015169284413835894, 0.01181896109919792, 0.007475771358541473, 0.009998152767376024, 0.010244992608184247, 0.01520710487850168], "(-1, -3, 0, 0)": [0.025766966799064997, 0.0, 0.0, 0.012050391461612232, 0.0024269561849240076, 0.0029345708278577256, 0.011854616730035515, 0.0, 0.0, 0.009238626342288276, 0.0, 0.003548551210290038, 0.01563084115922885, 0.009084913904548835, 0.009002423925918004], "(-1, 1, 0, 0)": [0.025087909455629318, 0.0, 0.024580641409643538, 0.0027761704478068555, 0.03538392206947176, 0.016542031871907177, 0.0, 0.0, 0.046011921369295716, 0.02716021438113861, 0.012267025223726764, 0.02645106451246442, 0.06704189059442953, 0.009220590874666602, 0.01456993990229353], "(-1, 3, 0, 0)": [0.0, 0.004081161410361157, 0.009003887064453195, 0.006140275240782128, 0.0054939917975019015, 0.007345926822126651, 0.004091492944210397, 0.0055194742732595, 0.0025527997409224516, 0.00486543221652615, 0.0, 0.00173938125371933, 0.017730787011083778, 0.00406883833631836, 0.0], "(-1, 4, 0, 0)": [-0.004383585602045059, 0.0, 0.0, 0.003126930724253547, 0.0014077334406311327, 0.0020280135337263348, -0.00677844622731209, 0.006458876781761288, 0.0, -0.0027235586462479827, 0.0, 0.0027372695197495404, 0.0, 0.002951699956371117, 0.0], "(-1, 2, 0, 0)": [0.0, 0.0, 0.02543296698175304, 0.01923987829830006, 0.009207442835087211, 0.044551264927926826, 0.023574957989895555, 0.011067362599069281, 0.011121588548773874, 0.008652001329954227, 0.011449193154452086, 0.00954318253695409, 0.0, 0.02629167483594471, 0.018339696078514555], "(1, 0, 0, 0)": [0.02182464837680736, 0.02234836809679492, 0.0066957012942852855, 0.009002934585310898, 0.02161089135979955, 0.008668946100356088, 0.01637297054278535, 0.039630656804615874, 0.011163306305405837, 0.015835750719208064, 0.01102124395940483, 0.022745096454765173, 0.009003033305503807, 0.016888175794930373, 0.020335589767151115], "(1, -4, 0, 0)": [0.0, -0.004366174340248108, 0.0, 0.0020265730295330286, -0.004378365725278855, 0.0017212046310305597, 0.0, 0.004728173048803432, 0.0, 0.0023151005280597436, 0.002337520815192007, 0.00246929006204163, -0.001188375294448592, 0.001340402295246671, 0.0], "(1, 2, 0, 0)": [0.03159573472741256, 0.01830408625586977, 0.08467969969622827, 0.008598521611590406, 0.049190257532641085, 0.02310949771545024, 0.021348880131284893, 0.0, 0.015717384989358013, 0.03276647358140989, 0.015409795790516705, 0.0180173686654686, 0.00937990675687458, 0.037439018276505344, 0.009349472580369085], "(1, 3, 0, 0)": [0.005266334525768692, 0.0, 0.0, 0.0, 0.004593840363630431, 0.0, 0.0017402958124876024, 0.0, 0.0, 0.02101038309093486, 0.007444345363524455, 0.0062553224860819505, 0.00725582706188852, 0.0, 0.0032119147783605945], "(1, 4, 0, 0)": [-0.0016316867065429693, 0.0, 0.0, 0.0, 0.0, 0.002150167917787263, 0.0, -0.0078714020550251, 0.0, 0.0021800298448197337, 0.0028323667714995815, 0.0, 0.0, 0.0024928238141418207, 0.0031512708207275747],