{"q_values": {"(0, 0, 0, 0)": [0.7722301891382992, 0.7747335041506636, 0.7738346837594613, 0.786587613445616, 0.7610889748221813], "(0, 0, 0, 1)": [0.761918386677027, 0.781226632030346, 0.7499074563099295, 0.7574997068131171, 0.7391400975399013], "(0, 0, 0, 2)": [0.8352030988961203, 0.8348938749032226, 0.8025331680778645, 0.8286337185422027, 0.8379716195950209], "(0, 1, 0, 2)": [0.2715070089156195, 0.19928905744069317, 0.1724192082363467, 0.17139945857250344, 0.1350582587980161], "(0, 1, 0, 3)": [0.08991251791975409, 0.09185241444277539, 0.09440089128676038, 0.09404896346838798, 0.09430564877942772], "(0, 1, 0, 4)": [0.07892321630504265, 0.07863503863204303, 0.0819814444411166, 0.07801601236637287, 0.07801458396858271], "(0, 1, 0, 5)": [0.07883771948537466, 0.06491446686810512, 0.06546580244266074, 0.06432736739000132, 0.043457401187585974], "(0, 2, 0, 5)": [0.05207203314145603, 0.027073946706416156, 0.018688940524165757, 0.013367113718606424, 0.0038753088970146423], "(0, 2, 0, 4)": [0.05133759037600393, 0.052691196675684435, 0.06610428535136605, 0.033231767413759876, 0.023304825749428687], "(0, 2, 0, 6)": [-0.0038431400903133723, -0.003613178808121163, -0.0029268401347405043, -0.002813754953623483, -0.002389252032075078], "(0, 3, 0, 5)": [-0.015678483425121546, -0.015686089250027093, -0.015690484362632817, -0.01569480635177483, -0.015696354886014632], "(0, -1, 0, 1)": [0.8156200300845834, 0.8206045825709682, 0.8221601090506069, 0.8198499387313387, 0.8384183629124655], "(0, -1, 0, 0)": [0.5189792015170265, 0.7243877185865002, 0.7635461536574594, 0.7807411151928048, 0.7639344621238879], "(0, -1, 0, -1)": [0.2412736996338904, 0.3288134182752739, 0.668398846976692, 0.6245668131742741, 0.7436052287691179], "(0, -1, 0, -2)": [0.13117710649579967, 0.15032142273010615, 0.19305052103575615, 0.2134969170152942, 0.3504479670975545], "(0, -2, 0, -3)": [0.0737164306216646, 0.07882447749645011, 0.08175404279308734, 0.08128839558485276, 0.11104191466162366], "(0, -2, 0, -5)": [0.015062501720193558, 0.018474253905890758, 0.019056289639693753, 0.019387332924075018, 0.019153019106156292], "(0, -2, 0, -4)": [0.024556439489323945, 0.04922000421943021, 0.04757777573362106, 0.04816547948728381, 0.0739907987115224], "(0, -2, 0, -6)": [-0.007609137850025109, -0.008395422103351874, -0.00014636984578699538, -0.007861512347832281, -0.008447610685302814], "(0, -2, 0, -7)": [-0.004215199008649724, -0.004150795961863586, -0.004748003246497876, -0.004172942034592781, -0.004578512684930159], "(0, -2, 0, -8)": [-0.012834167395641543, -0.012467190037221012, -0.01259710143247528, -0.01266630054442056, -0.012904635744876672], "(0, 1, 0, 0)": [0.7521704322914619, 0.795885946906084, 0.7649868181816355, 0.7669326294908048, 0.6054177052950361], "(0, 1, 0, 1)": [0.7480706321693317, 0.6987719308686294, 0.5397514081506481, 0.47113440890367897, 0.23913315412425323], "(0, 2, 0, 7)": [-0.012169566453008894, -0.012158019475192041, -0.012538333687853499, -0.011453330398134308, -0.012662669122143425], "(0, 2, 0, 8)": [-0.009733161108780622, -0.007514916310655378, -0.008337142542490617, -0.0033263921047377806, -0.010494587018617949], "(0, -1, 0, -3)": [0.10778404111339601, 0.1100307615819403, 0.11048877066325775, 0.11168627175144893, 0.10437577714437106], "(0, -1, 0, -4)": [0.06323265455875479, 0.07469836233306387, 0.07970008820586005, 0.0847052356189053, 0.10491234402466815], "(0, -1, 0, -5)": [0.06072547057059874, 0.06539435087608891, 0.06371052499898744, 0.06665022402721912, 0.06589835986827042], "(0, 0, 0, -1)": [0.7693126502538994, 0.7601763624312515, 0.7849573653912846, 0.7852556391672607, 0.7852861890338353], "(0, 0, 0, -2)": [0.7972468995454968, 0.7792005936801781, 0.7892488494233184, 0.7820205345352886, 0.7978374180682989], "(0, 0, 0, 3)": [0.8270230750079255, 0.4895029030199051, 0.34570064810019646, 0.3401456219082157, 0.24223516198975598], "(0, 2, 0, 3)": [0.10684956537041163, 0.08434962731188538, 0.08466058133464255, 0.0843459409445542, 0.07008677100703092], "(0, 1, 0, -1)": [0.8115398090115584, 0.8125678461333408, 0.8100190063375712, 0.8126224979333143, 0.8103412726686969], "(0, 1, 0, -2)": [0.5093512124310439, 0.3862983729674394, 0.822702243803133, 0.32656645101121656, 0.5816233488469276], "(0, -1, 0, 2)": [0.834016844845387, 0.8340247436353823, 0.832533347899562, 0.7108620710109471, 0.7531472348066437], "(0, -2, 0, -9)": [-0.00930231864710481, -0.010684708036203064, -0.010651726878978496, -0.01016910053169692, -0.010516280743944008], "(0, 0, 0, -3)": [0.10841065936541952, 0.3442877417027544, 0.3601317378773203, 0.6925407132914239, 0.386660427943544], "(0, 3, 0, 7)": [-0.01142341229376346, -0.011421256409959309, -0.010263358702814206, -0.01026312727689557, -0.010271749018434435], "(0, 0, 0, -4)": [0.0067643868353461055, 0.039124251984725626, 0.003213284669203872, 0.04589234726902548, 0.2755958797617059], "(0, -1, 0, -6)": [0.02893346927760365, 0.02321584920089626, 0.04384322579845359, 0.047242777296021755, 0.049788947426118384], "(0, -1, 0, -7)": [0.00902681740626721, 0.0022157731130174833, 0.011731406503417184, 0.03282282656319683, 0.0011375301212523381], "(0, -3, 0, -7)": [-0.008973016415201129, -0.008974558709356935, -0.00897011922409758, -0.010258947149092331, -0.010257315330302344], "(0, 1, 0, 6)": [0.050404996714102306, 0.010466662925808461, 0.035186427644746804, 0.009262819703736122, 0.00753742626661536], "(0, 1, 0, 7)": [0.004110249645329903, 0.009384882463850719, 0.0, 0.0010410555572764948, 0.001894521494023502], "(0, 1, 0, 8)": [0.0027343954469290343, 0.0, 0.0, 0.0, 0.0], "(0, 2, 0, 9)": [-0.00989877521071411, -0.009683717024868164, -0.0068455922591198455, -0.008568992220716207, -0.008408557247183222], "(0, -2, 0, -2)": [0.1352906189219544, 0.14016471285683924, 0.1396581273542155, 0.14094646011320439, 0.13962208688789038], "(0, -2, 0, -1)": [0.11010920851695066, 0.18997489440578555, 0.14301194028873984, 0.10113445299465923, 0.1194841060233762], "(0, 2, 0, 2)": [0.13511687270631922, 0.13488726070696846, 0.13601958739893913, 0.13389862248155435, 0.1364409403532022], "(0, 0, 0, 4)": [0.03269470866269185, 0.21091804541797593, 0.06950419525593293, 0.06909783172159717, 0.022264777545761373], "(0, -3, 0, -6)": [-0.017384682186220794, -0.01737861088497895, -0.01737549756964138, -0.017822314674149135, -0.017821951278151633], "(0, 0, 0, 5)": [0.0, 0.0, 0.0, 0.011394351388244026, 0.002474981667448537], "(0, 0, 0, -5)": [0.003045801583348206, 0.0, 0.0, 0.0, 0.0], "(0, -1, 0, 3)": [0.0, 0.001774967615854871, 0.1747467766182671, 0.0009832593612372875, 0.0221980370392151], "(0, -1, 0, 4)": [0.0, 0.005701448720575185, 0.0, 0.0, 0.0], "(0, -3, 0, -9)": [-0.004172318093478679, -0.004170745667070151, -0.0041698357462883, -0.004167320542037487, -0.004170274790376425], "(0, 2, 0, 1)": [0.25842766654626675, 0.2535968460118312, 0.2581807023177667, 0.22814160097068875, 0.24845611598323322], "(0, 3, 0, 8)": [-0.010272323488574476, -0.010271781336927787, -0.010276599076444284, -0.010276950310040264, -0.008984579661488534], "(0, 3, 0, 6)": [-0.016875376231577394, -0.016873243574820906, -0.01632461157768606, -0.01632864303856584, -0.01632941285428436], "(0, -3, 0, -5)": [-0.01339677132857151, -0.013395617405264388, -0.013393201420370298, -0.013388298454909726, -0.013382595867257633], "(0, -3, 0, -8)": [-0.00898103281499818, -0.008982006904408335, -0.008977873237561435, -0.008979648974444717, -0.008977903405986726], "(0, 2, 0, 10)": [-0.006267195239611678, -0.006467265274402849, -0.005508157790830888, -0.004439808151309243, -0.005372546042614852], "(0, 3, 0, 4)": [-0.0124328629861434, -0.012434706420493909, -0.012438696597939934, -0.011394429553235694, -0.011398835499997623], "(0, 2, 0, 0)": [0.013967729031014366, 0.004800522147533978, 0.2400747069618334, 0.028214675458062218, 0.001492495091590514], "(0, -3, 0, -4)": [-0.00894819979345426, -0.00894580994926393, -0.00894429954778403, -0.008943322296701372, -0.008937590683270246],