{"q_values": {"(0, 0, 0, 0)": [0.9600374246429569, 0.9287451193631815, 0.9589773842575405, 0.9599883218311005, 0.9586195154078467, 0.9458339012717148, 0.7692444242573185, 0.902392507528815, 0.9612949327083455, 0.9578578278547986, 0.9608463160261759, 0.959696566876684, 0.9573493616497445, 0.9568975941649425, 0.9584065153221043], "(0, 1, 0, 0)": [0.9430587995386537, 0.9227425625958559, 0.9341245609529352, 0.9105979023217101, 0.9268477880195958, 0.9214939228208392, 0.9241532386743931, 0.9279197319724457, 0.93053809090081, 0.9233001085671794, 0.9212546907137005, 0.8954245110749413, 0.9107955591920148, 0.9308133822319385, 0.8537800180807652], "(0, 2, 0, 0)": [0.7864642127598631, 0.7477837691595007, 0.74975938871451, 0.7736986587104114, 0.7720921016721236, 0.6969060195456476, 0.6682342384323104, 0.7444767765137161, 0.7336748899878714, 0.6401984332700072, 0.7890197452015599, 0.6705986889816486, 0.7437122121313615, 0.726510619860044, 0.7021279888179479], "(0, 3, 0, 0)": [0.3362832109281646, 0.234996035169979, 0.23741044116096316, 0.23294955154637587, 0.21878338988223928, 0.23117723274732208, 0.22246226041490064, 0.22965460147435734, 0.22645079288878028, 0.23258739731870937, 0.23647249846230356, 0.23353852719434856, 0.24981782976015562, 0.23756112581273778, 0.2615497628680451], "(0, 4, 0, 0)": [0.017148884736553852, 0.01516977437189069, 0.018252117348549514, 0.020906988515854725, 0.020308796864799028, 0.025683980241695138, 0.02123303821268413, 0.022603288805746184, 0.008487487175570789, 0.0092413154065841, 0.015396986333872719, 0.02003794915749174, 0.020930226125727047, 0.018349269107120564, 0.018632291229318317], "(0, -2, 0, 0)": [0.7415591200310628, 0.7556253591273822, 0.7556938699370153, 0.7661431426358343, 0.7401982339586519, 0.6982080831767588, 0.7115652483885319, 0.7420707051204851, 0.7301422673035554, 0.6774661235811921, 0.7505246465232177, 0.7549342502409045, 0.6658510750427556, 0.706546916122255, 0.6607228934672227], "(0, -3, 0, 0)": [0.2878711980143075, 0.28222362627398384, 0.27961323902513596, 0.25966860518218077, 0.2846235873642344, 0.2585356624804946, 0.3022664967579802, 0.28367371161152743, 0.2025241396829096, 0.2693438098315014, 0.36867620644826415, 0.2867934409843324, 0.2796466002941568, 0.3155149751158849, 0.2575064335756211], "(0, -4, 0, 0)": [-0.0002841506464984272, 0.02125930239524252, 0.0110196783321607, 0.023824692801880924, 0.0201991164449496, 0.019178101655259787, 0.01904460953565252, 0.022886537914523573, 0.019544660111893875, 0.0228054947039603, 0.001367695819206853, 0.021596877338564004, 0.016043502378114083, 0.019038910167517256, 0.021131944867789527], "(0, -1, 0, 0)": [0.930166098095567, 0.9403746501313832, 0.9484486322141704, 0.9418867814334672, 0.9154342955329375, 0.9372959582441829, 0.9460168299062931, 0.9365937213360345, 0.9318147130436394, 0.921705617375678, 0.9457075145555794, 0.9014568683231311, 0.9405080629767347, 0.8987085225259069, 0.8372407764355664], "(-1, -4, 0, 0)": [0.0006504870264190214, 0.0004697142236572485, 0.00482605127264242, 0.0020504917915910486, -0.002796324889327003, 0.0011454626127053126, -0.005637096636988391, 0.0031900007714628156, -0.00436740592122078, 0.004952026002625279, 0.0008625206076883418, 0.0016658474201287667, 0.0028791314848339656, 0.0, -0.0017341949881548233], "(1, -1, 0, 0)": [0.24907282727863003, 0.277383342891271, 0.27278110977513176, 0.3029852678417076, 0.21241541915493947, 0.2255411634733101, 0.3014503229416275, 0.24421059261252878, 0.24464372665571077, 0.2792235950280711, 0.19930434690972537, 0.34328373447170596, 0.25539328311927356, 0.1891708816912509, 0.2844539832960667], "(1, -2, 0, 0)": [0.14506908245377312, 0.08427371636491934, 0.11238850202778611, 0.05672515775833825, 0.07475300562685075, 0.10557707317618431, 0.15988200374547507, 0.13371362906549586, 0.12630726526991945, 0.09377768800822919, 0.11847067790982685, 0.10966606463664512, 0.14206390944431793, 0.10685846313584775, 0.07937058085707205], "(1, -3, 0, 0)": [0.07966609396627677, 0.037259588280485215, 0.07374773950610176, 0.0653481466183916, 0.06464815000848351, 0.03424099521123349, 0.05394972609159266, 0.07318871915989902, 0.03499919571843766, 0.05971391625158468, 0.07246816985312018, 0.047895128919946905, 0.06905932168162185, 0.027514150155464476, 0.06520888142482885], "(-1, 0, 0, 0)": [0.10146039852452376, 0.15955529461781803, 0.27403781382481507, 0.10662846066867837, 0.18104763147660258, 0.09396116237726122, 0.07919229890698559, 0.0768012474937918, 0.18673777588523308, 0.1582968364287188, 0.14408623099321669, 0.11083742422806515, 0.07877361086202891, 0.13829953465239533, 0.20645836471669374], "(-1, -1, 0, 0)": [0.07590576856463967, 0.13679549851889838, 0.05285910460588483, 0.021795647719278517, 0.10363312263669888, 0.08308116336083342, 0.10405435090775406, 0.08122693672034104, 0.07611189413708061, 0.06512623092299567, 0.07137431532678902, 0.09903528358427476, 0.0510949739091968, 0.06455131615783469, 0.08420936879452093], "(-1, -2, 0, 0)": [0.08263759925300407, 0.04725518852937118, 0.06673587623518466, 0.01905708099451831, 0.038616390045895094, 0.0179823813345906, 0.07162609557448676, 0.03532448920337545, 0.043203869449380664, 0.03160173160647143, 0.06910789596201383, 0.05937051255044623, 0.03759443155455082, 0.06175721987405879, 0.07079154927972042], "(-1, -3, 0, 0)": [0.03832534553411951, 0.002756670048290947, 0.03104044541416217, 0.03404043384567665, 0.03901573821669124, 0.021159276199206906, 0.02863476020117868, 0.029991663483627175, 0.02026970241570538, 0.01434308630052395, 0.03459106994427465, 0.028772519369001506, 0.023007660396829974, 0.01820654812031218, 0.02653808516469334], "(-1, 1, 0, 0)": [0.3300027002184986, 0.2538230080220077, 0.32472215791352615, 0.25599400112452386, 0.14948284326521133, 0.23587524620473266, 0.24813746887356036, 0.36859567595748055, 0.3533378591229347, 0.36302056740025235, 0.26340043790194545, 0.22807281771018167, 0.5718484478819007, 0.2543716250246, 0.3469090096057349], "(-1, 3, 0, 0)": [0.10026800360315648, 0.10757096956821185, 0.10181889729059426, 0.09571431167353142, 0.10982167398282514, 0.10309355681292588, 0.09527763858697635, 0.10904687257862174, 0.10392306739001474, 0.05798029680150778, 0.10121738941889548, 0.06366193064670965, 0.10383901894909614, 0.10719480648830576, 0.1067513629365736], "(-1, 4, 0, 0)": [-0.005832976932783334, -0.000912106578114455, 0.0010656032334204922, 0.000737740213455114, 0.001201558315492823, -0.007109651700135741, 0.0009752490937156369, -0.0045027189318794705, -0.008163315639506372, 0.0006774373899772514, 0.0010559638224647899, -0.0011396045279325057, -0.00040630689969500464, 4.3714403238237325e-05, -0.0012311879617458296], "(-1, 2, 0, 0)": [0.39002318817330434, 0.3891682142093362, 0.3848919186559983, 0.37188246921189294, 0.4037763102410598, 0.3786400268085327, 0.3516477415998187, 0.36455515303625086, 0.3848308717753477, 0.39816550769737363, 0.3756047305010699, 0.34175801091649854, 0.3397886166884755, 0.33389423731186263, 0.3879504052573675], "(1, 0, 0, 0)": [0.22814900326476084, 0.29938299439557486, 0.3022336288995316, 0.31424519332467954, 0.2379818777661478, 0.27326206956677945, 0.22959059854084382, 0.41462839791931433, 0.17641131015043576, 0.2469176958366877, 0.2163915199468563, 0.2907403752949751, 0.3502790646409571, 0.267070553464892, 0.033929337608871485], "(1, -4, 0, 0)": [0.00410340768229566, 0.005182952592715749, 0.0019327618042070116, 0.001926867765908954, -0.005293321237909166, 0.0018727264726110552, 0.005318877355847404, 0.000671477304410641, -0.004351186752319336, -0.001299932116426314, 0.004100412961197273, 0.0019708630468015347, 0.0022549611378476684, 0.007373893356259563, 0.004267843475796488], "(1, 2, 0, 0)": [0.26502719937607283, 0.3547383636836748, 0.10548606155076613, 0.16211925211118078, 0.31451367202237523, 0.3595077099048183, 0.38520211871774107, 0.3085266683806494, 0.34653974529186066, 0.35477014799136386, 0.1853366793398387, 0.28078530108173627, 0.3046833106061382, 0.28514706962545133, 0.22158727450981514],