{"q_values": {"(0, 0, 0, 0)": [0.7535846544990427, 0.7356040822857277, 0.7649683597109924, 0.7595627761732624, 0.7683237206429139, 0.7608786765396401, 0.8554700921972404, 0.7447070590083109, 0.7455303561013892, 0.7699256456372181, 0.7670859821347592, 0.7531693226104434, 0.7440369345771587, 0.7711702845390757, 0.7591145968599975], "(0, 1, 0, 0)": [0.706970052626445, 0.8224281398880798, 0.7082920536494748, 0.7024725447302977, 0.7007332835903602, 0.6947172958231432, 0.7080134155219643, 0.6982465250480462, 0.704957890508646, 0.7072336421242912, 0.6945071122477152, 0.6508711818376738, 0.7044636131378148, 0.727252792525477, 0.7277583145275314], "(0, 2, 0, 0)": [0.48191897648540827, 0.46044872454529034, 0.7503561876534018, 0.44783784430875, 0.5242832581666464, 0.5115808472771536, 0.48515580468663677, 0.4536888650938351, 0.498015813326025, 0.47778964605217866, 0.4961809565061148, 0.4611725170090133, 0.4982832489455683, 0.4721707400679125, 0.46280569049626374], "(0, 3, 0, 0)": [0.19625996325131118, 0.23427962248477735, 0.1923542476741566, 0.19413641453833103, 0.19569895650944974, 0.19249073523665555, 0.19858302946619036, 0.19128909214294426, 0.17884094968220965, 0.19495925288383714, 0.19317822008317176, 0.18439479318208213, 0.1993570919304925, 0.18961881141601358, 0.19848845657919428], "(0, 4, 0, 0)": [0.11455719420683089, 0.017733448575147873, 0.019798603010899835, 0.016357213277751564, 0.010434547317901102, 0.00605114294398991, 0.017276853682782964, 0.020208107444606035, 0.017414279566801277, 0.018646852371768368, 0.028827189970441456, 0.01871505794101322, 0.016086212034688165, 0.017964493409060443, 0.015010485771186766], "(0, -2, 0, 0)": [0.6823625631476179, 0.6728946077551167, 0.6789086758195229, 0.6622673941853019, 0.6674640969330692, 0.6726170761213949, 0.6625939037567642, 0.6682274609310066, 0.6644922255188841, 0.6550331383466728, 0.679201348529781, 0.7732274222454567, 0.6336732225512581, 0.679463964291229, 0.6584208493134759], "(0, -3, 0, 0)": [0.3850299446051243, 0.39279760896885557, 0.3717143907188247, 0.42750661523255434, 0.3837010609506135, 0.44732041163340697, 0.3878922612115024, 0.34402930591944764, 0.37155852629214087, 0.3507582319158177, 0.42046273140108575, 0.3672099084015901, 0.3661674685247661, 0.4655879039043281, 0.3634036360818893], "(0, -4, 0, 0)": [0.06572846702499117, 0.02125930239524252, 0.08804656479638286, 0.028575807743025303, 0.06712142039524265, 0.07984105078961047, 0.029920454486373968, 0.04833551514393996, 0.04769484415855898, 0.09105523174078292, 0.03095023852244804, 0.057738108073097455, 0.08856902177588241, 0.07546724509327131, 0.1555563671825197], "(0, -1, 0, 0)": [0.7522065509197723, 0.7455379387306252, 0.775784438361388, 0.7690746864721189, 0.7657264774253545, 0.773207279711402, 0.7582812322430907, 0.7061787600183873, 0.7529953836398212, 0.7681798410839562, 0.8314659263916628, 0.763564907268522, 0.7727538835060805, 0.7655778715236614, 0.731820139738591], "(-1, -4, 0, 0)": [0.001474712592481428, 0.010714927000857119, 0.0021673060637356035, 0.01823791054487057, 0.003601626017297103, 0.011331487440043034, -0.0026099032631752986, 0.003376865189801866, 0.012752507956782478, 0.0030818642831705627, 0.025132027808825407, 0.02113144593634126, -0.002694606156489405, 0.01869775046516264, 0.0031486996667134236], "(1, -1, 0, 0)": [0.6863946243536585, 0.6774987353745039, 0.6745343470241126, 0.6770092396281695, 0.6559572120553383, 0.6700572812025534, 0.6779138043370183, 0.6683101951640137, 0.6747221800102314, 0.6536157199682823, 0.6710824029684763, 0.7208886075867496, 0.6460865454129034, 0.6774530366388393, 0.6778833178084558], "(1, -2, 0, 0)": [0.5243930679968181, 0.6427496981967323, 0.5081309817157652, 0.4509855812027349, 0.5580806918985676, 0.5292461721323432, 0.5086292133268716, 0.5140892094852383, 0.5167475060788027, 0.546781525501669, 0.49040217231636696, 0.4711889765173691, 0.49305211347391764, 0.49048551153228226, 0.5435343823537201], "(1, -3, 0, 0)": [0.09671675561790588, 0.08943701455659488, 0.08861815034150636, 0.0920359551294683, 0.09008385005500276, 0.04590220143498811, 0.09105648371146637, 0.096611997991953, 0.06322429929651505, 0.09327446569571478, 0.09641299717292091, 0.08398542474992982, 0.09179154238638174, 0.09478461761713897, 0.07377853036346692], "(-1, 0, 0, 0)": [0.40623213644122125, 0.3507369785550935, 0.40332050949414233, 0.34840133328171574, 0.28003711153516586, 0.382737418737758, 0.25423383955263135, 0.28153338058847366, 0.4119325904530222, 0.36757184680789706, 0.3849875329671311, 0.3553714049356014, 0.40171054615242363, 0.40673746747674777, 0.44105232494989643], "(-1, -1, 0, 0)": [0.10047562719775102, 0.15101620131928054, 0.08853999111816768, 0.17401337734887734, 0.14895116896657823, 0.18905702284300382, 0.33003787987246974, 0.17972874337966613, 0.14232522238257067, 0.12180242141165305, 0.12208700947135476, 0.1559258534361053, 0.0917022607686365, 0.1151583540936229, 0.22083037547196063], "(-1, -2, 0, 0)": [0.22332503915230967, 0.06641344377742273, 0.06673587623518466, 0.07318921425373766, 0.06627385375391918, 0.03527640320521916, 0.08347491180246257, 0.04738506509330245, 0.065446674632958, 0.059530133270438976, 0.07467182205221709, 0.06575354957222607, 0.07089894791827353, 0.09762776882605713, 0.09315404725192153], "(-1, -3, 0, 0)": [0.042288250052495875, 0.0137071292753479, 0.03877163031095392, 0.041111772986210014, 0.06389880402542086, 0.021159276199206906, 0.029502977869914793, 0.054129819803135526, 0.019157584096389024, 0.062048777436096283, 0.22072029702011847, 0.040898031353472586, 0.037105250995361896, 0.01820654812031218, 0.03180567885451614], "(-1, 1, 0, 0)": [0.3919438648998949, 0.4200896396523525, 0.3939566410321036, 0.3772266817833859, 0.40509327870886647, 0.3949004699561726, 0.39825260309032257, 0.4005241956403346, 0.39489298221530217, 0.40466806987178827, 0.37051886989553173, 0.5060793640431694, 0.4082437801503452, 0.400163856053267, 0.39742335189744626], "(-1, 3, 0, 0)": [0.11192474763318203, 0.10439227024724619, 0.10935079264705605, 0.11315589473914026, 0.10593985288257167, 0.10017993693749501, 0.10177275378067077, 0.09770649898053474, 0.10841754697462042, 0.10352168052705006, 0.10022405462581929, 0.09790435418879707, 0.10513815329159301, 0.10200237163321443, 0.10120022094404131], "(-1, 4, 0, 0)": [0.003955631012034551, 0.006906357409546306, 0.00616555914724803, 0.008071332744383482, 0.004615467014023766, 0.007398252535546404, 0.0063297116145449046, 0.006063653806009598, 0.00403114728382032, 0.005315008102954693, 0.00788262327573824, 0.006433449981121272, 0.008521474907806617, 0.003869340781789345, 0.00825665286469517], "(-1, 2, 0, 0)": [0.27285820441489755, 0.26141059584786813, 0.37081762218366865, 0.27760468180015624, 0.23382568162156242, 0.2748007234989856, 0.26836969523150156, 0.2812695374046875, 0.27808070715605526, 0.27384521144501156, 0.25829977293560236, 0.2667505959358556, 0.24301972132830205, 0.2670747801327166, 0.27598986357760347], "(1, 0, 0, 0)": [0.7446781713779137, 0.7475289288175109, 0.7567928221899652, 0.746072905890935, 0.7387197817228305, 0.7472258985368283, 0.7127545066639455, 0.7474221496740455, 0.739791765396443, 0.739785689772096, 0.7410005936398444, 0.7250396956100869, 0.7203358073264481, 0.7391715681996623, 0.7394737727637515], "(1, -4, 0, 0)": [-0.0052294194999910875, 0.0023399674046240583, 0.0007316539942651681, 0.0029690644806034975, -0.0004622124197772486, 0.001110343002113102, 0.000994279341229024, 4.3238907917831325e-05, 0.0005456692984859238, -0.005394528792625496, -0.0010622738238996775, 0.0013569558057746215, -0.0003750985920141503, 0.0006736784231891292, 0.01148110814313516], "(1, 2, 0, 0)": [0.8400981667481232, 0.7719125476140799, 0.7497791963552269, 0.7241806734500881, 0.7174815111154965, 0.6593709774388277, 0.6389428841632573, 0.7090194156650588, 0.6572094710436679, 0.6300085076077654, 0.6491930958380796, 0.6433813922521603, 0.7016229544863904, 0.7289985989885984, 0.7074917010671236],