{"q_values": {"(0, 0, 0, 0)": [0.39098883781398197, 0.3979915618723296, 0.40546068596513185, 0.36160659436415604, 0.3668700372946069, 0.38021153753896775, 0.38361070027742794, 0.39946638848245275, 0.394123028426255, 0.39154453726281935, 0.38628144999223796, 0.3853085702078921, 0.38458379951418725, 0.37983575514438644, 0.36611285258649534], "(0, 1, 0, 0)": [0.302126642932789, 0.26109052683774053, 0.30566063770972196, 0.33948989060057444, 0.30082998446528475, 0.29371801893351707, 0.29373785188657475, 0.2574219563014942, 0.28214242723815613, 0.28597469613226373, 0.2778306169655452, 0.2671295528615805, 0.28840183108627393, 0.3045286310769413, 0.27704714313342743], "(0, 2, 0, 0)": [0.11843371840967101, 0.11369362881432839, 0.12601588740144898, 0.12083652856730566, 0.11520398074049314, 0.11357051406868303, 0.11903484169295848, 0.10643913232074705, 0.09974799283704326, 0.09959901297546694, 0.10686118709182445, 0.12453435942417398, 0.1294377439224654, 0.10588953561376101, 0.11503176211862613], "(0, 3, 0, 0)": [0.053392942754537084, 0.05191946553223695, 0.06138913624489732, 0.06077513241212194, 0.058847826833014635, 0.06390818988549164, 0.06141806579415954, 0.0719890063507466, 0.06001992605534939, 0.06225981808557647, 0.052451574066910554, 0.03992277729681364, 0.06688955505804368, 0.043924910921454674, 0.05551510117156722], "(0, 4, 0, 0)": [0.006793977350327219, -0.0035034465105931462, 0.01864050262306504, 0.014478810022145992, 0.006997800524403151, 0.005126544662488335, 0.01251874737208906, 0.006633834325222821, 0.018474851590965242, 0.00427635722865571, -0.0015594292380936093, 0.011291831813725624, 0.011161953520369966, 0.002470629663914708, 0.006112280467765461], "(0, -2, 0, 0)": [0.22068472828980998, 0.22403918605632356, 0.210035187561006, 0.21880829051985698, 0.22586692540470005, 0.21841436419287436, 0.19710048211895248, 0.21868672004768616, 0.2115805043969394, 0.2061013055905787, 0.2229993054326061, 0.2184105730442635, 0.20836150157756506, 0.22328173936397805, 0.2228844481546058], "(0, -3, 0, 0)": [0.08379964029227722, 0.09658608748583514, 0.0749546043656107, 0.08473617057329962, 0.09350627756391185, 0.0991878689139679, 0.10783901000986916, 0.09390999452463054, 0.09292612168875439, 0.09853486128086203, 0.0916583275980197, 0.09404806881771194, 0.09439196656794667, 0.08529290533504856, 0.09495574085050582], "(0, -4, 0, 0)": [-0.0035896865959155356, 0.023316592469225232, 0.015428201703777285, 0.03463535539648668, 0.010097323732413673, 0.028460237173096196, 0.0290676380665597, 0.012794545216448057, 0.030580924242324354, 0.032410254708471364, 0.03142183303602835, 0.01514073369107076, 0.028537489220768437, 0.01843962938729935, 0.024930700738812837], "(0, -1, 0, 0)": [0.3747463803181945, 0.37181808650986536, 0.3600178590800306, 0.37565282630091457, 0.37905849849302015, 0.37225498899757387, 0.3625840496212385, 0.37607956402016496, 0.3567255969063698, 0.36825314101482226, 0.3839710966315965, 0.3685444286719049, 0.36057000966880326, 0.3630277976247283, 0.36185943467395926], "(-1, -4, 0, 0)": [0.0, -0.004359183460474015, 0.0, 0.0020504917915910486, 0.0, -0.004366008192300797, 0.0, 0.0028197546521210913, 0.0, 0.0015666137537653094, 0.0, 0.0, 0.003417724126217948, 0.0, 0.0], "(1, -1, 0, 0)": [0.0, 0.0, 0.0, 0.0, 0.0, 0.0, 0.007840276323976067, 0.0, 0.0019539335742592813, 0.0, 0.0, 0.0, 0.0035095930611272115, 0.0, 0.0], "(1, -2, 0, 0)": [0.006203618043178692, 0.0, 0.0, 0.0023958723275572065, 0.0, 0.0, 0.003108071407592144, 0.0023285610124468806, 0.0, 0.0023950971872148466, 0.0, 0.0, 0.0, 0.0043098023876831145, 0.0018660224974155427], "(1, -3, 0, 0)": [0.006842942377291475, 0.0, 0.00405417374885025, 0.00257725018202222, 0.0, 0.0, 0.0, 0.0022056211590766907, 0.0018529005348682404, 0.0, 0.0, 0.0, 0.0, 0.0, 0.0], "(-1, 0, 0, 0)": [0.001994399167597294, 0.0, 0.006448447942951177, 0.0, 0.001997424475848675, 0.0, 0.0, 0.0, 0.0, 0.00199469868093729, 0.002392570864036679, 0.0, 0.0, 0.0032724375973774327, 0.0], "(-1, -1, 0, 0)": [0.0037815485274337204, 0.011151292132261379, 0.0, 0.002385994252189994, 0.011033162437776417, 0.005343020807245828, 0.00978658750583095, 0.0, 0.0019533734768629077, 0.0, 0.0, 0.0, 0.0019929090514779093, 0.0, 0.0], "(-1, -2, 0, 0)": [0.012133822389541745, 0.0, 0.003928329725197755, 0.0035724536689413196, 0.0, 0.0, 0.00514048240952617, 0.0, 0.0, 0.00812576019410909, 0.0028844574980973875, 0.0035777769225133066, 0.0, 0.004957863060332144, 0.003594938403595746], "(-1, -3, 0, 0)": [0.009653669435359342, 0.0, 0.0, 0.0, 0.0, 0.0029345708278577256, 0.0, 0.0, 0.0, 0.0032457367517933454, 0.0, 0.003548551210290038, 0.0032319719904050437, 0.004922113620875797, 0.002852847830728762], "(-1, 1, 0, 0)": [0.0, 0.0, 0.0, 0.0027761704478068555, 0.0, 0.0024725506414527924, 0.0, 0.0, 0.0023856759376823904, 0.002460705867497623, 0.0027815402675075737, 0.0, 0.05238035971088974, 0.0, 0.0], "(-1, 3, 0, 0)": [0.0, 0.0, 0.0, 0.0, 0.0, 0.0, 0.0, 0.0, 0.0, 0.0, 0.0, 0.00173938125371933, 0.0017613649368286135, 0.0, 0.0], "(-1, 4, 0, 0)": [0.0, 0.0, 0.0, 0.0, 0.0, 0.0020280135337263348, 0.001714550517499447, 0.0, 0.0, -0.0027235586462479827, 0.0, 0.0, 0.0, 0.0, 0.0]}}