{"q_values": {"(0, 0, 0, 0)": [0.8543147154088833, 0.6951436133374533, 0.8483649772073596, 0.8563456873039974, 0.8498323877473678], "(0, 1, 0, 0)": [0.7487544373038857, 0.6536414906151073, 0.7766851106517304, 0.7832614045114309, 0.7796687202523833], "(0, 2, 0, 0)": [0.09480355735644762, 0.08066783211829391, 0.08973114009444902, 0.10275269211646527, 0.08507801053262883], "(0, -1, 0, 0)": [0.7798388984942713, 0.7536166163893487, 0.674696324451348, 0.7659609595699156, 0.7996864512453324], "(0, -2, 0, 0)": [0.13167743589719222, 0.11823979467288138, 0.13562175347858313, 0.13533798456804572, 0.1101567134132601], "(1, 0, 0, 0)": [0.1104933830545273, 0.20848152799655206, 0.055105424593539586, 0.04070978926458345, 0.04987028581270306], "(-1, -1, 0, 0)": [0.02967661613307803, 0.048905017792980475, 0.01326359222902172, 0.021543968101072133, 0.022316696058910786], "(-1, -2, 0, 0)": [0.018207692235235877, 0.011058855879945248, 0.0104862202673469, 0.0037760142190386217, 0.01866406182498534], "(-1, 0, 0, 0)": [0.00473259823477356, 0.0039542314653333785, 0.01432150530141154, 0.0, 0.0028627595186838345], "(1, 1, 0, 0)": [0.01610911966910289, 0.012965542669638385, 0.03172200459683614, 0.01817999400495561, 0.020238641020471675], "(1, 2, 0, 0)": [0.0064342786809422885, 0.0044438822636560325, 0.003834211362745865, 0.008989261803152612, 0.00672846106793178], "(-1, 1, 0, 0)": [0.005177632935979897, 0.010298920274786795, 0.016398028510571136, 0.02251680954130229, 0.01042504998408568], "(-1, 2, 0, 0)": [0.0, 0.00475240574729118, -0.0021579039368254367, 0.005464281503150869, 0.0017729151993989946], "(1, -1, 0, 0)": [0.16860961191182047, 0.0035734064625613394, 0.0, 0.0, 0.0019697194918990137]}}