{"q_values": {"(0, 0, 0, 0)": [0.7943511504088738, 0.7168302300938334, 0.7452249715866766, 0.7341862570458352, 0.7411185308142378], "(0, 1, 0, 0)": [0.5859637609663904, 0.4957760831276952, 0.548181216294626, 0.4853891330889454, 0.48480437851299396], "(0, 2, 0, 0)": [0.06219004095337829, 0.010720055904619216, 0.016891265078228787, 0.03826972624044333, 0.016789925041575803], "(0, -1, 0, 0)": [0.7372165500918754, 0.7327407184138888, 0.7688833528653005, 0.7212156213074943, 0.8196340137150145], "(0, -2, 0, 0)": [0.0730924728916914, 0.04662073542593613, 0.08395087611740723, 0.03791502871088518, 0.07310221791692463], "(1, 0, 0, 0)": [0.7429606490564888, 0.8170562540680884, 0.7617981815040359, 0.7842415601979078, 0.8573064853079332], "(-1, -1, 0, 0)": [0.5772370545334417, 0.5715552805123352, 0.5707788252429218, 0.5914888053262896, 0.6637687685372863], "(-1, -2, 0, 0)": [0.07607031983905262, 0.09129074773390422, 0.1883227907994106, 0.17400561210828985, 0.4425920929524008], "(-1, 0, 0, 0)": [0.5122507465954318, 0.5484965149378287, 0.48460398455698706, 0.5274841801394748, 0.5338770525857315], "(1, 1, 0, 0)": [0.8073159745978743, 0.6198915384014406, 0.777309601531648, 0.7548026520646718, 0.686790340207829], "(1, 2, 0, 0)": [0.15380108638828438, 0.08113297898434571, 0.09677250860541578, 0.08050769543293783, 0.08612974169546204], "(-1, 1, 0, 0)": [0.33631508054282855, 0.23990012920535914, 0.24431707972297223, 0.2676607896033713, 0.2586312733352062], "(-1, 2, 0, 0)": [0.021813871700891885, 0.012591003096663373, 0.007450392028965415, 0.005093687151200979, 0.007668849071795794], "(1, -1, 0, 0)": [0.4837563865443532, 0.4140815920209613, 0.424644205857641, 0.47499923242271336, 0.8597565633317785], "(1, -2, 0, 0)": [0.007921793086337343, 0.006469644695329949, 0.019340560291789457, 0.0029219325822504357, -0.0010003948641651925], "(-2, 2, 0, 0)": [0.024003282246060645, 0.008934285840143844, 0.026268688176887905, 0.015226531005666273, 0.016453140394154818], "(-2, 1, 0, 0)": [0.3336229079960016, 0.14514888549614835, 0.16675014661321072, 0.15884024045963446, 0.16288606305881687], "(-2, -2, 0, 0)": [-0.0043562397360801695, 0.010916099869747146, 0.007389304493249187, 0.0, 0.0], "(2, -1, 0, 0)": [0.2672727679198053, 0.3154956104619343, 0.3050452299853472, 0.2876288996358171, 0.2897811423168385], "(2, -2, 0, 0)": [0.0028128070570767353, 0.006826199033213883, 0.005699821169265625, 0.0004634909824689313, -0.002115559580047553], "(-2, 0, 0, 0)": [0.21954816686731296, 0.22037103918084694, 0.2251289138342421, 0.251469687097072, 0.4085651893941898], "(-3, 1, 0, 0)": [0.017023305216061102, 0.05006540691228364, 0.08461173762792532, 0.04418182919220112, 0.043207089477742926], "(-3, 2, 0, 0)": [0.00012368019089517394, 0.004721295965132497, 5.467818975057968e-05, -0.0006986398300803387, 0.00021565180970719178], "(2, 1, 0, 0)": [0.8585061401346346, 0.7889085908166574, 0.7733377682448341, 0.7538715463838489, 0.7751697854196902], "(2, 0, 0, 0)": [0.7166859626841319, 0.6862860405419399, 0.7029947142473433, 0.6900620917506354, 0.8806288619296616], "(-3, 0, 0, 0)": [0.06581225453235497, 0.05954925177781596, 0.12335983773407767, 0.0483456909819067, 0.0645135384844811], "(-2, -1, 0, 0)": [0.1428015417957916, 0.06784020377956057, 0.08357039425769175, 0.04328167892513018, 0.054708699475361604], "(-3, -1, 0, 0)": [0.09168581227462347, 0.0, 0.0, 0.010703358506400314, 0.014145150379240341], "(-3, -2, 0, 0)": [0.015221647528506984, 0.0, 0.005564506555544577, 0.0, 0.004610109451953786], "(3, -2, 0, 0)": [-0.005355514858088011, -0.010552711364767873, -0.004765698077851921, -0.005426782729773712, 0.022388823867668828], "(3, -1, 0, 0)": [0.04534658087687454, 0.02601826944510531, 0.03590288784569469, 0.037927375757504336, 0.09978298584752915], "(3, 0, 0, 0)": [0.4153338230182211, 0.4360179336951918, 0.4395473614809058, 0.45164208001611567, 0.6670878394434003], "(2, 2, 0, 0)": [0.35209560527300243, 0.13381414727120428, 0.060719333237373975, 0.050610146556495476, 0.1337307221760844], "(3, 1, 0, 0)": [0.5345302547779197, 0.7203697982702679, 0.5480017240721722, 0.1723901565559773, 0.5416713598043938], "(3, 2, 0, 0)": [0.14040970669639713, 0.0, 0.0, 0.0, 0.0], "(4, 1, 0, 0)": [0.3114903600289132, 0.0, 0.050549604666024185, 0.0, 0.0], "(4, 0, 0, 0)": [0.20032167430457876, 0.19968016754685483, 0.0, 0.0, 0.0], "(4, -1, 0, 0)": [0.06835576380937458, 0.0, 0.013852568328926042, 0.0, 0.0], "(4, -2, 0, 0)": [-0.0017250547641515734, -0.0016144239848852153, -0.000749886402929059, -0.00029177137224733855, 0.00045163153399141454]}}