{"q_values": {"(0, 0, 0, 0)": [0.9660523000598611, 0.9710508522794629, 0.9722873558178722, 0.972760081735755, 0.9680054104328084], "(0, 0, 0, 1)": [0.9742432507664013, 0.974391909984118, 0.9700284350685694, 0.9660608203101575, 0.9309100649537475], "(0, 0, 0, 2)": [0.9759878984594309, 0.9495319283013499, 0.9458182936599162, 0.9180933732724512, 0.8706757565015346], "(0, 1, 0, 2)": [0.8510573490454902, 0.6487721930571148, 0.5116514346095674, 0.3617025196371596, 0.2819128377219879], "(0, 1, 0, 3)": [0.2868837031579384, 0.2866658621730224, 0.28054293049747386, 0.26641503787591303, 0.2304411643875515], "(0, 1, 0, 4)": [0.18406282989243639, 0.18245618700922106, 0.17750142081823195, 0.17578045983735555, 0.18120443536835829], "(0, 1, 0, 5)": [0.13280777094962737, 0.10877721649872131, 0.10700369823520343, 0.10153290617002805, 0.07067444650277008], "(0, 2, 0, 5)": [0.05685796382593762, 0.03428874662954195, 0.0318468934381241, 0.022162114131378263, 0.015083718484519868], "(0, 2, 0, 4)": [0.08567356374086997, 0.07585244984918887, 0.06699591202813222, 0.05334055129148746, 0.03744275130396023], "(0, 2, 0, 6)": [0.004264062938806501, 0.004991263581337615, 0.007791690910114183, 0.004583293309727924, 0.004770720682728368], "(0, 3, 0, 5)": [-0.013382885056323965, -0.01339084747380374, -0.013393162054699396, -0.013397164289548917, -0.014248386560606577], "(0, -1, 0, 1)": [0.9767418629133287, 0.9765607155233182, 0.9768792557618764, 0.9768371673572231, 0.9770789512498296], "(0, -1, 0, 0)": [0.9262475237923483, 0.9347718446363369, 0.973396092158785, 0.9752515777615024, 0.9760535137557477], "(0, -1, 0, -1)": [0.6066267186112522, 0.8437683123725057, 0.8872194516847044, 0.9343747089932207, 0.9520805233644907], "(0, -1, 0, -2)": [0.3567286852717058, 0.4468140074472374, 0.6384314163629146, 0.705043369318232, 0.8006436703182901], "(0, -2, 0, -3)": [0.10311455675743368, 0.09490684385997529, 0.12914805679323432, 0.13042272781296504, 0.14926250036285307], "(0, -2, 0, -5)": [0.03279785656190612, 0.026931733762733633, 0.03332509191047394, 0.0330733887935393, 0.032545455069428963], "(0, -2, 0, -4)": [0.039411502705490604, 0.06403249626215178, 0.0654323143857179, 0.0752115715837448, 0.09065020924786364], "(0, -2, 0, -6)": [0.008896910495275029, 0.009886414723752509, 0.015401951826822769, 0.025365018089972848, 0.022230792794559633], "(0, -2, 0, -7)": [0.00207332441576446, 0.002678161541328168, 0.011542849926279564, 0.0026638369431745477, 0.002439023868116997], "(0, -2, 0, -8)": [-0.002531713561585765, -0.0020878395298985406, -0.00293683199765101, -0.004471576767916695, 0.0035204292208557936], "(0, 1, 0, 0)": [0.9769969780983174, 0.9764586941185704, 0.976407529693768, 0.944568801754807, 0.9353295109110583], "(0, 1, 0, 1)": [0.9626294510195796, 0.9545896289998218, 0.8971496145425721, 0.8342432690898121, 0.6079429299144852], "(0, 2, 0, 7)": [-0.003240622000269482, -0.0036389215574447386, 0.003671368388894889, -0.0026564364772231892, -0.004055097779793348], "(0, 2, 0, 8)": [-0.006068069894052793, 0.010071796614678571, -0.0071246783012770196, -0.005909986308039646, -0.00922665042129817], "(0, -1, 0, -3)": [0.2843929391213529, 0.33167769974538236, 0.32285851483503925, 0.32881709871593284, 0.32519660308083254], "(0, -1, 0, -4)": [0.22623933048651648, 0.26737212804936594, 0.26055236844296165, 0.26271797475425956, 0.2645882715615758], "(0, -1, 0, -5)": [0.11862514098047684, 0.16963506056592162, 0.17332368623961178, 0.17369448652331176, 0.17150587820040195], "(0, 0, 0, -1)": [0.9484721358274414, 0.9715957940311735, 0.9664614362272388, 0.9743937658503725, 0.9754050585832078], "(0, 0, 0, -2)": [0.9157705404994391, 0.9139750293425014, 0.9505195455603563, 0.9600555735646888, 0.9771548303913887], "(0, 0, 0, 3)": [0.9025076545290327, 0.4895029030199051, 0.34570064810019646, 0.3401456219082157, 0.24223516198975598], "(0, 2, 0, 3)": [0.12243866917714041, 0.12026180502063136, 0.12101337141000901, 0.11674603942142786, 0.08990179338233414], "(0, 1, 0, -1)": [0.9760796671553444, 0.9760504215911588, 0.9761635531521139, 0.9759639079444752, 0.974619983309128], "(0, 1, 0, -2)": [0.011697120923789153, 0.11276972695551238, 0.9735996894538408, 0.10127793452808131, 0.1371231714833462], "(0, -1, 0, 2)": [0.7919334400026045, 0.9772740922425487, 0.8946509724501702, 0.5481381965809806, 0.7611763455185933], "(0, -2, 0, -9)": [-0.001395084798947289, -0.004947690733395296, -0.006474145175549563, -0.006896897353485374, -0.0052463797427588], "(0, 0, 0, -3)": [0.10841065936541952, 0.3442877417027544, 0.3128120773414283, 0.8408434256727304, 0.32961884318994883], "(0, 3, 0, 7)": [-0.007528524233400822, -0.008965027150642128, -0.007533519924245775, -0.007531887888722122, -0.005940222326666116], "(0, 0, 0, -4)": [0.0067643868353461055, 0.039124251984725626, 0.003213284669203872, 0.04589234726902548, 0.21802504098721204], "(0, -1, 0, -6)": [0.030465491224793053, 0.02127275245942052, 0.045676368376473084, 0.052729255099350184, 0.13412121656607498], "(0, -1, 0, -7)": [0.00902681740626721, 0.0022157731130174833, 0.011731406503417184, 0.03422159502614875, 0.0011375301212523381], "(0, -3, 0, -7)": [-0.00753599199615419, -0.00753515569511801, -0.00897011922409758, -0.008966046100053936, -0.00896398792674765], "(0, 1, 0, 6)": [0.07302006517975429, 0.009550268407119183, 0.035186427644746804, 0.009262819703736122, 0.006443725355041743], "(0, 1, 0, 7)": [0.004110249645329903, 0.006405398866933361, 0.0, 0.0, 0.001894521494023502], "(0, 1, 0, 8)": [0.0010426691776141525, 0.0, 0.0, 0.0, 0.0], "(0, 2, 0, 9)": [-0.008043404196475838, -0.008325811249288623, -0.008437282294965022, -0.008568992220716207, -0.0018443321987047425], "(0, -2, 0, -2)": [0.20216018743374237, 0.19922941922678625, 0.24152867334070618, 0.24055489284870565, 0.23437468337421252], "(0, -2, 0, -1)": [0.11010920851695066, 0.2277578642031243, 0.14301194028873984, 0.10113445299465923, 0.1194841060233762], "(0, 2, 0, 2)": [0.26040540550564534, 0.2641096371160486, 0.2655954873804073, 0.2642444122561242, 0.23254756430615797], "(0, 0, 0, 4)": [0.03269470866269185, 0.21091804541797593, 0.06950419525593293, 0.06909783172159717, 0.022264777545761373], "(0, -3, 0, -6)": [-0.015708818878785613, -0.015703281952642527, -0.015702686707350328, -0.015698571016340666, -0.016312982719214858], "(0, 0, 0, 5)": [0.0, 0.0, 0.0, 0.011394351388244026, 0.002474981667448537], "(0, 0, 0, -5)": [0.003045801583348206, 0.0, 0.0, 0.0, 0.0], "(0, -1, 0, 3)": [0.0, 0.001774967615854871, 0.09019487091873425, 0.0009832593612372875, 0.0221980370392151], "(0, -1, 0, 4)": [0.0, 0.005701448720575185, 0.0, 0.0, 0.0], "(0, -3, 0, -9)": [-0.002196987718343735, -0.0021947821602225303, -0.0021954622119665147, -0.004167320542037487, -0.0021944431588053702], "(0, 2, 0, 1)": [0.25842766654626675, 0.3257039175203454, 0.2818021588415843, 0.23828871159613582, 0.28983532017229413], "(0, 3, 0, 8)": [-0.004166531749069691, -0.005942211577668787, -0.00594252404011786, -0.0041668122634291645, -0.005945610404014588], "(0, 3, 0, 6)": [-0.011413137111512199, -0.011413142188506947, -0.010252651111926884, -0.010257291656706483, -0.010256645224787295], "(0, -3, 0, -5)": [-0.011410393283106016, -0.012452295325628929, -0.01245092344191732, -0.01244636749562202, -0.012441149909012095], "(0, -3, 0, -8)": [-0.00594201067276299, -0.005941916920244693, -0.007539233591966331, -0.005941425701603294, -0.005941021036356688], "(0, 2, 0, 10)": [-0.003469058502465487, -0.0027789052702374755, -0.0028374298807233573, -0.0027011578368794672, -0.004152743723243475], "(0, 3, 0, 4)": [-0.0124328629861434, -0.01139056056825407, -0.011392793486986123, -0.011394429553235694, -0.011398835499997623], "(0, 2, 0, 0)": [0.013967729031014366, 0.004800522147533978, 0.2400747069618334, 0.028214675458062218, 0.001492495091590514], "(0, -3, 0, -4)": [-0.007514184721373021, -0.007511761962622405, -0.00894429954778403, -0.008943322296701372, -0.008937590683270246],