{"q_values": {"(0, 0, 0, 0)": [0.920889869822713, 0.9138614833441437, 0.9157788831075714, 0.8923763874864158, 0.900551011609493, 0.9152138779695042, 0.8847260070105153, 0.9113512273498764, 0.9059172578907895, 0.9083490881813161, 0.9149976207355434, 0.9072940055833216, 0.9124330020933206, 0.9161848153631319, 0.9118993413491061], "(0, 1, 0, 0)": [0.8374969852524761, 0.8106616565159115, 0.812560883027703, 0.8118331584989223, 0.8961821116516587, 0.8094570497755397, 0.8330531759511117, 0.841038290402667, 0.832579373978918, 0.8380117139540898, 0.8203266358130333, 0.841355412890189, 0.8336572124177039, 0.85125840373752, 0.8287136535046968], "(0, 2, 0, 0)": [0.7006846752986507, 0.666002224245934, 0.8050419008647498, 0.727413132004497, 0.6082471813002321, 0.6832471172924525, 0.7315195913123566, 0.6614087230809159, 0.6840723616250373, 0.7212494605612694, 0.6897201055511373, 0.6451842569286301, 0.647245914756476, 0.6922727535967166, 0.6527194153900038], "(0, 3, 0, 0)": [0.333338282758485, 0.3251435399732058, 0.3503218504135501, 0.3510375896528034, 0.34163283330001015, 0.34921892088355555, 0.3586446834679855, 0.31933357993909545, 0.3226806194392862, 0.32985973633399096, 0.3343774911784881, 0.3489597589147845, 0.32507543424570845, 0.3333645092651057, 0.34263957676167967], "(0, 4, 0, 0)": [0.19504722885533232, 0.04103790275208889, 0.02969610872624051, 0.016357213277751564, 0.010434547317901102, 0.00605114294398991, 0.017276853682782964, 0.035319850502040756, 0.008487487175570789, 0.04347036433313199, 0.0278943829451229, 0.04266678492808482, 0.028455920864985204, 0.032517230634150296, 0.04290847592597624], "(0, -2, 0, 0)": [0.773026393458893, 0.7719636205603378, 0.7496365934566304, 0.7537426434743387, 0.7195251238266677, 0.7478414436117984, 0.7573569230776946, 0.7153540357417302, 0.728015200079155, 0.7657191789821548, 0.7343221850798606, 0.7373378657126389, 0.8442807159366525, 0.7331773073852599, 0.7686258804126437], "(0, -3, 0, 0)": [0.40080801733444077, 0.44351872944111387, 0.3540161115601523, 0.38810648892126515, 0.36738553367944266, 0.32865662102312737, 0.3862377284451606, 0.3546578915911415, 0.3476022236551072, 0.3752820458907985, 0.4152012927800682, 0.409215397121698, 0.4846832958216544, 0.39347939333233717, 0.3634036360818893], "(0, -4, 0, 0)": [0.06572846702499117, 0.02125930239524252, 0.047504947608005006, 0.028575807743025303, 0.06712142039524265, 0.07984105078961047, 0.029920454486373968, 0.04833551514393996, 0.02098328147439347, 0.09105523174078292, 0.03095023852244804, 0.057738108073097455, 0.044113805628531164, 0.07546724509327131, 0.27206270618255785], "(0, -1, 0, 0)": [0.8960408260087313, 0.895940298245738, 0.8958720898096304, 0.890504173331519, 0.8949065978158323, 0.8977941890966414, 0.8974800475449488, 0.8973250172269056, 0.8944565111462462, 0.8865452626345403, 0.8962382902423078, 0.8944949283586475, 0.7615919348779863, 0.8924977505668484, 0.8978858687638341], "(-1, -4, 0, 0)": [0.001474712592481428, 0.009038956797638512, 0.0021673060637356035, 0.006272050250333739, 0.006288131550614546, 0.007200102844216688, -0.0026099032631752986, 0.008044416353060729, -0.002597183342263141, 0.0030818642831705627, 0.00421452248466658, -0.00044675790973112885, -0.002694606156489405, 0.003951403829680485, 0.0054665659552607425], "(1, -1, 0, 0)": [0.6927954836788759, 0.7681205213427551, 0.7096342483230682, 0.7499954654809327, 0.703758867706974, 0.7596031702555643, 0.7507569259240768, 0.7394791980346537, 0.7308290953169165, 0.7556441608536016, 0.750802577510696, 0.7328068081765211, 0.7394478684221926, 0.7623074595416509, 0.7302454192072002], "(1, -2, 0, 0)": [0.5026931290865206, 0.5111750687745286, 0.5346689324817309, 0.5336081278034379, 0.395643443806921, 0.4242122490001578, 0.4089611063462935, 0.42879986920865093, 0.4654158554114145, 0.38322633517543797, 0.4753499081011654, 0.5157378256209296, 0.34872369791526314, 0.3750645194950311, 0.6895921250112728], "(1, -3, 0, 0)": [0.11544690507680722, 0.10725742573253871, 0.06031229108816452, 0.11172863620521023, 0.14824454029495815, 0.04590220143498811, 0.11004243953960073, 0.12534168484666666, 0.042615174410956774, 0.09944342029429264, 0.10232099400817113, 0.2060591337523184, 0.20038533947942422, 0.11066928995428957, 0.07377853036346692], "(-1, 0, 0, 0)": [0.3804441602910497, 0.3507369785550935, 0.47975214002285654, 0.27909795593136044, 0.28003711153516586, 0.382737418737758, 0.07919229890698559, 0.28153338058847366, 0.4119325904530222, 0.2843053054416628, 0.36023053855738374, 0.3168696303062753, 0.3815389486608071, 0.3519703155956314, 0.6667648787471906], "(-1, -1, 0, 0)": [0.10047562719775102, 0.12457855385719571, 0.08853999111816768, 0.09076965409439129, 0.1601812957823773, 0.11759276473244021, 0.15271278702168786, 0.13362775922849954, 0.10268949210309283, 0.12180242141165305, 0.07137431532678902, 0.11739964487300289, 0.0699389104812775, 0.1151583540936229, 0.09986990184372883], "(-1, -2, 0, 0)": [0.09524814563390976, 0.056995191044730165, 0.06673587623518466, 0.035945370873863895, 0.06627385375391918, 0.03527640320521916, 0.08347491180246257, 0.04738506509330245, 0.05235814845886295, 0.034861641577220534, 0.07467182205221709, 0.06575354957222607, 0.06141583326390509, 0.0701824733941619, 0.07316496239957311], "(-1, -3, 0, 0)": [0.04994061217394189, 0.0137071292753479, 0.03877163031095392, 0.041111772986210014, 0.04099481225444959, 0.021159276199206906, 0.029502977869914793, 0.04198850346627559, 0.019157584096389024, 0.04397419613287651, 0.05263445370622626, 0.040898031353472586, 0.028225602640605682, 0.01820654812031218, 0.026440326694477274], "(-1, 1, 0, 0)": [0.4857799663854103, 0.5148310373934053, 0.5112054064546714, 0.5251381118835888, 0.5614829253531336, 0.5180138643548519, 0.5375564033082955, 0.5223067183876168, 0.5152191564858534, 0.49810062053272885, 0.5307837581070799, 0.5153808219437466, 0.500204232003475, 0.4774325753334913, 0.5138976741252527], "(-1, 3, 0, 0)": [0.21645127084922655, 0.17804727905170756, 0.20900134596817363, 0.21257030487934558, 0.16261864086572259, 0.19776413467605883, 0.18561120805498876, 0.19173635006260575, 0.173814337171608, 0.1772781766255027, 0.21284042832450423, 0.21148557536493023, 0.16676442689571727, 0.17343004291062936, 0.17450146269169922], "(-1, 4, 0, 0)": [0.07054412269609223, 0.031035551521363922, 0.01815574920818953, 0.02580228722878774, 0.02470058849280459, 0.014712620959535964, 0.026454465432852674, 0.017548860246550623, 0.005985642511510428, 0.018682870569068682, 0.02451501417713712, 0.011863118922876715, 0.01856790346246687, 0.010869326220815122, 0.006297006086148951], "(-1, 2, 0, 0)": [0.4659701624630744, 0.3917152051960402, 0.39932299225888546, 0.40400555399664523, 0.37389216623433863, 0.4101784014597524, 0.4033718159872672, 0.40398990299270526, 0.42069367846455674, 0.41465725904547224, 0.38592451867000555, 0.4070132991311953, 0.3955972092480591, 0.4339477621212626, 0.40628108151075365], "(1, 0, 0, 0)": [0.8628593122252596, 0.868440900556681, 0.8681531242646473, 0.8016655996338127, 0.8598958262775357, 0.867327884595504, 0.8667461326175094, 0.818870114527055, 0.8585248898006673, 0.8182913076505992, 0.8527995983697972, 0.8321248780345258, 0.8477135762890905, 0.807929051912738, 0.8573222446385115], "(1, -4, 0, 0)": [-0.0052294194999910875, 0.006677628106990984, 0.006359973799366466, 0.0081614315809975, 0.00820544127109854, 0.003440556692928899, 0.00621143381393356, 0.000671477304410641, 0.0044430824758344475, -0.001299932116426314, 0.004119387556261507, 0.01755608226330955, 0.004972226165271008, 0.0006736784231891292, 0.004232486933147249], "(1, 2, 0, 0)": [0.5644747255873065, 0.8812078081976924, 0.5104550046976579, 0.6114541227202963, 0.5342975894546892, 0.5500261738879669, 0.6061241887375991, 0.5700675486962768, 0.5746150329905962, 0.49855452311518245, 0.5211211707926525, 0.6418575103074539, 0.555506949959371, 0.5674250772151659, 0.5160669607914844],