{"q_values": {"(0, 0, 0, 0)": [0.9311864538766133, 0.9191152705686858, 0.9322246010393154, 0.9206201442934663, 0.9289533575281332, 0.9310118840548482, 0.9327598577257065, 0.9286934004650887, 0.9400673537256133, 0.9322593253080157, 0.9329200907494395, 0.9312830201991297, 0.9233320836692106, 0.9287124238344961, 0.9315878144513257], "(0, 1, 0, 0)": [0.8778435483237104, 0.9139528312086569, 0.8753922794142062, 0.8963891245248735, 0.8841773625677367, 0.8434626716196907, 0.8937198938304878, 0.9151360363621271, 0.9096835794247758, 0.8988907456493523, 0.9015381272076536, 0.8909892935362241, 0.8983848805412121, 0.9160912344995353, 0.9167958906528557], "(0, 2, 0, 0)": [0.672635259716159, 0.6565104495631522, 0.6895201370567758, 0.6725853785229526, 0.6850929007087864, 0.6550675699438103, 0.6658292265145418, 0.6765367111985547, 0.663985481948256, 0.667920576132974, 0.6630234232451211, 0.6852837207743534, 0.6775116034730152, 0.6878938694006906, 0.6803697603902463], "(0, 3, 0, 0)": [0.531636834971293, 0.3780455892875859, 0.42313881515713325, 0.34209802384887367, 0.39100118964036973, 0.37318886354589204, 0.38696965256370847, 0.37690333220097877, 0.42000782584079893, 0.4016964804858166, 0.4141492070589776, 0.3942596821673377, 0.3890455175174016, 0.3544397497277016, 0.36638247158183057], "(0, 4, 0, 0)": [0.0909797985569544, 0.01818022891972874, 0.014432135899644696, 0.016357213277751564, 0.018483560846347172, 0.013014449344440895, 0.017276853682782964, 0.022980137824618822, 0.008487487175570789, 0.040378090041283766, 0.018339543711000657, 0.04199222353925319, 0.01791891862412881, 0.01478759844685838, 0.010267322459339753], "(0, -2, 0, 0)": [0.7745100338239275, 0.7721401250238643, 0.7600291412005106, 0.7843490073985308, 0.7507289752384319, 0.78839093407895, 0.7834572603887654, 0.7805895937878573, 0.7707822989149633, 0.7881282088351129, 0.723503100854098, 0.7730253706606659, 0.7264577995790013, 0.7877814384367421, 0.8131301465419722], "(0, -3, 0, 0)": [0.37909458952253966, 0.44382139050627917, 0.34916878395631085, 0.4562945225304678, 0.3919799466761415, 0.32865662102312737, 0.342657403930332, 0.3546578915911415, 0.3767425713970292, 0.3338398731713521, 0.35422582988345847, 0.3575937696900388, 0.31529597835134754, 0.33316286758632363, 0.6729831861164266], "(0, -4, 0, 0)": [0.06572846702499117, 0.02125930239524252, 0.019872877764981027, 0.028575807743025303, 0.07869944130523737, 0.10090624569431397, 0.0428695787851561, 0.04833551514393996, 0.02098328147439347, 0.0653231394540575, 0.03095023852244804, 0.08157777202431465, 0.044113805628531164, 0.14515430211114566, 0.07621936357843476], "(0, -1, 0, 0)": [0.8995538732429575, 0.8899314388873127, 0.9000741657030146, 0.8969147263321476, 0.9024721679216059, 0.8905009638059314, 0.866789913406642, 0.8935163275435715, 0.8453931070958937, 0.9001907969990445, 0.8833356504644673, 0.9019003367913493, 0.8932638858221367, 0.8825131259035881, 0.924053948800576], "(-1, -4, 0, 0)": [0.0006504870264190214, -0.001110339527776203, 0.0021673060637356035, 0.00318139680898886, 0.003180871358689283, 0.0011454626127053126, 0.0021993998784276226, 0.009188860816510163, -0.010659110859036447, 0.0030818642831705627, 0.0012883421061832467, 0.004934307359064546, 0.002071192337397296, 0.0024298007237548076, -0.0017341949881548233], "(1, -1, 0, 0)": [0.4988600500317592, 0.44472716982592203, 0.6456261500665554, 0.6257584387564014, 0.5048605105032511, 0.6178580056618586, 0.6299558024056741, 0.551528482671581, 0.5746500283322108, 0.5599412882610905, 0.5698723402540655, 0.6335319158831372, 0.5994095960260644, 0.7187622954751457, 0.5744322348463227], "(1, -2, 0, 0)": [0.21810421600899546, 0.2035256449212737, 0.29599206139358875, 0.32682846472633575, 0.2703668755098301, 0.36623414531570636, 0.2522072313078697, 0.19610764048788543, 0.19382574522900234, 0.2484117204535057, 0.11847067790982685, 0.35999694061722975, 0.38908551860881796, 0.2933740953606162, 0.28419878270744003], "(1, -3, 0, 0)": [0.0726104674272348, 0.06485306738079621, 0.06031229108816452, 0.08313757136277848, 0.07434182031483225, 0.0335873650190204, 0.07414892113534097, 0.06240749637322591, 0.04939621423751699, 0.06943930299794474, 0.0802485898433305, 0.07991876424074033, 0.08729729087883052, 0.052850693908657126, 0.07377853036346692], "(-1, 0, 0, 0)": [0.13030934344228218, 0.1853345294073207, 0.24058243857439013, 0.17577113053023172, 0.18104763147660258, 0.15128426037489942, 0.07919229890698559, 0.28153338058847366, 0.21567261843816202, 0.18023504461305223, 0.36023053855738374, 0.11083742422806515, 0.1884200017834013, 0.13829953465239533, 0.623895571139293], "(-1, -1, 0, 0)": [0.10027769346474974, 0.11721185993601105, 0.08853999111816768, 0.06353001094184603, 0.14620222055513055, 0.1067580878374085, 0.12345869145395208, 0.11910074189370888, 0.08879955304407267, 0.09311081080772575, 0.07137431532678902, 0.1078388296446049, 0.0699389104812775, 0.0797862407280798, 0.08420936879452093], "(-1, -2, 0, 0)": [0.08613323830775732, 0.056995191044730165, 0.06673587623518466, 0.035945370873863895, 0.06627385375391918, 0.0179823813345906, 0.07162609557448676, 0.04738506509330245, 0.05235814845886295, 0.034861641577220534, 0.07467182205221709, 0.05695953386015584, 0.05046527208331961, 0.06175721987405879, 0.06720701233648425], "(-1, -3, 0, 0)": [0.03634747697186848, 0.0137071292753479, 0.03877163031095392, 0.03404043384567665, 0.04099481225444959, 0.021159276199206906, 0.029502977869914793, 0.03376200965522778, 0.019157584096389024, 0.02103630811027765, 0.05354231023020713, 0.03422142353272199, 0.028225602640605682, 0.01820654812031218, 0.02653808516469334], "(-1, 1, 0, 0)": [0.4707854430166047, 0.45007109416451935, 0.32472215791352615, 0.42502945828061833, 0.3481932972752889, 0.45142282910452913, 0.34357033608011645, 0.36859567595748055, 0.43964311921853133, 0.41804176119119185, 0.40387382399605004, 0.43802122943713273, 0.5911700822009688, 0.4516799062006662, 0.445573138519581], "(-1, 3, 0, 0)": [0.17610927994633202, 0.1432749548084578, 0.17155579159871265, 0.17164188990992024, 0.1581681298320389, 0.0919711021256786, 0.18076559597820327, 0.1615901949343766, 0.18374905379629194, 0.14306634958302883, 0.17077861425074153, 0.13559570979547264, 0.1882798561482821, 0.09476966841100717, 0.1553291322028314], "(-1, 4, 0, 0)": [0.007161203113907074, 0.0023694240561975815, 0.013579328470854185, 0.000737740213455114, 0.004427377052375366, 0.003537684508163272, 0.0006507578709170807, -0.004262751183501185, 0.01003864589278553, 0.0014587247963282072, -0.0014295794988465078, 0.005550965871771083, 0.007930339452129544, 4.3714403238237325e-05, 0.006297006086148951], "(-1, 2, 0, 0)": [0.43675678341160007, 0.39827765342791893, 0.37536700669868767, 0.43432243950296356, 0.37838754448030204, 0.43623018271435704, 0.3806074402009177, 0.4033446568361434, 0.38786517245379093, 0.3841921810851355, 0.3720858225722891, 0.4372086963794774, 0.3715180819762873, 0.4321740581025239, 0.40931350513167564], "(1, 0, 0, 0)": [0.7132774219237853, 0.7182481489464118, 0.6850310654067344, 0.6979409080140292, 0.7193973710375866, 0.7410956911740028, 0.692220656652681, 0.7116058348918717, 0.725472744160662, 0.7305210247476338, 0.706612459014596, 0.6873801441315283, 0.7344387984077434, 0.7109860174623034, 0.7709421399770154], "(1, -4, 0, 0)": [-0.0052294194999910875, 0.008799291730445961, 0.0019327618042070116, 0.007408421836196268, 0.0038331973733813285, 0.011069941328673335, 0.003414980437844056, 0.000671477304410641, 0.0005764466867710805, -0.001299932116426314, 0.01044571082334644, 0.006806105200454532, 0.0022549611378476684, 0.008336598634004117, 0.0003994383768526639], "(1, 2, 0, 0)": [0.4987741026263884, 0.5183009438827004, 0.5104550046976579, 0.5165554847891967, 0.3941968446911644, 0.47292154532706715, 0.4585293194168488, 0.5389650365188697, 0.497594186720987, 0.5315147125779738, 0.4386886860882466, 0.48224762296847595, 0.48194119447848005, 0.47691557238344984, 0.5315016445125319],