{"q_values": {"(0, 0, 0, 0)": [0.8229243807934649, 0.814522671473866, 0.8003171492829527, 0.8280679799373728, 0.8296560387622907, 0.8677159634700305, 0.8023822793721602, 0.8316051335463059, 0.8067919538875408, 0.8081366588612919, 0.8197497976470677], "(0, 1, 0, 0)": [0.8539224887874814, 0.7773101818410383, 0.790502436479983, 0.7828157032326746, 0.7862334726108549, 0.7710620491163729, 0.7876177908410995, 0.7852654765408456, 0.8017535686491112, 0.7860285407105473, 0.7826101266990246], "(0, 2, 0, 0)": [0.7091748231895695, 0.6329438965490418, 0.5958315924222439, 0.5656158228390324, 0.5074477987423095, 0.5719156085601197, 0.4970330799669517, 0.4863695783092319, 0.5157713031839447, 0.5050269463207417, 0.5734828704978888], "(0, 3, 0, 0)": [0.4271379706023227, 0.2085075759383561, 0.1826346548980788, 0.2450925268438523, 0.23584495993339105, 0.25543047440224437, 0.23499537127099027, 0.2336239846178857, 0.24888171711829665, 0.26536646569433064, 0.25592071181635684], "(0, 4, 0, 0)": [0.01478716242259535, 0.012424298899244207, 0.008792211193431015, 0.009171384925257858, 0.011143384974965276, -0.003221859452221665, 0.016383957561941578, 0.0171622278043932, 0.01033393731432522, 0.013811212847882736, 0.014678224209628355], "(0, -2, 0, 0)": [0.6236432961233596, 0.5301101075440611, 0.5875341397074137, 0.4856249112987019, 0.5930840456022077, 0.5378364981231424, 0.4769941955326417, 0.5084663753833277, 0.5256870380568579, 0.6065534332794542, 0.6720167259361362], "(0, -3, 0, 0)": [0.15912057352503667, 0.14939547333178652, 0.16047271962961665, 0.14942129289404268, 0.15209009286198377, 0.15261675599394853, 0.1570767345174254, 0.15058510944622305, 0.14734992020035576, 0.16326236759180737, 0.15185458956945985], "(0, -4, 0, 0)": [0.006405670416271232, 0.00738297542469911, 0.006092604811366135, 0.004915181414544796, 0.0010754614765025525, 0.0063154321999699435, 0.0055166517071016455, -0.0008277099376436583, 0.005830012031241022, 0.0006768941490027719, 0.018589063401860718], "(0, -1, 0, 0)": [0.784431949783216, 0.7957209912634382, 0.784105469289946, 0.7828174788591988, 0.7704158585511626, 0.782946769885133, 0.7794489480729943, 0.7847149305539002, 0.7790990078683749, 0.7583910804274497, 0.7849507935046964], "(1, 3, 0, 0)": [0.012215425596640454, 0.01968086473420004, 0.022125155861386487, 0.02826910718140041, 0.06383024033267237, 0.0037059369535798617, 0.0037202280984873362, 0.032745762454488764, 0.00589850418718186, 0.02594000689741848, 0.005701853827496536], "(1, 4, 0, 0)": [0.0028234591923985857, 0.004299905233930552, 0.0044652232347284875, -0.002216946229359795, 0.0, 0.007535370068251888, 0.005697462056793674, 0.0028637975909819244, 0.004382434947786995, 0.005644030365809138, -0.007845253944396974], "(-1, -1, 0, 0)": [0.49929831598446595, 0.29738906088430495, 0.5318645239866686, 0.5532933373425815, 0.5833218145826076, 0.5584489036685364, 0.5005259813671781, 0.6734447494791254, 0.5745234317178224, 0.4538080516700704, 0.5757279042667978], "(-1, -2, 0, 0)": [0.027975281414637128, 0.02777717230796487, 0.028975514552306892, 0.106019748028823, 0.004391725608742736, 0.020630802171467275, 0.049405213135272574, 0.00905141372429726, 0.021333105214333438, 0.044481827465482335, 0.03787454526679897], "(-1, 3, 0, 0)": [0.05769683080454939, 0.05488814650431431, 0.054743219692764064, 0.057423393556330325, 0.05767637554573297, 0.057170987250131707, 0.05810383872027954, 0.05100425564978198, 0.055954647444907794, 0.05740550179223183, 0.059281204751604796], "(-1, 4, 0, 0)": [-0.0016903407466148596, -0.002258623998527887, 0.0029015896404102296, -0.005464487200548704, -0.006152025434248557, -0.0018529536290579568, -0.0012805393649953619, -0.0020266240075394607, -0.001477963800425094, -0.0011886331762365884, -0.003426154453711445], "(-1, -3, 0, 0)": [0.026954307860235845, 0.012002300057076335, 0.02033749049796591, 0.09985094264770512, 0.034302021144911515, 0.018692513200870228, 0.0124389353716152, 0.023876173478067107, 0.020380158206776695, 0.01779305813678994, 0.011914682833310278], "(-1, -4, 0, 0)": [-0.004626748303795816, -0.00012062242108714337, 0.0004984837005441219, 0.0001723744746796995, 0.007059563540876361, -0.002107428240931837, -0.00016898870349597254, 0.00042220060327530576, 0.03885236425011451, 0.02004126566713392, 0.11293735469462937], "(1, 0, 0, 0)": [0.603635601380365, 0.5938795891468556, 0.5238932798262561, 0.5913034732598518, 0.6061747275399425, 0.6022599239187468, 0.5149293452344893, 0.5982048748989948, 0.48752764128212134, 0.5695350335396068, 0.554470563472923], "(1, -1, 0, 0)": [0.5033949674207515, 0.5484342920300747, 0.5061090626965349, 0.5206997243638499, 0.5231450633938923, 0.5038776734253211, 0.5235492968237044, 0.504971899164123, 0.5174093346639358, 0.48884518616888734, 0.5182165856302832], "(1, -2, 0, 0)": [0.3092411071778834, 0.3141807873982302, 0.29385550730960425, 0.308926307558369, 0.30767014734577214, 0.2869286800158495, 0.30334568945091056, 0.2900756051613262, 0.29793709854924083, 0.2942174790910578, 0.3184863071231849], "(1, -3, 0, 0)": [0.09179239412928614, 0.09665132048556432, 0.09062375621429593, 0.07767289768672077, 0.09474057307216224, 0.10026880095090766, 0.095005392057447, 0.09787593807679543, 0.07057417308716299, 0.0839024397426251, 0.10161595198117998], "(1, -4, 0, 0)": [-0.0006197207587003315, 0.0036758496478028905, 0.0072850706564270154, 0.009238079967069183, 0.0010385136225455355, 0.0016097484808012298, 0.005381064061199488, -0.005183411447202097, 0.005252606938311388, 0.007770491366430208, 0.010436518876601724], "(-1, 1, 0, 0)": [0.4812573283035716, 0.539342504378798, 0.5365962598169998, 0.5347726493224995, 0.5388466799553532, 0.5197416057967327, 0.535854334084584, 0.46104529666848804, 0.5497896418288248, 0.5273543693609658, 0.5412752474619051], "(-1, 2, 0, 0)": [0.3183567466121263, 0.25060619843056203, 0.27775595311136186, 0.23745716569534805, 0.2995343033468323, 0.31143134590240934, 0.27284955446815917, 0.2922074050619457, 0.25535476892462544, 0.2725963920648931, 0.19970199588873597], "(1, 1, 0, 0)": [0.20189697768675904, 0.2057588222642827, 0.7465827207853498, 0.3961180174424656, 0.454636952292066, 0.26348498851411917, 0.21190999801996596, 0.4904346757765296, 0.344391017067065, 0.42569519856932514, 0.4168075234245165], "(1, 2, 0, 0)": [0.023761659768261743, 0.030647577301955338, 0.01786100518604548, 0.017906970177153012, 0.03670585625837126, 0.031016173764928108, 0.22946290203354328, 0.03228248487292386, 0.03287111485459479, 0.042701275146575526, 0.017873137711489514], "(-1, 0, 0, 0)": [0.6056997695351737, 0.5955735045705, 0.5941969504992269, 0.6187000174439609, 0.6184974262685968, 0.5937174536330037, 0.5876822801663423, 0.6245682654511692, 0.6145409980373024, 0.6205491319038675, 0.6066440795486941], "(-2, 1, 0, 0)": [0.013571347817313917, 0.031310196389375745, 0.0, 0.03616660122399745, 0.0, 0.03464515286281945, 0.056413488985225815, 0.05313966545712889, 0.15344622987981793, 0.021153354234898503, 0.009824620025421088], "(-2, 2, 0, 0)": [0.0, 0.014058662101073533, 0.020018847884744003, 0.058787965658700064, 0.0361005985072837, 0.03664143233484986, 0.03187149858124863, 0.022979084861515058, 0.08603558045497559, 0.03156810956216494, 0.02379973833353869], "(-2, 4, 0, 0)": [-0.0017810261385401965, -0.0043818637728691105, 0.00025693432559374674, 0.001236898179536314, -0.001811180205102654, -0.0017133693233783503, -0.002763904266655445, -0.005704891593813897, -0.0019187639573216356, -0.0019030082425231234, -0.0026975985950461654], "(2, -1, 0, 0)": [0.11609939757476477, 0.09971508949421047, 0.05795663079694444, 0.0897239525683092, 0.16881063738803806, 0.019556013687260176, 0.17993306363345582, 0.1893466920719437, 0.18384889306203522, 0.045964547921255094, 0.1625409441128839], "(2, -2, 0, 0)": [0.04092446806363106, 0.06289740269371967, 0.026693547551722232, 0.08527419929264764, 0.0, 0.025980337306486474, 0.018846338867457985, 0.03403930596816995, 0.02815385880850118, 0.04743447524596807, 0.049550705363380174],