{"q_values": {"(0, 0, 0, 0)": [0.8409080196787182, 0.798453024255958, 0.8154734215364771, 0.7868394662511751, 0.8236827249939017], "(0, 1, 0, 0)": [0.6950244214285473, 0.40621282429053934, 0.4206559910467839, 0.34913783134354526, 0.45092701553951037], "(0, 2, 0, 0)": [0.028335188899965544, 0.02207819692688378, 0.024492060580302517, 0.0186815648739823, 0.016789925041575803], "(0, -1, 0, 0)": [0.7817343416405986, 0.7918150339113543, 0.7252709014275968, 0.7458520867204197, 0.8670970005287064], "(0, -2, 0, 0)": [0.04711756428943066, 0.04662073542593613, 0.07634800702283716, 0.061993044581464596, 0.07547827469814467], "(1, 0, 0, 0)": [0.7812939352162166, 0.7862744923075197, 0.7875354086483562, 0.8066273298186406, 0.7542331472940593], "(-1, -1, 0, 0)": [0.5638003778483209, 0.5078387364394205, 0.5785098285190049, 0.7288602792197691, 0.6066359062803178], "(-1, -2, 0, 0)": [0.05649741364735941, 0.11360775802531888, 0.13244148765701785, 0.13804475809353295, 0.26184298906289266], "(-1, 0, 0, 0)": [0.7663260913000931, 0.5331945070722705, 0.5247702574600753, 0.5229434709550691, 0.5123008758320869], "(1, 1, 0, 0)": [0.8191517714300517, 0.6886348450057813, 0.6126769755464817, 0.6644435237118214, 0.6595400830247169], "(1, 2, 0, 0)": [0.22453719913938017, 0.07007308100642763, 0.06707616951517079, 0.06586604150407815, 0.06500406462043289], "(-1, 1, 0, 0)": [0.2984212200898074, 0.16347969577160043, 0.1560747117872285, 0.17330012009174964, 0.1444190217676825], "(-1, 2, 0, 0)": [0.009178741457047376, 0.005873496274471006, 0.002931088605257117, 0.01981870157687983, 0.004505701696156076], "(1, -1, 0, 0)": [0.4884968109519071, 0.5316346579270786, 0.5590559726966688, 0.5660000325060435, 0.7181125095530967], "(1, -2, 0, 0)": [0.008673098287278969, 0.006936337027530272, 0.011108021457914766, 0.008375590735821765, 0.003145708673893262], "(-2, 2, 0, 0)": [0.013970377767215754, 0.008934285840143844, 0.0074674918371946414, 0.008446073830522385, 0.012238799597794989], "(-2, 1, 0, 0)": [0.2024393326126567, 0.1241201344605388, 0.12449023312002323, 0.1209623877307471, 0.12302493361587005], "(-2, -2, 0, 0)": [-0.0043562397360801695, 0.01339709599018288, 0.011999781368520777, 0.0, 0.0], "(2, -1, 0, 0)": [0.3617339806792112, 0.38738330546745925, 0.42689066745075654, 0.31469184788930327, 0.5806768789577352], "(2, -2, 0, 0)": [0.0028128070570767353, 0.005152477902101322, 0.012735023718013555, 0.0004634909824689313, 0.004543897648895805], "(-2, 0, 0, 0)": [0.24177299229080274, 0.23724022079863424, 0.2660860946618227, 0.2578279792544049, 0.3425197239106495], "(-3, 1, 0, 0)": [0.017023305216061102, 0.06045938864747019, 0.08817055406890859, 0.053049187022130684, 0.043207089477742926], "(-3, 2, 0, 0)": [0.00012368019089517394, 0.005918029802554377, 5.467818975057968e-05, -0.0006986398300803387, 0.004742127976649627], "(2, 1, 0, 0)": [0.7460631365396982, 0.8451787724711454, 0.7280511589307329, 0.7581879811120634, 0.7356237826584657], "(2, 0, 0, 0)": [0.69157111145837, 0.7318161130133923, 0.7337863762947119, 0.7051816951476632, 0.7087365071261742], "(-3, 0, 0, 0)": [0.06581225453235497, 0.05954925177781596, 0.12335983773407767, 0.0483456909819067, 0.0645135384844811], "(-2, -1, 0, 0)": [0.14581764093123256, 0.08416434476187162, 0.09532532584371436, 0.04328167892513018, 0.07459774752719286], "(-3, -1, 0, 0)": [0.09168581227462347, 0.0, 0.0, 0.010703358506400314, 0.014145150379240341], "(-3, -2, 0, 0)": [0.015221647528506984, 0.0, 0.005564506555544577, 0.0, 0.004610109451953786], "(3, -2, 0, 0)": [-0.005355514858088011, 0.0006442976661740155, 0.014559446039734, -0.005426782729773712, 0.0018252476479390517], "(3, -1, 0, 0)": [0.15624852983660417, 0.1347541567327022, 0.09895244158693978, 0.12447532650840787, 0.27848974369241736], "(3, 0, 0, 0)": [0.4812803590449749, 0.4350263431767446, 0.4924688899000169, 0.4956017603551119, 0.4945055996639515], "(2, 2, 0, 0)": [0.398626186642307, 0.12149171259283817, 0.1665841663573471, 0.2095928413470829, 0.12413399862159494], "(3, 1, 0, 0)": [0.6379155211531625, 0.6794139446581947, 0.6081470172546913, 0.5908382624159352, 0.6278534992759003], "(3, 2, 0, 0)": [0.4610481982264181, 0.0, 0.0, 0.05028236853604448, 0.0], "(4, 1, 0, 0)": [0.26001151672078165, 0.0, 0.050549604666024185, 0.0, 0.0], "(4, 0, 0, 0)": [0.19853273561265927, 0.20438531981742686, 0.19749927007271412, 0.046670420940674036, 0.04546263029573441], "(4, -1, 0, 0)": [0.08216801105010055, 0.0, 0.03592454055508462, 0.029788877544128498, 0.024280154856356383], "(4, -2, 0, 0)": [-0.0024319222824720622, -0.001094276693769834, -0.0027266406402404603, -0.003227809954384136, -0.0023889592722346384]}}