{"q_values": {"(0, 0, 0, 0)": [0.9139498732004204, 0.8539936511570511, 0.9151461584631513, 0.8419985779227384, 0.8436059826412413, 0.89716016040153, 0.9174820169344109, 0.89486322909714, 0.9145151488385769, 0.8978633166870323, 0.9098144754599187, 0.87690479795179, 0.9088754896593588, 0.858918490610499, 0.9151806142432264], "(0, 1, 0, 0)": [0.8011204193912016, 0.8469709893020819, 0.9284185791194028, 0.8607027074877494, 0.8484125990244396, 0.8654624889915168, 0.8241733639690132, 0.8570114630903037, 0.8401052367726427, 0.8429345211498007, 0.8174677650507972, 0.8386783702815022, 0.8411726986765801, 0.8563781909524267, 0.8383992420480523], "(0, 2, 0, 0)": [0.7911174193243629, 0.6829755459317159, 0.6556687827492975, 0.6859854658684192, 0.6636637208435378, 0.6516821901717175, 0.6917485364882244, 0.6898258755601336, 0.6930450591721757, 0.6908378935372489, 0.6897201055511373, 0.700775479701723, 0.686570090065147, 0.6463676005606827, 0.6605191726571553], "(0, 3, 0, 0)": [0.2794567216690046, 0.3251435399732058, 0.3242170935908132, 0.3254488208835083, 0.3022724618756965, 0.3112942586569713, 0.29711178062491184, 0.31933357993909545, 0.32908773142284936, 0.32985973633399096, 0.2843407302907228, 0.28251207003113016, 0.32507543424570845, 0.28215768229188687, 0.30505812629265255], "(0, 4, 0, 0)": [0.04242981922908631, 0.04103790275208889, 0.02969610872624051, 0.016357213277751564, 0.010434547317901102, 0.00605114294398991, 0.017276853682782964, 0.035319850502040756, 0.03794927746567139, 0.04347036433313199, 0.0278943829451229, 0.04266678492808482, 0.028455920864985204, 0.032517230634150296, 0.04290847592597624], "(0, -2, 0, 0)": [0.7429867752246725, 0.767986372131209, 0.7073278546851304, 0.6815900918784499, 0.6859186704060924, 0.7778193379460744, 0.6805912668484847, 0.7153540357417302, 0.7775867074701145, 0.6934193529527835, 0.7406533052601355, 0.7184190611371839, 0.7563619693184739, 0.8266266564750532, 0.7131168387582755], "(0, -3, 0, 0)": [0.3850299446051243, 0.40000451566226897, 0.3540161115601523, 0.4091694339477697, 0.40777222157118115, 0.39030821396511434, 0.3862377284451606, 0.3546578915911415, 0.37155852629214087, 0.39506529488900655, 0.3934308711213645, 0.3992519154900906, 0.3891995162086543, 0.40888295590994317, 0.3634036360818893], "(0, -4, 0, 0)": [0.06572846702499117, 0.02125930239524252, 0.11258357873605765, 0.028575807743025303, 0.06712142039524265, 0.07984105078961047, 0.029920454486373968, 0.04833551514393996, 0.02098328147439347, 0.09105523174078292, 0.03095023852244804, 0.057738108073097455, 0.10934311867810352, 0.07546724509327131, 0.16223001585286628], "(0, -1, 0, 0)": [0.8773521038829651, 0.8799610072781279, 0.8807289053422904, 0.8412096926168158, 0.8755713049755502, 0.8828813329234425, 0.8602219851148685, 0.8632787076470834, 0.8766596908022033, 0.8791342954044217, 0.856603700330586, 0.8783419395129576, 0.8763551556534266, 0.8367393957418235, 0.8698581012482618], "(-1, -4, 0, 0)": [0.001474712592481428, 0.006003022873827527, 0.0021673060637356035, 0.006272050250333739, 0.003601626017297103, 0.0037538303220386125, -0.0026099032631752986, 0.003376865189801866, 0.00215519508565026, 0.0030818642831705627, 0.00421452248466658, -0.00044675790973112885, -0.002694606156489405, 0.003951403829680485, 0.0054665659552607425], "(1, -1, 0, 0)": [0.7209374030170337, 0.7121524841568073, 0.723968016232324, 0.7223116496957097, 0.7166885922134671, 0.6929399011977864, 0.7320703966198132, 0.7265822298124192, 0.6995421092863222, 0.7303283105302257, 0.7134682711066579, 0.7110470384011488, 0.7296976037219985, 0.7310297514383558, 0.7877430554466924], "(1, -2, 0, 0)": [0.48888777448775944, 0.43913755254006304, 0.4811655936675526, 0.4509855812027349, 0.45949369272727686, 0.4451155730337497, 0.4089611063462935, 0.4868796969934672, 0.37709936684358714, 0.38322633517543797, 0.4909249718126947, 0.4711889765173691, 0.42884647625516664, 0.45484689628694963, 0.6355618818672902], "(1, -3, 0, 0)": [0.12646622268396732, 0.10725742573253871, 0.08861815034150636, 0.11172863620521023, 0.11284194425135807, 0.04590220143498811, 0.11448171660685949, 0.1289506120853112, 0.06322429929651505, 0.09944342029429264, 0.11557521760948905, 0.12727152767356134, 0.12586512116843487, 0.11066928995428957, 0.07377853036346692], "(-1, 0, 0, 0)": [0.3804441602910497, 0.3507369785550935, 0.47975214002285654, 0.27909795593136044, 0.28003711153516586, 0.382737418737758, 0.19238621373055503, 0.28153338058847366, 0.4119325904530222, 0.2843053054416628, 0.36023053855738374, 0.3168696303062753, 0.3815389486608071, 0.40673746747674777, 0.5276132560247829], "(-1, -1, 0, 0)": [0.10047562719775102, 0.12457855385719571, 0.08853999111816768, 0.09076965409439129, 0.14895116896657823, 0.11759276473244021, 0.1734853163326427, 0.13362775922849954, 0.10268949210309283, 0.12180242141165305, 0.07137431532678902, 0.11739964487300289, 0.0917022607686365, 0.1151583540936229, 0.09986990184372883], "(-1, -2, 0, 0)": [0.09256281216617822, 0.056995191044730165, 0.06673587623518466, 0.035945370873863895, 0.06627385375391918, 0.03527640320521916, 0.08347491180246257, 0.04738506509330245, 0.05235814845886295, 0.034861641577220534, 0.07467182205221709, 0.06575354957222607, 0.06141583326390509, 0.0701824733941619, 0.07316496239957311], "(-1, -3, 0, 0)": [0.04597669233922626, 0.0137071292753479, 0.03877163031095392, 0.041111772986210014, 0.04099481225444959, 0.021159276199206906, 0.029502977869914793, 0.04198850346627559, 0.019157584096389024, 0.03829628632184452, 0.048115533780246814, 0.040898031353472586, 0.037105250995361896, 0.01820654812031218, 0.026440326694477274], "(-1, 1, 0, 0)": [0.49484713572558214, 0.510460217182707, 0.512478559706068, 0.5078137653495215, 0.5187177753367731, 0.5195568445836418, 0.5102885666584208, 0.5191526483494484, 0.5053388159706752, 0.5023464942232829, 0.515649260796593, 0.5116423307132622, 0.5150781666244925, 0.5175434756149667, 0.5347322713581155], "(-1, 3, 0, 0)": [0.21299924186797137, 0.15657117541667648, 0.17105192265258246, 0.16946622454836657, 0.16261864086572259, 0.17065706878705106, 0.16025486901041722, 0.17112621502356642, 0.18099813089974748, 0.1772781766255027, 0.16489814678451933, 0.16163897588395063, 0.16676442689571727, 0.17343004291062936, 0.161982327421829], "(-1, 4, 0, 0)": [0.07142690220143524, 0.020313953104033163, 0.017502469509602516, 0.0201885232463022, 0.01810992464638478, 0.007398252535546404, 0.01909225546144412, 0.017548860246550623, 0.005985642511510428, 0.023631556349241755, 0.017826831642521503, 0.011863118922876715, 0.01856790346246687, 0.010869326220815122, 0.006297006086148951], "(-1, 2, 0, 0)": [0.3943105751182323, 0.38972284411683344, 0.3972296201702449, 0.38091982203105473, 0.3815940339786508, 0.38494368415509633, 0.37960293026192826, 0.369791478742664, 0.38466964850128704, 0.38844359743919676, 0.38592451867000555, 0.3650271824407326, 0.3688089735883277, 0.35737744561245477, 0.3839925494388526], "(1, 0, 0, 0)": [0.8288943499267623, 0.8563243687707267, 0.8448570813560853, 0.8416305613635395, 0.8499460891688174, 0.8523606169190909, 0.8291887773362862, 0.8437556782591604, 0.8492680666439714, 0.8110848941802912, 0.8514404698441254, 0.8498482746562032, 0.8992644061312522, 0.8463024598408228, 0.8357977071917879], "(1, -4, 0, 0)": [-0.0052294194999910875, 0.006677628106990984, 0.0007316539942651681, 0.0081614315809975, 0.00820544127109854, 0.003440556692928899, 0.00621143381393356, 0.000671477304410641, 0.0044430824758344475, -0.001299932116426314, 0.004119387556261507, 0.0037613775826866105, -0.0003750985920141503, 0.0006736784231891292, 0.004232486933147249], "(1, 2, 0, 0)": [0.6344488928383298, 0.84566879154817, 0.6498586433897915, 0.6114541227202963, 0.5342975894546892, 0.6755354641384702, 0.6061241887375991, 0.6278931217766978, 0.5746150329905962, 0.6310112432204048, 0.6913009010777537, 0.6418575103074539, 0.555506949959371, 0.5674250772151659, 0.5897175400747229],