{"q_values": {"(0, 0, 0, 0)": [0.8068619124210116, 0.8087222112290323, 0.8360354490875482, 0.8038186464063527, 0.812085307140691], "(0, 0, 0, 1)": [0.8376073644896807, 0.8143775952157101, 0.821897391952573, 0.7644394097837732, 0.751412698341947], "(0, 0, 0, 2)": [0.8391828842570841, 0.8131208606051009, 0.8025331680778645, 0.8212832148346314, 0.8225978363074806], "(0, 1, 0, 2)": [0.23272415326594711, 0.1650137822815455, 0.16539341082993428, 0.15592108431119495, 0.12732381217029107], "(0, 1, 0, 3)": [0.09617836240907074, 0.10197880996214677, 0.09183378441513876, 0.09098856988401846, 0.09146411176117925], "(0, 1, 0, 4)": [0.07793190662215549, 0.07885613864278582, 0.08470931556384127, 0.07801601236637287, 0.07297987120511593], "(0, 1, 0, 5)": [0.07513711599414455, 0.06491446686810512, 0.06485082336692743, 0.06188086052743705, 0.04040930631482504], "(0, 2, 0, 5)": [0.04343514987706476, 0.03714010605072685, 0.01713125092936626, 0.014680253786918002, 0.00037943887050995953], "(0, 2, 0, 4)": [0.05133759037600393, 0.052691196675684435, 0.06722075815065448, 0.033231767413759876, 0.02133796963030301], "(0, 2, 0, 6)": [0.010287526737708302, -0.002155333064067072, -0.006203136504255865, -0.005852975076080389, -0.006197463789079917], "(0, 3, 0, 5)": [-0.016297553713805413, -0.016305155935209054, -0.015690484362632817, -0.01569480635177483, -0.015696354886014632], "(0, -1, 0, 1)": [0.8163482668747266, 0.8179776589514485, 0.8168018902314919, 0.8112501701401155, 0.8405186076528306], "(0, -1, 0, 0)": [0.5416650190213229, 0.6929059763664711, 0.8104921186303053, 0.8072943469235042, 0.8473922993545552], "(0, -1, 0, -1)": [0.24125197008258292, 0.3615314054501973, 0.6028090358315956, 0.6991287755057143, 0.7951311733125609], "(0, -1, 0, -2)": [0.11066174724719473, 0.14478938081740175, 0.141393601829473, 0.2114393002896806, 0.3597571775731878], "(0, -2, 0, -3)": [0.0737164306216646, 0.07376762599492606, 0.08175404279308734, 0.08128839558485276, 0.10106544060722748], "(0, -2, 0, -5)": [0.013984226153884713, 0.015346995928539293, 0.017970831110905545, 0.021506699175004272, 0.03400881540710381], "(0, -2, 0, -4)": [0.024556439489323945, 0.04922000421943021, 0.047051863252744575, 0.04816547948728381, 0.06567443865438204], "(0, -2, 0, -6)": [-0.007609137850025109, -0.008395422103351874, -0.0048866245708025086, -0.007861512347832281, -0.00353666087185557], "(0, -2, 0, -7)": [-0.007552975222819619, -0.007494332186398549, -0.006499011675873016, -0.008673337051295445, -0.004595442052037973], "(0, -2, 0, -8)": [-0.012174108081681075, -0.013411986300394205, -0.013520704025679378, -0.0049998643688599674, -0.012904635744876672], "(0, 1, 0, 0)": [0.8470356752067807, 0.8352890692868429, 0.8353240995622009, 0.8030855132844774, 0.5930311898876758], "(0, 1, 0, 1)": [0.8358719536331337, 0.7323353715687847, 0.5990045978240275, 0.3579273242123423, 0.2736498600026172], "(0, 2, 0, 7)": [-0.014663170729033968, -0.014414287440022416, -0.011044553857494204, -0.014865052723300196, -0.014857454042873067], "(0, 2, 0, 8)": [-0.009733161108780622, -0.008731428190809349, -0.008337142542490617, -0.005738987527281752, -0.010494587018617949], "(0, -1, 0, -3)": [0.09376926364879219, 0.0944063429377799, 0.10589434229003877, 0.08779013978299469, 0.08786560198209777], "(0, -1, 0, -4)": [0.062259166166574585, 0.06919564194307226, 0.06716889141904465, 0.06483235316408206, 0.10595399239645475], "(0, -1, 0, -5)": [0.06072547057059874, 0.05622490414988797, 0.059384190179573, 0.06063800796848226, 0.06253682157188882], "(0, 0, 0, -1)": [0.7281394357520757, 0.7320714628795386, 0.8240773455156519, 0.8258478762149979, 0.8397453414360313], "(0, 0, 0, -2)": [0.7872560633721788, 0.7825239109611934, 0.7892488494233184, 0.7820205345352886, 0.839377882232821], "(0, 0, 0, 3)": [0.7883969170329892, 0.4895029030199051, 0.34570064810019646, 0.3401456219082157, 0.24223516198975598], "(0, 2, 0, 3)": [0.10833379152805753, 0.08434962731188538, 0.08466058133464255, 0.08104492895598368, 0.07008677100703092], "(0, 1, 0, -1)": [0.8369254990956951, 0.8362733693379826, 0.8413347790948743, 0.835346974566014, 0.837069787253585], "(0, 1, 0, -2)": [0.5093512124310439, 0.43230834120147965, 0.8485842250238078, 0.46026184928938507, 0.689397679658644], "(0, -1, 0, 2)": [0.8273715661261597, 0.8467265925158235, 0.8245175688926956, 0.7468784596406233, 0.7701915086348985], "(0, -2, 0, -9)": [-0.006952167289627777, -0.010684708036203064, -0.010651726878978496, -0.01016910053169692, -0.010516280743944008], "(0, 0, 0, -3)": [0.10841065936541952, 0.3442877417027544, 0.3601317378773203, 0.7031071201848182, 0.386660427943544], "(0, 3, 0, 7)": [-0.012470077348266394, -0.012470146846958678, -0.01142849153329935, -0.012475240371946974, -0.01143576714587547], "(0, 0, 0, -4)": [0.0067643868353461055, 0.039124251984725626, 0.003213284669203872, 0.04589234726902548, 0.2755958797617059], "(0, -1, 0, -6)": [0.02893346927760365, 0.02321584920089626, 0.04074281803318264, 0.04109720131059229, 0.04287726198889662], "(0, -1, 0, -7)": [0.00902681740626721, 0.0022157731130174833, 0.011731406503417184, 0.026832062794026598, 0.0011375301212523381], "(0, -3, 0, -7)": [-0.010268901764597745, -0.008974558709356935, -0.010262190140282734, -0.010258947149092331, -0.010257315330302344], "(0, 1, 0, 6)": [0.037943660849537084, 0.010466662925808461, 0.035186427644746804, 0.009262819703736122, 0.00753742626661536], "(0, 1, 0, 7)": [0.004110249645329903, 0.009384882463850719, 0.0, 0.0010410555572764948, 0.001894521494023502], "(0, 1, 0, 8)": [0.0027343954469290343, 0.0, 0.0, 0.0, 0.0], "(0, 2, 0, 9)": [-0.00989877521071411, -0.009683717024868164, -0.009692719822861977, -0.007292190669924198, -0.009100078606514616], "(0, -2, 0, -2)": [0.1352906189219544, 0.1350579106985921, 0.1325552868692752, 0.1352233406105279, 0.13328028479588896], "(0, -2, 0, -1)": [0.11010920851695066, 0.18997489440578555, 0.14301194028873984, 0.10113445299465923, 0.1194841060233762], "(0, 2, 0, 2)": [0.12261485344357032, 0.12209832472714452, 0.11921565170942247, 0.1214544015099699, 0.11820817614869526], "(0, 0, 0, 4)": [0.03269470866269185, 0.21091804541797593, 0.06950419525593293, 0.06909783172159717, 0.022264777545761373], "(0, -3, 0, -6)": [-0.018241204406914627, -0.01823619722731512, -0.018233088056743875, -0.018228787555834812, -0.018227824406118597], "(0, 0, 0, 5)": [0.0, 0.0, 0.0, 0.011394351388244026, 0.002474981667448537], "(0, 0, 0, -5)": [0.003045801583348206, 0.0, 0.0, 0.0, 0.0], "(0, -1, 0, 3)": [0.0, 0.001774967615854871, 0.1747467766182671, 0.0009832593612372875, 0.0221980370392151], "(0, -1, 0, 4)": [0.0, 0.005701448720575185, 0.0, 0.0, 0.0], "(0, -3, 0, -9)": [-0.004172318093478679, -0.004170745667070151, -0.0041698357462883, -0.004167320542037487, -0.004170274790376425], "(0, 2, 0, 1)": [0.24739066826999942, 0.24212499529545917, 0.24646314630058375, 0.22814160097068875, 0.24845611598323322], "(0, 3, 0, 8)": [-0.010272323488574476, -0.010271781336927787, -0.010276599076444284, -0.010276950310040264, -0.008984579661488534], "(0, 3, 0, 6)": [-0.019220987247158563, -0.018926988546028294, -0.018932349419379938, -0.01893763659641931, -0.018939399747570876], "(0, -3, 0, -5)": [-0.01339677132857151, -0.013395617405264388, -0.013393201420370298, -0.013388298454909726, -0.013382595867257633], "(0, -3, 0, -8)": [-0.00898103281499818, -0.008982006904408335, -0.010273031319646166, -0.008979648974444717, -0.010270440709736197], "(0, 2, 0, 10)": [-0.006267195239611678, -0.006467265274402849, -0.005508157790830888, -0.005674337089767529, -0.005984740142608261], "(0, 3, 0, 4)": [-0.0124328629861434, -0.012434706420493909, -0.012438696597939934, -0.011394429553235694, -0.011398835499997623], "(0, 2, 0, 0)": [0.013967729031014366, 0.004800522147533978, 0.2400747069618334, 0.028214675458062218, 0.001492495091590514], "(0, -3, 0, -4)": [-0.00894819979345426, -0.00894580994926393, -0.00894429954778403, -0.008943322296701372, -0.008937590683270246],