{"q_values": {"(0, 0, 0, 0)": [0.7624027270241213, 0.7677788906626114, 0.7549649833297709, 0.7266089643079202, 0.7709894459518442], "(0, 1, 0, 0)": [0.771596256528492, 0.5096785174004762, 0.495935158598553, 0.47217041251453273, 0.5308760718737369], "(0, 2, 0, 0)": [0.046977399640473004, 0.026595271977256932, 0.02020745879049508, 0.030247763157501873, 0.02010579577060014], "(0, -1, 0, 0)": [0.7477554689313811, 0.8043598623409473, 0.8020963630489103, 0.8138493776630173, 0.8184463612604467], "(0, -2, 0, 0)": [0.040251855686553456, 0.03607070309507315, 0.038637012967898746, 0.041643742675529366, 0.5005915291464902], "(1, 0, 0, 0)": [0.7266824444367617, 0.7779730326522695, 0.7861162747720245, 0.8263787231262351, 0.7821951106527283], "(-1, -1, 0, 0)": [0.6243446163464665, 0.5611345493344552, 0.645715706267583, 0.7102736082052155, 0.6845693855173214], "(-1, -2, 0, 0)": [0.05649741364735941, 0.11360775802531888, 0.13244148765701785, 0.14342463948228115, 0.28439476295007343], "(-1, 0, 0, 0)": [0.5179395309896745, 0.5162954799369246, 0.5188954095272105, 0.5165489517001156, 0.5020428278171757], "(1, 1, 0, 0)": [0.8147113838708223, 0.680879065796837, 0.7436763938426852, 0.7651444015978568, 0.725859695507296], "(1, 2, 0, 0)": [0.08125592917516629, 0.08591761652703973, 0.07573356222421901, 0.12918240692195673, 0.05897631006229603], "(-1, 1, 0, 0)": [0.5697177576615426, 0.23944111148090222, 0.3021082313439467, 0.2924190307273724, 0.39196460064260286], "(-1, 2, 0, 0)": [0.011503726012905446, 0.013110609734768979, 0.003076561800577353, 0.010261673491970864, 0.013378703365364591], "(1, -1, 0, 0)": [0.5791274408669322, 0.5963136428487044, 0.5769861752694514, 0.5986272220348003, 0.7934233126761152], "(1, -2, 0, 0)": [0.006848623033299881, 0.01595901570801212, 0.008162066841442911, 0.008375590735821765, 0.003145708673893262], "(-2, 2, 0, 0)": [0.03173038158277078, 0.014333427303241986, 0.0046506425393704545, 0.002389706835466454, 0.0056873808816912536], "(-2, 1, 0, 0)": [0.31814749203958353, 0.22221904453039454, 0.2034159621416652, 0.17321625036633317, 0.2034608035657854], "(-2, -2, 0, 0)": [-0.0043562397360801695, 0.010255834493387106, 0.03629382517427894, 0.0, 0.0059502656754170866], "(2, -1, 0, 0)": [0.32194501684352694, 0.3747446639891025, 0.3723504316258812, 0.42008834266987816, 0.4156055855447879], "(2, -2, 0, 0)": [0.0028128070570767353, 0.013423532095344092, 0.007701747138996095, 0.020025271992291448, 0.03251256217903543], "(-2, 0, 0, 0)": [0.24341576265476242, 0.247580579293906, 0.23088157394506872, 0.3175206206254257, 0.2459332728197986], "(-3, 1, 0, 0)": [0.05324514911060059, 0.11810969023665513, 0.05738722391751995, 0.061491625110810605, 0.07407171165330181], "(-3, 2, 0, 0)": [0.0049295933202676955, 0.014607011267271623, 0.006470740385599237, -0.0006986398300803387, 0.0033870122234695207], "(2, 1, 0, 0)": [0.8426686172234673, 0.8132894520559922, 0.7477045114464965, 0.802204192686324, 0.8208864980524513], "(2, 0, 0, 0)": [0.6986582785965153, 0.7198914635999881, 0.6968079529702272, 0.7023866744354633, 0.7757957595445731], "(-3, 0, 0, 0)": [0.06581225453235497, 0.05954925177781596, 0.1512851108625475, 0.0483456909819067, 0.0645135384844811], "(-2, -1, 0, 0)": [0.11049457055517534, 0.0966700743129482, 0.09532532584371436, 0.0689239451788611, 0.07459774752719286], "(-3, -1, 0, 0)": [0.09168581227462347, 0.0, 0.0, 0.010703358506400314, 0.014145150379240341], "(-3, -2, 0, 0)": [0.009135829837904192, 0.0, 0.005564506555544577, 0.0, 0.004610109451953786], "(3, -2, 0, 0)": [-0.0006215408009760254, 0.008128973400096336, 0.009626961252150358, 0.005925672704686493, 0.03690485580646326], "(3, -1, 0, 0)": [0.14524531846136912, 0.11239660849610827, 0.14551990644830493, 0.15562384442705324, 0.16085395682157316], "(3, 0, 0, 0)": [0.4738629670360267, 0.4843988868931698, 0.4961303576433127, 0.45345844703499694, 0.4857877255776282], "(2, 2, 0, 0)": [0.4351136644390853, 0.2396936219421113, 0.25645169096649334, 0.23443691622471785, 0.19342659068112397], "(3, 1, 0, 0)": [0.5802607692405075, 0.5800389819760792, 0.5308121485618538, 0.5780994065951737, 0.5618552520723856], "(3, 2, 0, 0)": [0.44976758988374604, 0.0, 0.09669206964488004, 0.21123174718979948, 0.09570310017633328], "(4, 1, 0, 0)": [0.37111689997894237, 0.0, 0.050549604666024185, 0.0, 0.0], "(4, 0, 0, 0)": [0.3254977843495015, 0.179914766624476, 0.19869755943538522, 0.13546718029640195, 0.1752543837856543], "(4, -1, 0, 0)": [0.0468149241399207, 0.058326456008970864, 0.03592454055508462, 0.052116782550603875, 0.024280154856356383], "(4, -2, 0, 0)": [-0.00446656220062441, -0.008207266466524445, -0.006549037318262696, 0.006270927776788674, -0.0065489437811392754], "(4, 2, 0, 0)": [0.10535321129351348, 0.0, 0.0, 0.0, 0.0]}}