{"q_values": {"(0, 0, 0, 0)": [0.35663623480061946, 0.34741363123795216, 0.3367850996265881, 0.35858573443793024, 0.35277060648600433, 0.3508134759495021, 0.35306948803523563, 0.3518747069281276, 0.35491224992317055, 0.32832442565098535, 0.350531613073233], "(0, 1, 0, 0)": [0.22365314292704938, 0.1947840915517226, 0.1965416759509907, 0.22194716985465013, 0.2064565629967302, 0.2310963281026085, 0.23361800667292498, 0.22546406592059987, 0.1857247534342351, 0.20019978664236515, 0.22748301549331018], "(0, 2, 0, 0)": [0.0436667843723257, 0.0398632018174216, 0.036014069249856756, 0.04094278611044278, 0.041708973752221566, 0.02355648374091065, 0.04317087722229372, 0.04303820707690579, 0.04038668851384884, 0.03791711412096273, 0.027042545475900303], "(0, -1, 0, 0)": [0.3261974296482741, 0.31212233834770653, 0.3162621167634294, 0.3031949249951191, 0.28432304640285383, 0.3121545192925503, 0.3111122161289025, 0.2566047574639213, 0.3182432556020519, 0.32333407715332885, 0.31036448180033016], "(0, -2, 0, 0)": [0.04423179766632595, 0.06558021471424298, 0.0719631217679253, 0.06935840989676106, 0.06002002746128129, 0.08078860757459787, 0.03750207660997925, 0.06804886074898045, 0.0544530809220877, 0.05511531778171419, 0.076158903110061], "(-1, -1, 0, 0)": [0.0025328846764750778, 0.0, 0.0, 0.0015834090878488495, 0.0, 0.0, 0.0, 0.0, 0.0, 0.0, 0.001600223617139796], "(-1, -2, 0, 0)": [-0.0020025438627460854, 0.002780270865482182, -0.003265061415731907, 0.0, 0.0, 0.001522368109691888, 0.0, 0.0, 0.0013380305841565131, 0.0015179166983100999, 0.0]}}