{"q_values": {"(0, 0, 0, 0)": [0.7348949210792903, 0.7045171649516483, 0.6885453368458243, 0.6822397542777889, 0.7060432719284451], "(0, 1, 0, 0)": [0.4733171988228102, 0.4974472808855739, 0.4769389375689395, 0.4322889439444692, 0.43531861613938855], "(0, 2, 0, 0)": [0.04988984759625533, 0.062138113429767015, 0.06158307287628036, 0.05269403923858902, 0.05736925733688477], "(0, -1, 0, 0)": [0.5907232958439955, 0.6485272351653691, 0.6219742677868034, 0.6604407080949466, 0.7579647318849493], "(0, -2, 0, 0)": [0.0663575727327654, 0.04836535190217238, 0.05406182778248582, 0.05304116710389262, 0.11035871692954972], "(1, 0, 0, 0)": [0.5733940599522732, 0.6319565843415532, 0.6369267088700477, 0.6483426655244948, 0.7083388815036178], "(-1, -1, 0, 0)": [0.4246797516887704, 0.340471869862759, 0.4842293318934685, 0.416495936575449, 0.4669080901857484], "(-1, -2, 0, 0)": [0.07607031983905262, 0.09129074773390422, 0.115865999151428, 0.08754239831007309, 0.2826435848320619], "(-1, 0, 0, 0)": [0.5397895954490558, 0.5233966801594098, 0.49043382009890313, 0.5539718579696373, 0.5424584798080351], "(1, 1, 0, 0)": [0.6807450742457817, 0.6351394775419656, 0.6479376794906325, 0.6018942828583528, 0.6281610764773826], "(1, 2, 0, 0)": [0.15131028123674223, 0.06539592068380781, 0.09801484326762769, 0.09850542732878845, 0.04538205878389459], "(-1, 1, 0, 0)": [0.43022626160351607, 0.3443541218812941, 0.4315249355307654, 0.45965540093038093, 0.5119267728896173], "(-1, 2, 0, 0)": [0.014515411762312165, 0.039269470210098446, 0.020821630454264356, 0.012030918670446419, 0.02296349535448568], "(1, -1, 0, 0)": [0.4190301746083415, 0.3672591836621105, 0.3866565383259396, 0.3923845015758606, 0.5511651486845985], "(1, -2, 0, 0)": [0.005954824096412203, 0.010598965569074333, 0.009319974457398288, 0.010997868467238766, 0.010951406594419582], "(-2, 2, 0, 0)": [0.02898510452851135, 0.015357635243639216, 0.014742121007893438, 0.014730150648101991, 0.011137086286486252], "(-2, 1, 0, 0)": [0.26305310074735777, 0.16743841141509644, 0.16410377423110664, 0.2207846286225464, 0.20323062977357656], "(-2, -2, 0, 0)": [-0.0043562397360801695, 0.012495734663936093, 0.007389304493249187, 0.0, 0.0], "(2, -1, 0, 0)": [0.23763449706767995, 0.20771652846553829, 0.22374861934487877, 0.23575294437007352, 0.2921756529171242], "(2, -2, 0, 0)": [-0.004477206510019515, 0.0213139556733818, 0.00864806133215921, 0.0005338000964799413, 0.0007192420904764555], "(-2, 0, 0, 0)": [0.2736192280065938, 0.19649215280990173, 0.2069260566719412, 0.17917748334125425, 0.15730535015780486], "(-3, 1, 0, 0)": [0.0, 0.025637616068817363, 0.04410115735809214, 0.06468952596733768, 0.03314162563683488], "(-3, 2, 0, 0)": [-8.839348656077602e-05, 0.0011102666099196004, -0.0002834575323951245, -9.008712500419404e-05, 0.000807024513294197], "(2, 1, 0, 0)": [0.48616536333082483, 0.0, 0.0, 0.11719299617333898, 0.028871650469497467], "(2, 0, 0, 0)": [0.4761100596771509, 0.10793189273365805, 0.18580008552763455, 0.26859270080178743, 0.19280038031253918], "(-3, 0, 0, 0)": [0.0392244059293319, 0.05954925177781596, 0.1615227057622864, 0.0483456909819067, 0.0], "(-2, -1, 0, 0)": [0.1268200522887874, 0.06784020377956057, 0.0614720418440354, 0.04328167892513018, 0.054708699475361604], "(-3, -1, 0, 0)": [0.06472682185482274, 0.0, 0.0, 0.010703358506400314, 0.014145150379240341], "(-3, -2, 0, 0)": [0.01274841049979322, 0.0, 0.0, 0.0, 0.0], "(3, -2, 0, 0)": [-0.004398506134748459, -0.0009422953449612177, 0.0004793471012750081, 0.002948090655216078, 0.0038079369727506453], "(3, -1, 0, 0)": [0.0604490243481129, 0.012244383093256699, 0.0, 0.009857819850717223, 0.0], "(3, 0, 0, 0)": [0.012926587912670411, 0.0, 0.0, 0.0, 0.0], "(2, 2, 0, 0)": [0.001786985993385315, 0.10205840588280708, 0.0, 0.0, 0.0]}}