{"q_values": {"(0, 0, 0, 0)": [0.8490388223647307, 0.7793250550124542, 0.7556753597936646, 0.7415793104062568, 0.7326088480703109], "(0, 1, 0, 0)": [0.5910511687266718, 0.4745739702517924, 0.45152454651538454, 0.4179257146988753, 0.44588261645759153], "(0, 2, 0, 0)": [0.06543492430487938, 0.010720055904619216, 0.016891265078228787, 0.03071450698614163, 0.016789925041575803], "(0, -1, 0, 0)": [0.772566281138947, 0.7299834850409478, 0.6788525099140342, 0.7795724589278831, 0.8308355246706113], "(0, -2, 0, 0)": [0.09233388849372484, 0.04662073542593613, 0.07156773481285326, 0.03791502871088518, 0.11422258747243375], "(1, 0, 0, 0)": [0.7354523568558573, 0.7380997431357202, 0.8146881429770477, 0.7835390829222585, 0.7897882060152499], "(-1, -1, 0, 0)": [0.5966606756525393, 0.6027428968429995, 0.5876305599398625, 0.7347086699489357, 0.6259736513434774], "(-1, -2, 0, 0)": [0.07607031983905262, 0.09129074773390422, 0.1883227907994106, 0.17400561210828985, 0.32772684588641987], "(-1, 0, 0, 0)": [0.577876602451643, 0.459057005271168, 0.5530210299956451, 0.5329739029872507, 0.5367210856090096], "(1, 1, 0, 0)": [0.7392773210215124, 0.6857572716889498, 0.622584173642528, 0.6807076840725564, 0.6923485623859033], "(1, 2, 0, 0)": [0.28850041003503946, 0.08113297898434571, 0.08475108703391035, 0.08050769543293783, 0.09099017964541599], "(-1, 1, 0, 0)": [0.45715635199259413, 0.16456803910794965, 0.21892158348129653, 0.19103076728384252, 0.16515316218642326], "(-1, 2, 0, 0)": [0.006835972696713939, 0.005873496274471006, 0.002931088605257117, 0.005093687151200979, 0.013061927563935228], "(1, -1, 0, 0)": [0.46839816507003307, 0.5164505936107615, 0.5306857564691516, 0.48904356756075207, 0.7694914634787858], "(1, -2, 0, 0)": [0.007921793086337343, 0.011705263010270325, 0.010379370706918441, 0.0029219325822504357, -0.0010003948641651925], "(-2, 2, 0, 0)": [0.02022889278731999, 0.008934285840143844, 0.01938090441968478, 0.015226531005666273, 0.008805596066525484], "(-2, 1, 0, 0)": [0.14307903454479495, 0.13760127134103922, 0.13890716919204774, 0.1347928418221831, 0.14385600769633552], "(-2, -2, 0, 0)": [-0.0043562397360801695, 0.01124229340799098, 0.007389304493249187, 0.0, 0.0], "(2, -1, 0, 0)": [0.24863898608766313, 0.24138362398490032, 0.2412693884089412, 0.240120073053428, 0.2512317587223516], "(2, -2, 0, 0)": [0.0028128070570767353, 0.005152477902101322, 0.01370467024691819, 0.0004634909824689313, -0.002115559580047553], "(-2, 0, 0, 0)": [0.21954816686731296, 0.22037103918084694, 0.293669441666818, 0.251469687097072, 0.2906444381067229], "(-3, 1, 0, 0)": [0.017023305216061102, 0.05006540691228364, 0.0930413305824498, 0.04418182919220112, 0.043207089477742926], "(-3, 2, 0, 0)": [0.00012368019089517394, 0.009222942366338721, 5.467818975057968e-05, -0.0006986398300803387, 0.00021565180970719178], "(2, 1, 0, 0)": [0.8291578492512848, 0.7329303753744488, 0.7259576400657752, 0.7162565256588211, 0.7447191294015334], "(2, 0, 0, 0)": [0.7930364248019414, 0.8268278649086105, 0.7500897258008554, 0.7343184118537547, 0.848379280184628], "(-3, 0, 0, 0)": [0.06581225453235497, 0.05954925177781596, 0.12335983773407767, 0.0483456909819067, 0.0645135384844811], "(-2, -1, 0, 0)": [0.12366605259825172, 0.08416434476187162, 0.08357039425769175, 0.04328167892513018, 0.07459774752719286], "(-3, -1, 0, 0)": [0.09168581227462347, 0.0, 0.0, 0.010703358506400314, 0.014145150379240341], "(-3, -2, 0, 0)": [0.015221647528506984, 0.0, 0.005564506555544577, 0.0, 0.004610109451953786], "(3, -2, 0, 0)": [-0.005355514858088011, -0.010552711364767873, -0.008179753532071423, -0.005426782729773712, 0.036938172429158284], "(3, -1, 0, 0)": [0.062136106899033546, 0.02601826944510531, 0.03590288784569469, 0.053441800627112956, 0.13912587538366095], "(3, 0, 0, 0)": [0.6533009627551375, 0.5226568714741051, 0.5061068671642122, 0.6533212102905205, 0.8646047656940984], "(2, 2, 0, 0)": [0.4370211602808392, 0.12149171259283817, 0.060719333237373975, 0.050610146556495476, 0.08837202208084662], "(3, 1, 0, 0)": [0.6565406044702505, 0.8812912259742195, 0.6921637986640344, 0.3814447201248696, 0.5870035408761238], "(3, 2, 0, 0)": [0.18467167677671056, 0.0, 0.0, 0.0, 0.0], "(4, 1, 0, 0)": [0.4733803011402754, 0.0, 0.050549604666024185, 0.0, 0.0], "(4, 0, 0, 0)": [0.43081371649045963, 0.19968016754685483, 0.0, 0.0, 0.0], "(4, -1, 0, 0)": [0.13700252567849622, 0.0, 0.013852568328926042, 0.0, 0.0], "(4, -2, 0, 0)": [-0.0017250547641515734, -0.005652423988461494, -0.000749886402929059, 0.002414599280849399, -0.0013234091238988987]}}