{"q_values": {"(0, 0, 0, 0)": [0.8412596973770515, 0.8315058673382093, 0.8285737972578848, 0.8431835820009973, 0.8260888432716461, 0.8441699301226064, 0.8462546445820097, 0.898321396624903, 0.8318940325613777, 0.8215437905124379, 0.8309357809183358], "(0, 1, 0, 0)": [0.798955782042154, 0.876686889321723, 0.7391891758386627, 0.7764250152874427, 0.7890188341300951, 0.7871679440814683, 0.8051331015638215, 0.8154390917477199, 0.7437853263338462, 0.7646596025418805, 0.7450146316647932], "(0, 2, 0, 0)": [0.5138143778390322, 0.8297470767229121, 0.526365006297439, 0.5575763660722071, 0.5680847603419864, 0.5081938090233388, 0.5460182870235206, 0.5456437806710084, 0.5013273939192493, 0.5300125827567174, 0.5362245681793295], "(0, 3, 0, 0)": [0.2324162874016764, 0.2128173806347289, 0.1826346548980788, 0.20431773761289695, 0.19688326279978963, 0.2120040163837619, 0.23499537127099027, 0.2336239846178857, 0.20769314822961052, 0.22351152933940158, 0.21354320702367452], "(0, 4, 0, 0)": [0.009094900771014065, 0.009904092568505751, 0.008792211193431015, 0.009171384925257858, 0.008534485235069427, -0.003221859452221665, 0.008754050341917383, 0.010243075961760714, 0.01033393731432522, 0.010692720636886135, 0.00870793542970378], "(0, -2, 0, 0)": [0.5595152858011043, 0.6422990767409401, 0.5703572146161814, 0.6220111473272605, 0.5430626327828346, 0.5751982871773087, 0.5755738148393861, 0.5986854370465707, 0.6135753817141284, 0.5251182551022405, 0.7515751581155897], "(0, -3, 0, 0)": [0.13742977182883115, 0.21728897293966415, 0.15820919012292542, 0.14942129289404268, 0.13659289274907388, 0.12897897095805277, 0.13087422185789563, 0.15058510944622305, 0.17045215730787242, 0.14076572172759555, 0.2552700263750111], "(0, -4, 0, 0)": [0.00347068651967348, 0.004159944755066439, 0.00981596207525012, 0.004915181414544796, 0.0010754614765025525, 0.010075148484241965, 0.0055166517071016455, -0.0008277099376436583, 0.005830012031241022, 0.0006768941490027719, 0.0057909443267006415], "(0, -1, 0, 0)": [0.680282226724979, 0.7591764621073746, 0.7554768011225936, 0.7668605380322892, 0.7695085578363466, 0.7616531375707248, 0.7411720935199684, 0.7609857491246607, 0.7302646151849275, 0.865880351806298, 0.7613926847607688], "(1, 3, 0, 0)": [0.012878097816668155, 0.01968086473420004, 0.039007520696526396, 0.02826910718140041, 0.06916572869484836, 0.02047599733865151, 0.01811125321420266, 0.032745762454488764, 0.00589850418718186, 0.03616380759717979, 0.005701853827496536], "(1, 4, 0, 0)": [0.0028234591923985857, 0.004299905233930552, 0.004536171131097454, -0.002216946229359795, 0.0, 0.004313234665514078, 0.005119757131151382, 0.0028637975909819244, 0.004382434947786995, 0.002812746879147252, -0.007845253944396974], "(-1, -1, 0, 0)": [0.6048860961161754, 0.48814617262976107, 0.6530978044330243, 0.6059715342734732, 0.6943133622782596, 0.6844571674361418, 0.6738935412307255, 0.7019468265395463, 0.6999113989477632, 0.6220465879619255, 0.8208761318382962], "(-1, -2, 0, 0)": [0.027975281414637128, 0.02777717230796487, 0.028975514552306892, 0.13562731877443115, 0.030301838623091028, 0.020630802171467275, 0.049405213135272574, 0.00905141372429726, 0.021333105214333438, 0.044481827465482335, 0.03787454526679897], "(-1, 3, 0, 0)": [0.09526728674773531, 0.05488814650431431, 0.054743219692764064, 0.08185426191061188, 0.08682195733610693, 0.0683181843648272, 0.0719188223743771, 0.07627370199421495, 0.055954647444907794, 0.05740550179223183, 0.09137175917504332], "(-1, 4, 0, 0)": [0.0035451301801971502, 0.005096006009711444, 0.014765436461752117, 0.0022271139389361096, -0.006152025434248557, -0.0018529536290579568, -0.0012805393649953619, -0.0020266240075394607, 0.0032049816554227985, -0.0011886331762365884, -0.003426154453711445], "(-1, -3, 0, 0)": [0.026954307860235845, 0.012002300057076335, 0.03788415501364953, 0.09437024889791995, 0.034302021144911515, 0.018692513200870228, 0.0124389353716152, 0.023876173478067107, 0.020380158206776695, 0.01779305813678994, 0.011914682833310278], "(-1, -4, 0, 0)": [-0.004626748303795816, -0.00012062242108714337, 0.0004984837005441219, 0.0001723744746796995, 0.007059563540876361, -0.002107428240931837, -0.00016898870349597254, 0.00042220060327530576, 0.03055363482523916, 0.02004126566713392, 0.03492644209448406], "(1, 0, 0, 0)": [0.6595780811772205, 0.6716851382202895, 0.6727668237192546, 0.6190385679634035, 0.6576846281893097, 0.5755555569444375, 0.6608985246291492, 0.6676118470836216, 0.6710447409422049, 0.6350729951627568, 0.657613353923321], "(1, -1, 0, 0)": [0.5049863412427754, 0.5100931089778548, 0.5011322916264588, 0.49351635873377087, 0.47994590515329694, 0.4893741953568899, 0.4871770203630761, 0.5042558365599871, 0.5136676638474056, 0.4988616882501698, 0.6523028627028115], "(1, -2, 0, 0)": [0.27582812745475443, 0.2681966817024013, 0.2902162640900087, 0.2757541236223544, 0.27396049818861146, 0.2700262894205628, 0.2747681820529621, 0.267060102175971, 0.277629110689507, 0.38628753650472863, 0.2769424199455551], "(1, -3, 0, 0)": [0.06869280698855337, 0.06879445006066673, 0.07499042710241913, 0.07615778806064183, 0.0688967291408466, 0.07607903323950059, 0.06835744922667467, 0.06800154961502633, 0.07057417308716299, 0.07175473669295211, 0.07657914783484453], "(1, -4, 0, 0)": [-0.001032839942109274, 0.0017278117599017727, -0.0008596922718091208, -0.0005927932176408007, 0.0010385136225455355, 0.0016097484808012298, -0.0009698949373102917, -0.005183411447202097, 9.917346555970725e-05, -0.001831840950238293, 0.0015336319834758482], "(-1, 1, 0, 0)": [0.7783450684399603, 0.44601571680648266, 0.5497346584234508, 0.5440582224058987, 0.5320298972143225, 0.5926522525010975, 0.5463484299652113, 0.49684298161248036, 0.49371335894648755, 0.4925282674427968, 0.5379094602266298], "(-1, 2, 0, 0)": [0.3386827250871209, 0.31417901506540363, 0.3232951055764754, 0.34538786181570114, 0.30072114652145865, 0.26416995013167976, 0.34514348800572703, 0.3120162739431001, 0.3466813360789462, 0.3411053642576093, 0.3113387179848999], "(1, 1, 0, 0)": [0.39778550248979994, 0.5818054171546226, 0.7932206996775637, 0.6659856123423933, 0.6033343968430535, 0.42618440992242085, 0.5399490864792371, 0.5180799302045629, 0.5728237795451603, 0.42569519856932514, 0.5900734722640706], "(1, 2, 0, 0)": [0.023761659768261743, 0.030647577301955338, 0.01786100518604548, 0.017906970177153012, 0.03670585625837126, 0.06880077698859596, 0.1675007740344901, 0.03228248487292386, 0.03287111485459479, 0.042701275146575526, 0.05417895397896737], "(-1, 0, 0, 0)": [0.7422797783522181, 0.7073063321465145, 0.6589143259504621, 0.7036267473494309, 0.7269045701484377, 0.6789273839992264, 0.681270896571869, 0.7339968972924753, 0.7347413223824767, 0.7217879929462035, 0.6802642420959139], "(-2, 1, 0, 0)": [0.013571347817313917, 0.031310196389375745, 0.03227728232941669, 0.03616660122399745, 0.04494841718388683, 0.03464515286281945, 0.056413488985225815, 0.05313966545712889, 0.14969108539760798, 0.021153354234898503, 0.009824620025421088], "(-2, 2, 0, 0)": [0.0, 0.014058662101073533, 0.037813300719549775, 0.058787965658700064, 0.0361005985072837, 0.04926098629268464, 0.03187149858124863, 0.028232331510790916, 0.08179329246992507, 0.03156810956216494, 0.02379973833353869], "(-2, 4, 0, 0)": [0.005106338543373772, -0.0043818637728691105, -0.006601925647976337, -0.0033792921845632786, -0.0018913762872638865, -0.006409592090918521, -0.002763904266655445, -0.005704891593813897, -0.0012258126727692905, -0.0019030082425231234, -0.0026975985950461654], "(2, -1, 0, 0)": [0.1806491788727508, 0.13093529227080003, 0.16227994790398387, 0.1142105217907476, 0.18622108500043916, 0.1352773529214403, 0.17993306363345582, 0.26888781472226847, 0.21207274164533266, 0.045964547921255094, 0.187224967405607], "(2, -2, 0, 0)": [0.04092446806363106, 0.06862989335312093, 0.04087393988764357, 0.09756920155723708, 0.0, 0.025980337306486474, 0.03396896614009301, 0.04652330708156707, 0.02815385880850118, 0.04743447524596807, 0.05953946553788808],