{"q_values": {"(0, 0, 0, 0)": [0.8372678199490409, 0.8144324851927853, 0.8244658882529375, 0.8209948373018329, 0.7869628654199942], "(0, 1, 0, 0)": [0.8209506418765744, 0.4199111776879326, 0.3908483429707974, 0.424403381104042, 0.4786818053402914], "(0, 2, 0, 0)": [0.029578503145037526, 0.010720055904619216, 0.016891265078228787, 0.03071450698614163, 0.016789925041575803], "(0, -1, 0, 0)": [0.7986823466145996, 0.8050839765763863, 0.7323054109393896, 0.8040008053530243, 0.810248874360748], "(0, -2, 0, 0)": [0.07569794304352032, 0.04662073542593613, 0.07156773481285326, 0.03791502871088518, 0.3552153071262803], "(1, 0, 0, 0)": [0.7746710135578162, 0.7661136831929332, 0.7731380704120063, 0.7708428036591607, 0.7821878300362924], "(-1, -1, 0, 0)": [0.6421388502263091, 0.6027428968429995, 0.7140473284849366, 0.7959813734431499, 0.6459772260256692], "(-1, -2, 0, 0)": [0.07607031983905262, 0.09129074773390422, 0.1883227907994106, 0.17400561210828985, 0.32772684588641987], "(-1, 0, 0, 0)": [0.7181805075597161, 0.459057005271168, 0.5530210299956451, 0.5329739029872507, 0.5367210856090096], "(1, 1, 0, 0)": [0.6701255258769373, 0.7355862039816791, 0.6199007415798159, 0.609911239422261, 0.5924361256877899], "(1, 2, 0, 0)": [0.09806607004857346, 0.08113297898434571, 0.08475108703391035, 0.1297021638992019, 0.09099017964541599], "(-1, 1, 0, 0)": [0.22277964386525007, 0.20609472495437864, 0.20337169319284257, 0.20152506956104443, 0.13680416101358722], "(-1, 2, 0, 0)": [0.025716624399939013, 0.005873496274471006, 0.002931088605257117, 0.008534896076908457, 0.004505701696156076], "(1, -1, 0, 0)": [0.519796806665106, 0.6139624887112808, 0.5567804081790501, 0.5605606776081935, 0.7219139600984558], "(1, -2, 0, 0)": [0.007921793086337343, 0.009009932601577581, 0.01077536932961293, 0.0029219325822504357, -0.0010003948641651925], "(-2, 2, 0, 0)": [0.009917772984880894, 0.008934285840143844, 0.00994800526733065, 0.010934140704251265, 0.008805596066525484], "(-2, 1, 0, 0)": [0.13019560516501766, 0.11853990883799755, 0.12449023312002323, 0.1347928418221831, 0.12337415399247528], "(-2, -2, 0, 0)": [-0.0043562397360801695, 0.011403038704401276, 0.007389304493249187, 0.0, 0.0], "(2, -1, 0, 0)": [0.30081355363453516, 0.3098509398118953, 0.291915763491346, 0.304356352576883, 0.2965288579478158], "(2, -2, 0, 0)": [0.0028128070570767353, 0.005152477902101322, 0.015884852186696757, 0.0004634909824689313, -0.002115559580047553], "(-2, 0, 0, 0)": [0.24177299229080274, 0.22037103918084694, 0.2863008700145413, 0.26704382926671827, 0.26430804028869515], "(-3, 1, 0, 0)": [0.017023305216061102, 0.05006540691228364, 0.0930413305824498, 0.04418182919220112, 0.043207089477742926], "(-3, 2, 0, 0)": [0.00012368019089517394, 0.009222942366338721, 5.467818975057968e-05, -0.0006986398300803387, 0.00021565180970719178], "(2, 1, 0, 0)": [0.7995453653138666, 0.7862663055776754, 0.7501263812076785, 0.7436668511374903, 0.744492008176104], "(2, 0, 0, 0)": [0.679549186705994, 0.7172815421195028, 0.680886526037935, 0.7420657781025828, 0.7434535089042326], "(-3, 0, 0, 0)": [0.06581225453235497, 0.05954925177781596, 0.12335983773407767, 0.0483456909819067, 0.0645135384844811], "(-2, -1, 0, 0)": [0.12154153418325633, 0.08416434476187162, 0.09532532584371436, 0.04328167892513018, 0.07459774752719286], "(-3, -1, 0, 0)": [0.09168581227462347, 0.0, 0.0, 0.010703358506400314, 0.014145150379240341], "(-3, -2, 0, 0)": [0.015221647528506984, 0.0, 0.005564506555544577, 0.0, 0.004610109451953786], "(3, -2, 0, 0)": [-0.005355514858088011, -0.010552711364767873, -0.008179753532071423, -0.005426782729773712, 0.036839278586975485], "(3, -1, 0, 0)": [0.11152539544099346, 0.02601826944510531, 0.09895244158693978, 0.08302372373153032, 0.19089726548608027], "(3, 0, 0, 0)": [0.5323043430183224, 0.5537320803983782, 0.5030090742549229, 0.5655300952915785, 0.5702591411329567], "(2, 2, 0, 0)": [0.26678378827850036, 0.12149171259283817, 0.12484095437043985, 0.050610146556495476, 0.08837202208084662], "(3, 1, 0, 0)": [0.7412438060086014, 0.7284414213372071, 0.7293714645792819, 0.7003035512046101, 0.6711812446393263], "(3, 2, 0, 0)": [0.21773251821959794, 0.0, 0.0, 0.0, 0.0], "(4, 1, 0, 0)": [0.4838451579735692, 0.0, 0.050549604666024185, 0.0, 0.0], "(4, 0, 0, 0)": [0.49908192941541396, 0.19968016754685483, 0.0, 0.0, 0.0], "(4, -1, 0, 0)": [0.06297226116427328, 0.0, 0.013852568328926042, 0.0, 0.0], "(4, -2, 0, 0)": [-0.0017250547641515734, -0.005652423988461494, -0.0027266406402404603, -0.003227809954384136, 0.0017547935340079777]}}