{"q_values": {"(0, 0, 0, 0)": [0.8570908961900877, 0.8568605714959954, 0.8647166079332472, 0.8658439435150188, 0.8535672074483343, 0.8553635061648964, 0.8697797416830627, 0.8831510909586441, 0.823376617652126, 0.8669495098272517, 0.8313807649985491, 0.8363858852954432, 0.8293767190056546, 0.8666718149292996, 0.8614199046412531], "(0, 1, 0, 0)": [0.8941716663125374, 0.7393598746796399, 0.7293102863428439, 0.7581531933601887, 0.7740132632051856, 0.7687301353440984, 0.7218295788853512, 0.776269183863388, 0.7698446376680957, 0.7949156401961769, 0.7981641515743956, 0.7944055884253934, 0.7727267264553515, 0.7769011975936778, 0.7937162053700872], "(0, 2, 0, 0)": [0.5624373100596708, 0.7423834585445623, 0.5653573471313496, 0.5982370248191058, 0.543900185976945, 0.586013466459261, 0.6566786320261149, 0.44014716352257793, 0.5553875040669602, 0.599472232898981, 0.5113763137632104, 0.5155803657097212, 0.43923985258492554, 0.606892376561796, 0.5734101463785563], "(0, 3, 0, 0)": [0.4580313935093778, 0.170395684500258, 0.17087303473444293, 0.16435541673791607, 0.17297815474903752, 0.15384294510868907, 0.16415445162899764, 0.15203641717729638, 0.16717840367143208, 0.16638789516541977, 0.16747910701484559, 0.16369432241513548, 0.16964492695792524, 0.1686170878850291, 0.16701300382162712], "(0, 4, 0, 0)": [0.017227584871998367, 0.014569597144049632, 0.014088329338349114, 0.016357213277751564, 0.010434547317901102, 0.0004708344205949129, 0.017276853682782964, 0.0118104838931257, 0.017414279566801277, 0.018646852371768368, 0.01268779087289324, 0.01871505794101322, 0.016086212034688165, 0.017964493409060443, 0.015219680919382082], "(0, -2, 0, 0)": [0.7418282856155819, 0.7154645117441174, 0.7594254168787958, 0.7476478031614091, 0.7016436261773261, 0.7075870025444285, 0.7002203685490261, 0.7509940324032138, 0.7092746173629848, 0.7461654402225768, 0.7367257591090316, 0.6911393877016874, 0.7524049931125443, 0.8767124043172694, 0.7120469795362135], "(0, -3, 0, 0)": [0.27691775280065994, 0.3875523246058257, 0.3170922573518517, 0.4117327054566547, 0.3365622637314036, 0.45018799144068566, 0.42038024056296697, 0.31259348856043967, 0.3986514766273475, 0.32176871624853365, 0.3175607176905655, 0.3782745005932676, 0.30971749803320453, 0.3842175072796509, 0.5751741488760556], "(0, -4, 0, 0)": [0.06572846702499117, 0.0636541004233633, 0.06628692490100006, 0.028575807743025303, 0.06297636016587677, 0.06527066754236856, 0.06859011979576476, 0.04833551514393996, 0.07037445418572182, 0.06453341601089316, 0.03095023852244804, 0.07192966784523713, 0.06892548945443149, 0.17456835234083498, 0.07135668550450008], "(0, -1, 0, 0)": [0.8453180411238067, 0.8761651709398679, 0.8868004616489508, 0.8823203150297384, 0.8726253570561748, 0.8762757447520491, 0.8597244046293377, 0.8775420172237072, 0.8767525460061052, 0.8679343761084276, 0.8666415149360225, 0.8806251083556468, 0.8732896964197133, 0.8576226969862214, 0.8525820448043784], "(-1, -4, 0, 0)": [0.001474712592481428, 0.12334813452787002, 0.1236944601909429, 0.1194793268813788, 0.11493269191916133, 0.11301560864128832, 0.051137926531063395, 0.003376865189801866, 0.10181137241674176, 0.08509222749964768, 0.04582815671721767, 0.11025225523997699, 0.12027522466529633, 0.1142772298449575, 0.04098710329191982], "(1, -1, 0, 0)": [0.7245070228420722, 0.6954462274935834, 0.7034125208437698, 0.7605828011261512, 0.6862833364346117, 0.6724497698877736, 0.7125574673575182, 0.7177081932123089, 0.7552001807374383, 0.7414698717602027, 0.6985282639199483, 0.6604293980776714, 0.7378209311911049, 0.8630417176296927, 0.7258649621840972], "(1, -2, 0, 0)": [0.4931838300077406, 0.5150365050283336, 0.5303801683585444, 0.525069881087824, 0.47277556776546475, 0.5143109574930735, 0.5313936629314132, 0.5340539490738203, 0.49907150002865197, 0.526643173213227, 0.5085006729354846, 0.4976316824118182, 0.4936458989144698, 0.8368620956501756, 0.5075534136699801], "(1, -3, 0, 0)": [0.13665996593833357, 0.15596713072877816, 0.14315455595371657, 0.11769059579922549, 0.12056961186437126, 0.07826828515614638, 0.09875544611167417, 0.08202429348162239, 0.06322429929651505, 0.09327446569571478, 0.09276047351340841, 0.1418901005408416, 0.09179154238638174, 0.17308830287416604, 0.07377853036346692], "(-1, 0, 0, 0)": [0.5374155803148487, 0.4393797120302171, 0.5247176632386551, 0.6366141010147137, 0.5022123137896464, 0.5077241440631814, 0.5600079709884876, 0.5619002097462262, 0.5542346382066385, 0.5287204891534393, 0.5138389423016375, 0.529783245980309, 0.5507649660454306, 0.5469453345501641, 0.5484119833715674], "(-1, -1, 0, 0)": [0.5993697370468404, 0.6171446751182937, 0.6587952009908375, 0.4576368044012719, 0.6134727000080421, 0.6361301893527601, 0.6215292188932285, 0.6112786289456115, 0.544380783430685, 0.5971555295690896, 0.6346626292487819, 0.636863876812099, 0.576844266292544, 0.6083234115906567, 0.5906400853525071], "(-1, -2, 0, 0)": [0.32721521012375787, 0.06641344377742273, 0.07354937340091879, 0.07318921425373766, 0.06627385375391918, 0.03527640320521916, 0.2080223858083536, 0.12222600241180638, 0.065446674632958, 0.27563785069266594, 0.09340972985500844, 0.06575354957222607, 0.07089894791827353, 0.09762776882605713, 0.11022269352128378], "(-1, -3, 0, 0)": [0.26653378281959633, 0.22322081152308176, 0.03877163031095392, 0.2753024852749502, 0.2804140114659575, 0.021159276199206906, 0.2639602084493631, 0.26158347258902914, 0.23782496637908052, 0.26535993826347215, 0.2659112470499653, 0.28029175733149364, 0.1853392432488858, 0.26586859088371945, 0.19206362687236256], "(-1, 1, 0, 0)": [0.4307574269592426, 0.4327331234457851, 0.4352697633987265, 0.3947336853184339, 0.40231757869494933, 0.35001177139696826, 0.4085411133145839, 0.39217367553747723, 0.36878213178250485, 0.39729746558415835, 0.40050701405269645, 0.4852019246405745, 0.3966741498866189, 0.40528086802420515, 0.4246759903847803], "(-1, 3, 0, 0)": [0.14108762566086827, 0.0958754218209794, 0.10174231559487276, 0.10696116424274674, 0.11774990118011269, 0.10530439198576884, 0.1118581935743851, 0.1019012391827517, 0.09374343675889567, 0.101341637078989, 0.11165636959468303, 0.0953313112111702, 0.10513815329159301, 0.10090396766495899, 0.09621249435736438], "(-1, 4, 0, 0)": [0.00016472801939925417, 0.0002969160424981217, 0.0008941647636092022, 0.0012257802970689364, 0.0011155950575356538, 0.0030601293215643697, 0.001013352824223602, -0.0018285552135866873, 0.0008160536052357788, 1.5242228920852273e-05, -0.0001647537893061492, 0.0010664472720527465, -0.0026015971063527597, 0.001636223810583222, 0.0010065699306838543], "(-1, 2, 0, 0)": [0.32612764940717376, 0.31832564190502033, 0.2752721965151261, 0.2771667607040305, 0.27240576996384513, 0.28216748847318335, 0.309441764925021, 0.2672390234758787, 0.26621742751040206, 0.32077874485489144, 0.2607454115149129, 0.27347393237407447, 0.33060397140310593, 0.28632104305822276, 0.3010370132284751], "(1, 0, 0, 0)": [0.8794935259247206, 0.8590943163004174, 0.8743687227883318, 0.8791106028266715, 0.865248693169054, 0.8742047367115124, 0.8671138744843853, 0.8527701776301434, 0.8449361240133272, 0.8686718507428831, 0.8728379676769001, 0.8679905984212314, 0.8712146213247088, 0.8682094443310086, 0.8937813305521888], "(1, -4, 0, 0)": [-0.0052294194999910875, 0.0023399674046240583, 0.0007316539942651681, 0.01684420018125659, 0.009851948735745766, 0.001110343002113102, 0.000994279341229024, 4.3238907917831325e-05, 0.0005456692984859238, -0.005394528792625496, -0.0052090699473481585, 0.0013569558057746215, 0.015454557251970907, 0.0006736784231891292, 0.07741880750669265], "(1, 2, 0, 0)": [0.8741035305108523, 0.6575502411543565, 0.7612176701355711, 0.7241806734500881, 0.6576252819014714, 0.782593542858501, 0.7706298514887325, 0.6637138017672125, 0.7264118943386308, 0.7322649400418985, 0.7825665757920122, 0.7710917241445131, 0.6956044247189354, 0.7139549903270671, 0.7691018536010855],