{"q_values": {"(0, 0, 0, 0)": [0.871890509417946, 0.777670285033771, 0.7798388809970954, 0.7833555593451519, 0.8168441266919223], "(0, 1, 0, 0)": [0.6383885617896762, 0.4949842003630442, 0.5382404444277222, 0.5165424645433363, 0.4802295995503232], "(0, 2, 0, 0)": [0.04112712183468051, 0.03150253499545007, 0.038592105488246875, 0.03702461506582125, 0.029293857572372364], "(0, -1, 0, 0)": [0.7953327874680627, 0.7898826764331203, 0.8185085968428557, 0.8315294802003704, 0.8537651555827583], "(0, -2, 0, 0)": [0.038484732359432956, 0.04077679559327348, 0.03619354446589209, 0.03791502871088518, 0.17612381886644002], "(1, 0, 0, 0)": [0.7641915532614257, 0.7813774956515255, 0.7830289405177197, 0.7845198729513054, 0.7810896053251508], "(-1, -1, 0, 0)": [0.5269316644113032, 0.5349846836252624, 0.6421929618231474, 0.6076227134896749, 0.7800001321822027], "(-1, -2, 0, 0)": [0.07607031983905262, 0.09129074773390422, 0.115865999151428, 0.08754239831007309, 0.17415516085747137], "(-1, 0, 0, 0)": [0.6910357301222924, 0.6058852166235139, 0.5662635075397481, 0.5963153611899937, 0.4947667568800914], "(1, 1, 0, 0)": [0.8428028428891846, 0.7694158826438631, 0.7743005692758542, 0.7583892493442511, 0.7444274391204888], "(1, 2, 0, 0)": [0.19076731780639664, 0.08113297898434571, 0.08139435975935634, 0.08050769543293783, 0.08612974169546204], "(-1, 1, 0, 0)": [0.20615408958421277, 0.19395543794020953, 0.17884067282352345, 0.181964992744594, 0.19672530969080354], "(-1, 2, 0, 0)": [0.00853108277092713, 0.009801115149382155, 0.007450392028965415, 0.009069049199242056, 0.009356064841592963], "(1, -1, 0, 0)": [0.6109534493038258, 0.5183071508185579, 0.6387292587364602, 0.6174783036276204, 0.771984278790793], "(1, -2, 0, 0)": [0.013723901240941836, 0.006469644695329949, 0.02608143422766706, 0.0029219325822504357, 0.004190473577276611], "(-2, 2, 0, 0)": [0.04858431037421259, 0.008934285840143844, 0.016431464320883656, 0.008315470828869121, 0.002573570471854347], "(-2, 1, 0, 0)": [0.12396259548673175, 0.17297926560532345, 0.11996759416550783, 0.1353989325479438, 0.1421471286457855], "(-2, -2, 0, 0)": [-0.0043562397360801695, 0.012525457620133117, 0.007389304493249187, 0.0, 0.0], "(2, -1, 0, 0)": [0.16973868191062005, 0.1934062924193497, 0.22115771504728976, 0.20487003798561995, 0.2565209925066594], "(2, -2, 0, 0)": [0.0028128070570767353, 0.009908931928419048, 0.0038152874137742853, 0.0004634909824689313, -0.002115559580047553], "(-2, 0, 0, 0)": [0.24968053090452652, 0.22037103918084694, 0.3017962340402673, 0.2652193056755354, 0.22655262883797808], "(-3, 1, 0, 0)": [0.017023305216061102, 0.05006540691228364, 0.08424943907822938, 0.04418182919220112, 0.043207089477742926], "(-3, 2, 0, 0)": [0.0045149225273190124, 0.0004815741343498882, -3.039132882878999e-05, -0.0006986398300803387, 0.000588008372389111], "(2, 1, 0, 0)": [0.8477438694554673, 0.6825076377319225, 0.7593317320068637, 0.6996042331433237, 0.7373891273672981], "(2, 0, 0, 0)": [0.6864377959991952, 0.6538509459120537, 0.6123197033679806, 0.6591402684187357, 0.6598051253764986], "(-3, 0, 0, 0)": [0.06581225453235497, 0.05954925177781596, 0.12335983773407767, 0.0483456909819067, 0.0645135384844811], "(-2, -1, 0, 0)": [0.11530820065610939, 0.06784020377956057, 0.08357039425769175, 0.04328167892513018, 0.054708699475361604], "(-3, -1, 0, 0)": [0.09168581227462347, 0.0, 0.0, 0.010703358506400314, 0.014145150379240341], "(-3, -2, 0, 0)": [0.015221647528506984, 0.0, 0.005564506555544577, 0.0, 0.004610109451953786], "(3, -2, 0, 0)": [-0.0038832060997285936, -0.004158680718612428, 0.0022826621046284244, 0.0029429863991107487, 0.006606889334665559], "(3, -1, 0, 0)": [0.08198224684504084, 0.02601826944510531, 0.03590288784569469, 0.037927375757504336, 0.04352093807771182], "(3, 0, 0, 0)": [0.3708167077034802, 0.15944241823536537, 0.26729040830202344, 0.41015927228910387, 0.2772457882121725], "(2, 2, 0, 0)": [0.08236936847104173, 0.2617734654960349, 0.060719333237373975, 0.050610146556495476, 0.0], "(3, 1, 0, 0)": [0.6045711600359905, 0.10758800730804496, 0.197050296882797, 0.0, 0.10759935559062857], "(3, 2, 0, 0)": [0.030939143009027954, 0.0, 0.0, 0.0, 0.0], "(4, 1, 0, 0)": [0.11981846511083238, 0.0, 0.0, 0.0, 0.0]}}