{"q_values": {"(0, 0, 0, 0)": [0.9296064869700318, 0.9548368743770606, 0.9348529006809236, 0.9282011768905402, 0.9305432001310099, 0.935947168854035, 0.9321783775771354, 0.9434461775617687, 0.9269104362840127, 0.9353425562972573, 0.9262438660887783], "(0, 1, 0, 0)": [0.8080821076787335, 0.9549679359597895, 0.8390179140966794, 0.7998452343820363, 0.8257070414633512, 0.7866647631517344, 0.8248505987796646, 0.8282671808119625, 0.8312779858755701, 0.8222793324969895, 0.8115197422246866], "(0, 2, 0, 0)": [0.4863494915282653, 0.5900966309124079, 0.4711698262628301, 0.4883015158944517, 0.47348752152224705, 0.45833826318716503, 0.49482260098680386, 0.4642507356449375, 0.44871622012372125, 0.45873130474607454, 0.4863949326500134], "(0, 3, 0, 0)": [0.1374270508449737, 0.08929509804102351, 0.09597288495540565, 0.10362168960782919, 0.08737241563835373, 0.09484745441981339, 0.10609244172638399, 0.08254803441951801, 0.11446004649580219, 0.09282488382768793, 0.11616258561768991], "(0, 4, 0, 0)": [0.0112071870607922, 0.001421093776438496, 0.001430638776109762, 0.0018389488288964194, -0.0013021812923183981, 0.0017469046854532494, 0.0007403611840154818, 0.001892333845506377, -0.0012214912632893885, 0.0008368466947723261, 0.0017782792526933556], "(0, -2, 0, 0)": [0.41297987703934724, 0.45371914792797263, 0.4835549120117331, 0.4896196386990825, 0.4053219234363773, 0.4054129560381156, 0.49493567533684146, 0.41615100365978247, 0.4200021667931943, 0.4445819416563683, 0.78534442884591], "(0, -3, 0, 0)": [0.09544693256670754, 0.09831150930230209, 0.08703330342073755, 0.09450305080661227, 0.07664508462465904, 0.10064568429650313, 0.08859023093398669, 0.07546594114418287, 0.09618158603512286, 0.11091332784316368, 0.09568927381540623], "(0, -4, 0, 0)": [0.0019915981168547614, 0.001686836137566863, -0.002887926936923955, -0.0008436227126060397, -0.0034815600307717704, 0.0025982458829539395, -0.002701832260331818, -0.0008277099376436583, -0.0011947614966842648, 0.016927692290555817, -0.0015489743815524887], "(0, -1, 0, 0)": [0.9050111471397904, 0.9091254684150298, 0.8790034959802016, 0.9211518788964337, 0.8866264458241729, 0.8907802459493179, 0.8843154473773378, 0.8394263864855589, 0.9262115257885992, 0.9555652898877339, 0.903693611024133], "(1, 3, 0, 0)": [0.03351944056762057, 0.04783755518088769, 0.12059835412281893, 0.044661350248389804, 0.061103479203278695, 0.05018826781980651, 0.038424784683545835, 0.059608425695466344, 0.00589850418718186, 0.0689077767764244, 0.06787712773322269], "(1, 4, 0, 0)": [0.003385930617047823, 0.0026307838412884307, 0.003466254469950251, 0.003245516685546526, 0.001445766933632654, 0.0034898311946173636, 0.001871545302573753, 0.002964622537601134, 0.0028941372608879776, 0.002561212665968572, 0.002894988929912903], "(-1, -1, 0, 0)": [0.9015205555198698, 0.9009942879061685, 0.9054294926919537, 0.9044694800177749, 0.8967294312218383, 0.9078787885519614, 0.9083591688351078, 0.9328533691849659, 0.7644780294357685, 0.761772370151831, 0.8905919037044028], "(-1, -2, 0, 0)": [0.5232718785508614, 0.3061144605831394, 0.4998111851235838, 0.38526583289840144, 0.4177470019299132, 0.4308507798202518, 0.309668104974195, 0.5742081330584002, 0.39387360610254896, 0.41898983360026404, 0.883058254250619], "(-1, 3, 0, 0)": [0.11316122564887204, 0.06461813941065897, 0.05357812818799672, 0.05283458818313172, 0.054618036273330055, 0.06578953349657574, 0.06505778847671356, 0.05470329545325893, 0.054185392017465944, 0.05328274922653163, 0.06287896725979063], "(-1, 4, 0, 0)": [-0.00238990257792067, -0.004713920026410298, -0.0025911870957976355, -0.0032985579951601467, -0.009283183895844548, -0.004797648586660345, -0.00049003855312713, -0.0023350245445995206, -0.0029356794045751985, -0.002531133602652271, -0.003466548749842698], "(-1, -3, 0, 0)": [0.035402866240576966, 0.022982540979322758, 0.03924366976828741, 0.03921715137708475, 0.0327636307877412, 0.018692513200870228, 0.028160232679865414, 0.09178753702160987, 0.020380158206776695, 0.029041785925682066, 0.011914682833310278], "(-1, -4, 0, 0)": [-0.008240752703958878, -0.008652028067987816, -0.008305685337368907, -0.008042227956804402, -0.008998542838390525, -0.00851048788657735, 0.0020346669993118365, -0.00837573158398504, -0.008665861910945614, -0.008503639428563924, -0.008138649764488295], "(1, 0, 0, 0)": [0.8939236233899585, 0.8831587706684898, 0.9289005837361272, 0.9163627688371753, 0.9143395515985645, 0.929324977761793, 0.925001350755465, 0.9297926924623552, 0.9320982492834704, 0.8948959996124742, 0.9549834731095398], "(1, -1, 0, 0)": [0.6778255474994102, 0.7307427461016791, 0.6671844266958966, 0.6639443708410998, 0.64898499641467, 0.701083084690853, 0.7017000384440603, 0.6711977683895844, 0.7242938831918615, 0.9352014267929735, 0.7552134745430807], "(1, -2, 0, 0)": [0.23301627296170088, 0.16655321868819817, 0.19077130858364266, 0.26708367625788615, 0.2540832848538646, 0.263177533737814, 0.21828759582457297, 0.269989025926321, 0.26558892163703307, 0.27703160567712076, 0.28048067261354875], "(1, -3, 0, 0)": [0.06342230443143039, 0.06803777199457751, 0.06233683462127012, 0.061103596386640244, 0.062020096029319224, 0.06900007100316578, 0.06854071548295416, 0.0625235416435024, 0.06314037104983693, 0.07522667469984175, 0.0664269318930927], "(1, -4, 0, 0)": [-0.003670612485608322, -0.002885253043895546, -0.0028184814336786783, -0.0018921146361409041, -0.006774847441131658, -0.003334762577854749, -0.005717226500769361, 0.0071369500933582625, -0.002585383015404107, -0.0031751556953124585, -4.073389569555098e-05], "(-1, 1, 0, 0)": [0.9061659981908754, 0.5552222719110673, 0.4981978060434871, 0.5152580642203399, 0.47175371587160064, 0.5589244447563835, 0.5183680498997751, 0.5681491753260258, 0.5455001697712124, 0.47551128958219513, 0.47376705878580516], "(-1, 2, 0, 0)": [0.20815414401451862, 0.17753238887914186, 0.16472810484284395, 0.16499283393369654, 0.17647288764128907, 0.2036455831907301, 0.17290776622689963, 0.171777463685826, 0.17471965999380462, 0.17140930054842463, 0.1722817568985984], "(1, 1, 0, 0)": [0.8574056029646769, 0.9580726487126009, 0.9234572891693641, 0.9296302325087851, 0.935653219969736, 0.9055149013417302, 0.9006425347605831, 0.9192232012306351, 0.9264700733997554, 0.9264583732524514, 0.9196890442741376], "(1, 2, 0, 0)": [0.24475851318224953, 0.7978573143932461, 0.42693535098263935, 0.26227289508781587, 0.3870409951816668, 0.3748076518901552, 0.35179817502273497, 0.3454275154169908, 0.3929937049800949, 0.42823353528343644, 0.31885416265313976], "(-1, 0, 0, 0)": [0.8317958811435483, 0.9392762042028192, 0.9076282359139278, 0.9003592558285209, 0.9179615059684413, 0.9079839496833001, 0.883273021789255, 0.8652889720269714, 0.8819557626571871, 0.8708824542294074, 0.9106578666206929], "(-2, 1, 0, 0)": [0.03976877409061403, 0.10755154814284877, 0.05656334981432928, 0.09263871912474693, 0.06939430997898353, 0.22629512924538947, 0.13284682338670145, 0.05313966545712889, 0.12722990064109985, 0.1545318974137165, 0.009824620025421088], "(-2, 2, 0, 0)": [0.01799507331375627, 0.07309819516707575, 0.05336918184681549, 0.13896659670693595, 0.06827922509520801, 0.07590766005435429, 0.04322022689431144, 0.028232331510790916, 0.07233861197663732, 0.049566087006373424, 0.046093876765066724], "(-2, 4, 0, 0)": [-0.0040983233702267885, -0.004996604822647363, -0.005574038488425242, -0.006018336842907314, -0.0022128328180772306, 0.007290092009789134, -0.004788863151367944, -0.005704891593813897, -0.006487848247066967, -0.0026353865397532746, -0.004468903647114209], "(2, -1, 0, 0)": [0.2833995025812729, 0.22418014453711937, 0.2814086739876318, 0.21388310438222288, 0.27236397086055053, 0.3286485232813158, 0.27557706638950435, 0.24389663156638697, 0.22850298260824645, 0.29394418084917956, 0.4443270795828489],