{"q_values": {"(0, 0, 0, 0)": [0.7969397374972735, 0.7930135602160666, 0.7855011401507976, 0.7818394485187256, 0.7817717237877227, 0.7973749931503505, 0.8026390814418826, 0.7773009845392739, 0.7710158446090225, 0.7872040178068536, 0.7773013025588387, 0.810700720512258, 0.7976661790996448, 0.8099463241885677, 0.7618157535108676], "(0, 1, 0, 0)": [0.715131624093881, 0.717043002519279, 0.8148536647116834, 0.7009950038035044, 0.7419164725148563, 0.7584505829273157, 0.7086050286929494, 0.7509841043735118, 0.7218152685059134, 0.7365150820360586, 0.7302056198693699, 0.7445743702300107, 0.7162280102358634, 0.6866362970360099, 0.7096613199299525], "(0, 2, 0, 0)": [0.5458445285160491, 0.5534521925471326, 0.5649820272091689, 0.5042905849208177, 0.5531779706422927, 0.511175499337475, 0.5580152583718122, 0.556374271835747, 0.5585875070080243, 0.5575123200306786, 0.5689778144710292, 0.5091354352803789, 0.5547816680092683, 0.5664610128918848, 0.5271629029205412], "(0, 3, 0, 0)": [0.19625996325131118, 0.21587130084808862, 0.21791704213922536, 0.2161733953119931, 0.21487562213872008, 0.19249073523665555, 0.21870139163127467, 0.20534583518331037, 0.20174164113997223, 0.19495925288383714, 0.21676251853189746, 0.20525161322309274, 0.1993570919304925, 0.20712894369999127, 0.22057377233968511], "(0, 4, 0, 0)": [0.09158037545442654, 0.017733448575147873, 0.019798603010899835, 0.016357213277751564, 0.010434547317901102, 0.00605114294398991, 0.017276853682782964, 0.020208107444606035, 0.017414279566801277, 0.018646852371768368, 0.01684972583696416, 0.01871505794101322, 0.016086212034688165, 0.017964493409060443, 0.015010485771186766], "(0, -2, 0, 0)": [0.6681443579505402, 0.7176796316250199, 0.7234983300943868, 0.7152595060328404, 0.7103926756446646, 0.6980722936702308, 0.7123748180881108, 0.7239332654054657, 0.6947934406826118, 0.7171517477942378, 0.7141875024377878, 0.6608242030381697, 0.6735544788837371, 0.7906881812336786, 0.7187307898581505], "(0, -3, 0, 0)": [0.3850299446051243, 0.3485451814378626, 0.3717143907188247, 0.39501091627979895, 0.35345065655521124, 0.342204486069867, 0.3878922612115024, 0.34402930591944764, 0.37155852629214087, 0.3507582319158177, 0.39134939199571717, 0.3672099084015901, 0.3661674685247661, 0.6630013399113281, 0.3634036360818893], "(0, -4, 0, 0)": [0.06572846702499117, 0.02125930239524252, 0.08804656479638286, 0.028575807743025303, 0.06712142039524265, 0.07984105078961047, 0.029920454486373968, 0.04833551514393996, 0.04769484415855898, 0.09105523174078292, 0.03095023852244804, 0.057738108073097455, 0.08856902177588241, 0.07546724509327131, 0.2202657406701391], "(0, -1, 0, 0)": [0.8104449724449612, 0.6792868463633943, 0.8126411261682631, 0.8021365956845482, 0.8055999714814192, 0.7612067406519932, 0.8106491703508995, 0.802644289694964, 0.8038282036850392, 0.8298727240647168, 0.7225133248036081, 0.7927020056490893, 0.7913401435316892, 0.7270488622703252, 0.8124056364121883], "(-1, -4, 0, 0)": [0.001474712592481428, 0.010714927000857119, 0.0021673060637356035, 0.008993173706418018, 0.003601626017297103, 0.011331487440043034, -0.0026099032631752986, 0.003376865189801866, 0.013044167498695702, 0.0030818642831705627, 0.013328233319310752, -0.00044675790973112885, -0.002694606156489405, 0.003951403829680485, 0.0031486996667134236], "(1, -1, 0, 0)": [0.6745034321998065, 0.6784158073511579, 0.6791834530099184, 0.6882583825265169, 0.6523387566346741, 0.6810100123051934, 0.6846401627667371, 0.6841844116339677, 0.6747221800102314, 0.6536157199682823, 0.678416855837567, 0.6877098659229959, 0.6880177169403608, 0.7675659155604299, 0.6812041617769385], "(1, -2, 0, 0)": [0.5243930679968181, 0.5203548363749878, 0.5081309817157652, 0.4509855812027349, 0.4594895182192891, 0.5292461721323432, 0.5086292133268716, 0.5140892094852383, 0.4819159071945362, 0.49134614231729323, 0.46592973936662757, 0.4711889765173691, 0.5373688857776183, 0.5618918365626254, 0.6649493520162016], "(1, -3, 0, 0)": [0.09671675561790588, 0.08943701455659488, 0.08861815034150636, 0.0969698766645552, 0.09008385005500276, 0.04590220143498811, 0.09640288263770032, 0.096611997991953, 0.06322429929651505, 0.23196533854018533, 0.09641299717292091, 0.08398542474992982, 0.09179154238638174, 0.09478461761713897, 0.07377853036346692], "(-1, 0, 0, 0)": [0.4456620595739134, 0.3507369785550935, 0.4308318149648833, 0.34840133328171574, 0.28003711153516586, 0.382737418737758, 0.19238621373055503, 0.28153338058847366, 0.4119325904530222, 0.36757184680789706, 0.36023053855738374, 0.3553714049356014, 0.511252802870011, 0.40673746747674777, 0.4152132806742187], "(-1, -1, 0, 0)": [0.10047562719775102, 0.15101620131928054, 0.08853999111816768, 0.13337133429067644, 0.14895116896657823, 0.18905702284300382, 0.3112318117813617, 0.17972874337966613, 0.10268949210309283, 0.12180242141165305, 0.07137431532678902, 0.1559258534361053, 0.0917022607686365, 0.1151583540936229, 0.19151715461194416], "(-1, -2, 0, 0)": [0.10599872457512313, 0.06641344377742273, 0.06673587623518466, 0.04969075341624822, 0.06627385375391918, 0.03527640320521916, 0.08347491180246257, 0.04738506509330245, 0.05235814845886295, 0.059530133270438976, 0.07467182205221709, 0.06575354957222607, 0.07089894791827353, 0.07675679471544351, 0.07316496239957311], "(-1, -3, 0, 0)": [0.042288250052495875, 0.0137071292753479, 0.03877163031095392, 0.041111772986210014, 0.04099481225444959, 0.021159276199206906, 0.029502977869914793, 0.03846009021571459, 0.019157584096389024, 0.04230615327686209, 0.058282977020741464, 0.040898031353472586, 0.037105250995361896, 0.01820654812031218, 0.03180567885451614], "(-1, 1, 0, 0)": [0.42340516922240273, 0.423354983207904, 0.42706172768965855, 0.42744432874814514, 0.42256578831053476, 0.3949004699561726, 0.4344674187501476, 0.4220608380085303, 0.4278295551586044, 0.4094576683445872, 0.37051886989553173, 0.4575061349745862, 0.4273726722714061, 0.42150158812549054, 0.43797582032018684], "(-1, 3, 0, 0)": [0.1276256834140224, 0.13443313843440233, 0.16550481694240218, 0.13542282345656687, 0.13905467791861567, 0.13052742260897335, 0.13683073470077517, 0.13690506551497147, 0.12409721386074986, 0.1290025100065557, 0.12611432729609862, 0.12941331734185033, 0.13232011828649554, 0.12866520040572618, 0.13535780687805993], "(-1, 4, 0, 0)": [0.008730218441936846, 0.0333732468461196, 0.01022179970517724, 0.008071332744383482, 0.009523291303927513, 0.007398252535546404, 0.011725041412468709, 0.011392684724521207, 0.008822744709132881, 0.010444536889888027, 0.011173382099370651, 0.011863118922876715, 0.008521474907806617, 0.010304417727417402, 0.006297006086148951], "(-1, 2, 0, 0)": [0.34292617596081093, 0.4081874130541567, 0.3419870551761503, 0.307308364183641, 0.3311941552001945, 0.31206583758278383, 0.3226086231590519, 0.31270139267236224, 0.3294513290904235, 0.3263793972212429, 0.3489137091929715, 0.3183205080243566, 0.3058322391884987, 0.30064256918967186, 0.34856349518748486], "(1, 0, 0, 0)": [0.7445587933287761, 0.7681908856708506, 0.7492032864231035, 0.756076979480226, 0.7387197817228305, 0.7537001952270537, 0.7394568503405967, 0.7731566840096881, 0.7752825689688642, 0.739785689772096, 0.7623553782396161, 0.7531123614602326, 0.7685549687967486, 0.829219338474277, 0.7571072357631617], "(1, -4, 0, 0)": [-0.0052294194999910875, 0.0023399674046240583, 0.0007316539942651681, 0.0029690644806034975, -0.0004622124197772486, 0.001110343002113102, 0.000994279341229024, 4.3238907917831325e-05, 0.0005456692984859238, -0.005394528792625496, -0.0010622738238996775, 0.0013569558057746215, -0.0003750985920141503, 0.0006736784231891292, 0.06839791345729725], "(1, 2, 0, 0)": [0.8455012196296428, 0.6760391334989923, 0.6701893497967373, 0.6611579066620902, 0.5342975894546892, 0.6256686774186768, 0.5851470836999265, 0.6278931217766978, 0.620681341153316, 0.6300085076077654, 0.6491930958380796, 0.5400517263522117, 0.6673788384074585, 0.6311641689668926, 0.6759536091427208],