{"q_values": {"(0, 0, 0, 0)": [0.7734404032205433, 0.8211454027367856, 0.8258656665663825, 0.8162302043458283, 0.7982163959698683], "(0, 0, 0, 1)": [0.8354314266795635, 0.831974362067396, 0.8175146164052149, 0.8116432193936085, 0.7406516291309233], "(0, 0, 0, 2)": [0.8529236688588357, 0.8524340117880596, 0.8025331680778645, 0.8541449768100622, 0.8393850808087739], "(0, 1, 0, 2)": [0.3100784906892747, 0.23597033064332812, 0.20429508388820372, 0.17831010973359207, 0.143196428576609], "(0, 1, 0, 3)": [0.09870112495045025, 0.10779154980687713, 0.1001904877243637, 0.10010223279852135, 0.10046506586140026], "(0, 1, 0, 4)": [0.07892321630504265, 0.07863503863204303, 0.0824010145202213, 0.07801601236637287, 0.07801458396858271], "(0, 1, 0, 5)": [0.08432261314391896, 0.06491446686810512, 0.06546580244266074, 0.06432736739000132, 0.0505844636276554], "(0, 2, 0, 5)": [0.06389216836822727, 0.02214992565307277, 0.021104132881411764, 0.014690291651279623, 0.002827716196058553], "(0, 2, 0, 4)": [0.05133759037600393, 0.052691196675684435, 0.05835643244971174, 0.033231767413759876, 0.023304825749428687], "(0, 2, 0, 6)": [0.007530830911133161, 6.175963263937599e-05, 7.187683983450274e-05, -0.002813754953623483, 0.0012350015992386065], "(0, 3, 0, 5)": [-0.015678483425121546, -0.015686089250027093, -0.015690484362632817, -0.01569480635177483, -0.015696354886014632], "(0, -1, 0, 1)": [0.8341505619098996, 0.8406431880226626, 0.8413512762627536, 0.8406976935361377, 0.8406267862688279], "(0, -1, 0, 0)": [0.6718536811794603, 0.772814541245506, 0.8410597580430061, 0.8418121703050142, 0.8476331993499941], "(0, -1, 0, -1)": [0.27874168231313506, 0.3946267520912772, 0.5956810402173212, 0.7397542440992375, 0.777755975249419], "(0, -1, 0, -2)": [0.13117710649579967, 0.17567336811807355, 0.19898624267588758, 0.2609072452125356, 0.28065089593562326], "(0, -2, 0, -3)": [0.07802727544228995, 0.0787435956768358, 0.08175404279308734, 0.08128839558485276, 0.09797305847535205], "(0, -2, 0, -5)": [0.017001179530014607, 0.02147544886701011, 0.02048306718173513, 0.022876287036012403, 0.03238045617726717], "(0, -2, 0, -4)": [0.02667748001634708, 0.04957805903569736, 0.048510314879122066, 0.050287282852605454, 0.06467833518888513], "(0, -2, 0, -6)": [0.00326825385513515, 0.000934416865151996, 0.001095276791444953, 0.000595832561192125, 0.0012371879044775513], "(0, -2, 0, -7)": [-0.0036572943562493535, -0.004150795961863586, -0.004748003246497876, -0.004172942034592781, -0.004578512684930159], "(0, -2, 0, -8)": [-0.010488488231932203, -0.012467190037221012, -0.01259710143247528, -0.01266630054442056, -0.012904635744876672], "(0, 1, 0, 0)": [0.8504420048786483, 0.7832877292106746, 0.8045073143803577, 0.695631774266105, 0.564841593085319], "(0, 1, 0, 1)": [0.784152054706135, 0.6490409965441842, 0.5937387637815841, 0.44282886852028447, 0.2709237025566632], "(0, 2, 0, 7)": [-0.012169566453008894, -0.011534242152260565, -0.004781302097543908, -0.011328239971198431, -0.00952475934171865], "(0, 2, 0, 8)": [-0.009733161108780622, -0.007514916310655378, -0.008337142542490617, -0.0016203823590066869, -0.010494587018617949], "(0, -1, 0, -3)": [0.11209441714817439, 0.11172844963728884, 0.111339756714566, 0.11382468965450038, 0.10437577714437106], "(0, -1, 0, -4)": [0.06323265455875479, 0.07432807056508467, 0.08004040250843526, 0.0847052356189053, 0.08970914892929699], "(0, -1, 0, -5)": [0.06773186396273605, 0.06539435087608891, 0.0693367884904301, 0.06665022402721912, 0.07067446024312778], "(0, 0, 0, -1)": [0.7274503187874205, 0.7816570196978229, 0.834952454685727, 0.8341744655642874, 0.8374451827748982], "(0, 0, 0, -2)": [0.7972468995454968, 0.7792005936801781, 0.7892488494233184, 0.8507853150517117, 0.8006251897592175], "(0, 0, 0, 3)": [0.9169403641274394, 0.4895029030199051, 0.34570064810019646, 0.3401456219082157, 0.24223516198975598], "(0, 2, 0, 3)": [0.09764379142742338, 0.08529808775546306, 0.08466058133464255, 0.0843459409445542, 0.07008677100703092], "(0, 1, 0, -1)": [0.8443276641042192, 0.8342562720661536, 0.8337213386080401, 0.8345454919560158, 0.8340239475207673], "(0, 1, 0, -2)": [0.3866094385484465, 0.3862983729674394, 0.849312326750843, 0.32656645101121656, 0.5816233488469276], "(0, -1, 0, 2)": [0.8419157872952797, 0.8497762177195094, 0.8488187045771733, 0.7108620710109471, 0.7531472348066437], "(0, -2, 0, -9)": [-0.010056826314604868, -0.00945187411343486, -0.009407042678636186, -0.01016910053169692, -0.009262629751217982], "(0, 0, 0, -3)": [0.10841065936541952, 0.3442877417027544, 0.3601317378773203, 0.6925407132914239, 0.386660427943544], "(0, 3, 0, 7)": [-0.010259296696022154, -0.01025764136057906, -0.010263358702814206, -0.008970038346778602, -0.008976490885354578], "(0, 0, 0, -4)": [0.0067643868353461055, 0.039124251984725626, 0.003213284669203872, 0.04589234726902548, 0.2755958797617059], "(0, -1, 0, -6)": [0.02893346927760365, 0.02321584920089626, 0.04384322579845359, 0.047242777296021755, 0.056702041579685274], "(0, -1, 0, -7)": [0.00902681740626721, 0.0022157731130174833, 0.011731406503417184, 0.03282282656319683, 0.0011375301212523381], "(0, -3, 0, -7)": [-0.008973016415201129, -0.008974558709356935, -0.00897011922409758, -0.010258947149092331, -0.010257315330302344], "(0, 1, 0, 6)": [0.050404996714102306, 0.010466662925808461, 0.035186427644746804, 0.009262819703736122, 0.00753742626661536], "(0, 1, 0, 7)": [0.004110249645329903, 0.009384882463850719, 0.0, 0.0010410555572764948, 0.001894521494023502], "(0, 1, 0, 8)": [0.0027343954469290343, 0.0, 0.0, 0.0, 0.0], "(0, 2, 0, 9)": [-0.00989877521071411, -0.009683717024868164, -0.003973449281291555, -0.008568992220716207, -0.008408557247183222], "(0, -2, 0, -2)": [0.162597121562602, 0.16469626563666143, 0.16406414542396852, 0.1597180326361587, 0.15963914188883843], "(0, -2, 0, -1)": [0.11010920851695066, 0.1936735183460417, 0.14301194028873984, 0.10113445299465923, 0.1194841060233762], "(0, 2, 0, 2)": [0.17096233371344804, 0.15978899686036804, 0.1599050483791016, 0.15630888476031762, 0.15979593357753696], "(0, 0, 0, 4)": [0.03269470866269185, 0.21091804541797593, 0.06950419525593293, 0.06909783172159717, 0.022264777545761373], "(0, -3, 0, -6)": [-0.01632898287122474, -0.016322893412741835, -0.01687531261532495, -0.016871827696073913, -0.016870444862012952], "(0, 0, 0, 5)": [0.0, 0.0, 0.0, 0.011394351388244026, 0.002474981667448537], "(0, 0, 0, -5)": [0.003045801583348206, 0.0, 0.0, 0.0, 0.0], "(0, -1, 0, 3)": [0.0, 0.001774967615854871, 0.1747467766182671, 0.0009832593612372875, 0.0221980370392151], "(0, -1, 0, 4)": [0.0, 0.005701448720575185, 0.0, 0.0, 0.0], "(0, -3, 0, -9)": [-0.004172318093478679, -0.004170745667070151, -0.0041698357462883, -0.004167320542037487, -0.004170274790376425], "(0, 2, 0, 1)": [0.25842766654626675, 0.2535968460118312, 0.2581807023177667, 0.22814160097068875, 0.25907480739624783], "(0, 3, 0, 8)": [-0.010272323488574476, -0.010271781336927787, -0.00898123039642349, -0.0089803072841838, -0.008984579661488534], "(0, 3, 0, 6)": [-0.016318552046579782, -0.01631858813765198, -0.015704573661416095, -0.015709145159848226, -0.015710488937596828], "(0, -3, 0, -5)": [-0.012456040500405842, -0.012452295325628929, -0.013393201420370298, -0.013388298454909726, -0.013382595867257633], "(0, -3, 0, -8)": [-0.00898103281499818, -0.008982006904408335, -0.008977873237561435, -0.008979648974444717, -0.008977903405986726], "(0, 2, 0, 10)": [-0.006267195239611678, -0.006467265274402849, -0.005508157790830888, -0.004169771363474345, -0.005372546042614852], "(0, 3, 0, 4)": [-0.0124328629861434, -0.012434706420493909, -0.012438696597939934, -0.011394429553235694, -0.011398835499997623], "(0, 2, 0, 0)": [0.013967729031014366, 0.004800522147533978, 0.2400747069618334, 0.028214675458062218, 0.001492495091590514], "(0, -3, 0, -4)": [-0.00894819979345426, -0.00894580994926393, -0.00894429954778403, -0.008943322296701372, -0.008937590683270246],