{"q_values": {"(0, 0, 0, 0)": [0.8415991327938583, 0.7859897647082119, 0.7965650105483452, 0.8145940782213698, 0.7887514785640795], "(0, 1, 0, 0)": [0.8095277767455453, 0.40025835394318227, 0.3848705914068902, 0.3862696506718977, 0.4181917708080015], "(0, 2, 0, 0)": [0.17002481679927225, 0.02426381555518995, 0.018482496302478894, 0.0186815648739823, 0.03081549496301909], "(0, -1, 0, 0)": [0.7189570868196614, 0.7401346649275025, 0.8133340669601078, 0.7730777464795003, 0.8200999823521773], "(0, -2, 0, 0)": [0.059388488381666216, 0.04662073542593613, 0.06357545570715534, 0.05749750069646345, 0.21342204727103628], "(1, 0, 0, 0)": [0.7866963064401207, 0.785858661300254, 0.7674300664410086, 0.7916503444766235, 0.7856619045493635], "(-1, -1, 0, 0)": [0.56850426400213, 0.5300167731794445, 0.5413017745962541, 0.651625989342158, 0.5845340666456783], "(-1, -2, 0, 0)": [0.05649741364735941, 0.11360775802531888, 0.13244148765701785, 0.13804475809353295, 0.18496016913649896], "(-1, 0, 0, 0)": [0.46431030962186076, 0.6015266540682507, 0.5037250170907, 0.4820261833818098, 0.4629638122819422], "(1, 1, 0, 0)": [0.8048186731111853, 0.6966251191453029, 0.6355056727556607, 0.7081790461112681, 0.6245037042424972], "(1, 2, 0, 0)": [0.21648115703973195, 0.05424556671420455, 0.04762889318821105, 0.05007137955745551, 0.0494679180724764], "(-1, 1, 0, 0)": [0.3651193339688399, 0.17766119877964592, 0.18047974098672406, 0.17585417441025422, 0.2550594349610174], "(-1, 2, 0, 0)": [0.016837405163606114, 0.010958899209692032, -0.0060068532524619155, 0.012149069964447813, 0.010411090453679805], "(1, -1, 0, 0)": [0.5740493329497556, 0.6572772385523458, 0.6542388349960997, 0.6806870781441781, 0.7164518486086087], "(1, -2, 0, 0)": [0.013788865726284474, 0.01747934265141227, 0.015824079306955743, 0.008375590735821765, 0.003145708673893262], "(-2, 2, 0, 0)": [0.025571807194664203, 0.01938469825279838, 0.020037189123292075, 0.008446073830522385, 0.022688926318959145], "(-2, 1, 0, 0)": [0.20780253417361133, 0.20838272488309223, 0.1608057963052587, 0.21088604608348444, 0.18042062304853784], "(-2, -2, 0, 0)": [-0.0043562397360801695, 0.011199906513202443, 0.01195404961998248, 0.0, 0.0], "(2, -1, 0, 0)": [0.3336124033251426, 0.3507673615951597, 0.37044319079763666, 0.31482516528595555, 0.5878644471494205], "(2, -2, 0, 0)": [0.0028128070570767353, 0.005152477902101322, 0.020876818485232075, 0.0048503184879618265, 0.004543897648895805], "(-2, 0, 0, 0)": [0.2485016621126055, 0.2604522580757653, 0.25519886306238554, 0.32095556937659037, 0.26690613815650827], "(-3, 1, 0, 0)": [0.03408376920502035, 0.07306827299863891, 0.07481897402951708, 0.061491625110810605, 0.06584838110883728], "(-3, 2, 0, 0)": [0.00012368019089517394, 0.008398784570116991, 5.467818975057968e-05, -0.0006986398300803387, 0.0033870122234695207], "(2, 1, 0, 0)": [0.8533548680895443, 0.8393902774440156, 0.7922357371454547, 0.8233901651234474, 0.7934556709924105], "(2, 0, 0, 0)": [0.7882110678574605, 0.8118189139312634, 0.8048666522664771, 0.7932743986471705, 0.8035411837017975], "(-3, 0, 0, 0)": [0.06581225453235497, 0.05954925177781596, 0.1338260209364736, 0.0483456909819067, 0.0645135384844811], "(-2, -1, 0, 0)": [0.13759672366689044, 0.07151081257416043, 0.09532532584371436, 0.0689239451788611, 0.07459774752719286], "(-3, -1, 0, 0)": [0.09168581227462347, 0.0, 0.0, 0.010703358506400314, 0.014145150379240341], "(-3, -2, 0, 0)": [0.015221647528506984, 0.0, 0.005564506555544577, 0.0, 0.004610109451953786], "(3, -2, 0, 0)": [-0.005355514858088011, 0.006116742656614494, 0.015863097225274483, -0.005426782729773712, 0.0018252476479390517], "(3, -1, 0, 0)": [0.14994389050681026, 0.12201388729256848, 0.13043845307229954, 0.14743573145071706, 0.15051856215643467], "(3, 0, 0, 0)": [0.5729141661048605, 0.5308239596572166, 0.5477337066158953, 0.5959372507648224, 0.6135238360015844], "(2, 2, 0, 0)": [0.4314407233599897, 0.12246865844223012, 0.16036297629701987, 0.30358792570933074, 0.12413399862159494], "(3, 1, 0, 0)": [0.8143756672822208, 0.6805436034362418, 0.6418168211261776, 0.6240522435642858, 0.6469484290719927], "(3, 2, 0, 0)": [0.5390539678166982, 0.0, 0.0, 0.1446583119562025, 0.0], "(4, 1, 0, 0)": [0.3794255019023137, 0.0, 0.050549604666024185, 0.0, 0.0], "(4, 0, 0, 0)": [0.5198814350482253, 0.19142156963480336, 0.19749927007271412, 0.046670420940674036, 0.106891495147694], "(4, -1, 0, 0)": [0.07373329655316185, 0.0, 0.03592454055508462, 0.029788877544128498, 0.024280154856356383], "(4, -2, 0, 0)": [-0.004429984006223933, 0.004287399442027354, -0.006549037318262696, -0.004272459301272174, -0.0065489437811392754]}}