{"q_values": {"(0, 0, 0, 0)": [0.9256280497792009, 0.9254078560313086, 0.8919910512320495, 0.9189747728930133, 0.9267709078823587, 0.9204829196029214, 0.9236315278990217, 0.9205119429977524, 0.9228312175702129, 0.9228138368150702, 0.9175729685239985], "(0, 1, 0, 0)": [0.8689290903468162, 0.8497346173797429, 0.8736254800557929, 0.812946138091971, 0.8775300763722496, 0.8501057507946782, 0.8600456177922766, 0.8735602153116603, 0.8552264366383515, 0.8577133595897647, 0.8696791612729635], "(0, 2, 0, 0)": [0.6477880542352442, 0.7222460107653045, 0.5740166225661552, 0.6122107326999702, 0.5133806407959463, 0.5652681333705898, 0.6522690020603511, 0.6607381355419774, 0.6574089512532966, 0.6037719996666387, 0.6412636649838258], "(0, 3, 0, 0)": [0.18068152348841354, 0.14098255075618119, 0.16791067516805563, 0.1308022191459758, 0.12764071439576585, 0.16581045542312856, 0.13511523589517282, 0.13731582983283078, 0.1355455370269001, 0.1453147951571983, 0.15361063810268621], "(0, 4, 0, 0)": [0.016912035783719297, 0.01882596047099648, 0.03632753618480043, 0.009722973248291527, 0.019764340467983244, 0.016832517729736013, 0.017907195965400143, 0.01007763863895598, 0.00867080038997443, 0.017070364999616283, 0.019487407779458073], "(0, -2, 0, 0)": [0.49030895807571756, 0.6484536250943305, 0.6005558461303118, 0.6119258582258937, 0.6679052149464494, 0.6031038839855845, 0.6882346744035063, 0.6931010306062422, 0.6704021425819153, 0.613713404015824, 0.5909786914662459], "(0, -3, 0, 0)": [0.17574703500151154, 0.1567145602812087, 0.14134346806039802, 0.16007266421021624, 0.15821652599423103, 0.15372077505328643, 0.15220611429027517, 0.14689778088406566, 0.139352521981674, 0.1300038282027792, 0.3056178635473587], "(0, -4, 0, 0)": [0.012406000129409681, 0.0034738053224616016, 0.014805306170847226, 0.0149454012849173, 0.00955514775085216, 0.013801465799622204, 0.013257157106465634, 0.010960680697188323, 0.005755944866336091, 0.013357115499391751, 0.010969027722605024], "(0, -1, 0, 0)": [0.9048451992094234, 0.8731004633250353, 0.9028999488404374, 0.9023363406612429, 0.8778341594209836, 0.8810768774765925, 0.8930478407282222, 0.8886405973314775, 0.8802393292443422, 0.8992957932338644, 0.8428132604902556], "(1, 3, 0, 0)": [0.012215425596640454, 0.00929674419555731, 0.022125155861386487, 0.014397421707567071, 0.05242966765405181, 0.0037059369535798617, 0.0037202280984873362, 0.032745762454488764, 0.00589850418718186, 0.01671237348338157, 0.005701853827496536], "(1, 4, 0, 0)": [0.0028234591923985857, 0.004299905233930552, 0.0044652232347284875, -0.002216946229359795, 0.0, 0.013331668275911408, 0.005697462056793674, 0.0028637975909819244, 0.0044537010761242345, 0.005644030365809138, -0.007845253944396974], "(-1, -1, 0, 0)": [0.0031276318836970644, 0.008423468994256264, 0.11699158092849288, 0.0031320070508880932, 0.04249599482194509, 0.025539537429479096, 0.052337858807951165, 0.293710072975459, 0.029561478154497764, 0.0035261268541908254, 0.19630658729258355], "(-1, -2, 0, 0)": [0.027975281414637128, 0.02777717230796487, 0.028975514552306892, 0.05567933724468614, 0.004391725608742736, 0.009237102088131163, 0.024753607160038344, 0.00905141372429726, 0.021333105214333438, 0.03904507970336499, 0.026074734204568423], "(-1, 3, 0, 0)": [0.0701940962904637, 0.05687887655591925, 0.06651026636314174, 0.06991342431678288, 0.06931135884568232, 0.060335753568290205, 0.08214435331336918, 0.06982467885991595, 0.06911951873362308, 0.06479475162597763, 0.06382637823028318], "(-1, 4, 0, 0)": [-0.0029206152767527003, 0.0011622243157786132, 0.004663924100281887, 0.0022687769967466333, 0.002656121663946489, 0.004175190397906255, -0.0009198219465751546, 0.00014020219691228408, 0.002733503733907818, 0.0026476854374054663, 0.0011632128939569808], "(-1, -3, 0, 0)": [0.015104807609646291, 0.012002300057076335, 0.010762254834779631, 0.03548190066369631, 0.0257070218447807, 0.018692513200870228, 0.0124389353716152, 0.017189393761727702, 0.017593959631136215, 0.005090692974032316, 0.011914682833310278], "(-1, -4, 0, 0)": [-0.004626748303795816, 0.0019393358940397046, 0.00036116231330640767, -0.0019290682859476231, 0.0013669142492672508, 0.0017248829028795962, 0.0012493900344882638, 0.00042220060327530576, 0.0, 0.0021554024399493875, -0.002199519278118154], "(1, 0, 0, 0)": [0.5296211295917975, 0.1875002220800046, 0.21945032169575596, 0.3342397702748535, 0.0, 0.010725480968969622, 0.11567102446638468, 0.3835582476515088, 0.04621114663321739, 0.14717488469128936, 0.13468833357228033], "(1, -1, 0, 0)": [0.4818842334910588, 0.42395357045116827, 0.47550295166754075, 0.47548942754613294, 0.48512335717343597, 0.47614563329914994, 0.4467541312163168, 0.4767236172707347, 0.4644310488094384, 0.4645498016533168, 0.4691188776546717], "(1, -2, 0, 0)": [0.21346132693562306, 0.22508124611148606, 0.1767962694121124, 0.2200262411887992, 0.22670777053626848, 0.1748049983544937, 0.20503970251019416, 0.16611718791783225, 0.1881693137205393, 0.2159041224261754, 0.21647363853063434], "(1, -3, 0, 0)": [0.0683939728359659, 0.05923777858983467, 0.05655900085766103, 0.06567624280276918, 0.06486680736481544, 0.06553360818534687, 0.06681307654966712, 0.06940641245102827, 0.06521970454067118, 0.057649271414284116, 0.04003060333230571], "(1, -4, 0, 0)": [0.00023025760886456487, 3.6513507223456115e-05, 0.004018795508483659, -0.004927929011675292, 0.005117451305772383, 0.005173066434540165, 0.005069478128807895, -0.007314707661344976, -0.002769062735877614, -0.0006662369596635263, -0.00814594839765414], "(-1, 1, 0, 0)": [0.40244006704623875, 0.5026599710464518, 0.5041705804167118, 0.4962108473167286, 0.49825260133582494, 0.46107222971418277, 0.3733598701249596, 0.49156612485112106, 0.5054483804351982, 0.5202669866268873, 0.472957111156648], "(-1, 2, 0, 0)": [0.24503389195211095, 0.2956842208738419, 0.23870076144881724, 0.16256153582268196, 0.21929731303718528, 0.20881311303518243, 0.23628277570881157, 0.15154322581732688, 0.2228292239620655, 0.2842071962593088, 0.24030850141253277], "(1, 1, 0, 0)": [0.10636024995328455, 0.11160369136597986, 0.575740646569288, 0.1420532011706338, 0.006691147833784841, 0.053574121767711744, 0.06233222347304236, 0.029578455981599, 0.0035038922738823523, 0.14161724202256182, 0.09290702489115996], "(1, 2, 0, 0)": [0.0019012192264199258, 0.030647577301955338, 0.01786100518604548, 0.017906970177153012, 0.03670585625837126, 0.031016173764928108, 0.08876197142638677, 0.03228248487292386, 0.03287111485459479, 0.042701275146575526, 0.017873137711489514], "(-1, 0, 0, 0)": [0.15415841730085167, 0.406882406060605, 0.34895703068194056, 0.3604045914297973, 0.15161776062121374, 0.2258865778031956, 0.43067760885201906, 0.26998819986414235, 0.32026342224954696, 0.6165367186909145, 0.24024143836966658], "(-2, 1, 0, 0)": [0.0, 0.0, 0.0, 0.0, 0.0, 0.0, 0.0019504040479660035, 0.0, 0.015525248617213014, 0.0, 0.0], "(-2, 2, 0, 0)": [0.0, 0.0, 0.0, 0.0, 0.0, 0.0, 0.0, 0.0, 0.01697923356027612, 0.0, 0.004927311112654558], "(-2, 4, 0, 0)": [0.006741173481041601, 0.0, -0.0043562822043895725, 0.0, 0.0, 0.0, -0.002763904266655445, 0.0, 0.0, 0.0, 0.0], "(2, -1, 0, 0)": [0.0, 0.0, 0.0, 0.005482950869834481, 0.0, 0.0, 0.005863642335816013, 0.007954902438546624, 0.029347088074652885, 0.0, 0.0], "(2, -2, 0, 0)": [0.001948194205760956, 0.003486639576897327, 0.0, 0.019721874608408692, 0.0, 0.0, 0.0, 0.005436356030961629, 0.0050887427621229345, 0.0030697466796378555, 0.0], "(2, -3, 0, 0)": [0.010867491995378972, 0.0, 0.0033904170924930555, 0.0, 0.0, 0.0, 0.0, 0.0, 0.0, 0.0, 0.0], "(2, -4, 0, 0)": [-0.0030206922441720968, 0.0, 0.0, 0.0, 0.0, 0.0, 0.0, 0.0, -0.0030339922755956653, 0.0, 0.0], "(-2, 3, 0, 0)": [0.009253518590882331, 0.0, 0.0, 0.0, 0.0, 0.0, 0.0, 0.0, 0.0, 0.0, 0.0]}}