{"q_values": {"(0, 0, 0, 0)": [0.739787867342922, 0.8238736557941807, 0.7774076314528314, 0.7589364559061176, 0.7742604186005264, 0.7671068649424471, 0.7750809534727223, 0.7673097307244495, 0.7772668101570032, 0.7809716619748668, 0.7578763249686927, 0.7322983478432016, 0.7755893115243384, 0.750907886727421, 0.763214573620819], "(0, 1, 0, 0)": [0.7003042783908124, 0.6719543069419897, 0.7408156749957896, 0.6925614844786648, 0.6945215348033101, 0.6952189657747023, 0.7032801154396978, 0.6800507227233774, 0.6865067566927927, 0.6951932958403136, 0.6910955868579386, 0.701335345009678, 0.6807664439325354, 0.65832097134516, 0.6877379258089706], "(0, 2, 0, 0)": [0.4219902704901566, 0.6242427356368326, 0.43811682759639636, 0.4410025226990554, 0.4132276917647773, 0.41197632580864996, 0.43579076477911977, 0.44014716352257793, 0.41619357920449807, 0.43008651621919625, 0.4419558929355004, 0.4134985063123653, 0.44073684422716625, 0.42954879642266836, 0.41093118370508747], "(0, 3, 0, 0)": [0.31853467376724376, 0.170395684500258, 0.17087303473444293, 0.16435541673791607, 0.16592597070798226, 0.15384294510868907, 0.16415445162899764, 0.15203641717729638, 0.16717840367143208, 0.16638789516541977, 0.16747910701484559, 0.16369432241513548, 0.16964492695792524, 0.1686170878850291, 0.16701300382162712], "(0, 4, 0, 0)": [0.023885321114502867, 0.01875918590370998, 0.019798603010899835, 0.016357213277751564, 0.010434547317901102, 0.0004708344205949129, 0.017276853682782964, 0.0118104838931257, 0.017414279566801277, 0.018646852371768368, 0.01268779087289324, 0.01871505794101322, 0.016086212034688165, 0.017964493409060443, 0.015219680919382082], "(0, -2, 0, 0)": [0.6602586149769688, 0.5904968028652098, 0.58699067600649, 0.6318915997293931, 0.5864123358083217, 0.6264786014757889, 0.6216658239664059, 0.637129526494308, 0.614596973450423, 0.6546927209568851, 0.6506319746723568, 0.5951533787255558, 0.6361258151109602, 0.7776077212454957, 0.6468024093924004], "(0, -3, 0, 0)": [0.29196517735843786, 0.3169866238802247, 0.3170922573518517, 0.37024299577083153, 0.2859285620763219, 0.3154230686809306, 0.308543844866565, 0.31259348856043967, 0.32585036877186574, 0.32176871624853365, 0.3175607176905655, 0.3278542421142561, 0.30971749803320453, 0.32430491740693895, 0.7493385561027042], "(0, -4, 0, 0)": [0.06572846702499117, 0.02125930239524252, 0.05991628374211534, 0.028575807743025303, 0.06712142039524265, 0.0656437220083344, 0.029920454486373968, 0.04833551514393996, 0.04769484415855898, 0.07326614688801511, 0.03095023852244804, 0.057738108073097455, 0.06892548945443149, 0.31045909865980303, 0.07135668550450008], "(0, -1, 0, 0)": [0.7738187878993045, 0.7815630656823997, 0.7705141887117405, 0.7595783189250939, 0.7538562176257813, 0.7443707996741483, 0.7646792697236935, 0.7741637100071129, 0.7821021927897416, 0.7776017334251638, 0.750577987385366, 0.7588286960354038, 0.7765116301698162, 0.7279989099865763, 0.7611881008920467], "(-1, -4, 0, 0)": [0.001474712592481428, 0.010714927000857119, 0.054962091589428205, 0.01823791054487057, 0.055389497972394695, 0.011331487440043034, 0.051137926531063395, 0.003376865189801866, 0.012752507956782478, 0.0030818642831705627, 0.04582815671721767, 0.05179640505170794, -0.002694606156489405, 0.35720602148726743, 0.0031486996667134236], "(1, -1, 0, 0)": [0.6724011017606056, 0.6503722805471421, 0.6663360108108217, 0.6762978789702382, 0.6679401190717007, 0.68107386233306, 0.6625212513239039, 0.6752550186617293, 0.6806727083148854, 0.6577172526140918, 0.6447108106329995, 0.6617290129219916, 0.6623653015454267, 0.665769879500929, 0.6686143886233729], "(1, -2, 0, 0)": [0.5243930679968181, 0.5172562669262917, 0.5279994700818896, 0.5541917812962008, 0.5126888579478017, 0.47770414457831845, 0.4968094334244824, 0.4854805280943481, 0.5414417197807492, 0.4794249172066317, 0.5504369172446285, 0.5054678835253453, 0.5281767373739281, 0.5549636802912145, 0.6496702739654114], "(1, -3, 0, 0)": [0.1056263083276069, 0.08943701455659488, 0.09622288120653413, 0.0920359551294683, 0.09008385005500276, 0.07826828515614638, 0.09105648371146637, 0.08202429348162239, 0.06322429929651505, 0.09327446569571478, 0.10675621183536986, 0.08398542474992982, 0.09179154238638174, 0.09478461761713897, 0.07377853036346692], "(-1, 0, 0, 0)": [0.40623213644122125, 0.3507369785550935, 0.41350382154955345, 0.40943692808547866, 0.31367390952099833, 0.39530842102057906, 0.25423383955263135, 0.28153338058847366, 0.4228471863690041, 0.36757184680789706, 0.3849875329671311, 0.3704555147537835, 0.40171054615242363, 0.40673746747674777, 0.516387397362819], "(-1, -1, 0, 0)": [0.10047562719775102, 0.15101620131928054, 0.08853999111816768, 0.17401337734887734, 0.14895116896657823, 0.18905702284300382, 0.4561031465444013, 0.17972874337966613, 0.14232522238257067, 0.19794043967907643, 0.166752270378055, 0.1559258534361053, 0.0917022607686365, 0.1151583540936229, 0.22083037547196063], "(-1, -2, 0, 0)": [0.433271118587407, 0.06641344377742273, 0.07354937340091879, 0.07318921425373766, 0.06627385375391918, 0.03527640320521916, 0.11288208129632306, 0.04738506509330245, 0.065446674632958, 0.09123412412870566, 0.09340972985500844, 0.06575354957222607, 0.07089894791827353, 0.09762776882605713, 0.11022269352128378], "(-1, -3, 0, 0)": [0.07910693710510017, 0.0137071292753479, 0.03877163031095392, 0.041111772986210014, 0.1065234579442646, 0.021159276199206906, 0.029502977869914793, 0.07137527096061341, 0.019157584096389024, 0.062048777436096283, 0.49528824598875487, 0.09580954849345275, 0.037105250995361896, 0.01820654812031218, 0.03180567885451614], "(-1, 1, 0, 0)": [0.3919438648998949, 0.38873432821074233, 0.35810655704274036, 0.3772266817833859, 0.3969145886448622, 0.3906966158780026, 0.3626116862770849, 0.3934232478502197, 0.38926887015721834, 0.3882362142230146, 0.37051886989553173, 0.3911699857815388, 0.39717708269957785, 0.39849125052844897, 0.5495693039391154], "(-1, 3, 0, 0)": [0.1392316253728372, 0.19689018441190004, 0.10174231559487276, 0.10696116424274674, 0.12198562408033341, 0.13702643681586174, 0.1391650938922745, 0.1367854539262474, 0.09374343675889567, 0.10352168052705006, 0.10022405462581929, 0.09790435418879707, 0.10513815329159301, 0.10200237163321443, 0.11122198176681375], "(-1, 4, 0, 0)": [0.003955631012034551, 0.008546488305905237, 0.00616555914724803, 0.006657488444929586, 0.004615467014023766, 0.004206285476159443, 0.0063297116145449046, 0.006063653806009598, 0.005959461450676421, 0.005315008102954693, 0.0019243320777982712, 0.006433449981121272, 0.0065172388255432655, 0.007448728072717606, 0.006252032474762916], "(-1, 2, 0, 0)": [0.2806650746548813, 0.2891839980053466, 0.2944080873872986, 0.26238418680800135, 0.23382568162156242, 0.2748007234989856, 0.26836969523150156, 0.25917486359333713, 0.26628394303942327, 0.27384521144501156, 0.289586796427803, 0.27347393237407447, 0.2949084460410819, 0.29108041499063575, 0.28209213706654707], "(1, 0, 0, 0)": [0.7671243786715477, 0.7268728725321911, 0.7632144241653496, 0.768067843118121, 0.7684318089592369, 0.7657479761668726, 0.7662097990162821, 0.7530042704432762, 0.741301184375687, 0.7650387510624065, 0.7432209054819789, 0.7571129992292501, 0.7774231941647385, 0.7621696587238203, 0.7602483036015154], "(1, -4, 0, 0)": [-0.0052294194999910875, 0.0023399674046240583, 0.0007316539942651681, 0.023177559326499314, -0.0004622124197772486, 0.001110343002113102, 0.000994279341229024, 4.3238907917831325e-05, 0.0005456692984859238, -0.005394528792625496, -0.0010622738238996775, 0.0013569558057746215, 0.02831880798054663, 0.0006736784231891292, 0.023743292907044557], "(1, 2, 0, 0)": [0.8302140742918223, 0.7751199586437085, 0.7477645134407428, 0.7241806734500881, 0.7509807730715451, 0.6938298496755002, 0.6781655283300433, 0.7312993088067377, 0.7387529924619206, 0.7006588247876991, 0.6491930958380796, 0.6765621330639464, 0.7521147857965023, 0.6299582584994733, 0.7370908291684792],