{"q_values": {"(0, 0, 0, 0)": [0.9098731870292904, 0.9212020584575914, 0.921382570530519, 0.9255160998929496, 0.9192548242689287], "(0, 0, 0, 1)": [0.9249600858828523, 0.9220297182015079, 0.9235814364073105, 0.9072245643854208, 0.8889178842457023], "(0, 0, 0, 2)": [0.9256181142865011, 0.8917941836275072, 0.9157574101758882, 0.8538276228811214, 0.8945992017920845], "(0, 1, 0, 2)": [0.5827306608681284, 0.40071742791975856, 0.38138516270576306, 0.2586241639048502, 0.22594200422230934], "(0, 1, 0, 3)": [0.15644447312011145, 0.16361947163112647, 0.16499417815063222, 0.1562854822294604, 0.16486098143455352], "(0, 1, 0, 4)": [0.13573530251724664, 0.12402147713657902, 0.11806345161413104, 0.12335147244809933, 0.12106948101340777], "(0, 1, 0, 5)": [0.10477364453197163, 0.08840450020614248, 0.08754604172091376, 0.0922122045376562, 0.052578910354630234], "(0, 2, 0, 5)": [0.038961924315907656, 0.024727107388380378, 0.02397621950931177, 0.018894608848110117, 0.008337455484091552], "(0, 2, 0, 4)": [0.07706741676735027, 0.05841362692642129, 0.05887824671856655, 0.04525149723684963, 0.025568369358689492], "(0, 2, 0, 6)": [0.0015195931480260381, 0.0019732919447356446, 0.004617409515915668, 0.0019468647860762032, 0.0014216577294464206], "(0, 3, 0, 5)": [-0.01499313052996556, -0.014998634534940622, -0.01500445014380833, -0.015007813771029202, -0.014248386560606577], "(0, -1, 0, 1)": [0.9284333189244119, 0.9286245779267814, 0.9302960438375855, 0.9276928733819072, 0.9282000697645789], "(0, -1, 0, 0)": [0.7300048206943424, 0.9142332597821367, 0.9279738794995018, 0.9288179866830224, 0.9331865295821073], "(0, -1, 0, -1)": [0.49137335942616334, 0.593429123379003, 0.798152625592358, 0.7796874270688239, 0.8916590959660935], "(0, -1, 0, -2)": [0.22495076375916645, 0.28292597800132907, 0.42524691807251896, 0.5017197934886802, 0.5378727761659654], "(0, -2, 0, -3)": [0.09241219295214317, 0.09390107375806608, 0.10117923336038746, 0.10199059218193891, 0.09987613990569053], "(0, -2, 0, -5)": [0.025601005911912368, 0.02560347366567938, 0.02585264464187134, 0.035210551931986134, 0.0238659210436455], "(0, -2, 0, -4)": [0.035645996736570276, 0.053761365730241775, 0.05295072792365531, 0.053616836650116316, 0.06434938491968574], "(0, -2, 0, -6)": [0.006070375469446613, 0.024042230885640593, 0.004107177392274697, 0.00638375666557949, 0.006158162505763997], "(0, -2, 0, -7)": [0.0016512076043170734, -0.00012247261848353543, 0.018020350089539863, 0.0010289528506826425, 1.8097407406504704e-05], "(0, -2, 0, -8)": [0.008931090118612338, -0.004065006377685168, -0.003914485681897924, -0.006204572222610011, -0.006044663867846], "(0, 1, 0, 0)": [0.8676847843155954, 0.909274588633684, 0.9054367967621064, 0.9025665569178237, 0.6834242926355009], "(0, 1, 0, 1)": [0.8807776162610272, 0.8424686657057938, 0.7464757650183929, 0.6472302833174697, 0.43299932991296297], "(0, 2, 0, 7)": [-0.004780359382385028, -0.006200986650834919, -0.00439835008594798, -0.005768823452112187, -0.006938656130210728], "(0, 2, 0, 8)": [-0.009733161108780622, -0.010092459997310472, -0.009487873444015844, -0.004369534848090528, -0.010494587018617949], "(0, -1, 0, -3)": [0.18653720212657085, 0.18770480747148, 0.1860090350555173, 0.18809677620802656, 0.23074111734510505], "(0, -1, 0, -4)": [0.1394179052566662, 0.13944232213933208, 0.13151924634236536, 0.13715997369864416, 0.1305208019261516], "(0, -1, 0, -5)": [0.09178445706555362, 0.09442633392977003, 0.09598751026922414, 0.09379024462880754, 0.09475491587276487], "(0, 0, 0, -1)": [0.8263270544650675, 0.8584227805073922, 0.912907636907293, 0.9264329823462624, 0.9236672620699072], "(0, 0, 0, -2)": [0.8936073946777036, 0.8939168758945546, 0.8876591663201635, 0.906004465762758, 0.888871111059525], "(0, 0, 0, 3)": [0.9259551555162779, 0.4895029030199051, 0.34570064810019646, 0.3401456219082157, 0.24223516198975598], "(0, 2, 0, 3)": [0.1270854690359883, 0.10278424898332407, 0.1018116654110752, 0.09262061484419211, 0.07702388209876658], "(0, 1, 0, -1)": [0.9284440431713565, 0.9269865673303047, 0.9260295584902496, 0.927033519223697, 0.9225487768529061], "(0, 1, 0, -2)": [0.3866094385484465, 0.2656507839531974, 0.9317774128077584, 0.26490116320195956, 0.4217296012200953], "(0, -1, 0, 2)": [0.8398899784676134, 0.9305219722825194, 0.9048894821152783, 0.5880613674309693, 0.8145084851159285], "(0, -2, 0, -9)": [0.006304866334028155, -0.004947690733395296, -0.006474145175549563, -0.005543765944150138, -0.0052463797427588], "(0, 0, 0, -3)": [0.10841065936541952, 0.3442877417027544, 0.3128120773414283, 0.8512073715451832, 0.386660427943544], "(0, 3, 0, 7)": [-0.008966148466020823, -0.008965027150642128, -0.007533519924245775, -0.007531887888722122, -0.007539534420147538], "(0, 0, 0, -4)": [0.0067643868353461055, 0.039124251984725626, 0.003213284669203872, 0.04589234726902548, 0.21802504098721204], "(0, -1, 0, -6)": [0.030465491224793053, 0.02127275245942052, 0.045676368376473084, 0.05924045712216605, 0.05933348601335812], "(0, -1, 0, -7)": [0.00902681740626721, 0.0022157731130174833, 0.011731406503417184, 0.02990269658685217, 0.0011375301212523381], "(0, -3, 0, -7)": [-0.008973016415201129, -0.008974558709356935, -0.00897011922409758, -0.008966046100053936, -0.010257315330302344], "(0, 1, 0, 6)": [0.07390036338870498, 0.009550268407119183, 0.035186427644746804, 0.009262819703736122, 0.00753742626661536], "(0, 1, 0, 7)": [0.004110249645329903, 0.007515117457485541, 0.0, 0.0010410555572764948, 0.001894521494023502], "(0, 1, 0, 8)": [0.0027343954469290343, 0.0, 0.0, 0.0, 0.0], "(0, 2, 0, 9)": [-0.008043404196475838, -0.008325811249288623, -0.006773499566842161, -0.008568992220716207, -0.002599470445854563], "(0, -2, 0, -2)": [0.17393799325473072, 0.1728579415054717, 0.17141320329145854, 0.17420898562983353, 0.1828476046715664], "(0, -2, 0, -1)": [0.11010920851695066, 0.21932796171666225, 0.14301194028873984, 0.10113445299465923, 0.1194841060233762], "(0, 2, 0, 2)": [0.2012079807693624, 0.2006110626507922, 0.20079001520226678, 0.20241300408218368, 0.1931795211345246], "(0, 0, 0, 4)": [0.03269470866269185, 0.21091804541797593, 0.06950419525593293, 0.06909783172159717, 0.022264777545761373], "(0, -3, 0, -6)": [-0.01632898287122474, -0.016322893412741835, -0.016319568939661425, -0.016316322655930412, -0.016870444862012952], "(0, 0, 0, 5)": [0.0, 0.0, 0.0, 0.011394351388244026, 0.002474981667448537], "(0, 0, 0, -5)": [0.003045801583348206, 0.0, 0.0, 0.0, 0.0], "(0, -1, 0, 3)": [0.0, 0.001774967615854871, 0.09019487091873425, 0.0009832593612372875, 0.0221980370392151], "(0, -1, 0, 4)": [0.0, 0.005701448720575185, 0.0, 0.0, 0.0], "(0, -3, 0, -9)": [-0.002196987718343735, -0.0021947821602225303, -0.0021954622119665147, -0.004167320542037487, -0.004170274790376425], "(0, 2, 0, 1)": [0.25842766654626675, 0.27733721627584124, 0.27721694989320556, 0.22814160097068875, 0.27492088776030765], "(0, 3, 0, 8)": [-0.008976980794779958, -0.008977204383704812, -0.00898123039642349, -0.0089803072841838, -0.007544217169284821], "(0, 3, 0, 6)": [-0.012460262695056833, -0.012460037600205207, -0.012461357608123088, -0.012465601929226258, -0.01246780573478438], "(0, -3, 0, -5)": [-0.012456040500405842, -0.012452295325628929, -0.013393201420370298, -0.013388298454909726, -0.013382595867257633], "(0, -3, 0, -8)": [-0.0075413089619949455, -0.007541581653803586, -0.007539233591966331, -0.007539533770643175, -0.007540135725960136], "(0, 2, 0, 10)": [-0.0045385924146663405, -0.004764770480523896, -0.003939419649723918, -0.004609036006419517, -0.0018711661817233075], "(0, 3, 0, 4)": [-0.0124328629861434, -0.012434706420493909, -0.012438696597939934, -0.011394429553235694, -0.011398835499997623], "(0, 2, 0, 0)": [0.013967729031014366, 0.004800522147533978, 0.2400747069618334, 0.028214675458062218, 0.001492495091590514], "(0, -3, 0, -4)": [-0.00894819979345426, -0.00894580994926393, -0.00894429954778403, -0.008943322296701372, -0.008937590683270246],