{"q_values": {"(0, 0, 0, 0)": [0.9104675732602866, 0.9147756436714466, 0.9142391158283163, 0.9203417608368819, 0.914331349533143, 0.9185283464848037, 0.9185323829870546, 0.9159770714426421, 0.9109199061091291, 0.9085718623818251, 0.9158942323013042], "(0, 1, 0, 0)": [0.8591696795105643, 0.896115836833534, 0.8538511627546057, 0.8573769511340593, 0.8698994928592048, 0.8479949782381149, 0.8756354405319093, 0.866119568627468, 0.8574792970712579, 0.8680752709817114, 0.8747714967983151], "(0, 2, 0, 0)": [0.7588680083579027, 0.6573957377134017, 0.6781255001841077, 0.6679487785412551, 0.6635657504355186, 0.6665396689164169, 0.6124667679723432, 0.6773785478919304, 0.6144273677195449, 0.6348058714277077, 0.6361291238264282], "(0, 3, 0, 0)": [0.2779906847182799, 0.2425830366572175, 0.2556476574847711, 0.1620926468938611, 0.2567031497923213, 0.2587191942411872, 0.24939729590126833, 0.2369018248230747, 0.20879780125036104, 0.17853600410480736, 0.2702444522389442], "(0, 4, 0, 0)": [0.015514031275936984, 0.016336680604310747, 0.018406113125194617, 0.009722973248291527, 0.015889004571472284, 0.018730099501856085, 0.019625698838266047, 0.014458285941957062, 0.01835875620714531, 0.017070364999616283, 0.019487407779458073], "(0, -2, 0, 0)": [0.6872143736757811, 0.6835776908193804, 0.6133443843803832, 0.6662274535176551, 0.6572929642614384, 0.6437863049214186, 0.678679403393982, 0.6717549572606722, 0.6799825762860353, 0.6558219568490946, 0.8096215792582879], "(0, -3, 0, 0)": [0.17916886002649995, 0.18772672897372716, 0.19740735200058082, 0.1988670496082588, 0.20049699500291185, 0.1985493170327114, 0.1755488362229763, 0.1915908804728377, 0.17569245826187282, 0.1740616949742203, 0.19981564442833258], "(0, -4, 0, 0)": [0.018495407802638877, 0.009455085334704832, 0.011428589059001048, 0.010949966638416915, 0.010497358228533094, 0.004098778325592082, 0.013257157106465634, 0.004414527702391581, 0.008769990455127502, 0.006310964420210994, 0.012364672102906133], "(0, -1, 0, 0)": [0.8802527663871768, 0.8241284340903491, 0.9009855088817197, 0.8894667863345678, 0.8688538184774215, 0.8860998174526848, 0.8584357895670144, 0.8413234154519772, 0.8654649997899037, 0.8841469353522747, 0.8880249898985709], "(1, 3, 0, 0)": [0.012215425596640454, 0.01968086473420004, 0.022125155861386487, 0.01590182324762376, 0.06591427931024459, 0.0037059369535798617, 0.0037202280984873362, 0.032745762454488764, 0.00589850418718186, 0.02594000689741848, 0.005701853827496536], "(1, 4, 0, 0)": [0.0028234591923985857, 0.004299905233930552, 0.0044652232347284875, -0.002216946229359795, 0.0, 0.01159711092757271, 0.005697462056793674, 0.0028637975909819244, 0.008253734557574876, 0.005644030365809138, -0.007845253944396974], "(-1, -1, 0, 0)": [0.26879522345654594, 0.008423468994256264, 0.18728637879383364, 0.10913563303902005, 0.04249599482194509, 0.025539537429479096, 0.052337858807951165, 0.5798031538370226, 0.029561478154497764, 0.19437150930068697, 0.26441071862747323], "(-1, -2, 0, 0)": [0.027975281414637128, 0.02777717230796487, 0.028975514552306892, 0.05567933724468614, 0.004391725608742736, 0.009237102088131163, 0.024753607160038344, 0.00905141372429726, 0.021333105214333438, 0.03904507970336499, 0.026074734204568423], "(-1, 3, 0, 0)": [0.0701940962904637, 0.05687887655591925, 0.07442683496314381, 0.06991342431678288, 0.07537878244636376, 0.07158861736466299, 0.07681312835887681, 0.07752310922361201, 0.06774823657244412, 0.07126150596615205, 0.06382637823028318], "(-1, 4, 0, 0)": [-0.0029206152767527003, 0.002418484733567975, 0.003849585238668721, 0.005002626020812397, 0.002656121663946489, 0.0017709679028158074, 0.0035553307024125845, 0.00014020219691228408, 0.0037531804353389594, 0.0019771219901449167, -0.003426154453711445], "(-1, -3, 0, 0)": [0.015104807609646291, 0.012002300057076335, 0.010762254834779631, 0.03548190066369631, 0.0257070218447807, 0.018692513200870228, 0.0124389353716152, 0.017189393761727702, 0.017593959631136215, 0.005090692974032316, 0.011914682833310278], "(-1, -4, 0, 0)": [-0.004626748303795816, 0.0019393358940397046, 0.00036116231330640767, -0.0019290682859476231, 0.0013669142492672508, 0.0017248829028795962, 0.0012493900344882638, 0.00042220060327530576, 0.0, 0.0021554024399493875, -0.002199519278118154], "(1, 0, 0, 0)": [0.5625270129107907, 0.31970375261026907, 0.34217246116524, 0.38201096618558744, 0.11051165232802591, 0.28195968555286777, 0.20384373121105626, 0.5077115922955606, 0.14246609521896725, 0.14717488469128936, 0.13468833357228033], "(1, -1, 0, 0)": [0.47884531256512597, 0.4825480549135479, 0.4927046678357053, 0.46954423728421435, 0.5011068397357901, 0.4761397651437315, 0.4961169016194007, 0.4820138439238549, 0.4883240968776292, 0.4945257871665319, 0.48682060975687247], "(1, -2, 0, 0)": [0.29518212704633956, 0.2818849807178681, 0.23890723783992757, 0.23537306096601252, 0.2632096380024827, 0.26211567962737475, 0.27479059678319856, 0.22432168210664388, 0.26596762957903014, 0.24376682467569416, 0.2918161777859439], "(1, -3, 0, 0)": [0.07009264568628916, 0.05029001616440329, 0.07341216948192764, 0.06567624280276918, 0.06910067662707119, 0.06834961061183172, 0.06533597015251597, 0.06745036836600095, 0.06863257155927052, 0.07020886857868648, 0.06643174854109882], "(1, -4, 0, 0)": [-0.007716631308238437, -0.004350274741763807, -0.0012512845050254035, -0.004927929011675292, 6.25238708458738e-05, 0.0009828116247415763, 0.003770299939801736, -0.005183411447202097, -0.002769062735877614, -0.0011620012862795705, -0.00814594839765414], "(-1, 1, 0, 0)": [0.5619329674361692, 0.5540313309661754, 0.5596137479267633, 0.5646270770122249, 0.5825057982456548, 0.5501704320272457, 0.5142539291464087, 0.570857145894852, 0.555979355704608, 0.5366279566030403, 0.5797372937367143], "(-1, 2, 0, 0)": [0.38535531061137585, 0.25409810005669753, 0.2840061685032918, 0.17460293104324237, 0.21929731303718528, 0.27546184856258354, 0.3063828448627424, 0.15154322581732688, 0.26951344412060135, 0.21875203765482426, 0.24218886765471737], "(1, 1, 0, 0)": [0.20189697768675904, 0.2057588222642827, 0.5791030084289973, 0.22962786018815734, 0.006691147833784841, 0.15950094675664497, 0.06233222347304236, 0.029578455981599, 0.0035038922738823523, 0.14161724202256182, 0.09290702489115996], "(1, 2, 0, 0)": [0.0019012192264199258, 0.030647577301955338, 0.01786100518604548, 0.017906970177153012, 0.03670585625837126, 0.031016173764928108, 0.09427917291787288, 0.03228248487292386, 0.03287111485459479, 0.042701275146575526, 0.017873137711489514], "(-1, 0, 0, 0)": [0.12532298671273115, 0.4453051542544394, 0.4245182118790505, 0.3996752029217254, 0.15161776062121374, 0.2258865778031956, 0.43067760885201906, 0.26998819986414235, 0.32026342224954696, 0.6127837409069005, 0.3130099509625306], "(-2, 1, 0, 0)": [0.0, 0.0, 0.0, 0.0, 0.0, 0.0, 0.0019504040479660035, 0.0, 0.03197466420530176, 0.0, 0.0], "(-2, 2, 0, 0)": [0.0, 0.0, 0.01297324587342661, 0.0184616861129195, 0.0, 0.0, 0.0, 0.014654698476095263, 0.055462710651800896, 0.0, 0.004927311112654558], "(-2, 4, 0, 0)": [0.005114184322352569, 0.0, -0.0043562822043895725, 0.0, 0.0, 0.0, -0.002763904266655445, 0.0, 0.0, 0.0, 0.0], "(2, -1, 0, 0)": [0.03533773504384344, 0.0, 0.014134889662887291, 0.020701272291441652, 0.011666132383379497, 0.019556013687260176, 0.0223172169951877, 0.03689484864493956, 0.14927667625172203, 0.0, 0.017747914938363335], "(2, -2, 0, 0)": [0.010156510545979217, 0.003486639576897327, 0.007013883636808574, 0.07989045663510953, 0.0, 0.007504690148896084, 0.0, 0.03403930596816995, 0.02815385880850118, 0.0030697466796378555, 0.0], "(2, -3, 0, 0)": [0.029461280169121754, 0.006057185252378597, 0.0033904170924930555, 0.0017204321920871735, 0.004671106281871771, 0.0, 0.014419797367760345, 0.001737925410270691, 0.025238481268592617, 0.0, 0.009031297137399565],