{"q_values": {"(0, 0, 0, 0)": [0.8564644385403375, 0.8448791890741092, 0.8662596920134235, 0.8656314204258132, 0.8696500142806999, 0.869486131207018, 0.8472385577583129, 0.8692629622608905, 0.8670944864708143, 0.856801268367951, 0.8660377295205258], "(0, 1, 0, 0)": [0.8383580580804757, 0.8926495521709802, 0.8264250102582441, 0.8144382642934097, 0.8296514463717385, 0.8249794935675648, 0.8004812537902654, 0.802109231340672, 0.8120622276752346, 0.7838494636227021, 0.7899021435960171], "(0, 2, 0, 0)": [0.5114685852885519, 0.5246045153179137, 0.8348114994600385, 0.5288540013752046, 0.5738893996921014, 0.5099113717907539, 0.5271910244976673, 0.4877485867751149, 0.4945400186308771, 0.49979973231376584, 0.526515493354197], "(0, 3, 0, 0)": [0.21538331789736367, 0.2128173806347289, 0.1826346548980788, 0.20431773761289695, 0.19688326279978963, 0.23579126175340046, 0.20041514947501318, 0.20464567748292933, 0.20769314822961052, 0.1848073862341812, 0.17830410104403713], "(0, 4, 0, 0)": [0.009094900771014065, 0.032470364736323344, 0.008792211193431015, 0.009171384925257858, 0.008534485235069427, -0.003221859452221665, 0.008754050341917383, 0.006808786629589132, 0.006579493232148951, 0.008186872135086416, 0.00870793542970378], "(0, -2, 0, 0)": [0.5956044073758091, 0.6422990767409401, 0.6090675024704564, 0.639035254018724, 0.6734076890769024, 0.684884482273502, 0.6793771569090387, 0.6712802098021544, 0.6513612329146338, 0.6382517136929854, 0.7912859452789348], "(0, -3, 0, 0)": [0.13742977182883115, 0.21728897293966415, 0.15820919012292542, 0.14942129289404268, 0.13659289274907388, 0.12897897095805277, 0.13087422185789563, 0.15058510944622305, 0.17045215730787242, 0.14076572172759555, 0.2161350577288769], "(0, -4, 0, 0)": [0.00347068651967348, 0.004159944755066439, 0.00981596207525012, 0.004915181414544796, 0.0010754614765025525, 0.014423969741019449, 0.0055166517071016455, -0.0008277099376436583, 0.005830012031241022, 0.0006768941490027719, 0.0057909443267006415], "(0, -1, 0, 0)": [0.8141762813227575, 0.8308899214957378, 0.8362036320444796, 0.8159465542347838, 0.829234121096287, 0.8249055569637036, 0.7949720549001889, 0.7772441036618658, 0.8430233912250832, 0.8270372654292916, 0.7902055702144447], "(1, 3, 0, 0)": [0.012878097816668155, 0.01968086473420004, 0.039007520696526396, 0.02826910718140041, 0.1282897795969069, 0.02047599733865151, 0.01811125321420266, 0.032745762454488764, 0.00589850418718186, 0.03616380759717979, 0.005701853827496536], "(1, 4, 0, 0)": [0.015821259935765646, 0.08547748818750506, 0.007357209823113281, -0.002216946229359795, 0.008867106775422772, 0.0017810600811709373, 0.0034888241219203746, 0.0028637975909819244, 0.0031617043733734376, 0.002812746879147252, -0.007845253944396974], "(-1, -1, 0, 0)": [0.7147950230632762, 0.6084074772705499, 0.6118280587587361, 0.6334300556569936, 0.7104057444908675, 0.7096161436516805, 0.7060386897708099, 0.7120116281185433, 0.7088832903068873, 0.6713532505905373, 0.6911796035948805], "(-1, -2, 0, 0)": [0.027975281414637128, 0.052310618237018845, 0.028975514552306892, 0.1421003105368295, 0.030301838623091028, 0.020630802171467275, 0.049405213135272574, 0.00905141372429726, 0.021333105214333438, 0.044481827465482335, 0.03787454526679897], "(-1, 3, 0, 0)": [0.08314950042491279, 0.05488814650431431, 0.054743219692764064, 0.07382496617348579, 0.0646870367179655, 0.0733848337737752, 0.0719188223743771, 0.07504342041145493, 0.055954647444907794, 0.05740550179223183, 0.08062784163936418], "(-1, 4, 0, 0)": [0.008204082065763684, 0.0010033456969310052, -0.0009145811572645922, 0.0013760128233201996, -0.006152025434248557, -0.0018529536290579568, 0.003081535897592149, -0.0020266240075394607, 0.0032049816554227985, -0.0011886331762365884, -0.003426154453711445], "(-1, -3, 0, 0)": [0.026954307860235845, 0.012002300057076335, 0.03788415501364953, 0.09721120523664181, 0.034302021144911515, 0.018692513200870228, 0.0124389353716152, 0.023876173478067107, 0.020380158206776695, 0.01779305813678994, 0.011914682833310278], "(-1, -4, 0, 0)": [-0.004626748303795816, 0.020699507375873567, 0.0004984837005441219, 0.0001723744746796995, 0.007059563540876361, -0.002107428240931837, -0.00016898870349597254, 0.00042220060327530576, 0.03055363482523916, 0.02004126566713392, 0.05770442783266365], "(1, 0, 0, 0)": [0.7378703317025199, 0.7820324069955084, 0.732431610492238, 0.7708613193499355, 0.7343837316850571, 0.7727536178366305, 0.7588415285551723, 0.7533446577188948, 0.7433068525362385, 0.745559640883299, 0.7698920975083077], "(1, -1, 0, 0)": [0.5514611268206137, 0.5444223237447928, 0.5543727522889863, 0.528496486333992, 0.5757671423946069, 0.5774150322459679, 0.5206380668500098, 0.5863180537087259, 0.5475236936183105, 0.5294514265195142, 0.6220579114487357], "(1, -2, 0, 0)": [0.25956961176203974, 0.2394091077116105, 0.2527629616279199, 0.2541517074164113, 0.24072674082536624, 0.2480908150233222, 0.24961674123154257, 0.2396777285459481, 0.23133343651949906, 0.25602163508413833, 0.24197722055980717], "(1, -3, 0, 0)": [0.06869280698855337, 0.06879445006066673, 0.07213326625884513, 0.06761510770217861, 0.06314510705635068, 0.06821920245458278, 0.06835744922667467, 0.06800154961502633, 0.07342211292861678, 0.07181085038355234, 0.07034197210936553], "(1, -4, 0, 0)": [-0.001032839942109274, 0.00046135305757959676, -0.0008596922718091208, -0.0005927932176408007, 0.0005521427055674329, -0.00035721844710857095, -0.0009698949373102917, -0.005183411447202097, 9.917346555970725e-05, -0.001831840950238293, 0.008704399003857029], "(-1, 1, 0, 0)": [0.6937401401805651, 0.48459589916032864, 0.5204608950840277, 0.5714014604565862, 0.5637414858910698, 0.5442456216585793, 0.5441248776936224, 0.5313771604416409, 0.5249063330969507, 0.5362047219119126, 0.5673038853292662], "(-1, 2, 0, 0)": [0.2744474462643875, 0.24957811252310308, 0.2668108982387727, 0.2601362156423293, 0.2659326966454411, 0.26416995013167976, 0.2618032832596346, 0.2593546541463738, 0.2695966603612456, 0.26107797839203617, 0.2633360679195501], "(1, 1, 0, 0)": [0.7942156484441957, 0.7848597933339879, 0.8314496525397628, 0.7475290317352915, 0.7830657737464819, 0.7026870538774517, 0.6788232931786459, 0.6806719195451256, 0.7542273148456115, 0.6621516454275085, 0.7329088194869052], "(1, 2, 0, 0)": [0.023761659768261743, 0.030647577301955338, 0.07585587143348006, 0.017906970177153012, 0.03670585625837126, 0.06880077698859596, 0.16934971262574627, 0.03228248487292386, 0.03287111485459479, 0.042701275146575526, 0.05417895397896737], "(-1, 0, 0, 0)": [0.707096822999786, 0.7164241362498842, 0.7655660681802191, 0.7038564971323207, 0.7183383696170024, 0.7064352748963736, 0.7391285607500306, 0.711044614364608, 0.7240639517879768, 0.7136676941783466, 0.7023442573820025], "(-2, 1, 0, 0)": [0.013571347817313917, 0.031310196389375745, 0.03227728232941669, 0.03616660122399745, 0.04494841718388683, 0.03464515286281945, 0.056413488985225815, 0.05313966545712889, 0.14089671826516603, 0.03411713624583176, 0.009824620025421088], "(-2, 2, 0, 0)": [0.0, 0.014058662101073533, 0.037813300719549775, 0.058787965658700064, 0.0361005985072837, 0.04926098629268464, 0.03187149858124863, 0.028232331510790916, 0.07348812541673551, 0.03156810956216494, 0.02379973833353869], "(-2, 4, 0, 0)": [-0.0033651735759880046, -0.0043818637728691105, -0.006601925647976337, -0.004009763445317449, -0.003144884283137499, -0.006409592090918521, -0.002763904266655445, -0.005704891593813897, -0.006487848247066967, -0.0035885076082987698, -0.0038345688019834397], "(2, -1, 0, 0)": [0.2207627609005085, 0.15327500579667275, 0.16227994790398387, 0.1478758736577204, 0.43043224968714433, 0.1352773529214403, 0.2014777137666659, 0.21037704545588976, 0.215110243075903, 0.19490520066142783, 0.20429825969206178], "(2, -2, 0, 0)": [0.04092446806363106, 0.0638228484470015, 0.04087393988764357, 0.0855133320358759, 0.0, 0.025980337306486474, 0.03396896614009301, 0.07106662526013073, 0.02815385880850118, 0.04743447524596807, 0.05953946553788808],