{"q_values": {"(0, 0, 0, 0)": [0.7272592013688881, 0.7302319151984737, 0.7617133034006098, 0.7346815515578768, 0.7084176016227115], "(0, 1, 0, 0)": [0.7582539223734501, 0.6643210862987171, 0.6360101320020547, 0.5585871850232206, 0.624440274833904], "(0, 2, 0, 0)": [0.05074417769598864, 0.04392736463294, 0.050752023214446246, 0.040399465513519625, 0.043945611830668925], "(0, -1, 0, 0)": [0.6818315279460277, 0.6579772174999947, 0.6251911705615526, 0.6940506073364879, 0.7180247756487548], "(0, -2, 0, 0)": [0.07113419484367034, 0.04836535190217238, 0.07241290128138943, 0.07168022505929275, 0.08859243976559611], "(1, 0, 0, 0)": [0.5896652141150711, 0.5839697002233553, 0.5526573515019129, 0.5747621698842587, 0.5856106157936849], "(-1, -1, 0, 0)": [0.48443615493458536, 0.340471869862759, 0.5161865957372452, 0.48318479717463597, 0.6360436803137739], "(-1, -2, 0, 0)": [0.07607031983905262, 0.09129074773390422, 0.115865999151428, 0.08754239831007309, 0.22659332772837873], "(-1, 0, 0, 0)": [0.467457229110837, 0.5137763677158971, 0.48987559920294305, 0.5431237847977363, 0.5031461671659427], "(1, 1, 0, 0)": [0.737684212192765, 0.7063310154989926, 0.6425522899963324, 0.6542271659157479, 0.7043697635074476], "(1, 2, 0, 0)": [0.29759443338860936, 0.09775983951515882, 0.09801484326762769, 0.09850542732878845, 0.04538205878389459], "(-1, 1, 0, 0)": [0.4973601331204014, 0.30894691208700464, 0.3063026597811304, 0.30300801721060117, 0.31114731079617125], "(-1, 2, 0, 0)": [0.026880011233226135, 0.01328067278198845, 0.013003713024402718, 0.01618423181152818, 0.016142621425517145], "(1, -1, 0, 0)": [0.39437756980319877, 0.4554559085217667, 0.43264480613938106, 0.4257315985991755, 0.5926429327192487], "(1, -2, 0, 0)": [0.005954824096412203, 0.006469644695329949, 0.01055869106485052, 0.0029219325822504357, 0.004190473577276611], "(-2, 2, 0, 0)": [0.012752137792790275, 0.018927101687399056, 0.02305012193886983, 0.014730150648101991, 0.011137086286486252], "(-2, 1, 0, 0)": [0.28823311187972644, 0.22846183316774282, 0.21272593754947416, 0.2438746755480919, 0.20116734085212118], "(-2, -2, 0, 0)": [-0.0043562397360801695, 0.012879633847379529, 0.007389304493249187, 0.0, 0.0], "(2, -1, 0, 0)": [0.2121168242899207, 0.20041483730591333, 0.19660822499574085, 0.1950404146468041, 0.2920348293256807], "(2, -2, 0, 0)": [0.003994692261063755, 0.003859169126662952, 0.00803702022143394, 0.0004634909824689313, 0.005566159048746259], "(-2, 0, 0, 0)": [0.2534643396925105, 0.24527247077624303, 0.2524662256875034, 0.33934874407821053, 0.21656442461136868], "(-3, 1, 0, 0)": [0.017023305216061102, 0.037724155558207975, 0.05211492092107084, 0.06617197902278699, 0.043207089477742926], "(-3, 2, 0, 0)": [-0.0007802785562202475, 8.943952306029058e-05, 0.00022308883447406426, -0.004571176956051375, -0.001524035368370562], "(2, 1, 0, 0)": [0.5925649959970535, 0.3183260090114692, 0.118941354231274, 0.21531286861315324, 0.028871650469497467], "(2, 0, 0, 0)": [0.3913046566781355, 0.3918339137040992, 0.38700502856873964, 0.3855395162364599, 0.4396480147466236], "(-3, 0, 0, 0)": [0.06581225453235497, 0.05954925177781596, 0.11811034945409021, 0.0483456909819067, 0.0645135384844811], "(-2, -1, 0, 0)": [0.11199276183234277, 0.06784020377956057, 0.08357039425769175, 0.04328167892513018, 0.054708699475361604], "(-3, -1, 0, 0)": [0.0832993331274887, 0.0, 0.0, 0.010703358506400314, 0.014145150379240341], "(-3, -2, 0, 0)": [0.01377213297605539, 0.0, 0.005564506555544577, 0.0, 0.004610109451953786], "(3, -2, 0, 0)": [-0.007909389957785607, -0.0028986271649246156, -0.0029750896052005687, -0.003136672809271034, -0.003830281641811325], "(3, -1, 0, 0)": [0.060028021525492234, 0.012244383093256699, 0.023513484954055964, 0.02349276318919154, 0.015201986861616532], "(3, 0, 0, 0)": [0.3789265272806229, 0.0, 0.06249794717014639, 0.0, 0.0], "(2, 2, 0, 0)": [0.001786985993385315, 0.2393448283157633, 0.0, 0.0, 0.0]}}