{"q_values": {"(0, 0, 0, 0)": [0.8363290218025243, 0.8004844962822065, 0.7990766491254406, 0.7939330736324962, 0.7741577489536203], "(0, 1, 0, 0)": [0.43838121395227436, 0.36860067991377077, 0.41813752427783096, 0.3427245631289819, 0.400786742322936], "(0, 2, 0, 0)": [0.017672061635280005, 0.02572317584691243, 0.014531977270587764, 0.015825100921646643, 0.01843747824984235], "(0, -1, 0, 0)": [0.7933961572353989, 0.8140546512960531, 0.7237188778849006, 0.8003360188290181, 0.8366846981324895], "(0, -2, 0, 0)": [0.040251855686553456, 0.09868225254387371, 0.11613460936191981, 0.041643742675529366, 0.17564157591827442], "(1, 0, 0, 0)": [0.7402904219295621, 0.7582702712326831, 0.7389326686316737, 0.7365316072911214, 0.8005151219387597], "(-1, -1, 0, 0)": [0.6564279958838528, 0.6652278379783235, 0.6304133305158514, 0.6685734904008893, 0.7000738800148018], "(-1, -2, 0, 0)": [0.05649741364735941, 0.11360775802531888, 0.13244148765701785, 0.14342463948228115, 0.26355403309337266], "(-1, 0, 0, 0)": [0.6182611328133639, 0.5104695895901822, 0.5854507118463028, 0.5148092328640055, 0.5648438863361707], "(1, 1, 0, 0)": [0.7134988077284973, 0.676050814826441, 0.661696794083508, 0.6870964265447748, 0.6283863117649796], "(1, 2, 0, 0)": [0.08456255576336694, 0.06809361619902314, 0.07537119648196401, 0.07156243722916698, 0.05897631006229603], "(-1, 1, 0, 0)": [0.14872295372599614, 0.1216546086470574, 0.11304869960421146, 0.11142946641354189, 0.10456639164622748], "(-1, 2, 0, 0)": [-0.0004764811683336855, 0.0032751665892405517, 0.004062573013507494, 0.006455107735002093, 0.0022290675882645564], "(1, -1, 0, 0)": [0.6139501240290272, 0.5945327682202052, 0.5948690806711544, 0.5887151854011531, 0.7895034473987004], "(1, -2, 0, 0)": [0.006848623033299881, 0.008184098085687166, 0.008162066841442911, 0.027563258191661832, 0.003145708673893262], "(-2, 2, 0, 0)": [0.028908977260817325, 0.014333427303241986, 0.0046506425393704545, -0.0024629446295358114, 0.015845833943881716], "(-2, 1, 0, 0)": [0.1617781562032616, 0.16984170905162416, 0.16642464534253482, 0.1547836749472301, 0.16112523911184226], "(-2, -2, 0, 0)": [-0.0043562397360801695, 0.017671444576214827, 0.0402567299830592, 0.0, 0.0059502656754170866], "(2, -1, 0, 0)": [0.23507153900133534, 0.2333587763075534, 0.24928933769518474, 0.2482830207957927, 0.40343382001853395], "(2, -2, 0, 0)": [0.0028128070570767353, 0.020481173952490463, 0.016715595234035097, 0.025262111810903244, 0.020857880347578288], "(-2, 0, 0, 0)": [0.24341576265476242, 0.247580579293906, 0.23088157394506872, 0.3492309231361973, 0.2459332728197986], "(-3, 1, 0, 0)": [0.07042655831574432, 0.11338317052849384, 0.05738722391751995, 0.061491625110810605, 0.06384903198166006], "(-3, 2, 0, 0)": [0.0049295933202676955, 0.01553931932612805, 0.006470740385599237, -0.0006986398300803387, 0.0033870122234695207], "(2, 1, 0, 0)": [0.8867870845140281, 0.782662676130498, 0.8469670740742248, 0.7973388090075499, 0.8126634037471642], "(2, 0, 0, 0)": [0.8169496216539159, 0.8141053139983072, 0.7009699312341404, 0.8125224700018259, 0.8527385762843575], "(-3, 0, 0, 0)": [0.06581225453235497, 0.05954925177781596, 0.14727386602823164, 0.0483456909819067, 0.0645135384844811], "(-2, -1, 0, 0)": [0.16460073615431783, 0.0966700743129482, 0.12955252109733095, 0.0689239451788611, 0.07459774752719286], "(-3, -1, 0, 0)": [0.09168581227462347, 0.0, 0.0, 0.010703358506400314, 0.014145150379240341], "(-3, -2, 0, 0)": [0.006905893883146335, 0.0, 0.005564506555544577, 0.0, 0.004610109451953786], "(3, -2, 0, 0)": [-0.0006215408009760254, 0.002492395893527851, 0.0035317429433335762, 0.007215708297127661, 0.005858555421403028], "(3, -1, 0, 0)": [0.11161769375143166, 0.11131525609396965, 0.09444150138377932, 0.10833315124267785, 0.16787451822028107], "(3, 0, 0, 0)": [0.5950378440747945, 0.6062828680819202, 0.5635873959251316, 0.6556556616768732, 0.8823466120020338], "(2, 2, 0, 0)": [0.17750086596795914, 0.1668777307925043, 0.1678727713550606, 0.1799515985474415, 0.18519838282855042], "(3, 1, 0, 0)": [0.884594988941891, 0.7126154833091972, 0.6764516677464176, 0.7018252147672476, 0.6517332808174366], "(3, 2, 0, 0)": [0.41059117159338365, 0.0, 0.09669206964488004, 0.21123174718979948, 0.09570310017633328], "(4, 1, 0, 0)": [0.4773057103727422, 0.0, 0.050549604666024185, 0.0, 0.0], "(4, 0, 0, 0)": [0.4141215072624592, 0.2501378171710411, 0.2072284885468947, 0.13546718029640195, 0.1752543837856543], "(4, -1, 0, 0)": [0.059360089867024464, 0.07704188361588482, 0.03592454055508462, 0.052116782550603875, 0.024280154856356383], "(4, -2, 0, 0)": [-0.00446656220062441, -0.008207266466524445, -0.006549037318262696, 0.00876149336473237, -0.0011133670875596432], "(4, 2, 0, 0)": [0.15100794068414727, 0.0, 0.0, 0.0, 0.0]}}