{"q_values": {"(0, 0, 0, 0)": [0.7651899564319551, 0.7603894190606314, 0.7410360413854691, 0.7637372126585269, 0.7707255668282535], "(0, 1, 0, 0)": [0.7036971676134296, 0.6722128824274525, 0.6409422475180648, 0.703847931004737, 0.5952022271038926], "(0, 2, 0, 0)": [0.053798677279933614, 0.05078776123743804, 0.0521240017677843, 0.048818179375936716, 0.032075046389949735], "(0, -1, 0, 0)": [0.6357139906693685, 0.6935967328178368, 0.6336714064163967, 0.6216589801437772, 0.7038881712203507], "(0, -2, 0, 0)": [0.04177372684248989, 0.023349893693813177, 0.04000238733823477, 0.0492467289609708, 0.03601401994788212], "(1, 0, 0, 0)": [0.628605985395534, 0.6515678325205494, 0.636302136209328, 0.6164894018861609, 0.5983086215447386], "(-1, -1, 0, 0)": [0.25999948376868925, 0.2090652969078918, 0.2335288414840971, 0.23684587818907146, 0.45692499629801436], "(-1, -2, 0, 0)": [0.08600143529481756, 0.08520661594144148, 0.091614284036314, 0.05990243516786794, 0.09109563767908246], "(-1, 0, 0, 0)": [0.4140104873798898, 0.48387400367848854, 0.39730547621213946, 0.5087693410023402, 0.6123509807923763], "(1, 1, 0, 0)": [0.6695838487797431, 0.49043646301477106, 0.5183391061205852, 0.5219943146454191, 0.4925408652800056], "(1, 2, 0, 0)": [0.06564919366223637, 0.05262360164754844, 0.068050721446046, 0.06651911639133547, 0.06702247157063317], "(-1, 1, 0, 0)": [0.42304897731754526, 0.39548676105042135, 0.374350889901064, 0.3586632440632746, 0.39486511053470175], "(-1, 2, 0, 0)": [0.02697147824885095, 0.028353415038540906, 0.03143977241116937, 0.0300967443099942, 0.026585223090605993], "(1, -1, 0, 0)": [0.37232553800699464, 0.3722088578861931, 0.43643480290754444, 0.39437936513891797, 0.41794825080005454], "(1, -2, 0, 0)": [0.012708719398212064, 0.0212934306778275, 0.02542167958179018, 0.021119274555110527, 0.02149754554331848], "(-2, 2, 0, 0)": [0.03133173831651785, 0.01049608168997287, 0.008849034838720385, 0.0, 0.021883987568914843], "(-2, 1, 0, 0)": [0.08181941099222959, 0.042324504932970276, 0.032724392085762034, 0.023591047581170317, 0.013808720093259574], "(-2, -2, 0, 0)": [-0.0043562397360801695, 0.0, 0.0, 0.0, 0.0], "(2, -1, 0, 0)": [0.04908936380006182, 0.0, 0.003202625223478397, 0.0, 0.0], "(2, -2, 0, 0)": [-0.0002569556862479453, 0.0, 0.0, 0.0, 0.003597220969497175], "(-2, 0, 0, 0)": [0.09208123459281395, 0.008189047613394616, 0.014798737725542584, 0.017321286282135858, 0.01890527286211848], "(-3, 1, 0, 0)": [0.0, 0.005594953084020006, 0.0, 0.019661946422454925, 0.007144817623769209], "(-3, 2, 0, 0)": [-0.00020914804033756243, 0.0024106647568404678, -0.0002834575323951245, 0.0, 0.0], "(2, 1, 0, 0)": [0.0035644576326012613, 0.0, 0.0, 0.0, 0.0], "(2, 0, 0, 0)": [0.22082094185557766, 0.0, 0.0, 0.0, 0.0], "(-3, 0, 0, 0)": [0.0, 0.005920361934231982, 0.02952265048732141, 0.00795104545937151, 0.0]}}