{"q_values": {"(0, 0, 0, 0)": [0.7982474693619925, 0.8219076837583459, 0.805190864155509, 0.8098387569329326, 0.7077165609834717, 0.7793379977438493, 0.8020675360612849, 0.7848958040594376, 0.7921495106765576, 0.8025174417147396, 0.7839234195999851, 0.7517125043424094, 0.8118360815744757, 0.7754525490216663, 0.7621879713300324], "(0, 1, 0, 0)": [0.6593064184629699, 0.6758005236625119, 0.6859370277188088, 0.6705394248740936, 0.655586897587057, 0.6601695052621803, 0.6427611140455702, 0.6516639307963469, 0.7179556077459716, 0.6759745776901219, 0.6675849967394787, 0.7160488019668388, 0.6537227770789446, 0.6741766306998477, 0.6677308179453917], "(0, 2, 0, 0)": [0.4219902704901566, 0.6459570805756664, 0.5263439714151391, 0.5008120555942659, 0.4679806140502333, 0.41197632580864996, 0.516886297321196, 0.44014716352257793, 0.4646893933415761, 0.4630438390406627, 0.5113763137632104, 0.4739235973827021, 0.43923985258492554, 0.4982318257388756, 0.4739066643163927], "(0, 3, 0, 0)": [0.26970379768652686, 0.170395684500258, 0.17087303473444293, 0.16435541673791607, 0.17297815474903752, 0.15384294510868907, 0.16415445162899764, 0.15203641717729638, 0.16717840367143208, 0.16638789516541977, 0.16747910701484559, 0.16369432241513548, 0.16964492695792524, 0.1686170878850291, 0.16701300382162712], "(0, 4, 0, 0)": [0.017227584871998367, 0.014569597144049632, 0.014088329338349114, 0.016357213277751564, 0.010434547317901102, 0.0004708344205949129, 0.017276853682782964, 0.0118104838931257, 0.017414279566801277, 0.018646852371768368, 0.01268779087289324, 0.01871505794101322, 0.016086212034688165, 0.017964493409060443, 0.015219680919382082], "(0, -2, 0, 0)": [0.6636490177331887, 0.6959853246580125, 0.6619783063621347, 0.7177067575616166, 0.6446665527670135, 0.6642059505271858, 0.699110168546112, 0.6630701570329383, 0.7218946574126996, 0.6984390501886858, 0.653881499741556, 0.6368951537669116, 0.8392258594001717, 0.6792238391434566, 0.6978911497388862], "(0, -3, 0, 0)": [0.27691775280065994, 0.3528095892144179, 0.3170922573518517, 0.37024299577083153, 0.2859285620763219, 0.3154230686809306, 0.34851482858713606, 0.31259348856043967, 0.3986514766273475, 0.32176871624853365, 0.3175607176905655, 0.3782745005932676, 0.30971749803320453, 0.35423287335057885, 0.8093476002284138], "(0, -4, 0, 0)": [0.06572846702499117, 0.06292341198209125, 0.05991628374211534, 0.028575807743025303, 0.06712142039524265, 0.16776255804532628, 0.10868266379152074, 0.04833551514393996, 0.04769484415855898, 0.07326614688801511, 0.03095023852244804, 0.057738108073097455, 0.06892548945443149, 0.38034025922103093, 0.07135668550450008], "(0, -1, 0, 0)": [0.8433852557926448, 0.8412143220853348, 0.8394263506381557, 0.8253358473762158, 0.8093534635170035, 0.8362498505546058, 0.8355850723595667, 0.815650110763009, 0.8277873301662094, 0.8397446799675415, 0.8094602596252275, 0.831416707296102, 0.8329987776097922, 0.8412438898253984, 0.8350373799635928], "(-1, -4, 0, 0)": [0.001474712592481428, 0.10252009081460366, 0.054962091589428205, 0.01823791054487057, 0.055389497972394695, 0.011331487440043034, 0.051137926531063395, 0.003376865189801866, 0.08319226477255875, 0.0030818642831705627, 0.04582815671721767, 0.05179640505170794, -0.002694606156489405, 0.41421556432116263, 0.0031486996667134236], "(1, -1, 0, 0)": [0.6792623305596528, 0.6537002547154396, 0.7019268796676852, 0.7078833983956823, 0.6828568316134951, 0.6284432296349628, 0.7083470638890054, 0.6823461092028344, 0.6856015670068789, 0.672145139808952, 0.6914412626625474, 0.674570284838907, 0.6858672280667192, 0.7762392629380012, 0.6915127604646372], "(1, -2, 0, 0)": [0.5243930679968181, 0.5150365050283336, 0.4950593182495279, 0.49132929538322245, 0.5390369674611597, 0.5244130428675533, 0.4968094334244824, 0.4854805280943481, 0.5087837094720743, 0.5520423716938008, 0.5085006729354846, 0.5296149328738928, 0.4936458989144698, 0.5181732790582146, 0.6687834149620777], "(1, -3, 0, 0)": [0.09472262734404888, 0.08943701455659488, 0.14315455595371657, 0.0920359551294683, 0.09008385005500276, 0.07826828515614638, 0.09875544611167417, 0.08202429348162239, 0.06322429929651505, 0.09327446569571478, 0.09276047351340841, 0.1418901005408416, 0.09179154238638174, 0.3256491562163436, 0.07377853036346692], "(-1, 0, 0, 0)": [0.4228407111379034, 0.3507369785550935, 0.4182928220001965, 0.4274467987291954, 0.3539750999807888, 0.4127917051788989, 0.3016625683584467, 0.28153338058847366, 0.5133876085939851, 0.36757184680789706, 0.4254873755747754, 0.3704555147537835, 0.40171054615242363, 0.40673746747674777, 0.4411218357182168], "(-1, -1, 0, 0)": [0.18135087002115127, 0.15101620131928054, 0.16427684349145416, 0.17401337734887734, 0.14895116896657823, 0.18905702284300382, 0.5534982193617686, 0.17972874337966613, 0.14232522238257067, 0.2643056457748054, 0.166752270378055, 0.1559258534361053, 0.0917022607686365, 0.1151583540936229, 0.22083037547196063], "(-1, -2, 0, 0)": [0.546532973991841, 0.06641344377742273, 0.07354937340091879, 0.07318921425373766, 0.06627385375391918, 0.03527640320521916, 0.11288208129632306, 0.04738506509330245, 0.065446674632958, 0.16071160386483602, 0.09340972985500844, 0.06575354957222607, 0.07089894791827353, 0.09762776882605713, 0.11022269352128378], "(-1, -3, 0, 0)": [0.23191380902977932, 0.0137071292753479, 0.03877163031095392, 0.041111772986210014, 0.1065234579442646, 0.021159276199206906, 0.029502977869914793, 0.1500826335240809, 0.019157584096389024, 0.14627489229834723, 0.5843611051846046, 0.21184809876492602, 0.12641784139783807, 0.12099208083647876, 0.03180567885451614], "(-1, 1, 0, 0)": [0.3838009601244839, 0.35063095350709717, 0.3857361077717792, 0.37461320730036307, 0.4497259836317562, 0.35001177139696826, 0.3841757301969997, 0.39217367553747723, 0.39317507279174235, 0.39032167068224105, 0.38366544272884917, 0.37541117796409573, 0.37681107320752655, 0.38316829452608536, 0.34015658349918065], "(-1, 3, 0, 0)": [0.21450216370089287, 0.0958754218209794, 0.10174231559487276, 0.10696116424274674, 0.1074749347320369, 0.10530439198576884, 0.10302511417594248, 0.1019012391827517, 0.09374343675889567, 0.101341637078989, 0.10022405462581929, 0.0953313112111702, 0.10513815329159301, 0.10090396766495899, 0.09621249435736438], "(-1, 4, 0, 0)": [0.00016472801939925417, 0.0002969160424981217, 0.0008941647636092022, 0.0012257802970689364, 0.0011155950575356538, 0.0018169533451900845, 0.001013352824223602, -0.0018285552135866873, 0.0008160536052357788, 0.0021726270610144495, 0.0019243320777982712, 0.0010664472720527465, -0.0026015971063527597, 0.001636223810583222, 0.0010065699306838543], "(-1, 2, 0, 0)": [0.3918312922923045, 0.264018656913964, 0.2752721965151261, 0.2771667607040305, 0.27240576996384513, 0.30405797088944175, 0.2659249297049212, 0.2672390234758787, 0.26621742751040206, 0.2622257818243532, 0.2607454115149129, 0.27347393237407447, 0.2778112824408812, 0.3200772916608583, 0.27742193024055206], "(1, 0, 0, 0)": [0.7091618825623358, 0.7201147452523561, 0.7357212255418086, 0.7212446088808454, 0.7277699849051216, 0.7151774863076734, 0.7297033992056025, 0.7452771363833265, 0.7345323815099303, 0.7346927096613132, 0.7434099266110338, 0.7141837121341399, 0.6951965655194573, 0.7344909426397846, 0.7055925713396848], "(1, -4, 0, 0)": [-0.0052294194999910875, 0.0023399674046240583, 0.0007316539942651681, 0.01684420018125659, -0.0004622124197772486, 0.001110343002113102, 0.000994279341229024, 4.3238907917831325e-05, 0.0005456692984859238, -0.005394528792625496, -0.0010622738238996775, 0.0013569558057746215, 0.015454557251970907, 0.0006736784231891292, 0.09428561844565946], "(1, 2, 0, 0)": [0.7539160859969011, 0.6575502411543565, 0.682690506910065, 0.7241806734500881, 0.6576252819014714, 0.7515077562532397, 0.7542756743363369, 0.6358943077556075, 0.6213194438626137, 0.7322649400418985, 0.7115215318485058, 0.735718391425272, 0.6956044247189354, 0.6659866360106548, 0.6902736962350046],