{"q_values": {"(0, 0, 0, 0)": [0.8060423061849343, 0.843722905583354, 0.8120223674291738, 0.8080371248047684, 0.7656721700859944], "(0, 0, 0, 1)": [0.851647700203984, 0.8151356985460968, 0.8116409290051997, 0.7910384208836408, 0.724900472832011], "(0, 0, 0, 2)": [0.8560714090899811, 0.8542803704250157, 0.8545157514302981, 0.8538276228811214, 0.8393850808087739], "(0, 1, 0, 2)": [0.2885479835729177, 0.24864747521098282, 0.20429508388820372, 0.18536588175572982, 0.143196428576609], "(0, 1, 0, 3)": [0.09870112495045025, 0.10620534224705198, 0.1001904877243637, 0.10010223279852135, 0.10046506586140026], "(0, 1, 0, 4)": [0.07892321630504265, 0.07863503863204303, 0.09749753429142922, 0.07801601236637287, 0.07801458396858271], "(0, 1, 0, 5)": [0.0943059037046672, 0.06491446686810512, 0.06546580244266074, 0.06432736739000132, 0.052578910354630234], "(0, 2, 0, 5)": [0.058096818132475345, 0.02214992565307277, 0.021104132881411764, 0.014690291651279623, 0.002827716196058553], "(0, 2, 0, 4)": [0.05133759037600393, 0.052691196675684435, 0.06777681612760791, 0.033231767413759876, 0.023304825749428687], "(0, 2, 0, 6)": [0.011087360327147307, 6.175963263937599e-05, 7.187683983450274e-05, -0.002813754953623483, 0.0012350015992386065], "(0, 3, 0, 5)": [-0.015678483425121546, -0.015686089250027093, -0.015690484362632817, -0.01569480635177483, -0.015696354886014632], "(0, -1, 0, 1)": [0.8304476729676094, 0.8323073619696431, 0.8326520542774748, 0.850793989788713, 0.8313111537620956], "(0, -1, 0, 0)": [0.5831768191617781, 0.7701424253215085, 0.8238288785602694, 0.8299460750555366, 0.8575288417105148], "(0, -1, 0, -1)": [0.2637397137956758, 0.4412170885679407, 0.629544589031562, 0.7509746967985583, 0.8054789266362519], "(0, -1, 0, -2)": [0.13117710649579967, 0.17948405353037727, 0.20732176845401906, 0.2609072452125356, 0.3598789931418023], "(0, -2, 0, -3)": [0.07802727544228995, 0.0787435956768358, 0.08175404279308734, 0.08128839558485276, 0.09513942725472409], "(0, -2, 0, -5)": [0.018298139757333978, 0.02147544886701011, 0.02048306718173513, 0.022876287036012403, 0.04925487344171602], "(0, -2, 0, -4)": [0.03194363710416281, 0.04957805903569736, 0.04806589982297029, 0.050287282852605454, 0.07970586567263095], "(0, -2, 0, -6)": [0.0031221623782299044, 0.0030165232653590027, 0.005843594910258702, 0.003079524616662231, 0.0012371879044775513], "(0, -2, 0, -7)": [-0.0041051798773293225, -0.004074566756132538, -0.001543490751993902, -0.004172942034592781, -0.004578512684930159], "(0, -2, 0, -8)": [-0.011399872374666008, -0.011427274771366184, -0.01164046073646044, -0.01164943936994747, -0.011909964104037603], "(0, 1, 0, 0)": [0.8381400185167729, 0.8313676248957867, 0.8308711401000606, 0.7858513499661577, 0.551722101284375], "(0, 1, 0, 1)": [0.7819068553498375, 0.7231039385392074, 0.5463800919924812, 0.445896099767084, 0.26003716105915164], "(0, 2, 0, 7)": [-0.012169566453008894, -0.011534242152260565, -0.004580814956193816, -0.011328239971198431, -0.00952475934171865], "(0, 2, 0, 8)": [-0.009733161108780622, -0.007514916310655378, -0.008337142542490617, 0.0006236432847284788, -0.010494587018617949], "(0, -1, 0, -3)": [0.11209441714817439, 0.11579304234925232, 0.11564086716718538, 0.12996421429287114, 0.11324256816886517], "(0, -1, 0, -4)": [0.07503718354328284, 0.0848777218234981, 0.07992515259414511, 0.0847052356189053, 0.11642045106958024], "(0, -1, 0, -5)": [0.06773186396273605, 0.06539435087608891, 0.0693367884904301, 0.06665022402721912, 0.07241903443169156], "(0, 0, 0, -1)": [0.7838022139502899, 0.7592545129452735, 0.8146677071583859, 0.82264400924366, 0.8521495501429396], "(0, 0, 0, -2)": [0.7972468995454968, 0.7792005936801781, 0.8346114454149707, 0.8170005536308171, 0.8006251897592175], "(0, 0, 0, 3)": [0.9169403641274394, 0.4895029030199051, 0.34570064810019646, 0.3401456219082157, 0.24223516198975598], "(0, 2, 0, 3)": [0.085668077494268, 0.08529808775546306, 0.08466058133464255, 0.0843459409445542, 0.07008677100703092], "(0, 1, 0, -1)": [0.8333523730925844, 0.8398777844198311, 0.8331353908184194, 0.8324194098933554, 0.8326101422970097], "(0, 1, 0, -2)": [0.3866094385484465, 0.3862983729674394, 0.8451617196995369, 0.32656645101121656, 0.5533254495195155], "(0, -1, 0, 2)": [0.8419157872952797, 0.851485835211841, 0.8488187045771733, 0.6932811099482696, 0.7531472348066437], "(0, -2, 0, -9)": [-0.005675333735637854, -0.004534346255289225, -0.006474145175549563, -0.005827242290511221, -0.005648872820853364], "(0, 0, 0, -3)": [0.10841065936541952, 0.3442877417027544, 0.3601317378773203, 0.6925407132914239, 0.386660427943544], "(0, 3, 0, 7)": [-0.010259296696022154, -0.01025764136057906, -0.010263358702814206, -0.008970038346778602, -0.008976490885354578], "(0, 0, 0, -4)": [0.0067643868353461055, 0.039124251984725626, 0.003213284669203872, 0.04589234726902548, 0.2755958797617059], "(0, -1, 0, -6)": [0.02893346927760365, 0.02321584920089626, 0.04384322579845359, 0.047242777296021755, 0.056702041579685274], "(0, -1, 0, -7)": [0.00902681740626721, 0.0022157731130174833, 0.011731406503417184, 0.03282282656319683, 0.0011375301212523381], "(0, -3, 0, -7)": [-0.008973016415201129, -0.008974558709356935, -0.00897011922409758, -0.010258947149092331, -0.010257315330302344], "(0, 1, 0, 6)": [0.05443029396924734, 0.010466662925808461, 0.035186427644746804, 0.009262819703736122, 0.00753742626661536], "(0, 1, 0, 7)": [0.004110249645329903, 0.009384882463850719, 0.0, 0.0010410555572764948, 0.001894521494023502], "(0, 1, 0, 8)": [0.0027343954469290343, 0.0, 0.0, 0.0, 0.0], "(0, 2, 0, 9)": [-0.00989877521071411, -0.009683717024868164, -0.003973449281291555, -0.008568992220716207, -0.008408557247183222], "(0, -2, 0, -2)": [0.162597121562602, 0.16469626563666143, 0.16406414542396852, 0.1597180326361587, 0.15963914188883843], "(0, -2, 0, -1)": [0.11010920851695066, 0.1936735183460417, 0.14301194028873984, 0.10113445299465923, 0.1194841060233762], "(0, 2, 0, 2)": [0.1652622017785083, 0.16632256577067794, 0.1599050483791016, 0.15630888476031762, 0.16594527892260563], "(0, 0, 0, 4)": [0.03269470866269185, 0.21091804541797593, 0.06950419525593293, 0.06909783172159717, 0.022264777545761373], "(0, -3, 0, -6)": [-0.01632898287122474, -0.016322893412741835, -0.01687531261532495, -0.016871827696073913, -0.016870444862012952], "(0, 0, 0, 5)": [0.0, 0.0, 0.0, 0.011394351388244026, 0.002474981667448537], "(0, 0, 0, -5)": [0.003045801583348206, 0.0, 0.0, 0.0, 0.0], "(0, -1, 0, 3)": [0.0, 0.001774967615854871, 0.1747467766182671, 0.0009832593612372875, 0.0221980370392151], "(0, -1, 0, 4)": [0.0, 0.005701448720575185, 0.0, 0.0, 0.0], "(0, -3, 0, -9)": [-0.002196987718343735, -0.004170745667070151, -0.0041698357462883, -0.004167320542037487, -0.004170274790376425], "(0, 2, 0, 1)": [0.25842766654626675, 0.26046540194081946, 0.2675331296079751, 0.22814160097068875, 0.25907480739624783], "(0, 3, 0, 8)": [-0.010272323488574476, -0.010271781336927787, -0.00898123039642349, -0.0089803072841838, -0.008984579661488534], "(0, 3, 0, 6)": [-0.015699206581891317, -0.015699662052950925, -0.015704573661416095, -0.015709145159848226, -0.015710488937596828], "(0, -3, 0, -5)": [-0.012456040500405842, -0.012452295325628929, -0.013393201420370298, -0.013388298454909726, -0.013382595867257633], "(0, -3, 0, -8)": [-0.0075413089619949455, -0.007541581653803586, -0.008977873237561435, -0.008979648974444717, -0.008977903405986726], "(0, 2, 0, 10)": [-0.006267195239611678, -0.006467265274402849, -0.005508157790830888, -0.004169771363474345, -0.005372546042614852], "(0, 3, 0, 4)": [-0.0124328629861434, -0.012434706420493909, -0.012438696597939934, -0.011394429553235694, -0.011398835499997623], "(0, 2, 0, 0)": [0.013967729031014366, 0.004800522147533978, 0.2400747069618334, 0.028214675458062218, 0.001492495091590514], "(0, -3, 0, -4)": [-0.00894819979345426, -0.00894580994926393, -0.00894429954778403, -0.008943322296701372, -0.008937590683270246],