{"q_values": {"(0, 0, 0, 0)": [0.8876461954509725, 0.7900164169970075, 0.7671983728420233, 0.751637935453035, 0.788598197177199], "(0, 1, 0, 0)": [0.576936687092395, 0.4391258767598797, 0.4792353096708332, 0.40115182218730683, 0.4707925298301885], "(0, 2, 0, 0)": [0.05383199172140608, 0.02426381555518995, 0.018482496302478894, 0.01058411936682767, 0.03081549496301909], "(0, -1, 0, 0)": [0.6829985688236925, 0.6794878745300754, 0.6837501668252183, 0.7269819322640021, 0.8973215946906016], "(0, -2, 0, 0)": [0.059388488381666216, 0.04662073542593613, 0.11744360787587316, 0.041643742675529366, 0.11565626520127503], "(1, 0, 0, 0)": [0.8007807299762104, 0.8132267057576977, 0.7915613995336647, 0.8255526988146158, 0.8571386884897131], "(-1, -1, 0, 0)": [0.5189428258398958, 0.5522873004490255, 0.47896046415937543, 0.6318512430099393, 0.6653724051595321], "(-1, -2, 0, 0)": [0.05649741364735941, 0.11360775802531888, 0.13244148765701785, 0.13804475809353295, 0.18305015035708722], "(-1, 0, 0, 0)": [0.5993438751090161, 0.534640945008957, 0.4802451703186518, 0.4603172689236572, 0.4693367356088111], "(1, 1, 0, 0)": [0.8131729570426118, 0.7355798101225245, 0.7206218715635304, 0.6866284433338856, 0.7072872311545545], "(1, 2, 0, 0)": [0.2582663875037329, 0.05424556671420455, 0.04762889318821105, 0.05007137955745551, 0.0494679180724764], "(-1, 1, 0, 0)": [0.2453099647774619, 0.18614958743812937, 0.21017697544655156, 0.18976973068613395, 0.150508531496687], "(-1, 2, 0, 0)": [0.010850058289982537, 0.011324398290650553, -0.0060068532524619155, 0.009457278846715923, 0.013599553370675145], "(1, -1, 0, 0)": [0.6248846748843455, 0.6695892579472358, 0.612531181131691, 0.6713714286111029, 0.8281818084379117], "(1, -2, 0, 0)": [0.013788865726284474, 0.035008409148012454, 0.015824079306955743, 0.008375590735821765, 0.003145708673893262], "(-2, 2, 0, 0)": [0.019996063465581998, 0.012076286446170209, 0.01460769164690221, 0.008446073830522385, 0.013953532814515493], "(-2, 1, 0, 0)": [0.15447162723503918, 0.1694307491305562, 0.1608057963052587, 0.16867063241796695, 0.22842321075143018], "(-2, -2, 0, 0)": [-0.0043562397360801695, 0.01258845223890703, 0.010645233783068942, 0.0, 0.0], "(2, -1, 0, 0)": [0.3336124033251426, 0.3490631219427691, 0.34384549935870207, 0.31482516528595555, 0.40076349037473646], "(2, -2, 0, 0)": [0.0028128070570767353, 0.005152477902101322, 0.01895679492064383, 0.009473799086464632, 0.004543897648895805], "(-2, 0, 0, 0)": [0.2485016621126055, 0.27495285706345135, 0.25519886306238554, 0.3029082454600362, 0.26690613815650827], "(-3, 1, 0, 0)": [0.03408376920502035, 0.07306827299863891, 0.07481897402951708, 0.061491625110810605, 0.06584838110883728], "(-3, 2, 0, 0)": [0.00012368019089517394, 0.008398784570116991, 5.467818975057968e-05, -0.0006986398300803387, 0.0033870122234695207], "(2, 1, 0, 0)": [0.9161026244527484, 0.8558417506597156, 0.8490306176697504, 0.8483806798126315, 0.875375826405838], "(2, 0, 0, 0)": [0.7844666089379968, 0.7950471606700248, 0.8109161868676599, 0.8503995554682283, 0.8456447610811049], "(-3, 0, 0, 0)": [0.06581225453235497, 0.05954925177781596, 0.1338260209364736, 0.0483456909819067, 0.0645135384844811], "(-2, -1, 0, 0)": [0.12586575162169705, 0.08921800943854569, 0.09532532584371436, 0.0689239451788611, 0.07459774752719286], "(-3, -1, 0, 0)": [0.09168581227462347, 0.0, 0.0, 0.010703358506400314, 0.014145150379240341], "(-3, -2, 0, 0)": [0.015221647528506984, 0.0, 0.005564506555544577, 0.0, 0.004610109451953786], "(3, -2, 0, 0)": [-0.005355514858088011, 0.0007461668393110932, 0.001502547885472814, -0.005426782729773712, 0.0018252476479390517], "(3, -1, 0, 0)": [0.11089350156766656, 0.09979547687047943, 0.10975274210639502, 0.10331606513480744, 0.09866261460262561], "(3, 0, 0, 0)": [0.5729141661048605, 0.6626200917127129, 0.6852207885304767, 0.6658640971288045, 0.6519167041571602], "(2, 2, 0, 0)": [0.3975726496988775, 0.12246865844223012, 0.16036297629701987, 0.30358792570933074, 0.20033250422198967], "(3, 1, 0, 0)": [0.7566123449275348, 0.6966898553788444, 0.708291739043178, 0.6240522435642858, 0.6716013460431178], "(3, 2, 0, 0)": [0.5390539678166982, 0.0, 0.0, 0.1446583119562025, 0.0], "(4, 1, 0, 0)": [0.3655237882594168, 0.0, 0.050549604666024185, 0.0, 0.0], "(4, 0, 0, 0)": [0.4513467600036937, 0.179914766624476, 0.2769393656175495, 0.046670420940674036, 0.106891495147694], "(4, -1, 0, 0)": [0.11314650106824128, 0.038385177117769564, 0.03592454055508462, 0.029788877544128498, 0.024280154856356383], "(4, -2, 0, 0)": [-0.004429984006223933, 0.003330873219978322, -0.006549037318262696, -0.004272459301272174, -0.0065489437811392754]}}