{"q_values": {"(0, 0, 0, 0)": [0.884734722809508, 0.8906056034636441, 0.882873982535097, 0.9042889355945016, 0.8894381004329819, 0.8903245002953956, 0.8943700208569493, 0.8956289353447106, 0.8958550431801877, 0.8921398792833912, 0.8789080360442615], "(0, 1, 0, 0)": [0.8722046130510048, 0.8666090866859311, 0.8705617687328451, 0.8551261199521447, 0.8594139829625228, 0.8530348067004796, 0.8140417827181278, 0.8598735160546075, 0.8044367817262015, 0.8388166273389999, 0.8486569866682958], "(0, 2, 0, 0)": [0.8103622086755842, 0.5629785607773553, 0.5381566847075943, 0.5057165806825665, 0.5731940933289169, 0.5309670588295093, 0.5606786434118437, 0.520479769115095, 0.5666872858855343, 0.5713827435308787, 0.5662370247888634], "(0, 3, 0, 0)": [0.16718070100947113, 0.16250478609645105, 0.16047301978889142, 0.1719443729949487, 0.1748334773810346, 0.167376422916943, 0.15440798494924596, 0.15565230740681624, 0.16046900203086917, 0.15968905974503386, 0.15428008670054605], "(0, 4, 0, 0)": [0.009094900771014065, 0.016581390531422657, 0.008792211193431015, 0.009171384925257858, 0.008534485235069427, 0.004172520005777445, 0.008754050341917383, 0.009753991701936054, 0.006579493232148951, 0.008186872135086416, 0.0026111613747211992], "(0, -2, 0, 0)": [0.5679308994123178, 0.5530156759942735, 0.5499701366362841, 0.5363733831809193, 0.5526746717696351, 0.5397172623532415, 0.551855891756188, 0.5493993181547503, 0.5315617033418908, 0.5783327707666331, 0.6493164832262478], "(0, -3, 0, 0)": [0.15476033768327707, 0.13145356317152654, 0.13311813348159413, 0.140292896642378, 0.13659289274907388, 0.12897897095805277, 0.15700878229107507, 0.15753819042665493, 0.1447679232477982, 0.14076572172759555, 0.3411394512182593], "(0, -4, 0, 0)": [0.00347068651967348, 0.004159944755066439, 0.0021436844810533056, 0.004915181414544796, 0.0010754614765025525, 0.005151063272596664, 0.0055166517071016455, -0.0008277099376436583, 0.002986468237540292, 0.0006768941490027719, 0.03057962801734663], "(0, -1, 0, 0)": [0.8086590942966927, 0.7499790001233251, 0.8126514350547474, 0.7784349553573234, 0.8165093290127454, 0.8071642603622943, 0.8055991539222808, 0.7877411231070132, 0.809914258062523, 0.8227888609652351, 0.9064096413125381], "(1, 3, 0, 0)": [0.012878097816668155, 0.01968086473420004, 0.05974272105684249, 0.044661350248389804, 0.1565813177410165, 0.05018826781980651, 0.01811125321420266, 0.032745762454488764, 0.00589850418718186, 0.050782195734985096, 0.005701853827496536], "(1, 4, 0, 0)": [0.08031420851175619, 0.010352480581486606, 0.007357209823113281, 0.009152110167025617, 0.026083366647013217, 0.00786329622472258, 0.022378846383481386, 0.0028637975909819244, 0.009214961411794481, 0.010833846228788907, -0.007845253944396974], "(-1, -1, 0, 0)": [0.8026641240671346, 0.7056015462379079, 0.7347254105718806, 0.729126696880944, 0.7869145146104445, 0.720680379562077, 0.7948013267163232, 0.8028210739408643, 0.7445995434524924, 0.7724471929561983, 0.874164726885879], "(-1, -2, 0, 0)": [0.03340511547864934, 0.0629633940788595, 0.028975514552306892, 0.1893179194351157, 0.030301838623091028, 0.020630802171467275, 0.09794988523663531, 0.00905141372429726, 0.041506709755970345, 0.044481827465482335, 0.03787454526679897], "(-1, 3, 0, 0)": [0.10499331855965677, 0.06186302098087181, 0.06379867821636796, 0.048236350979535284, 0.06601259854814844, 0.07636144527877715, 0.06764112836539321, 0.06251895255299715, 0.08054049430687728, 0.0645334618838325, 0.0725573400626528], "(-1, 4, 0, 0)": [-0.0007580742304984867, -0.0013267794732543213, 0.012640825236659114, -0.0010218067326184712, -0.006152025434248557, -0.0018529536290579568, 0.0027316178870593066, -0.0020266240075394607, -0.0015818504023685596, -0.0011886331762365884, -0.003426154453711445], "(-1, -3, 0, 0)": [0.026954307860235845, 0.022982540979322758, 0.04788386222405857, 0.03330834225127036, 0.0327636307877412, 0.018692513200870228, 0.028160232679865414, 0.023876173478067107, 0.020380158206776695, 0.0228854847101357, 0.011914682833310278], "(-1, -4, 0, 0)": [-0.004787004228087188, -0.006630405214111778, -0.005330982453497957, -0.006415344719683577, -0.004946122599440747, -0.006584242503106581, -0.0049110787809424775, -0.004989423915187951, -0.004825778912151352, -0.005683466398299391, -0.0006300461282294908], "(1, 0, 0, 0)": [0.7625552734096144, 0.7241707462364134, 0.7635852412706965, 0.7517440614012267, 0.7419545176219541, 0.7391732427872261, 0.7842454387695935, 0.7243854196381149, 0.8685084212801479, 0.7291481101582095, 0.7284347658314474], "(1, -1, 0, 0)": [0.5856676110346116, 0.5680951019438449, 0.56453734590577, 0.5749853591267677, 0.5236694020039598, 0.5497327523974308, 0.5554320524225534, 0.5807742113867757, 0.5644400417129294, 0.5123477211192793, 0.6650921681025473], "(1, -2, 0, 0)": [0.23519190605031332, 0.22728206151432132, 0.26354944864372226, 0.23983076841541667, 0.2167917448952438, 0.2319434296793874, 0.24178915256613154, 0.20753957628207567, 0.24122885773331015, 0.23258865376524496, 0.2763958902072605], "(1, -3, 0, 0)": [0.06405275447730636, 0.055180743414600816, 0.05494426548106763, 0.051214602391632606, 0.05465919808418792, 0.055967341790664794, 0.05490973105177181, 0.056099487831734435, 0.053664506073562934, 0.05570280653226586, 0.09722227881053826], "(1, -4, 0, 0)": [-0.003670612485608322, -0.003781948721311056, 0.005326191492265538, -0.004251530712978428, -0.0029887592521990174, -0.003334762577854749, -0.003796291593877798, -0.005183411447202097, -0.0032378124612389247, -0.0031751556953124585, 0.020293547714433216], "(-1, 1, 0, 0)": [0.7250537966915914, 0.4327735047219105, 0.4602017930581634, 0.4360597208756123, 0.4673800662633789, 0.5518334104792866, 0.5286855363922068, 0.5195729621203059, 0.5522832787977239, 0.45987294312030563, 0.5898652865891514], "(-1, 2, 0, 0)": [0.43521865230846096, 0.2976927963590035, 0.2328803083600924, 0.2340239140164509, 0.23465991170249131, 0.2583010614285766, 0.28034659787883787, 0.23492171391863087, 0.2604423833919767, 0.2257503302943833, 0.2894713273267454], "(1, 1, 0, 0)": [0.8627318664082585, 0.7319028864997474, 0.7910981453367164, 0.7480321469863016, 0.7542569114025574, 0.7658420021430203, 0.7526725658182041, 0.7900591397778877, 0.7622558674238749, 0.7464258178876555, 0.7333907560456545], "(1, 2, 0, 0)": [0.023761659768261743, 0.06455101140516428, 0.13293484894549726, 0.017906970177153012, 0.03670585625837126, 0.06880077698859596, 0.28045539184308693, 0.03228248487292386, 0.09173105362302762, 0.042701275146575526, 0.0874732974766447], "(-1, 0, 0, 0)": [0.8432071542302187, 0.7996041915950117, 0.7873094176880225, 0.7991187721059787, 0.7917959702914402, 0.7934589439497454, 0.796199259945225, 0.7950144285736507, 0.7990364684473978, 0.8127181161085968, 0.7728185629453694], "(-2, 1, 0, 0)": [0.03976877409061403, 0.031310196389375745, 0.05656334981432928, 0.03616660122399745, 0.06939430997898353, 0.1723322417028277, 0.056413488985225815, 0.05313966545712889, 0.13377091657610155, 0.07875099803476263, 0.009824620025421088], "(-2, 2, 0, 0)": [0.0, 0.040508312963812756, 0.037813300719549775, 0.058787965658700064, 0.04787689754181322, 0.05553128956330531, 0.04322022689431144, 0.028232331510790916, 0.07644480443819822, 0.033934219730457064, 0.046093876765066724], "(-2, 4, 0, 0)": [0.00018272383480835794, -0.008835395957696997, -0.009634778415538739, -0.006018336842907314, -0.005818228689832701, -0.004508044847456259, -0.006109179759377543, -0.005704891593813897, -0.006487848247066967, -0.00905616755387965, -0.005993199001754956], "(2, -1, 0, 0)": [0.28924124729169387, 0.29709173298778535, 0.30490906888228164, 0.29181500563722707, 0.27793069661363107, 0.26092410167094193, 0.3250593798443437, 0.32334925927080693, 0.35526142604875793, 0.2841480927785005, 0.35434822484189], "(2, -2, 0, 0)": [0.053102967580710043, 0.07089481748757145, 0.05866072414564997, 0.0781754381408794, 0.0, 0.06381534519703014, 0.03587091283890916, 0.10813248616721059, 0.04370844729112643, 0.04743447524596807, 0.08498072133214378],