{"q_values": {"(0, 0, 0, 0)": [0.7276368869666504, 0.7792368238372336, 0.7567418955683021, 0.8408708663960567, 0.7644021483451665, 0.7763349831304226, 0.7749118932442628, 0.7703283768226189, 0.7520141183016961, 0.7958761658946472, 0.765955981638718, 0.7531693226104434, 0.7602435418169947, 0.7828506933374451, 0.7731812586730042], "(0, 1, 0, 0)": [0.6965351790368839, 0.8125860179846326, 0.7082920536494748, 0.7009950038035044, 0.7007332835903602, 0.7112716577715957, 0.7080134155219643, 0.6982465250480462, 0.6958846564092701, 0.7100460184955966, 0.7090637538763652, 0.7040983441137211, 0.700723796945305, 0.6959881390576742, 0.695569873588853], "(0, 2, 0, 0)": [0.48191897648540827, 0.46044872454529034, 0.6651954287799644, 0.44783784430875, 0.4896558195846444, 0.461543622928246, 0.48515580468663677, 0.4536888650938351, 0.498015813326025, 0.47778964605217866, 0.4495143707682028, 0.4611725170090133, 0.4850991583489126, 0.4721707400679125, 0.46280569049626374], "(0, 3, 0, 0)": [0.19625996325131118, 0.30312450602091046, 0.1923542476741566, 0.19413641453833103, 0.19569895650944974, 0.19249073523665555, 0.19858302946619036, 0.19128909214294426, 0.17884094968220965, 0.19495925288383714, 0.19317822008317176, 0.18439479318208213, 0.1993570919304925, 0.18961881141601358, 0.19848845657919428], "(0, 4, 0, 0)": [0.11455719420683089, 0.017733448575147873, 0.019798603010899835, 0.016357213277751564, 0.010434547317901102, 0.00605114294398991, 0.017276853682782964, 0.020208107444606035, 0.017414279566801277, 0.018646852371768368, 0.028827189970441456, 0.01871505794101322, 0.016086212034688165, 0.017964493409060443, 0.015010485771186766], "(0, -2, 0, 0)": [0.6681443579505402, 0.6728946077551167, 0.7042333995023461, 0.7152595060328404, 0.7103926756446646, 0.7142403688004472, 0.6872281888319484, 0.7056590002201504, 0.6947934406826118, 0.744441442168476, 0.7091809920301323, 0.6995947096488324, 0.6735544788837371, 0.6543549130321918, 0.6225809610210762], "(0, -3, 0, 0)": [0.3850299446051243, 0.3485451814378626, 0.3717143907188247, 0.39501091627979895, 0.35345065655521124, 0.4069338340048474, 0.3878922612115024, 0.34402930591944764, 0.37155852629214087, 0.3507582319158177, 0.39134939199571717, 0.3672099084015901, 0.3661674685247661, 0.44112941734505606, 0.3634036360818893], "(0, -4, 0, 0)": [0.06572846702499117, 0.02125930239524252, 0.08804656479638286, 0.028575807743025303, 0.06712142039524265, 0.07984105078961047, 0.029920454486373968, 0.04833551514393996, 0.04769484415855898, 0.09105523174078292, 0.03095023852244804, 0.057738108073097455, 0.08856902177588241, 0.07546724509327131, 0.2299976664546355], "(0, -1, 0, 0)": [0.8047944638814859, 0.7157672370251382, 0.7677499072310386, 0.8094093906514765, 0.8055999714814192, 0.778633753258433, 0.8043214918695891, 0.7998164476027699, 0.8048727331918728, 0.7681798410839562, 0.7751213743569847, 0.7287251909127654, 0.8412214082395109, 0.7939208643066441, 0.7891148367540389], "(-1, -4, 0, 0)": [0.001474712592481428, 0.010714927000857119, 0.0021673060637356035, 0.008993173706418018, 0.003601626017297103, 0.011331487440043034, -0.0026099032631752986, 0.003376865189801866, 0.012752507956782478, 0.0030818642831705627, 0.030211043565017307, -0.00044675790973112885, -0.002694606156489405, 0.003951403829680485, 0.0031486996667134236], "(1, -1, 0, 0)": [0.6745034321998065, 0.6784158073511579, 0.7065529294408198, 0.6770092396281695, 0.6559572120553383, 0.6700572812025534, 0.6779138043370183, 0.6683101951640137, 0.6747221800102314, 0.6536157199682823, 0.6710824029684763, 0.6785944615782615, 0.6460865454129034, 0.6774530366388393, 0.7495993862184362], "(1, -2, 0, 0)": [0.5243930679968181, 0.5203548363749878, 0.5081309817157652, 0.4509855812027349, 0.4594895182192891, 0.5292461721323432, 0.5086292133268716, 0.5140892094852383, 0.4819159071945362, 0.546781525501669, 0.46592973936662757, 0.4711889765173691, 0.49305211347391764, 0.5618348128836792, 0.6349299088527564], "(1, -3, 0, 0)": [0.09671675561790588, 0.08943701455659488, 0.08861815034150636, 0.0969698766645552, 0.09008385005500276, 0.04590220143498811, 0.09640288263770032, 0.096611997991953, 0.06322429929651505, 0.17029191583802789, 0.09641299717292091, 0.08398542474992982, 0.09179154238638174, 0.09478461761713897, 0.07377853036346692], "(-1, 0, 0, 0)": [0.4456620595739134, 0.3507369785550935, 0.4308318149648833, 0.34840133328171574, 0.28003711153516586, 0.382737418737758, 0.25423383955263135, 0.28153338058847366, 0.4119325904530222, 0.36757184680789706, 0.3849875329671311, 0.3553714049356014, 0.5193036003024435, 0.40673746747674777, 0.4152132806742187], "(-1, -1, 0, 0)": [0.10047562719775102, 0.15101620131928054, 0.08853999111816768, 0.13337133429067644, 0.14895116896657823, 0.18905702284300382, 0.4083207830906279, 0.17972874337966613, 0.10268949210309283, 0.12180242141165305, 0.07137431532678902, 0.1559258534361053, 0.0917022607686365, 0.1151583540936229, 0.22083037547196063], "(-1, -2, 0, 0)": [0.15732060899666625, 0.06641344377742273, 0.06673587623518466, 0.04969075341624822, 0.06627385375391918, 0.03527640320521916, 0.08347491180246257, 0.04738506509330245, 0.065446674632958, 0.059530133270438976, 0.07467182205221709, 0.06575354957222607, 0.07089894791827353, 0.07675679471544351, 0.07316496239957311], "(-1, -3, 0, 0)": [0.042288250052495875, 0.0137071292753479, 0.03877163031095392, 0.041111772986210014, 0.04099481225444959, 0.021159276199206906, 0.029502977869914793, 0.03846009021571459, 0.019157584096389024, 0.04230615327686209, 0.17741107350884908, 0.040898031353472586, 0.037105250995361896, 0.01820654812031218, 0.03180567885451614], "(-1, 1, 0, 0)": [0.42340516922240273, 0.423354983207904, 0.42706172768965855, 0.3772266817833859, 0.42256578831053476, 0.3949004699561726, 0.4171062858101041, 0.41562588615951396, 0.41716965603432954, 0.4094576683445872, 0.37051886989553173, 0.4248878835154452, 0.42517160668562654, 0.42150158812549054, 0.41794353316719024], "(-1, 3, 0, 0)": [0.11754272376060436, 0.12090584944245794, 0.11951699605565613, 0.12090477145915167, 0.10593985288257167, 0.11593124129394665, 0.11482902466249056, 0.10836585094623312, 0.10841754697462042, 0.1213270284864825, 0.11464157087090439, 0.1133205226676467, 0.12166733856829134, 0.11959164320261419, 0.1171538363236344], "(-1, 4, 0, 0)": [0.008730218441936846, 0.006906357409546306, 0.01022179970517724, 0.008071332744383482, 0.009523291303927513, 0.007398252535546404, 0.011725041412468709, 0.011392684724521207, 0.008822744709132881, 0.010444536889888027, 0.011173382099370651, 0.006433449981121272, 0.008521474907806617, 0.003869340781789345, 0.01083223156419993], "(-1, 2, 0, 0)": [0.2899922496716886, 0.28568662146427426, 0.291768887730177, 0.307308364183641, 0.2985791143754849, 0.2968527815901839, 0.28986086183036053, 0.31270139267236224, 0.31143643949846705, 0.29227162209300633, 0.2840210047052196, 0.28183921245474136, 0.3015101061621345, 0.30064256918967186, 0.31014403955257275], "(1, 0, 0, 0)": [0.7598854438720553, 0.7853599651117577, 0.7614943784160554, 0.757578616660663, 0.7387197817228305, 0.7537001952270537, 0.7586478023157638, 0.7619817101460373, 0.7678761326034791, 0.739785689772096, 0.7796891904458021, 0.7531123614602326, 0.7203358073264481, 0.7391715681996623, 0.7571072357631617], "(1, -4, 0, 0)": [-0.0052294194999910875, 0.0023399674046240583, 0.0007316539942651681, 0.0029690644806034975, -0.0004622124197772486, 0.001110343002113102, 0.000994279341229024, 4.3238907917831325e-05, 0.0005456692984859238, -0.005394528792625496, -0.0010622738238996775, 0.0013569558057746215, -0.0003750985920141503, 0.0006736784231891292, 0.08922881268966318], "(1, 2, 0, 0)": [0.7968585205893352, 0.7357690217585389, 0.6973620742605604, 0.6611579066620902, 0.5918596220399313, 0.6593709774388277, 0.5851470836999265, 0.6278931217766978, 0.620681341153316, 0.6300085076077654, 0.6491930958380796, 0.5980117800518983, 0.6673788384074585, 0.6695755684977759, 0.6759536091427208],