{"q_values": {"(0, 0, 0, 0)": [0.8233790783521059, 0.8013706227171514, 0.7551930051630358, 0.8357471316308284, 0.8292252617066619, 0.8370032829943362, 0.8477934946422753, 0.8112971368153481, 0.8312531695410031, 0.8315032810051547, 0.8181696637684509, 0.7952645103433588, 0.7895636505676611, 0.7752585229146534, 0.8319321235183506], "(0, 1, 0, 0)": [0.7493499566445186, 0.7651476937942854, 0.790454071219445, 0.7526737427070019, 0.7353317237790302, 0.7083141388383285, 0.7669696033336877, 0.7304880703737286, 0.769733181708124, 0.7610170633625793, 0.7598291747928708, 0.7617178064038824, 0.7578855255991598, 0.7515125451838713, 0.7626273993899826], "(0, 2, 0, 0)": [0.6345300920757067, 0.7369880644384912, 0.59931189455698, 0.6454169487758717, 0.643699083570315, 0.6373272939818838, 0.6340818862462557, 0.6044398975802042, 0.6095744516667178, 0.6338442767423728, 0.607975278453472, 0.5746127621788308, 0.6047996357263483, 0.5939195075770614, 0.6097827735902632], "(0, 3, 0, 0)": [0.23652922155238915, 0.21587130084808862, 0.22865832974819078, 0.2291320994935761, 0.2585402726710139, 0.2280025410470293, 0.21870139163127467, 0.2215066270284891, 0.23895594770063516, 0.24864176127835302, 0.24879756907041534, 0.22760331407892373, 0.23081126954698145, 0.24163885674372837, 0.25405504619830166], "(0, 4, 0, 0)": [0.023198068760180046, 0.017733448575147873, 0.019798603010899835, 0.016357213277751564, 0.010434547317901102, 0.00605114294398991, 0.017276853682782964, 0.020772698975209745, 0.017414279566801277, 0.018646852371768368, 0.01684972583696416, 0.01871505794101322, 0.02235650173498499, 0.022961335786786774, 0.015010485771186766], "(0, -2, 0, 0)": [0.7324869413011931, 0.6810521110800165, 0.7018037951918574, 0.6906523519502119, 0.7190871296289504, 0.7166526727345389, 0.7066076007759308, 0.7041970952569891, 0.6776105604652158, 0.7171517477942378, 0.7141875024377878, 0.7307589956501118, 0.6915490335605157, 0.828436641938537, 0.7187307898581505], "(0, -3, 0, 0)": [0.3850299446051243, 0.3485451814378626, 0.3717143907188247, 0.39501091627979895, 0.35345065655521124, 0.342204486069867, 0.32891751648014406, 0.34402930591944764, 0.37155852629214087, 0.3507582319158177, 0.39134939199571717, 0.3672099084015901, 0.39914245038582014, 0.3964886120985909, 0.3634036360818893], "(0, -4, 0, 0)": [0.06572846702499117, 0.02125930239524252, 0.08804656479638286, 0.028575807743025303, 0.06712142039524265, 0.07984105078961047, 0.029920454486373968, 0.04833551514393996, 0.04769484415855898, 0.09105523174078292, 0.03095023852244804, 0.057738108073097455, 0.08856902177588241, 0.07546724509327131, 0.2773979678630807], "(0, -1, 0, 0)": [0.8331145321966161, 0.7521348940542467, 0.8289573020337084, 0.8178193692822844, 0.7549138283117518, 0.8359300648254557, 0.8375782779969867, 0.8353933364357253, 0.826242874876233, 0.8305290444813989, 0.8559586659695062, 0.8121033510697102, 0.7990057668367025, 0.8082415149214497, 0.8182927433491202], "(-1, -4, 0, 0)": [0.001474712592481428, 0.010714927000857119, 0.0021673060637356035, 0.008993173706418018, 0.003601626017297103, 0.011331487440043034, -0.0026099032631752986, 0.003376865189801866, 0.00215519508565026, 0.0030818642831705627, 0.043940920499559964, -0.00044675790973112885, -0.002694606156489405, 0.003951403829680485, 0.0031486996667134236], "(1, -1, 0, 0)": [0.6951080917582516, 0.6965412213541127, 0.7113607792300395, 0.6894140994404117, 0.6864385678491676, 0.7169472807115054, 0.6989961278572403, 0.6995591131581504, 0.6996367507262395, 0.6931315944420671, 0.6776335778167898, 0.6945744629894567, 0.6930853085178448, 0.6689312405693075, 0.7916532330791048], "(1, -2, 0, 0)": [0.4905550377796232, 0.4882111562905615, 0.4609673021472166, 0.4509855812027349, 0.4594895182192891, 0.5292461721323432, 0.5086292133268716, 0.5140892094852383, 0.4819159071945362, 0.47434129698291055, 0.46592973936662757, 0.4711889765173691, 0.5098510548250095, 0.5332639440014537, 0.661889123607078], "(1, -3, 0, 0)": [0.09671675561790588, 0.08943701455659488, 0.08861815034150636, 0.0969698766645552, 0.09008385005500276, 0.04590220143498811, 0.09640288263770032, 0.096611997991953, 0.06322429929651505, 0.0977876903069621, 0.09641299717292091, 0.08398542474992982, 0.09179154238638174, 0.09478461761713897, 0.07377853036346692], "(-1, 0, 0, 0)": [0.4161077949685783, 0.3507369785550935, 0.4308318149648833, 0.34840133328171574, 0.28003711153516586, 0.382737418737758, 0.19238621373055503, 0.28153338058847366, 0.4119325904530222, 0.36757184680789706, 0.36023053855738374, 0.3553714049356014, 0.4948367015982782, 0.40673746747674777, 0.4152132806742187], "(-1, -1, 0, 0)": [0.10047562719775102, 0.15101620131928054, 0.08853999111816768, 0.13337133429067644, 0.14895116896657823, 0.18905702284300382, 0.2694944233668083, 0.17972874337966613, 0.10268949210309283, 0.12180242141165305, 0.07137431532678902, 0.1559258534361053, 0.0917022607686365, 0.1151583540936229, 0.09986990184372883], "(-1, -2, 0, 0)": [0.12113631784621241, 0.06641344377742273, 0.06673587623518466, 0.04969075341624822, 0.06627385375391918, 0.03527640320521916, 0.08347491180246257, 0.04738506509330245, 0.05235814845886295, 0.059530133270438976, 0.07467182205221709, 0.06575354957222607, 0.07089894791827353, 0.07675679471544351, 0.07316496239957311], "(-1, -3, 0, 0)": [0.042288250052495875, 0.0137071292753479, 0.03877163031095392, 0.041111772986210014, 0.04099481225444959, 0.021159276199206906, 0.029502977869914793, 0.03846009021571459, 0.019157584096389024, 0.04230615327686209, 0.10759617541191276, 0.040898031353472586, 0.037105250995361896, 0.01820654812031218, 0.03180567885451614], "(-1, 1, 0, 0)": [0.42340516922240273, 0.42879137044605625, 0.42853671919488096, 0.4502798500964193, 0.4397209076728958, 0.44586232139614884, 0.4430621266349281, 0.44127637644785117, 0.4456043803912906, 0.3993017858182166, 0.4438032387431387, 0.4390622002698046, 0.43964200915612417, 0.42936531275200523, 0.4163002390042986], "(-1, 3, 0, 0)": [0.15889569872810816, 0.16090186559364902, 0.14324960094824551, 0.15591994646986912, 0.1493355687049435, 0.14609146416616337, 0.13683073470077517, 0.13690506551497147, 0.14003716462261642, 0.14946962546178522, 0.14486769261356156, 0.14996408786861104, 0.15500718071037445, 0.15047944413944261, 0.14386370273586424], "(-1, 4, 0, 0)": [0.014731935162161265, 0.014003950366346107, 0.014926081692327592, 0.013942750037223702, 0.014061464978790489, 0.007398252535546404, 0.013579865214261416, 0.011392684724521207, 0.014909319781019264, 0.01519757518492539, 0.011173382099370651, 0.011863118922876715, 0.014434477237223181, 0.015015256576678543, 0.006297006086148951], "(-1, 2, 0, 0)": [0.3283520997144425, 0.32397594805938174, 0.33989640733265836, 0.33729852047747466, 0.3317245046092825, 0.3317645391096037, 0.3302770170035099, 0.3376358906134631, 0.31784406423936623, 0.3358679339027122, 0.33321878458218485, 0.34015526222011755, 0.33650645164489273, 0.33403680976193956, 0.3333736712103781], "(1, 0, 0, 0)": [0.7923845114019584, 0.7720422983125544, 0.7899592798184518, 0.7865390361437142, 0.778237912984735, 0.789571509597596, 0.7549853374916374, 0.7610349777482912, 0.7846512511583598, 0.781232135412035, 0.774755244210539, 0.7877711675577986, 0.780674088745765, 0.7710983012069853, 0.7932353025378779], "(1, -4, 0, 0)": [-0.0052294194999910875, 0.0023399674046240583, 0.0007316539942651681, 0.0029690644806034975, -0.0004622124197772486, 0.001110343002113102, 0.000994279341229024, 4.3238907917831325e-05, 0.0005456692984859238, -0.005394528792625496, -0.0010622738238996775, 0.0013569558057746215, -0.0003750985920141503, 0.0006736784231891292, 0.009488835717626093], "(1, 2, 0, 0)": [0.6344488928383298, 0.6362588356352935, 0.8371876309555395, 0.5618497111405447, 0.5342975894546892, 0.5698104331936638, 0.5851470836999265, 0.6278931217766978, 0.6343281987404956, 0.618266223176783, 0.6491930958380796, 0.5400517263522117, 0.6266160097111626, 0.6311641689668926, 0.6310190942051327],