{"q_values": {"(0, 0, 0, 0)": [0.8274547372951815, 0.7558359231591456, 0.7511136399497922, 0.747433916120001, 0.750358529689341], "(0, 1, 0, 0)": [0.500591776643324, 0.3890805591595865, 0.44733450156446997, 0.442024629494145, 0.33370230013325], "(0, 2, 0, 0)": [0.03620659484517784, 0.02208885735773824, 0.018482496302478894, 0.021911988322637917, 0.02010579577060014], "(0, -1, 0, 0)": [0.7220628900201362, 0.8134852189829581, 0.773567215765824, 0.7435162060576259, 0.8360315865932285], "(0, -2, 0, 0)": [0.04312037314690877, 0.04662073542593613, 0.04890071064497141, 0.041643742675529366, 0.04302433269524936], "(1, 0, 0, 0)": [0.8151817305219127, 0.820683335368034, 0.8316560261411159, 0.7795398463671073, 0.8905997423727651], "(-1, -1, 0, 0)": [0.5550778868865336, 0.6552864013226523, 0.6378017559282412, 0.6315064195287847, 0.6674621187284295], "(-1, -2, 0, 0)": [0.05649741364735941, 0.11360775802531888, 0.13244148765701785, 0.14342463948228115, 0.3590641895821719], "(-1, 0, 0, 0)": [0.6082915559769122, 0.5339344894421132, 0.5273206170978202, 0.531369291357202, 0.5365185039057636], "(1, 1, 0, 0)": [0.8175395267656881, 0.7427876489425618, 0.8045676686790081, 0.7817720072475989, 0.7679566909586655], "(1, 2, 0, 0)": [0.12056606880411808, 0.10070985007963433, 0.10388123772810312, 0.05007137955745551, 0.05897631006229603], "(-1, 1, 0, 0)": [0.28315743632786966, 0.17448956879568805, 0.2256204352384638, 0.13851465116115974, 0.21085412867251818], "(-1, 2, 0, 0)": [0.019553729271594215, 0.010914187939287381, 0.003076561800577353, 0.016431277950749702, 0.01323018415255466], "(1, -1, 0, 0)": [0.6363824135812561, 0.5584104335600927, 0.543582011710208, 0.5784109238975743, 0.8554082484988705], "(1, -2, 0, 0)": [0.013788865726284474, 0.012230178300871272, 0.03204758000653909, 0.008375590735821765, 0.003145708673893262], "(-2, 2, 0, 0)": [0.022508691006428418, 0.00594358235867786, 0.0046506425393704545, 0.002389706835466454, 0.0056873808816912536], "(-2, 1, 0, 0)": [0.18947377447349514, 0.12093843931648056, 0.1144918079651764, 0.1114584788005498, 0.11917854288201334], "(-2, -2, 0, 0)": [-0.0043562397360801695, 0.010255834493387106, 0.036040407486190564, 0.0, 0.0059502656754170866], "(2, -1, 0, 0)": [0.3430606116059895, 0.25724759211209797, 0.34427274380240724, 0.3558668674062869, 0.4721842274735862], "(2, -2, 0, 0)": [0.0028128070570767353, 0.015409491434148964, 0.007701747138996095, 0.014885387883630441, 0.004543897648895805], "(-2, 0, 0, 0)": [0.24341576265476242, 0.247580579293906, 0.23088157394506872, 0.2526941952908639, 0.2459332728197986], "(-3, 1, 0, 0)": [0.03408376920502035, 0.07306827299863891, 0.07428796458377503, 0.061491625110810605, 0.06584838110883728], "(-3, 2, 0, 0)": [0.00012368019089517394, 0.004393349109345471, 5.467818975057968e-05, -0.0006986398300803387, 0.0033870122234695207], "(2, 1, 0, 0)": [0.9097439599392669, 0.8111799030645919, 0.7452851972949873, 0.7991955215522544, 0.7979659987745407], "(2, 0, 0, 0)": [0.7394243926815565, 0.7303862675940381, 0.7277193321928525, 0.7848614770405726, 0.9133355953301558], "(-3, 0, 0, 0)": [0.06581225453235497, 0.05954925177781596, 0.1512851108625475, 0.0483456909819067, 0.0645135384844811], "(-2, -1, 0, 0)": [0.12054995377078359, 0.0966700743129482, 0.09532532584371436, 0.0689239451788611, 0.07459774752719286], "(-3, -1, 0, 0)": [0.09168581227462347, 0.0, 0.0, 0.010703358506400314, 0.014145150379240341], "(-3, -2, 0, 0)": [0.009135829837904192, 0.0, 0.005564506555544577, 0.0, 0.004610109451953786], "(3, -2, 0, 0)": [-0.0006215408009760254, 0.0007461668393110932, 0.0075201871864764465, -0.00077778458854746, 0.026756955485232083], "(3, -1, 0, 0)": [0.15523358253992442, 0.08574253642398627, 0.16306600456780862, 0.17687081402765603, 0.4028192102913194], "(3, 0, 0, 0)": [0.6197490047119791, 0.5543448046881908, 0.5703298014092507, 0.5709367260556806, 0.7608695880619438], "(2, 2, 0, 0)": [0.35106222611766563, 0.1752524386807133, 0.2267922738769982, 0.19890913227346027, 0.21823251037399424], "(3, 1, 0, 0)": [0.7380831449605462, 0.8001899114104664, 0.7021778492445883, 0.6879248651162677, 0.73055752123201], "(3, 2, 0, 0)": [0.48378886584645614, 0.0, 0.0, 0.1446583119562025, 0.0], "(4, 1, 0, 0)": [0.4483615829930994, 0.0, 0.050549604666024185, 0.0, 0.0], "(4, 0, 0, 0)": [0.2611520570396219, 0.179914766624476, 0.4030813465388486, 0.13546718029640195, 0.106891495147694], "(4, -1, 0, 0)": [0.0468149241399207, 0.07233229149389597, 0.03592454055508462, 0.045232217637010776, 0.024280154856356383], "(4, -2, 0, 0)": [-0.0032578429388881967, -0.003875503146241717, -0.006549037318262696, -0.004272459301272174, -0.0065489437811392754]}}