{"q_values": {"(0, 0, 0, 0)": [0.9120648173211998, 0.9363630849315693, 0.9319380394443646, 0.9309088281340271, 0.9170091639337639], "(0, 0, 0, 1)": [0.931752692337511, 0.9334616985188111, 0.9231822359892162, 0.8692672996910711, 0.8800724968214699], "(0, 0, 0, 2)": [0.9199121680673228, 0.8917941836275072, 0.9157574101758882, 0.92380252126243, 0.8945992017920845], "(0, 1, 0, 2)": [0.5830925698003979, 0.4973890058835603, 0.44267544879943943, 0.3034218061706772, 0.22594200422230934], "(0, 1, 0, 3)": [0.18183287741103782, 0.18417999899149692, 0.18245096463483806, 0.1863867685776569, 0.17095552020992455], "(0, 1, 0, 4)": [0.13123141739484304, 0.12733534735224342, 0.13056519095711216, 0.12679417856085134, 0.1295634565655169], "(0, 1, 0, 5)": [0.09469415513495157, 0.09549555164987826, 0.08777677747066343, 0.09258846733394273, 0.052578910354630234], "(0, 2, 0, 5)": [0.039662512967014625, 0.032654476484556015, 0.0290582416667632, 0.01934647966306335, 0.008251780483549923], "(0, 2, 0, 4)": [0.07520885103746133, 0.05877391598168308, 0.061717388283703024, 0.04525149723684963, 0.027995521250589437], "(0, 2, 0, 6)": [0.0015195931480260381, 0.0019732919447356446, 0.005052021535424199, 0.0019468647860762032, 0.0014216577294464206], "(0, 3, 0, 5)": [-0.01499313052996556, -0.014236920412895305, -0.01424199680645621, -0.014243272374029389, -0.014248386560606577], "(0, -1, 0, 1)": [0.9372733494846914, 0.9425710808826918, 0.9442535037992725, 0.9451421678144267, 0.944127647442763], "(0, -1, 0, 0)": [0.7411535057581037, 0.8905002791969696, 0.9215059817246561, 0.9292731894933423, 0.9157978110980168], "(0, -1, 0, -1)": [0.5655007261907946, 0.6287969420373928, 0.8167086777409135, 0.8239098557316179, 0.9293792646818685], "(0, -1, 0, -2)": [0.25231095987961, 0.293260725909725, 0.4146973256283523, 0.5221368778609174, 0.6080172920917388], "(0, -2, 0, -3)": [0.09241219295214317, 0.09733404085895589, 0.10933034996305853, 0.11000999964164704, 0.14269546860374935], "(0, -2, 0, -5)": [0.029251491377734494, 0.02560347366567938, 0.028779531389491353, 0.02903352797221411, 0.027316504809640003], "(0, -2, 0, -4)": [0.035645996736570276, 0.053761365730241775, 0.06005999660225514, 0.06565162131549512, 0.08492685388771763], "(0, -2, 0, -6)": [0.006070375469446613, 0.006948095282507841, 0.004107177392274697, 0.00638375666557949, 0.006158162505763997], "(0, -2, 0, -7)": [0.0016512076043170734, 0.0029535492497846884, 0.002450925434258492, 0.0010289528506826425, 1.8097407406504704e-05], "(0, -2, 0, -8)": [-0.0019009424808534919, -0.004065006377685168, -0.003914485681897924, -0.006204572222610011, -0.0023470769635503524], "(0, 1, 0, 0)": [0.9425437029363517, 0.9397226012598835, 0.9354732881044744, 0.8890931073492385, 0.7390152282380783], "(0, 1, 0, 1)": [0.897575982388727, 0.8276876408749035, 0.8072858098076567, 0.6169557084191437, 0.41443621075170817], "(0, 2, 0, 7)": [-0.004780359382385028, -0.004534282946200769, -0.004482030919438776, -0.004652143766796091, -0.006938656130210728], "(0, 2, 0, 8)": [-0.009733161108780622, -0.010092459997310472, -0.009487873444015844, -0.008098636441489395, -0.010494587018617949], "(0, -1, 0, -3)": [0.19515886970606952, 0.2000345330965167, 0.20503846345600835, 0.20587489783463167, 0.20439666151169034], "(0, -1, 0, -4)": [0.15731103013898218, 0.15946792969419993, 0.15800712069993358, 0.1558733697185599, 0.15541815001394876], "(0, -1, 0, -5)": [0.10067559860536687, 0.10522452206717302, 0.10214894180052018, 0.10502872862612384, 0.10050398137744757], "(0, 0, 0, -1)": [0.913497376221607, 0.9238134833294407, 0.9338503859867168, 0.9314726258813885, 0.9366538682802756], "(0, 0, 0, -2)": [0.9157705404994391, 0.9139750293425014, 0.9361119047252153, 0.9389777089079513, 0.9449234994410501], "(0, 0, 0, 3)": [0.9223203346031505, 0.4895029030199051, 0.34570064810019646, 0.3401456219082157, 0.24223516198975598], "(0, 2, 0, 3)": [0.1090072426903306, 0.10278424898332407, 0.1018116654110752, 0.0933290201136778, 0.079779797814952], "(0, 1, 0, -1)": [0.9404208766026598, 0.9406755525576103, 0.9406068481936214, 0.9382718767067663, 0.9391746542403967], "(0, 1, 0, -2)": [0.2587171161276837, 0.11276972695551238, 0.9468350220758215, 0.26490116320195956, 0.4217296012200953], "(0, -1, 0, 2)": [0.8398899784676134, 0.9473043321864307, 0.9018554538379517, 0.5880613674309693, 0.8145084851159285], "(0, -2, 0, -9)": [-8.65871132280367e-05, -0.004947690733395296, -0.006474145175549563, -0.006896897353485374, -0.0052463797427588], "(0, 0, 0, -3)": [0.10841065936541952, 0.3442877417027544, 0.3128120773414283, 0.8133799749645031, 0.32961884318994883], "(0, 3, 0, 7)": [-0.008966148466020823, -0.008965027150642128, -0.007533519924245775, -0.007531887888722122, -0.007539534420147538], "(0, 0, 0, -4)": [0.0067643868353461055, 0.039124251984725626, 0.003213284669203872, 0.04589234726902548, 0.21802504098721204], "(0, -1, 0, -6)": [0.030465491224793053, 0.02127275245942052, 0.045676368376473084, 0.05924045712216605, 0.07556564686234103], "(0, -1, 0, -7)": [0.00902681740626721, 0.0022157731130174833, 0.011731406503417184, 0.02990269658685217, 0.0011375301212523381], "(0, -3, 0, -7)": [-0.008973016415201129, -0.008974558709356935, -0.00897011922409758, -0.008966046100053936, -0.010257315330302344], "(0, 1, 0, 6)": [0.07464562318415452, 0.009550268407119183, 0.035186427644746804, 0.009262819703736122, 0.00753742626661536], "(0, 1, 0, 7)": [0.004110249645329903, 0.007515117457485541, 0.0, 0.0010410555572764948, 0.001894521494023502], "(0, 1, 0, 8)": [0.0027343954469290343, 0.0, 0.0, 0.0, 0.0], "(0, 2, 0, 9)": [-0.008043404196475838, -0.008325811249288623, -0.006773499566842161, -0.008568992220716207, -0.0037750710013278047], "(0, -2, 0, -2)": [0.17393799325473072, 0.18168712709510135, 0.1815717383957483, 0.1814962690490874, 0.18085596935389686], "(0, -2, 0, -1)": [0.11010920851695066, 0.21932796171666225, 0.14301194028873984, 0.10113445299465923, 0.1194841060233762], "(0, 2, 0, 2)": [0.24712495471251553, 0.2172422697986089, 0.2100776617521964, 0.20241300408218368, 0.1931795211345246], "(0, 0, 0, 4)": [0.03269470866269185, 0.21091804541797593, 0.06950419525593293, 0.06909783172159717, 0.022264777545761373], "(0, -3, 0, -6)": [-0.01632898287122474, -0.016322893412741835, -0.016319568939661425, -0.016316322655930412, -0.016870444862012952], "(0, 0, 0, 5)": [0.0, 0.0, 0.0, 0.011394351388244026, 0.002474981667448537], "(0, 0, 0, -5)": [0.003045801583348206, 0.0, 0.0, 0.0, 0.0], "(0, -1, 0, 3)": [0.0, 0.001774967615854871, 0.09019487091873425, 0.0009832593612372875, 0.0221980370392151], "(0, -1, 0, 4)": [0.0, 0.005701448720575185, 0.0, 0.0, 0.0], "(0, -3, 0, -9)": [-0.002196987718343735, -0.0021947821602225303, -0.0021954622119665147, -0.004167320542037487, -0.0021944431588053702], "(0, 2, 0, 1)": [0.25842766654626675, 0.27733721627584124, 0.27721694989320556, 0.22814160097068875, 0.27492088776030765], "(0, 3, 0, 8)": [-0.008976980794779958, -0.008977204383704812, -0.00898123039642349, -0.007541983412578702, -0.007544217169284821], "(0, 3, 0, 6)": [-0.012460262695056833, -0.011413142188506947, -0.011415651324373112, -0.011419763739681617, -0.011420415580836684], "(0, -3, 0, -5)": [-0.012456040500405842, -0.012452295325628929, -0.013393201420370298, -0.013388298454909726, -0.013382595867257633], "(0, -3, 0, -8)": [-0.0075413089619949455, -0.007541581653803586, -0.007539233591966331, -0.007539533770643175, -0.007540135725960136], "(0, 2, 0, 10)": [-0.0045385924146663405, -0.004764770480523896, -0.003939419649723918, -0.004609036006419517, -0.001980408549588173], "(0, 3, 0, 4)": [-0.0124328629861434, -0.012434706420493909, -0.011392793486986123, -0.011394429553235694, -0.011398835499997623], "(0, 2, 0, 0)": [0.013967729031014366, 0.004800522147533978, 0.2400747069618334, 0.028214675458062218, 0.001492495091590514], "(0, -3, 0, -4)": [-0.00894819979345426, -0.00894580994926393, -0.00894429954778403, -0.008943322296701372, -0.008937590683270246],