{"q_values": {"(0, 0, 0, 0)": [0.8178187705440733, 0.7435342470627816, 0.7662688118706888, 0.7345498733063633, 0.7031315661249059], "(0, 1, 0, 0)": [0.6557851606230966, 0.49545259031294553, 0.5430135739414326, 0.48610906443650737, 0.3886028577068851], "(0, 2, 0, 0)": [0.0599576910587887, 0.026595271977256932, 0.02020745879049508, 0.030247763157501873, 0.02010579577060014], "(0, -1, 0, 0)": [0.7267096437064394, 0.7398727295466063, 0.8033526257266648, 0.7266429457098548, 0.8341014512652508], "(0, -2, 0, 0)": [0.040251855686553456, 0.09868225254387371, 0.11613460936191981, 0.041643742675529366, 0.17213117909320977], "(1, 0, 0, 0)": [0.8099139251761698, 0.7962298021882231, 0.824859805703972, 0.8226561680718852, 0.8665751343527875], "(-1, -1, 0, 0)": [0.6243446163464665, 0.6053758502459492, 0.645715706267583, 0.6109967127876624, 0.7078830523677802], "(-1, -2, 0, 0)": [0.05649741364735941, 0.11360775802531888, 0.13244148765701785, 0.14342463948228115, 0.28439476295007343], "(-1, 0, 0, 0)": [0.4878174754069051, 0.48854016718248294, 0.4836573983928906, 0.4462938781651815, 0.4553035719334992], "(1, 1, 0, 0)": [0.8317054140162633, 0.7956748429095671, 0.7743760883316624, 0.7283006407731526, 0.7210540419323772], "(1, 2, 0, 0)": [0.08196011890631634, 0.08591761652703973, 0.07573356222421901, 0.12776554194853534, 0.05897631006229603], "(-1, 1, 0, 0)": [0.2087522210169169, 0.21365344281681842, 0.21285638897582124, 0.18717530322302278, 0.1963607331624974], "(-1, 2, 0, 0)": [-0.0004764811683336855, 0.008636968091014224, 0.003076561800577353, 0.009443435835218327, 0.00885558183187904], "(1, -1, 0, 0)": [0.6288390921895027, 0.6344445514023908, 0.6974146793605842, 0.626359887122212, 0.8614166831424643], "(1, -2, 0, 0)": [0.006848623033299881, 0.01459944524178307, 0.008162066841442911, 0.008375590735821765, 0.003145708673893262], "(-2, 2, 0, 0)": [0.028836480383922624, 0.014333427303241986, 0.0046506425393704545, 0.002389706835466454, 0.015845833943881716], "(-2, 1, 0, 0)": [0.19251716572717828, 0.18796576947777677, 0.1866353862135733, 0.17321625036633317, 0.20701005501088082], "(-2, -2, 0, 0)": [-0.0043562397360801695, 0.010255834493387106, 0.02992085111339616, 0.0, 0.0059502656754170866], "(2, -1, 0, 0)": [0.3644647325195075, 0.33429006938143657, 0.3163056607317708, 0.28199018520750774, 0.35884610916263243], "(2, -2, 0, 0)": [0.0028128070570767353, 0.013423532095344092, 0.007701747138996095, 0.020025271992291448, 0.039622471160732066], "(-2, 0, 0, 0)": [0.24341576265476242, 0.247580579293906, 0.23088157394506872, 0.3087006650541942, 0.2459332728197986], "(-3, 1, 0, 0)": [0.07042655831574432, 0.10225530905564387, 0.05738722391751995, 0.061491625110810605, 0.06384903198166006], "(-3, 2, 0, 0)": [0.0049295933202676955, 0.012088279077633116, 0.006470740385599237, -0.0006986398300803387, 0.0033870122234695207], "(2, 1, 0, 0)": [0.8938595022339817, 0.7984926393322856, 0.7857580869790968, 0.7976785199531362, 0.776539727232011], "(2, 0, 0, 0)": [0.7616890445921416, 0.7889715466395666, 0.7454804328130078, 0.7939384543760059, 0.9045482423425109], "(-3, 0, 0, 0)": [0.06581225453235497, 0.05954925177781596, 0.1512851108625475, 0.0483456909819067, 0.0645135384844811], "(-2, -1, 0, 0)": [0.11621956547928768, 0.0966700743129482, 0.09532532584371436, 0.0689239451788611, 0.07459774752719286], "(-3, -1, 0, 0)": [0.09168581227462347, 0.0, 0.0, 0.010703358506400314, 0.014145150379240341], "(-3, -2, 0, 0)": [0.009135829837904192, 0.0, 0.005564506555544577, 0.0, 0.004610109451953786], "(3, -2, 0, 0)": [-0.0006215408009760254, 0.008128973400096336, 0.02318104031881869, 0.005925672704686493, 0.04427023427991784], "(3, -1, 0, 0)": [0.14524531846136912, 0.18254047488238878, 0.14551990644830493, 0.1753696563654823, 0.14608612460955275], "(3, 0, 0, 0)": [0.4808840622331546, 0.4837418908821295, 0.43710157883692274, 0.4758687502679426, 0.7462062937952286], "(2, 2, 0, 0)": [0.323004105945178, 0.2396936219421113, 0.25645169096649334, 0.27594793685267904, 0.19342659068112397], "(3, 1, 0, 0)": [0.777294886650709, 0.5602920552496276, 0.5308121485618538, 0.5417767425829164, 0.6201306878066709], "(3, 2, 0, 0)": [0.4543752928098886, 0.0, 0.09669206964488004, 0.21123174718979948, 0.09570310017633328], "(4, 1, 0, 0)": [0.3720203918607021, 0.0, 0.050549604666024185, 0.0, 0.0], "(4, 0, 0, 0)": [0.3897394030990452, 0.179914766624476, 0.19869755943538522, 0.13546718029640195, 0.1752543837856543], "(4, -1, 0, 0)": [0.0468149241399207, 0.12936448135536163, 0.03592454055508462, 0.052116782550603875, 0.024280154856356383], "(4, -2, 0, 0)": [-0.00446656220062441, -0.008207266466524445, -0.006549037318262696, 0.011003648471843696, -0.0065489437811392754], "(4, 2, 0, 0)": [0.10535321129351348, 0.0, 0.0, 0.0, 0.0]}}