{"q_values": {"(0, 1, 0, 0)": [98.83173918006571, 97.23788252018937, 98.86120675036777, 98.92826320125658, 98.79459261989112, 98.79162242884453, 98.8291708104282, 98.87216593967919, 98.84667987194658, 98.84558948483391, 98.82762899405478], "(0, 2, 0, 0)": [95.29992463271478, 98.73887587131372, 88.58111985206884, 98.43134685986755, 98.45109032442781, 97.999315038777, 98.17768741322455, 98.4359532606494, 98.41324808703308, 98.44173281002645, 98.21267748023845], "(0, 3, 0, 0)": [83.7420920174745, 87.14671945669329, 96.47391496922558, 96.89958679556527, 96.0346356139072, 95.51002219798141, 95.91991803329331, 96.2137929239671, 96.25822410393626, 95.86648943994007, 96.18878621458784], "(0, 4, 0, 0)": [95.06445966511984, 89.72477211679477, 90.25000107170067, 88.78665125015695, 83.05371733777139, 76.75101413701054, 85.02529044442866, 85.83833508961644, 87.50442265172526, 84.31511239646206, 78.77108388959344], "(0, 5, 0, 0)": [54.81333066835734, 55.375494010755396, 49.03752567761274, 54.774981313777275, 55.09108473496323, 54.333162646562656, 51.4819475974779, 55.05241160528689, 53.157045458194204, 55.54579489164225, 54.95595965458858], "(0, 6, 0, 0)": [44.69725117060708, 41.02046055356331, 40.1594695265103, 40.28357693354747, 37.21357844624446, 32.45848941412035, 38.701408568353, 35.796538091490305, 27.282695035405464, 41.44430135623679, 40.22150847011479], "(0, 7, 0, 0)": [12.414595878579338, 12.845631549364967, 11.511542056016275, 9.82856276695873, 12.298198209045955, 8.506150606623496, 13.747442328399847, 11.522660960288865, 12.960089120132894, 10.1913293082176, 10.351271237931053], "(0, 8, 0, 0)": [-1.3961730442031306, -0.06866266049688491, 0.06618811664478763, -0.4478923104715757, 0.13746461101690477, -0.8973178199126737, 0.028296888428927747, -0.08978975489539864, -0.06069697380865785, 0.029463107405923672, -0.501872419527246], "(0, -4, 0, 0)": [83.06519164103992, 83.88124920711606, 80.22453289231379, 73.29085946745376, 84.31848908478271, 80.81546524315586, 83.87230045550504, 85.53917920041923, 77.484375926573, 89.74697929167837, 72.26428113659756], "(0, -5, 0, 0)": [43.31805791459633, 52.657645041010824, 51.86074927306795, 51.29635583218255, 52.00657986180659, 54.18077010282698, 49.44956102107574, 48.07826036474621, 53.02278632764635, 50.49281730977405, 51.48643002948517], "(0, -6, 0, 0)": [20.269417281293077, 23.593879494629704, 21.37312198709089, 17.305783564376238, 23.09400195304398, 26.645523733787044, 30.489083122608793, 25.44077166961112, 36.973603206487624, 22.61258790679464, 19.20843744759337], "(0, -7, 0, 0)": [5.624215032980241, 7.228043608537562, 7.8252509554449, 6.791709551593322, 6.802249495162086, 7.942969372667571, 6.47021542571239, 8.3430390232645, 6.359977151156618, 6.632721399962379, 10.33890738886698], "(0, -8, 0, 0)": [0.4327076077165823, 0.5335068996265253, 0.7676071888085014, 1.5427619541760986, 1.8136613249758817, 1.0705474159932393, 1.2956556116623879, 2.1059505334624857, 0.38900298246806525, 0.930374298482421, 1.916733730326197], "(0, 0, 0, 0)": [98.91861482805345, 98.92183769199568, 98.95878957247463, 98.92622094549411, 98.94094918200022, 98.5533065678206, 98.92779796388729, 98.92425996888056, 94.88956774736823, 98.92637145822937, 98.93444596527776], "(0, -1, 0, 0)": [98.81042426517595, 98.783793027165, 98.85370800148387, 98.82207915470612, 98.85963631422915, 98.87622805521885, 98.82781567528173, 98.82870875169255, 87.21682192746825, 98.94375711965797, 98.82061977318267], "(0, -2, 0, 0)": [98.03791889291769, 98.3136364391897, 97.9321610038463, 98.29800580956477, 98.23573269889737, 97.9707303100412, 98.28962422623422, 98.42028083981207, 98.69261351447778, 98.04612334456647, 97.90728561475458], "(0, -3, 0, 0)": [95.57949216065923, 93.53637121283595, 93.39657039520846, 94.32085457864453, 96.16803530293795, 81.06271605374023, 84.19675131734014, 94.66169240247699, 94.2434252808489, 94.23433071621358, 95.97752668684895], "(-1, -6, 0, 0)": [0.2595784951302859, 0.47508106593827093, 0.4622718438968064, 0.4484103312794398, 0.177295982837677, 0.4433494825305533, 0.17904367446899416, 0.0, 0.2680999318550144, 0.9801509762760626, 0.40658847302973694], "(-1, -7, 0, 0)": [0.6756735639234944, 0.21519471958567538, 0.2174213583796207, 0.33863888590335844, 0.26334419938039844, 0.0, 0.17548352479934692, 0.8470805569692905, 0.36956991522312166, 0.21805952671450377, 0.0], "(-1, -8, 0, 0)": [0.0, -0.10996090925159108, 0.0855947861796856, 0.0, 0.0, 0.16657189130783082, -0.43758244514465333, 0.0, -0.43633313179016114, 0.3684382829791546, 0.0], "(1, -7, 0, 0)": [3.4955750285608063, 2.97918058895609, 3.1007246558735506, 2.9949890600883715, 3.4036848538270728, 2.864767067811492, 3.468261802845545, 1.6030295464642408, 2.23819119934023, 3.512185186490107, 3.4040064584842535], "(1, -8, 0, 0)": [-0.005049177587862386, -0.36495195909099754, 0.382095843361721, 0.6893053507506925, 0.25587926327449245, 0.24437708424958182, 1.2513157452072243, 0.008598115671822226, 0.9316234258606743, 1.166002486321328, 0.2082045975673178], "(-1, -3, 0, 0)": [2.147833152061894, 2.2427637813580823, 2.3523490659275565, 0.28963522189098984, 1.2258871017104926, 0.2826923119703497, 4.737200810164154, 2.7416528490964214, 8.442353375061368, 1.9764353938095993, 0.323304004427666], "(-1, -4, 0, 0)": [0.7460297892992609, 0.8025670548018868, 0.6125329607377599, 0.5469522043933925, 0.5119635265758727, 0.44661120721521147, 1.8899233409589744, 1.5605623874867418, 0.4269477095796697, 1.2344491328769138, 0.6312655826442187], "(-1, -5, 0, 0)": [0.49747444663434914, 0.42093560241946043, 0.0, 0.2843765771642805, 0.6788702651421678, 0.45148836167147877, 0.2759503391983182, 0.0, 0.4155682397935244, 0.23144150060958865, 0.0], "(-1, 3, 0, 0)": [23.814786396858278, 27.14836991366508, 29.79975065867099, 31.26792925569616, 28.469464127221322, 27.277138296793826, 31.272350714235827, 29.324676797906644, 28.841541892307266, 25.90431346057781, 28.665783434191205], "(-1, 4, 0, 0)": [21.48664409278823, 23.113833447713137, 15.078338869129896, 20.110246549593352, 20.477964909741182, 22.462335744479134, 20.542566988420003, 22.171633240409818, 19.974015666574, 21.298478923688087, 22.36054412949324], "(-1, 5, 0, 0)": [14.201158582097795, 16.156160272979353, 12.176716172152556, 12.47166359871875, 13.259696696716395, 12.12968582776799, 14.512481315041324, 12.827472085415023, 15.487892486379858, 15.278152269952152, 13.318760897402768], "(-1, 6, 0, 0)": [8.905626838511932, 5.151611976083469, 8.95473444565262, 8.706617104215384, 10.184400956629952, 9.635309662194, 9.566693872297575, 7.0871557847457645, 5.816039467867118, 10.548890968846504, 9.55708613680218], "(-1, 7, 0, 0)": [6.007347021025185, 6.07631144430397, 6.13538595239069, 4.9043773532609745, 5.806907648328479, 4.739321009480609, 5.311672802467444, 6.41736050826424, 6.034208873598929, 5.828780308435517, 3.991106304809296], "(-1, 8, 0, 0)": [0.6404463197492191, 0.6223714464548031, 0.4114280777156084, 0.5774357637900809, 0.5868379147233633, 0.09120516098722764, 0.6722353607212463, 0.6122625701462614, 0.1074378076540492, -0.1929718529028529, 0.3914822750587713], "(1, -3, 0, 0)": [19.844481598347638, 21.600124002952544, 26.42227920324156, 22.33154802072656, 22.33062060361711, 21.391735566009114, 24.087511319954434, 24.295541395410904, 24.514040340711635, 22.009951372525705, 24.192294625807943], "(1, -2, 0, 0)": [30.488563993741142, 31.668856962320024, 36.76007943522361, 35.339783648603905, 25.960728082246334, 22.16896520449834, 32.35906747793962, 24.067926673225617, 14.412718103911365, 25.73712273092834, 28.17183301199123], "(1, -4, 0, 0)": [10.130816190745838, 9.327953661828666, 6.888461976100869, 10.780482436799229, 10.436910888965711, 11.819511146464768, 9.67441794596044, 9.362078581018222, 8.119333888304938, 6.516226002559711, 11.7866785756483],