{"q_values": {"(0, 1, 0, 0)": [42.92014376986614, 43.424392423935906, 42.330245868981926, 44.0507121256171, 45.34823224415515, 42.67012586059494, 42.801966583190314, 42.94867602404645, 43.55650023349197, 44.16958697989757, 43.64928151903398], "(0, 2, 0, 0)": [39.45293941576731, 40.0941404285103, 40.2892468923956, 39.31153159386378, 39.70996904826812, 40.09406254497265, 40.378981615386614, 40.2511349170511, 39.92300396869786, 40.00640981507371, 40.62903146669158], "(0, 3, 0, 0)": [35.27912454820918, 36.906328290258166, 36.24473265868858, 39.51633426694495, 33.70700797355917, 36.605917540462265, 37.14166808220249, 36.136370422696736, 33.2378642888432, 35.77914375997442, 36.45360200328426], "(0, 4, 0, 0)": [25.289766643302002, 23.76676949390371, 25.709831671397776, 23.29544335896813, 26.246253275114675, 22.64574482685245, 26.53723259708849, 25.625088687464284, 25.482495798133638, 28.971750680292324, 22.90782851075807], "(0, 5, 0, 0)": [14.263298697237081, 17.912150354411235, 15.08940069693541, 15.056800951661872, 15.353101811950472, 15.4789529094299, 14.758689491066983, 14.034699646693804, 15.74776191863219, 15.925227998860082, 15.941448286899123], "(0, 6, 0, 0)": [10.059114290499192, 9.587440350915664, 9.55653706023912, 11.171475659344758, 9.777574159953506, 9.656653252918087, 9.965688228659602, 10.901282514986418, 9.821812559951129, 9.633220266496275, 9.914357079014122], "(0, 7, 0, 0)": [6.82176045164956, 6.649015490346833, 6.2183095288202646, 4.993371402461489, 6.100923225440667, 5.1616360302207696, 6.048921481918867, 7.026343730883323, 5.565022376891119, 4.118327440174448, 5.246221772946529], "(0, 8, 0, 0)": [1.5770303536557604, 0.9343709303904131, 0.23647801799244028, 1.218749506682214, 1.6624604979513184, 0.24322169466242505, 0.6434177329012927, 1.0858803611869507, 2.6050897072374957, 0.17895334695179987, 0.6784178359269036], "(0, -4, 0, 0)": [32.5313853627168, 34.96237875972075, 38.229618647989405, 34.24540623471927, 37.143071285314285, 40.231068821970815, 29.339089918853553, 38.001630029789354, 38.69454334899081, 41.16036277431473, 43.69463524015756], "(0, -5, 0, 0)": [19.632638987399737, 18.6612336857893, 19.86761148220684, 19.793283334975158, 18.0515208647508, 20.020736163009108, 16.78102664686973, 18.632297365257966, 19.898579302925352, 19.744828835535973, 19.400861059919738], "(0, -6, 0, 0)": [10.063259537774929, 11.537508951220705, 11.116627959202612, 10.061771737425374, 10.933503128647839, 11.160309012993544, 11.471957348816066, 11.229278014529717, 11.165828079944443, 11.226225337489918, 11.005951204895073], "(0, -7, 0, 0)": [4.256630270361598, 5.69339264698325, 6.0322068043160515, 6.815258076827616, 5.454199480538354, 4.020820350792726, 5.071823070237938, 5.105987785219922, 4.068586151844642, 4.804987020007144, 6.052205214345558], "(0, -8, 0, 0)": [-0.04693604340084412, 0.5130174084103551, -0.3985484377213666, 0.40109545961056314, 0.5672132709222668, 0.5969936843189682, 0.0551734570257405, 0.9617597401852894, -0.22612914013142427, 0.2651531934442326, 0.36821194169550964], "(0, 0, 0, 0)": [47.28590345069816, 47.654598132625246, 45.80551173745517, 47.14374028730129, 46.83299053119297, 48.80857221371978, 47.596090791723356, 46.715025201276, 46.16409490159716, 46.07815251576752, 45.947746032569626], "(0, -1, 0, 0)": [48.26100546466115, 47.485715155691075, 49.99479026933615, 49.16966114716076, 48.4058903271928, 48.676677752284164, 48.81439223774236, 49.31011041024787, 47.71234540995764, 49.26126705410752, 48.422650134446876], "(0, -2, 0, 0)": [48.89697805460947, 48.33371768082273, 48.85736084678697, 48.930629629901624, 49.29290470444876, 49.34368131311081, 49.67656036188431, 51.17852573549242, 49.16803697378193, 48.1654168115087, 48.684150984126475], "(0, -3, 0, 0)": [40.65408033101321, 46.409631832041924, 42.81962215242628, 46.21384166616804, 46.05352423285833, 45.01651979197829, 45.51844888817265, 45.58141835759946, 38.92605989197083, 46.23927555968545, 43.96330359698746], "(-1, -6, 0, 0)": [0.2595784951302859, 0.2609484006020876, 0.4622718438968064, 0.4484103312794398, 0.177295982837677, 0.4433494825305533, 0.17904367446899416, 0.0, 0.2680999318550144, 0.4375213467309329, 0.40658847302973694], "(-1, -7, 0, 0)": [0.43211739161920615, 0.21519471958567538, 0.2174213583796207, 0.33863888590335844, 0.26334419938039844, 0.0, 0.17548352479934692, 0.4489112729231548, 0.36956991522312166, 0.21805952671450377, 0.0], "(-1, -8, 0, 0)": [0.0, -0.43610873222351076, 0.0855947861796856, 0.0, 0.0, 0.16657189130783082, -0.43758244514465333, 0.0, 0.0, 0.20073171226978304, 0.0], "(1, -7, 0, 0)": [0.0, 0.44510975154405197, 0.17175499200820923, 0.24443930296025995, 0.27513874435341923, 0.2438404550942016, 0.0, 0.0, 0.0, 1.211429324883525, 0.0], "(1, -8, 0, 0)": [-0.2724125500991058, -0.43531851768493657, 0.0, 0.46449949903532206, -0.43567562103271484, -0.436513614654541, -0.4384682655334473, 0.16985037326812746, 0.23940327076040033, 0.5399240506671934, -0.27422919048309324], "(-1, -3, 0, 0)": [0.19352160692214967, 0.24188812949509622, 0.5550584903063294, 0.28963522189098984, 0.6737302412078958, 0.2826923119703497, 0.4685510409704413, 0.28077126619016785, 0.9620249907395579, 0.0, 0.323304004427666], "(-1, -4, 0, 0)": [0.7460297892992609, 0.8025670548018868, 0.6125329607377599, 0.5469522043933925, 0.5119635265758727, 0.44661120721521147, 0.7046384486077334, 1.1780854259847955, 0.4269477095796697, 1.1386591221827072, 0.6312655826442187], "(-1, -5, 0, 0)": [0.22018123693466185, 0.42093560241946043, 0.0, 0.2843765771642805, 0.6788702651421678, 0.45148836167147877, 0.0, 0.0, 0.4155682397935244, 0.23144150060958865, 0.0], "(-1, 3, 0, 0)": [0.19533696174621584, 0.0, 0.5080150636950299, 0.0, 0.0, 0.0, 0.0, 0.4169703525918845, 0.0, 0.4292299767900467, 0.503759676803229], "(-1, 4, 0, 0)": [0.38235665373802186, 0.0, 0.2719123628825014, 0.0, 0.2606891051174546, 0.0, 0.307494283405531, 0.5920864751422671, 0.0, 0.0, 0.0], "(-1, 5, 0, 0)": [0.0, 0.18754918575286866, 0.2580416336895371, 0.0, 0.25931914004100803, 0.0, 0.2566940322758103, 0.0, 0.0, 0.362437128238678, 0.2189145469903946], "(-1, 6, 0, 0)": [0.0, 0.0, 0.0, 0.0, 0.3616574812173844, 0.0, 0.0, 0.0, 0.17834804058074952, 0.0, 0.21235738391876222], "(-1, 7, 0, 0)": [0.17034597396850587, 0.0, 0.17138237953186036, 0.2090809881210327, 0.0, 0.0, 0.0, 0.0, 0.0, 0.0, 0.17446818351745608], "(-1, 8, 0, 0)": [0.0, 0.0, 0.0, -0.07519015216827385, 0.0, 0.0, 0.0, 0.0, 0.0, 0.0, -0.43530840873718263], "(1, -3, 0, 0)": [1.480605635928891, 1.3116663125094408, 0.0, 2.670222995712055, 2.021399421976573, 0.417692044069398, 1.4261319440098503, 1.2572783566767178, 3.926399222221565, 1.3956201673543411, 2.147347226372566], "(1, -2, 0, 0)": [0.7881803102265934, 0.4974336642143536, 0.2767853402493954, 1.1725133461835446, 1.3270459815011624, 0.0, 0.0, 0.39121748052625316, 0.6594774421205234, 0.61226429253595, 0.2959379972206798], "(1, -4, 0, 0)": [0.3037851392193705, 0.23061750030517578, 1.8320357679966015, 1.5474009862962008, 1.8529055761569666, 4.236857410969637, 0.0, 0.5698850277570244, 1.8866331892243515, 0.9943044975141722, 0.1930708885192871], "(1, -5, 0, 0)": [0.3570902303593439, 0.0, 0.4132313124960771, 0.42744051140535416, 0.0, 0.18812568187713624, 1.1519114139435822, 0.5433763177543443, 0.3058680222631114, 0.0, 0.0], "(1, -6, 0, 0)": [0.0, 0.4154537598822359, 0.0, 0.31238317251110637, 1.0587680962278423, 0.0, 0.0, 0.21541868386268614, 0.3569447090387345, 0.0, 0.0], "(-1, 2, 0, 0)": [0.2856097896906589, 0.0, 0.0, 0.19836268424987794, 0.23777800636291505, 0.6405140783714671, 0.0, 0.24563959173049926, 0.28535682757823216, 0.28138911955283624, 0.24706137184772797], "(-1, -1, 0, 0)": [0.19869531393051149, 0.0, 0.3011855266888851, 0.0, 0.4377686195621491, 0.34088492334237835, 0.7126798503502823, 0.4406960171381564, 0.19960427284240723, 0.34074611604562544, 0.0],