{"q_values": {"(0, 0, 0, 0)": [0.8297138190728178, 0.8984426763961056, 0.8311070053281183, 0.8272977283880388, 0.8380615943952514, 0.8422286129603505, 0.8294267885582551, 0.8176395829110842, 0.8147420359083818, 0.8422267182205311, 0.8384888153927751, 0.8424992524376396, 0.8395053432279778, 0.8390154558696794, 0.8407009741314847], "(0, 1, 0, 0)": [0.7549327813662566, 0.7687235761133748, 0.7610547901857654, 0.7827045242645628, 0.7456062831058602, 0.7382982967475568, 0.7523086204380005, 0.7690839025057365, 0.7746236735342525, 0.7520087756118035, 0.7846735859397166, 0.750062953350746, 0.767257858685989, 0.7449244129675703, 0.7624346435120288], "(0, 2, 0, 0)": [0.6740766229719178, 0.6283668864363429, 0.59931189455698, 0.6055468397916862, 0.6278430807299313, 0.605841148476882, 0.5968794364057805, 0.5836736922023417, 0.6201285032103795, 0.6269431251530648, 0.5879688655858784, 0.5746127621788308, 0.6047996357263483, 0.5660610318930215, 0.593526306124286], "(0, 3, 0, 0)": [0.23652922155238915, 0.2593197934421895, 0.4376506429841408, 0.2291320994935761, 0.2585402726710139, 0.2280025410470293, 0.2651711998797587, 0.2215066270284891, 0.23895594770063516, 0.24864176127835302, 0.24879756907041534, 0.27476737852424715, 0.23081126954698145, 0.24163885674372837, 0.25405504619830166], "(0, 4, 0, 0)": [0.023198068760180046, 0.02433502000810493, 0.026922290637374356, 0.016357213277751564, 0.010434547317901102, 0.00605114294398991, 0.017276853682782964, 0.026502600788373864, 0.027252958977715035, 0.02548268599001694, 0.0278943829451229, 0.025558500182823407, 0.02235650173498499, 0.022961335786786774, 0.015010485771186766], "(0, -2, 0, 0)": [0.7096759867220291, 0.7542977917450912, 0.7174785731691644, 0.7006512561853147, 0.7190871296289504, 0.709044834481968, 0.7394186606316172, 0.7685447457381825, 0.7239172914893179, 0.7578754848171458, 0.771213766347667, 0.7726165807578255, 0.7713886566832129, 0.7156873787133909, 0.8074736111645833], "(0, -3, 0, 0)": [0.3850299446051243, 0.33071525617773856, 0.3717143907188247, 0.36601310022344496, 0.35345065655521124, 0.39030821396511434, 0.38962579588048935, 0.3546578915911415, 0.37155852629214087, 0.3507582319158177, 0.3934308711213645, 0.3672099084015901, 0.3891995162086543, 0.37376743081046565, 0.3634036360818893], "(0, -4, 0, 0)": [0.06572846702499117, 0.02125930239524252, 0.08804656479638286, 0.028575807743025303, 0.06712142039524265, 0.07984105078961047, 0.029920454486373968, 0.04833551514393996, 0.04769484415855898, 0.09105523174078292, 0.03095023852244804, 0.057738108073097455, 0.11695015085838271, 0.07546724509327131, 0.10059354258338704], "(0, -1, 0, 0)": [0.7701087565265438, 0.8516583775143717, 0.8457651545302853, 0.8632268321411134, 0.8628244524880995, 0.7663395057749733, 0.8571234617034809, 0.8409500142036753, 0.850136206562371, 0.852743032114446, 0.864337900004242, 0.8351990426840414, 0.8075845429742278, 0.8426718570251145, 0.8679783635839939], "(-1, -4, 0, 0)": [0.001474712592481428, 0.010714927000857119, 0.0021673060637356035, 0.008993173706418018, 0.003601626017297103, 0.011331487440043034, -0.0026099032631752986, 0.003376865189801866, 0.00215519508565026, 0.0030818642831705627, 0.016872404278056665, -0.00044675790973112885, -0.002694606156489405, 0.003951403829680485, 0.0031486996667134236], "(1, -1, 0, 0)": [0.7007565394335163, 0.7258898245621235, 0.7238549019112197, 0.7220511781874617, 0.736301470448266, 0.6978754926902961, 0.6982925510842705, 0.7328981399098891, 0.7258681307313094, 0.7039741266308158, 0.7179721484247185, 0.7278633391794864, 0.7324014157822677, 0.7158635720185498, 0.7368653359723479], "(1, -2, 0, 0)": [0.4905550377796232, 0.4882111562905615, 0.5396781704489222, 0.4509855812027349, 0.503822242076912, 0.4922304620657847, 0.5086292133268716, 0.5140892094852383, 0.4153680142277252, 0.47434129698291055, 0.4909249718126947, 0.4711889765173691, 0.464507855959611, 0.5169199503755786, 0.5952551870954534], "(1, -3, 0, 0)": [0.09671675561790588, 0.10725742573253871, 0.08861815034150636, 0.11172863620521023, 0.10746054026719976, 0.04590220143498811, 0.1042045781951231, 0.10048978916382831, 0.06322429929651505, 0.10718616245963437, 0.10801954725204761, 0.10780578512852364, 0.10870826414493098, 0.11066928995428957, 0.07377853036346692], "(-1, 0, 0, 0)": [0.4161077949685783, 0.3507369785550935, 0.4308318149648833, 0.27909795593136044, 0.28003711153516586, 0.382737418737758, 0.19238621373055503, 0.28153338058847366, 0.4119325904530222, 0.36757184680789706, 0.36023053855738374, 0.3553714049356014, 0.44558763689111974, 0.40673746747674777, 0.5891301269770208], "(-1, -1, 0, 0)": [0.10047562719775102, 0.12457855385719571, 0.08853999111816768, 0.13337133429067644, 0.14895116896657823, 0.18905702284300382, 0.22561119551256448, 0.17972874337966613, 0.10268949210309283, 0.12180242141165305, 0.07137431532678902, 0.1559258534361053, 0.0917022607686365, 0.1151583540936229, 0.09986990184372883], "(-1, -2, 0, 0)": [0.0971234621145411, 0.06641344377742273, 0.06673587623518466, 0.04969075341624822, 0.06627385375391918, 0.03527640320521916, 0.08347491180246257, 0.04738506509330245, 0.05235814845886295, 0.059530133270438976, 0.07467182205221709, 0.06575354957222607, 0.06141583326390509, 0.07675679471544351, 0.07316496239957311], "(-1, -3, 0, 0)": [0.042288250052495875, 0.0137071292753479, 0.03877163031095392, 0.041111772986210014, 0.04099481225444959, 0.021159276199206906, 0.029502977869914793, 0.04198850346627559, 0.019157584096389024, 0.04230615327686209, 0.0575297130423629, 0.040898031353472586, 0.037105250995361896, 0.01820654812031218, 0.03180567885451614], "(-1, 1, 0, 0)": [0.4574123287530351, 0.473520134440099, 0.4617136068062754, 0.4502798500964193, 0.4397209076728958, 0.42518696857235194, 0.5148422895041704, 0.48202568638361976, 0.4752445493058325, 0.482697320457946, 0.48100718298529804, 0.4530751583087558, 0.4671709323214194, 0.4820050004714785, 0.4770354845768295], "(-1, 3, 0, 0)": [0.15889569872810816, 0.1865100140420577, 0.1664091423670965, 0.15972608987348902, 0.1493355687049435, 0.17065706878705106, 0.16025486901041722, 0.16163651430210554, 0.16110124339906856, 0.16950832263961582, 0.15961780507115253, 0.17197602126830389, 0.15500718071037445, 0.15047944413944261, 0.161982327421829], "(-1, 4, 0, 0)": [0.014731935162161265, 0.025981270624181273, 0.017502469509602516, 0.01867577502077028, 0.01810992464638478, 0.007398252535546404, 0.01909225546144412, 0.018104259853670673, 0.018448810529495995, 0.01519757518492539, 0.017826831642521503, 0.011863118922876715, 0.01856790346246687, 0.015015256576678543, 0.006297006086148951], "(-1, 2, 0, 0)": [0.3472448406551783, 0.44236989019210055, 0.33880530091654765, 0.3381029973874696, 0.3346077150025051, 0.3317645391096037, 0.3628510570553285, 0.3416506982036782, 0.33994620524823643, 0.3522898972093552, 0.34536496458856825, 0.34015526222011755, 0.33650645164489273, 0.35727122452718685, 0.3477886983922983], "(1, 0, 0, 0)": [0.8123684277729086, 0.8139524322502906, 0.7872001023905821, 0.8049803391657453, 0.7898568026778394, 0.7937122132521262, 0.7870232021864609, 0.7898697621503027, 0.8059167351117145, 0.7915974314588234, 0.789292811963714, 0.8033533844417601, 0.7799138214702888, 0.8045919638684214, 0.9178008430972496], "(1, -4, 0, 0)": [-0.0052294194999910875, 0.0023399674046240583, 0.0007316539942651681, 0.0029690644806034975, 0.0032757343515719736, 0.003440556692928899, 0.000994279341229024, 4.3238907917831325e-05, 0.0005456692984859238, -0.001299932116426314, -0.0010622738238996775, 0.0037613775826866105, -0.0003750985920141503, 0.0006736784231891292, 0.003049244608145551], "(1, 2, 0, 0)": [0.6344488928383298, 0.6362588356352935, 0.6757614696525792, 0.8297423122994643, 0.5342975894546892, 0.5698104331936638, 0.5851470836999265, 0.6278931217766978, 0.6343281987404956, 0.5627059298789934, 0.6491930958380796, 0.6525250787408985, 0.5878851369005096, 0.6311641689668926, 0.6310190942051327],