{"q_values": {"(0, 0, 0, 0)": [0.7815505322949169, 0.7957506694485479, 0.789605911905466, 0.7860468931563334, 0.7808228366531582], "(0, 0, 0, 1)": [0.7924551268800368, 0.7580337628716107, 0.7394354769955557, 0.7656706591045738, 0.7296872354604406], "(0, 0, 0, 2)": [0.7562673026021391, 0.6461407299798999, 0.6421259347478532, 0.5978425616172948, 0.4780805661346453], "(0, 1, 0, 2)": [0.43368875829764597, 0.40647844614455125, 0.4097411566861512, 0.3715422806560227, 0.37897525207981475], "(0, 1, 0, 3)": [0.4133901835989714, 0.37485966280940036, 0.32426176203977997, 0.3013333038192302, 0.3069126861613478], "(0, 1, 0, 4)": [0.3254691596858274, 0.28489020431680295, 0.21900784288646116, 0.2072889183469475, 0.14930085237818772], "(0, 1, 0, 5)": [0.20430560791648336, 0.07655934234586578, 0.07445203458333778, 0.0639440170543752, 0.06561036795615433], "(0, 2, 0, 5)": [0.2001653852634759, 0.14543806857809588, 0.12375949270281443, 0.11955188412508744, 0.08653108929873557], "(0, 2, 0, 4)": [0.19163198914558285, 0.19439906516845554, 0.19065779407886524, 0.19599594235366335, 0.16885653722627122], "(0, 2, 0, 6)": [0.11217554906148108, 0.08243365293847009, 0.07449730239591486, 0.04544998360150674, 0.029434595415303112], "(0, 3, 0, 5)": [-0.004152440484613181, -0.004154238663613797, -0.0021845880895853043, -0.00895568526012823, -0.005926040453836322], "(0, -1, 0, 1)": [0.4831645453837083, 0.22668424773546328, 0.31186218526469156, 0.2020616325402269, 0.1799014468812813], "(0, -1, 0, 0)": [0.5427935983876724, 0.5110740319975432, 0.5196116562558054, 0.5090415873272844, 0.4772286767729951], "(0, -1, 0, -1)": [0.5153376438512212, 0.52400611971143, 0.5372646696974104, 0.548028991660673, 0.5267488973262645], "(0, -1, 0, -2)": [0.47528619162765245, 0.46035900699944904, 0.5220750355119489, 0.4978146133352717, 0.5111138809128802], "(0, -2, 0, -3)": [0.1849924750576934, 0.21236357834257077, 0.18757545294401762, 0.19253558017268127, 0.19125202666889748], "(0, -2, 0, -5)": [0.12890989435941175, 0.1441274197411748, 0.13631821322228008, 0.17373857721032862, 0.1723417083811668], "(0, -2, 0, -4)": [0.16665232930273816, 0.18896928407201438, 0.18510496199594514, 0.19603947189429824, 0.1966245069669498], "(0, -2, 0, -6)": [0.08282962907531917, 0.1192898348303286, 0.07271840376077052, 0.11602090800331227, 0.16938809028389737], "(0, -2, 0, -7)": [0.01945496108064862, 0.029860197523736275, 0.03633779559526999, 0.045316433657591845, 0.11688144541929409], "(0, -2, 0, -8)": [0.003141428842222346, 0.0018222308569372213, 0.003299297951513058, 3.4693758940114016e-05, 0.048833392039143705], "(0, 1, 0, 0)": [0.36702180278292945, 0.36083591536736737, 0.39191829358136143, 0.37383489366110473, 0.4236234638031926], "(0, 1, 0, 1)": [0.4133514224298662, 0.4124094890120274, 0.4377783256616793, 0.4151402967219384, 0.4073023233052236], "(0, 2, 0, 7)": [0.059172415033100514, 0.024136757048651033, 0.01622027497405239, 0.012052436133388538, 0.007492116337802631], "(0, 2, 0, 8)": [1.475975392165518e-05, 5.1834085755283685e-05, 0.00297131609423242, 0.002491607386515147, -0.0054612475426676155], "(0, -1, 0, -3)": [0.3802913927800968, 0.390347228469201, 0.45013016558765345, 0.4828946492897357, 0.48239260740043566], "(0, -1, 0, -4)": [0.1794748319628607, 0.2116604002256512, 0.3098259207354347, 0.2911102687462761, 0.3910160031294543], "(0, -1, 0, -5)": [0.06790346972887196, 0.09539462870723227, 0.09246483625616966, 0.25453274688293925, 0.14256969591342014], "(0, 0, 0, -1)": [0.7520424361264886, 0.7684237721513674, 0.7762137194807737, 0.7763445860025435, 0.7893156332449769], "(0, 0, 0, -2)": [0.48590502488780063, 0.5577800651231704, 0.6698600586637153, 0.621448677674861, 0.7089376724651573], "(0, 0, 0, 3)": [0.5464362720578464, 0.31604335336560563, 0.23990288680994878, 0.2741732139444037, 0.07583371244080482], "(0, 2, 0, 3)": [0.1643677921100245, 0.18973530435959307, 0.18512096214273657, 0.1781633672861521, 0.21215592175610337], "(0, 1, 0, -1)": [0.0499005343902939, 0.2056777474404609, 0.16482011946905767, 0.1417812837894758, 0.3513529765372556], "(0, 1, 0, -2)": [0.011913236392307954, 0.0038352109766646683, 0.06301227344481186, 0.0036827377640390457, 0.046242053986416405], "(0, -1, 0, 2)": [0.05953776246831301, 0.21001869602979487, 0.09384753646059851, 0.042144871427897655, 0.02259146189770971], "(0, -2, 0, -9)": [0.0011189326490371365, -0.0030717341360364555, -0.004290075168358707, -0.0012015244875482672, -0.0019523834542180146], "(0, 0, 0, -3)": [0.10388062078691872, 0.11760134726226604, 0.20343769001131817, 0.45237627690493104, 0.14353197827819816], "(0, 3, 0, 7)": [0.0, -0.007527290952019395, 0.0, -0.004160556551069021, -0.0021922994405031205], "(0, 0, 0, -4)": [0.0067643868353461055, 0.039124251984725626, 0.003213284669203872, 0.04589234726902548, 0.14063389605221333], "(0, -1, 0, -6)": [0.01472087712550746, 0.018908034903798984, 0.030502185776864782, 0.022925654885673462, 0.08651791714475394], "(0, -1, 0, -7)": [0.0023032378700435976, 0.0022157731130174833, 0.0025370067398875276, 0.0036176607987097853, 0.0011375301212523381], "(0, -3, 0, -7)": [-0.002191478759050369, -0.00416267329826951, -0.004159293528646231, -0.0021897697821259498, -0.0021891461685299876], "(0, 1, 0, 6)": [0.07321027046573236, 0.006171386789609728, 0.023350900209105234, 0.009262819703736122, 0.005331140247193588], "(0, 1, 0, 7)": [0.004110249645329903, 0.004832461837315628, 0.0, 0.0, 0.001894521494023502], "(0, 1, 0, 8)": [0.0010426691776141525, 0.0, 0.0, 0.0, 0.0], "(0, 2, 0, 9)": [0.0, 0.000503917129644876, -0.006313477447707198, -0.0014324119218353157, 0.0], "(0, -2, 0, -2)": [0.20441403461058008, 0.15108536442349574, 0.10535979668221773, 0.120496273053042, 0.09580703136360581], "(0, -2, 0, -1)": [0.0427924742477266, 0.11722712433814199, 0.022295281337914207, 0.012867647662980791, 0.019475179283608444], "(0, 2, 0, 2)": [0.0987795227061424, 0.1388689463120994, 0.1961366841929991, 0.14617176132859866, 0.16184221870394613], "(0, 0, 0, 4)": [0.03269470866269185, 0.13857626282807406, 0.028310771676040472, 0.06909783172159717, 0.022264777545761373], "(0, -3, 0, -6)": [-0.00896149775745347, -0.005930171500891447, -0.005929225310683251, -0.008956971715632827, -0.007520434719324113], "(0, 0, 0, 5)": [0.0, 0.0, 0.0, 0.011394351388244026, 0.002474981667448537], "(0, 0, 0, -5)": [0.003045801583348206, 0.0, 0.0, 0.0, 0.0], "(0, -1, 0, 3)": [0.0, 0.001774967615854871, 0.0, 0.0009832593612372875, 0.006054398934184509], "(0, -1, 0, 4)": [0.0, 0.0011832151049971861, 0.0, 0.0, 0.0], "(0, -3, 0, -9)": [0.0, 0.0, -0.0021954622119665147, 0.0, 0.0], "(0, 2, 0, 1)": [0.005548963275842986, 0.009697301334062648, 0.013315925372124997, 0.014438745915037257, 0.09566688763540995], "(0, 3, 0, 8)": [-0.0021924246102571487, -0.0021918321028351786, -0.00219095703214407, 0.0, 0.0], "(0, 3, 0, 6)": [-0.004154311753809452, 0.0, 0.0, -0.004157374165952206, -0.0021875161677598954], "(0, -3, 0, -5)": [-0.004153817929327488, -0.004151931293308735, -0.002186383493244648, -0.002185533754527569, -0.004150143712759019], "(0, -3, 0, -8)": [-0.0021931191906332972, -0.004165285900235176, -0.002190304361283779, 0.0, 0.0], "(0, 2, 0, 10)": [0.0, 0.0, 0.0, 0.0, -0.0021924821659922602], "(0, 3, 0, 4)": [0.0, 0.0, -0.00414788892492652, 0.0, 0.0], "(0, 2, 0, 0)": [0.0009363483637571335, 0.0, 0.0057732649001192215, 0.0, 0.001492495091590514], "(0, -3, 0, -4)": [-0.0021846642717719077, -0.002184613421559334, -0.002183976024389267, 0.0, 0.0]}}