{"q_values": {"(0, 0, 0, 0)": [0.9116524947541604, 0.8970803471396644, 0.9096248921653857, 0.920457387058207, 0.9139088411145415, 0.9136356342677895, 0.9055057493038738, 0.9516528679286952, 0.7967296032043213, 0.8963209098342678, 0.9035829917964426], "(0, 1, 0, 0)": [0.9235187148849408, 0.8913091296053319, 0.9138048865192839, 0.9080036991973427, 0.8914561867953223, 0.9085334731724448, 0.9044697357634772, 0.882682972939242, 0.8982401338661815, 0.9049777846121496, 0.8948624964604751], "(0, 2, 0, 0)": [0.6180153281991667, 0.8008539124893601, 0.6332342174290883, 0.6123754192512871, 0.5881106323928786, 0.5309670588295093, 0.5782399958923361, 0.5807456930401463, 0.5666872858855343, 0.606360056541479, 0.675575025913502], "(0, 3, 0, 0)": [0.30419987761290956, 0.16250478609645105, 0.16047301978889142, 0.1569114531416611, 0.15483598683527205, 0.15839891413722454, 0.15440798494924596, 0.15565230740681624, 0.16046900203086917, 0.15968905974503386, 0.15428008670054605], "(0, 4, 0, 0)": [0.009094900771014065, 0.031196287271031783, 0.0026810596762804947, 0.009171384925257858, 0.008534485235069427, 0.004172520005777445, 0.008754050341917383, 0.009753991701936054, 0.006579493232148951, 0.008186872135086416, 0.0026111613747211992], "(0, -2, 0, 0)": [0.4750905440627888, 0.4113053185180791, 0.486999583125934, 0.40306205337898826, 0.4101549121227471, 0.4256713840007946, 0.45830523874234486, 0.3997105869277223, 0.4138055997186434, 0.6054730724480182, 0.4438195085749341], "(0, -3, 0, 0)": [0.09088665138758524, 0.09151217553076864, 0.09856015504382709, 0.09295801640775334, 0.09045596353714988, 0.08844815074056578, 0.09679794123535386, 0.09758797124427966, 0.09613110667199404, 0.09733883755207666, 0.0926140665109173], "(0, -4, 0, 0)": [0.002399586924667161, 0.00032756243326230537, 0.0021436844810533056, 0.0013083740737829322, 0.0010754614765025525, 0.0024161526622260843, 0.003145236246011645, -0.0008277099376436583, 0.0005587333749631999, -0.0007854007786483666, 0.002114265483565271], "(0, -1, 0, 0)": [0.8360363110553609, 0.8309015863259932, 0.8408923524457391, 0.8232939688599112, 0.8439752203328625, 0.8404356226559082, 0.8264769177455676, 0.8245720065392544, 0.8398728427956798, 0.8602368639609684, 0.8767954715644953], "(1, 3, 0, 0)": [0.012878097816668155, 0.04783755518088769, 0.07318484114887044, 0.044661350248389804, 0.07013958466784001, 0.05018826781980651, 0.01811125321420266, 0.07280303312606719, 0.00589850418718186, 0.07296992051252084, 0.005701853827496536], "(1, 4, 0, 0)": [0.014351076939478014, 0.010352480581486606, 0.0067965180922826786, 0.01956788602472629, 0.010269926363653658, 0.013242643849445662, 0.013033747936547251, 0.01576480166252816, 0.009214961411794481, 0.015518831985387099, 0.012408095576503145], "(-1, -1, 0, 0)": [0.8945293278499369, 0.8766232936340678, 0.8714118945637572, 0.8917548627074496, 0.8910493804278828, 0.8757523344102003, 0.8936805938947355, 0.8918272068129063, 0.7657037535675888, 0.9206762636544887, 0.861366843457794], "(-1, -2, 0, 0)": [0.19810010949416068, 0.3061144605831394, 0.2909260988303578, 0.32929734593748977, 0.1491152205063108, 0.345806924477417, 0.38203781127322783, 0.25543015910050765, 0.1900794641539881, 0.044481827465482335, 0.7984762312739875], "(-1, 3, 0, 0)": [0.10473613197375506, 0.06186302098087181, 0.06379867821636796, 0.048236350979535284, 0.06601259854814844, 0.07636144527877715, 0.06764112836539321, 0.06251895255299715, 0.08054049430687728, 0.0645334618838325, 0.0725573400626528], "(-1, 4, 0, 0)": [-0.0007580742304984867, -0.0013267794732543213, 0.01703334456611092, -0.0010218067326184712, -0.006152025434248557, 0.0028167784829755188, 0.008091348495349864, -0.0020266240075394607, -0.0015818504023685596, -0.0011886331762365884, -0.003426154453711445], "(-1, -3, 0, 0)": [0.026954307860235845, 0.022982540979322758, 0.03305221070616509, 0.050999814624514236, 0.0327636307877412, 0.018692513200870228, 0.028160232679865414, 0.019675135172918745, 0.020380158206776695, 0.0228854847101357, 0.011914682833310278], "(-1, -4, 0, 0)": [-0.008240752703958878, -0.007507245623166502, -0.008489473746424331, -0.008465302326379478, -0.0074897582495238625, -0.00851048788657735, -0.007902235845697232, -0.00837573158398504, -0.007433693910005982, -0.003931880454310629, -0.0074064546682979186], "(1, 0, 0, 0)": [0.8278015045868762, 0.7952997446123357, 0.8040585735572503, 0.7740987199002067, 0.7690168075306746, 0.7661442398717913, 0.7791109431636176, 0.8177794449855768, 0.8360800289961151, 0.774066526470933, 0.8593796384393569], "(1, -1, 0, 0)": [0.5146613937192114, 0.5058608594928892, 0.523033360126943, 0.4738538030038032, 0.4967757739901659, 0.5463401873917304, 0.49905100447917905, 0.4956265332312409, 0.520275927636141, 0.4874335536983633, 0.8571684602536505], "(1, -2, 0, 0)": [0.18704684287790965, 0.18381881375797884, 0.18068581151627194, 0.17696573846787758, 0.18646088748718453, 0.1883570857669231, 0.18488593708998072, 0.17914680150024131, 0.19489956661517346, 0.18672375541162303, 0.22881498910966172], "(1, -3, 0, 0)": [0.07004847363943749, 0.06390881732195472, 0.06233683462127012, 0.051214602391632606, 0.06269853306898603, 0.055967341790664794, 0.06729640321040922, 0.06929800698837388, 0.05993494234265953, 0.09955858897848854, 0.06924197192821202], "(1, -4, 0, 0)": [-0.003670612485608322, -0.007398824407380075, 0.003424901916783409, 0.0015415148860594688, -0.0029887592521990174, -0.003334762577854749, -0.003796291593877798, -0.005183411447202097, -0.0032378124612389247, -0.0031751556953124585, 0.01628622501454864], "(-1, 1, 0, 0)": [0.6392036436212666, 0.8839804136263949, 0.6861837351634883, 0.7505133632489064, 0.6853423311802023, 0.6473592165414288, 0.7405706106555202, 0.6081939293659476, 0.7169196423095036, 0.6427518162011321, 0.6710190503143231], "(-1, 2, 0, 0)": [0.3145710621774242, 0.3379166918785742, 0.2328803083600924, 0.2340239140164509, 0.27790743619655395, 0.32187108027954625, 0.30740374555719896, 0.23492171391863087, 0.34357339100935397, 0.2257503302943833, 0.2894713273267454], "(1, 1, 0, 0)": [0.9084986155967392, 0.8182855219526863, 0.8264616184497333, 0.795008074222835, 0.6921199984989868, 0.8118698298602334, 0.7984498682704134, 0.7691342486012471, 0.669679319479601, 0.8047467490858775, 0.8262311457211332], "(1, 2, 0, 0)": [0.11663186401377323, 0.08888499775394745, 0.13293484894549726, 0.017906970177153012, 0.08181402430200208, 0.10376036847285808, 0.15830434885826022, 0.12871783202666914, 0.09173105362302762, 0.042701275146575526, 0.0874732974766447], "(-1, 0, 0, 0)": [0.9357503490565534, 0.9318661703206875, 0.9262470871741436, 0.942078005214255, 0.935912229581052, 0.9306457968768983, 0.9276550114575379, 0.9185074632001423, 0.9225661414874594, 0.918546870863556, 0.9261963234264553], "(-2, 1, 0, 0)": [0.03976877409061403, 0.08762003742693267, 0.05656334981432928, 0.03616660122399745, 0.06939430997898353, 0.13336723922963706, 0.0801563984450154, 0.05313966545712889, 0.13405814152041481, 0.07875099803476263, 0.009824620025421088], "(-2, 2, 0, 0)": [0.0, 0.040508312963812756, 0.037813300719549775, 0.058787965658700064, 0.06827922509520801, 0.06616187802498899, 0.04322022689431144, 0.028232331510790916, 0.07695990466019116, 0.033934219730457064, 0.046093876765066724], "(-2, 4, 0, 0)": [-0.0004837264760041036, -0.008835395957696997, -0.009634778415538739, -0.006018336842907314, -0.005818228689832701, -0.004508044847456259, -0.006109179759377543, -0.005704891593813897, -0.006487848247066967, -0.00905616755387965, -0.009157593866988528], "(2, -1, 0, 0)": [0.28157469100763133, 0.2776686394482447, 0.2617130203860566, 0.28264851255214823, 0.2478683236875747, 0.2544335737818264, 0.2635952963843035, 0.25507630204085985, 0.2521332913738817, 0.2761640585198697, 0.3594569736515952], "(2, -2, 0, 0)": [0.053102967580710043, 0.07089481748757145, 0.07577859481325644, 0.07623594805513519, 0.0, 0.0709996077188899, 0.06804966914665016, 0.07008685489162875, 0.04370844729112643, 0.04743447524596807, 0.07699606916461706],