{"q_values": {"(0, 0, 0, 0)": [0.7591711549827096, 0.7244971011297134, 0.759031728239685, 0.748451717889758, 0.7608531378551522, 0.7520895506888904, 0.7648272003026833, 0.730896739873329, 0.7413717920077019, 0.7451461910642021, 0.766696438968722, 0.7631758845392408, 0.7605686982337255, 0.7761583247535948, 0.7633373559362326], "(0, 1, 0, 0)": [0.7176966561394664, 0.8004678136298905, 0.7303629225333154, 0.6925614844786648, 0.6774508778888084, 0.7207145457451097, 0.716739988572734, 0.6800507227233774, 0.6721848632447316, 0.7292570795170595, 0.7193076503122035, 0.692360428841727, 0.7582608574641899, 0.65832097134516, 0.7141022856608551], "(0, 2, 0, 0)": [0.4219902704901566, 0.4267986025705392, 0.44417504093576393, 0.5922775996096156, 0.4132276917647773, 0.4469550649875499, 0.43579076477911977, 0.44877276384038983, 0.4491447124172011, 0.43724242580729034, 0.42662021097643177, 0.4134985063123653, 0.44073684422716625, 0.42954879642266836, 0.41093118370508747], "(0, 3, 0, 0)": [0.1791250840282821, 0.25188678004463194, 0.17087303473444293, 0.16435541673791607, 0.16592597070798226, 0.17981051656402605, 0.17411740805983011, 0.17190228673424002, 0.16717840367143208, 0.16638789516541977, 0.16747910701484559, 0.16369432241513548, 0.16964492695792524, 0.22457413744729726, 0.16701300382162712], "(0, 4, 0, 0)": [0.02291777628744824, 0.07864677571055172, 0.019798603010899835, 0.016357213277751564, 0.010434547317901102, 0.0004708344205949129, 0.017276853682782964, 0.020208107444606035, 0.017414279566801277, 0.018646852371768368, 0.01268779087289324, 0.01871505794101322, 0.016086212034688165, 0.017964493409060443, 0.015219680919382082], "(0, -2, 0, 0)": [0.6380912343837233, 0.5904968028652098, 0.58699067600649, 0.6318915997293931, 0.5864123358083217, 0.6264786014757889, 0.6216658239664059, 0.637129526494308, 0.568829852512734, 0.620947563624485, 0.6197351088108357, 0.5951533787255558, 0.6361258151109602, 0.6412766957889448, 0.6199511415282103], "(0, -3, 0, 0)": [0.29196517735843786, 0.3169866238802247, 0.3170922573518517, 0.30230309910996533, 0.2859285620763219, 0.3154230686809306, 0.308543844866565, 0.31259348856043967, 0.32585036877186574, 0.32176871624853365, 0.3175607176905655, 0.3278542421142561, 0.30971749803320453, 0.32430491740693895, 0.455245914467658], "(0, -4, 0, 0)": [0.06572846702499117, 0.02125930239524252, 0.05991628374211534, 0.028575807743025303, 0.06712142039524265, 0.0656437220083344, 0.029920454486373968, 0.04833551514393996, 0.04769484415855898, 0.07326614688801511, 0.03095023852244804, 0.057738108073097455, 0.06892548945443149, 0.1406688996659621, 0.07135668550450008], "(0, -1, 0, 0)": [0.745239152992737, 0.7432789168686239, 0.7593012080771863, 0.767131832846034, 0.7596811080029168, 0.7787294046451462, 0.7943548837176074, 0.7265545815473229, 0.7461039396716102, 0.7453111047090346, 0.7761920479415325, 0.7549650216617181, 0.7794040763562772, 0.8140301796970661, 0.7638742983009007], "(-1, -4, 0, 0)": [0.001474712592481428, 0.010714927000857119, 0.0021673060637356035, 0.01823791054487057, 0.003601626017297103, 0.011331487440043034, -0.0026099032631752986, 0.003376865189801866, 0.012752507956782478, 0.0030818642831705627, 0.04582815671721767, 0.05179640505170794, -0.002694606156489405, 0.2545096507207937, 0.0031486996667134236], "(1, -1, 0, 0)": [0.6662523704593094, 0.6358026779266666, 0.6663360108108217, 0.6699199594434915, 0.6434680980117553, 0.6588487920265046, 0.6625212513239039, 0.6362143260358226, 0.6535211763125147, 0.6419982387968877, 0.6337745851995554, 0.8010327741849356, 0.6623653015454267, 0.6573668744153112, 0.6686143886233729], "(1, -2, 0, 0)": [0.5243930679968181, 0.5963912090867944, 0.5279994700818896, 0.5541917812962008, 0.5126888579478017, 0.5588209592085607, 0.5729865822134382, 0.5649659972280705, 0.5414417197807492, 0.4794249172066317, 0.5504369172446285, 0.4711889765173691, 0.5690478451549227, 0.5590940832789318, 0.5572693351296754], "(1, -3, 0, 0)": [0.09452905487100426, 0.08943701455659488, 0.09622288120653413, 0.0920359551294683, 0.09008385005500276, 0.07826828515614638, 0.09105648371146637, 0.08202429348162239, 0.06322429929651505, 0.09327446569571478, 0.17849363800805657, 0.08398542474992982, 0.09179154238638174, 0.09478461761713897, 0.07377853036346692], "(-1, 0, 0, 0)": [0.40623213644122125, 0.3507369785550935, 0.41350382154955345, 0.40943692808547866, 0.31367390952099833, 0.39530842102057906, 0.25423383955263135, 0.28153338058847366, 0.4228471863690041, 0.36757184680789706, 0.3849875329671311, 0.3704555147537835, 0.40171054615242363, 0.40673746747674777, 0.45524919643925615], "(-1, -1, 0, 0)": [0.10047562719775102, 0.15101620131928054, 0.08853999111816768, 0.17401337734887734, 0.14895116896657823, 0.18905702284300382, 0.32884621342662146, 0.17972874337966613, 0.14232522238257067, 0.12180242141165305, 0.166752270378055, 0.1559258534361053, 0.0917022607686365, 0.1151583540936229, 0.22083037547196063], "(-1, -2, 0, 0)": [0.2958398202662148, 0.06641344377742273, 0.07354937340091879, 0.07318921425373766, 0.06627385375391918, 0.03527640320521916, 0.11288208129632306, 0.04738506509330245, 0.065446674632958, 0.09123412412870566, 0.09340972985500844, 0.06575354957222607, 0.07089894791827353, 0.09762776882605713, 0.11022269352128378], "(-1, -3, 0, 0)": [0.07910693710510017, 0.0137071292753479, 0.03877163031095392, 0.041111772986210014, 0.1065234579442646, 0.021159276199206906, 0.029502977869914793, 0.07137527096061341, 0.019157584096389024, 0.062048777436096283, 0.32106293091958643, 0.09580954849345275, 0.037105250995361896, 0.01820654812031218, 0.03180567885451614], "(-1, 1, 0, 0)": [0.3919438648998949, 0.38873432821074233, 0.35810655704274036, 0.3772266817833859, 0.3969145886448622, 0.3906966158780026, 0.3626116862770849, 0.4005241956403346, 0.38926887015721834, 0.3882362142230146, 0.37051886989553173, 0.40020964818409205, 0.39717708269957785, 0.400163856053267, 0.533794474733329], "(-1, 3, 0, 0)": [0.24896527722889206, 0.14218679288838626, 0.10174231559487276, 0.10696116424274674, 0.12198562408033341, 0.1523985627094444, 0.16532410783874096, 0.09770649898053474, 0.09374343675889567, 0.10352168052705006, 0.10022405462581929, 0.09790435418879707, 0.10513815329159301, 0.10200237163321443, 0.11122198176681375], "(-1, 4, 0, 0)": [0.003955631012034551, 0.03203860354447296, 0.00616555914724803, 0.006657488444929586, 0.004615467014023766, 0.004206285476159443, 0.0063297116145449046, 0.006063653806009598, 0.014488302336220628, 0.005315008102954693, 0.0019243320777982712, 0.006433449981121272, 0.0065172388255432655, 0.01793256762584557, 0.006252032474762916], "(-1, 2, 0, 0)": [0.2806650746548813, 0.2914811598482493, 0.2930543938648835, 0.26238418680800135, 0.23382568162156242, 0.2748007234989856, 0.26836969523150156, 0.25917486359333713, 0.26628394303942327, 0.27384521144501156, 0.289586796427803, 0.2960238415774905, 0.29258535568232, 0.3747904222147466, 0.28209213706654707], "(1, 0, 0, 0)": [0.7526078507514863, 0.7268728725321911, 0.7527699145467501, 0.7822474934887149, 0.7768461530332696, 0.7383097765973623, 0.7533291678209213, 0.7226846355163313, 0.758256607454464, 0.7650387510624065, 0.7043293725536462, 0.8618765528647706, 0.7761310029863699, 0.7624491438131101, 0.7483780370311853], "(1, -4, 0, 0)": [-0.0052294194999910875, 0.0023399674046240583, 0.0007316539942651681, 0.031129373281101325, -0.0004622124197772486, 0.001110343002113102, 0.000994279341229024, 4.3238907917831325e-05, 0.0005456692984859238, -0.005394528792625496, -0.0010622738238996775, 0.0013569558057746215, 0.02831880798054663, 0.0006736784231891292, 0.07471810567681489], "(1, 2, 0, 0)": [0.7437812028862713, 0.82674568046693, 0.7477645134407428, 0.7241806734500881, 0.7509807730715451, 0.6938298496755002, 0.6781655283300433, 0.7312993088067377, 0.7244020874223669, 0.7006588247876991, 0.6491930958380796, 0.6765621330639464, 0.7363442361056112, 0.6299582584994733, 0.7074917010671236],