{"q_values": {"(0, 0, 0, 0)": [0.724986913972779, 0.7137466747357081, 0.7066748223057133, 0.7144010317131692, 0.7665990178504797], "(0, 1, 0, 0)": [0.7202283203500022, 0.6792105426110036, 0.6160454243217894, 0.6965650501797418, 0.628022915583135], "(0, 2, 0, 0)": [0.09850440818185227, 0.10076659054347223, 0.09540252018697619, 0.09935426387666402, 0.08638332271873138], "(0, -1, 0, 0)": [0.5974058995880012, 0.7072661250603727, 0.7043732714687814, 0.7010812506862591, 0.7630789859634626], "(0, -2, 0, 0)": [0.03934488721531183, 0.06288076279899588, 0.09373562527740245, 0.08485438225376693, 0.11814963860444908], "(1, 0, 0, 0)": [0.5154159963036326, 0.5132790338526327, 0.5189395041269896, 0.4783868735116423, 0.510559563154207], "(-1, -1, 0, 0)": [0.5023421506199763, 0.2090652969078918, 0.4477941710176989, 0.4403223626718469, 0.4709929339478792], "(-1, -2, 0, 0)": [0.07607031983905262, 0.09129074773390422, 0.115865999151428, 0.08754239831007309, 0.17900689325826857], "(-1, 0, 0, 0)": [0.5581214978140306, 0.5231095912027726, 0.5219249233479979, 0.5367784279305099, 0.4942156998318982], "(1, 1, 0, 0)": [0.6671654240564379, 0.5348401749042112, 0.571960045843407, 0.563620833185969, 0.4988056056680443], "(1, 2, 0, 0)": [0.0868804897902862, 0.07792715476003184, 0.08885558668730939, 0.06524458637381532, 0.04538205878389459], "(-1, 1, 0, 0)": [0.5121271674607902, 0.45354625691659145, 0.45208452575125624, 0.40206207874985006, 0.46054803503505953], "(-1, 2, 0, 0)": [0.014515411762312165, 0.01964899851333983, 0.016015212836832424, 0.01002777431769985, 0.021221243924807804], "(1, -1, 0, 0)": [0.37686582399528334, 0.399578297979765, 0.42016035671553986, 0.39461401162409376, 0.4345236705269977], "(1, -2, 0, 0)": [0.012688108282340465, 0.009419052484083734, 0.007926920074339448, 0.014907219680467161, 0.011373941987878071], "(-2, 2, 0, 0)": [0.029972633580129013, 0.016663918534490896, 0.02007895437241368, 0.014730150648101991, 0.017571287277777015], "(-2, 1, 0, 0)": [0.23735816254013906, 0.20666847240257116, 0.20926108714929503, 0.22515030887346787, 0.22299876272416297], "(-2, -2, 0, 0)": [-0.0043562397360801695, 0.008564074452608424, 0.0, 0.0, 0.0], "(2, -1, 0, 0)": [0.10701841164379348, 0.10306148999524978, 0.1022977847897566, 0.14497580938807264, 0.1014726716875618], "(2, -2, 0, 0)": [-0.00011398164147165182, 0.006074092192325895, 0.003536434684076095, 0.0005338000964799413, 0.0007192420904764555], "(-2, 0, 0, 0)": [0.2193593838975613, 0.12923083429000948, 0.11833313482301044, 0.09790878758271401, 0.15730535015780486], "(-3, 1, 0, 0)": [0.0, 0.025637616068817363, 0.035256535421769444, 0.05313303150567696, 0.019907184901194547], "(-3, 2, 0, 0)": [0.0037723796369315346, 0.0025564839856200916, -0.0002834575323951245, 0.0008784915305848481, 0.000807024513294197], "(2, 1, 0, 0)": [0.13076591550884034, 0.0, 0.0, 0.0, 0.0], "(2, 0, 0, 0)": [0.19087557402405642, 0.05203297166531248, 0.1386608335696818, 0.13846333467463678, 0.12825412828578617], "(-3, 0, 0, 0)": [0.0, 0.03861822634088954, 0.1041558636371582, 0.00795104545937151, 0.0], "(-2, -1, 0, 0)": [0.08021677595914285, 0.008956017693607536, 0.0, 0.003500853203685138, 0.008757524613330424], "(-3, -1, 0, 0)": [0.05960080911968185, 0.0, 0.0, 0.010703358506400314, 0.014145150379240341], "(-3, -2, 0, 0)": [0.0093848307241328, 0.0, 0.0, 0.0, 0.0]}}