{"q_values": {"(0, 0, 0, 0)": [0.9583943990853215, 0.9618385448966509, 0.959090425409419, 0.9595279551840035, 0.9588435673580555], "(0, 0, 0, 1)": [0.9383308742990373, 0.9612539237832902, 0.939543806471144, 0.9398152971224465, 0.9303129855647351], "(0, 0, 0, 2)": [0.9351846674177219, 0.874793073076793, 0.831379110512981, 0.7648736853304232, 0.7281113063330185], "(0, 1, 0, 2)": [0.6352856320609997, 0.584612366860983, 0.5823765863959695, 0.5785059299810446, 0.5406664800222674], "(0, 1, 0, 3)": [0.5647630969320527, 0.5611373824884196, 0.5667685596374585, 0.5067023658854546, 0.45753712522170364], "(0, 1, 0, 4)": [0.540965997861767, 0.3746284095776806, 0.3884683672089974, 0.320031739443217, 0.23788714470781697], "(0, 1, 0, 5)": [0.30337390734080605, 0.09988560370617697, 0.11442799769407917, 0.09220534153901982, 0.08217040565066679], "(0, 2, 0, 5)": [0.15555947513164212, 0.14284130092585656, 0.13454749855015496, 0.13573047243254027, 0.10595977238657411], "(0, 2, 0, 4)": [0.2039615543673768, 0.20901102849449643, 0.20484825148627034, 0.1796915228561424, 0.15295343657984115], "(0, 2, 0, 6)": [0.12435159508999442, 0.0985080048610294, 0.06464258330444424, 0.08098614572383105, 0.04484734596854247], "(0, 3, 0, 5)": [-0.007514408925734461, -0.00751616351120174, -0.007516112149134279, -0.011409556976862066, -0.008958063874077053], "(0, -1, 0, 1)": [0.9582093055042756, 0.957110299533437, 0.9622383148819241, 0.957741926210491, 0.9472445811823986], "(0, -1, 0, 0)": [0.9444201355877668, 0.9592093895024789, 0.9602771870211402, 0.9604271442663675, 0.9623597241786191], "(0, -1, 0, -1)": [0.8818125626047671, 0.9422655759803189, 0.9512107476153573, 0.9582123835397193, 0.9584658291189173], "(0, -1, 0, -2)": [0.7082693926579477, 0.825067840263515, 0.8718119933140924, 0.8782480896318692, 0.9264683441469278], "(0, -2, 0, -3)": [0.22433868262881063, 0.2346402292108451, 0.24030857623276147, 0.24838375848679423, 0.25361248824969695], "(0, -2, 0, -5)": [0.12187608579766693, 0.1143362566793232, 0.15942722318131752, 0.15874879026498856, 0.15821839984982575], "(0, -2, 0, -4)": [0.1759510446800541, 0.20531603693999229, 0.20225634050939417, 0.20419185229436765, 0.20434154610150182], "(0, -2, 0, -6)": [0.07190151722140443, 0.10038159633589733, 0.10492173603345548, 0.10808944161572141, 0.1325291431272873], "(0, -2, 0, -7)": [0.044594110146008795, 0.05308103539660151, 0.05015582573786681, 0.06507987715709575, 0.09379407803173079], "(0, -2, 0, -8)": [0.003165567879648975, 0.0072399606857017915, 0.015678217488592116, 0.020952964925949998, 0.046056320929778696], "(0, 1, 0, 0)": [0.6306387946228652, 0.6296260666666089, 0.6524968270275131, 0.6281414093042244, 0.6091659796444385], "(0, 1, 0, 1)": [0.6229614454357875, 0.6090457720749892, 0.6295372019292039, 0.6169461359578263, 0.6017536152933821], "(0, 2, 0, 7)": [0.07798081090511275, 0.01953872533978622, 0.01711358346082562, 0.01297607546422419, 0.004629173443056309], "(0, 2, 0, 8)": [1.475975392165518e-05, 5.1834085755283685e-05, 0.000488348422973889, 0.002491607386515147, -0.004089347653092349], "(0, -1, 0, -3)": [0.5336524986966009, 0.6458509092104754, 0.712768577009408, 0.7103426142760988, 0.8349920903273352], "(0, -1, 0, -4)": [0.3280495964639659, 0.3953072790185246, 0.4893656756108167, 0.5616434001857525, 0.6292410784841068], "(0, -1, 0, -5)": [0.11521792511607792, 0.16086905438436558, 0.19551296339323657, 0.3271374743749253, 0.506693680780537], "(0, 0, 0, -1)": [0.9437758640581599, 0.9556893967472596, 0.958492793649868, 0.9616979398620377, 0.9581237924211694], "(0, 0, 0, -2)": [0.7407892696551466, 0.8327618025081345, 0.8790503956104823, 0.8802554827143242, 0.9564917110220854], "(0, 0, 0, 3)": [0.7905622724658133, 0.44475468212593255, 0.2886298072302659, 0.3401456219082157, 0.12955452523659458], "(0, 2, 0, 3)": [0.34787337789013906, 0.3275566731525348, 0.27151774901722453, 0.2573085789898113, 0.2273409072936415], "(0, 1, 0, -1)": [0.1990957773982343, 0.2904287675733271, 0.3011664155431237, 0.35890768547657614, 0.6096529795316743], "(0, 1, 0, -2)": [0.011913236392307954, 0.010679835374873834, 0.11908534410028022, 0.0036827377640390457, 0.046242053986416405], "(0, -1, 0, 2)": [0.1482044900992965, 0.9051244414988502, 0.39932825743371547, 0.16633721393363696, 0.19915111596235807], "(0, -2, 0, -9)": [0.0007804716990641238, -0.0030717341360364555, -0.004290075168358707, -0.0012015244875482672, -0.0019523834542180146], "(0, 0, 0, -3)": [0.10388062078691872, 0.28478125773297314, 0.3128120773414283, 0.8294049865939243, 0.32961884318994883], "(0, 3, 0, 7)": [-0.002189069613814354, -0.007527290952019395, 0.0, -0.004160556551069021, -0.004165046699345112], "(0, 0, 0, -4)": [0.0067643868353461055, 0.039124251984725626, 0.003213284669203872, 0.04589234726902548, 0.14063389605221333], "(0, -1, 0, -6)": [0.026846244030090033, 0.018908034903798984, 0.030502185776864782, 0.022925654885673462, 0.22305228671703006], "(0, -1, 0, -7)": [0.00902681740626721, 0.0022157731130174833, 0.011731406503417184, 0.037339170887163244, 0.0011375301212523381], "(0, -3, 0, -7)": [-0.004163422025740147, -0.00416267329826951, -0.004159293528646231, -0.004160493854433298, -0.005933656951412559], "(0, 1, 0, 6)": [0.11617808646708948, 0.006171386789609728, 0.023350900209105234, 0.009262819703736122, 0.005331140247193588], "(0, 1, 0, 7)": [0.004110249645329903, 0.004832461837315628, 0.0, 0.0, 0.001894521494023502], "(0, 1, 0, 8)": [0.0010426691776141525, 0.0, 0.0, 0.0, 0.0], "(0, 2, 0, 9)": [0.0, 0.000503917129644876, -0.006313477447707198, -0.0014324119218353157, 0.0], "(0, -2, 0, -2)": [0.2399910793802198, 0.24211865414186157, 0.17393184413662777, 0.18467315064718576, 0.17880747108395784], "(0, -2, 0, -1)": [0.0905431114431372, 0.21725787271353805, 0.044310498627758446, 0.02412222064064492, 0.019475179283608444], "(0, 2, 0, 2)": [0.342341213203832, 0.36486935718856806, 0.3301513864824575, 0.3155264955624989, 0.29327100429740943], "(0, 0, 0, 4)": [0.03269470866269185, 0.13857626282807406, 0.06950419525593293, 0.06909783172159717, 0.022264777545761373], "(0, -3, 0, -6)": [-0.010253572140889242, -0.010254227506514639, -0.011414522050619127, -0.010250135914156213, -0.01245402197801143], "(0, 0, 0, 5)": [0.0, 0.0, 0.0, 0.011394351388244026, 0.002474981667448537], "(0, 0, 0, -5)": [0.003045801583348206, 0.0, 0.0, 0.0, 0.0], "(0, -1, 0, 3)": [0.0, 0.001774967615854871, 0.0, 0.0009832593612372875, 0.006054398934184509], "(0, -1, 0, 4)": [0.0, 0.0011832151049971861, 0.0, 0.0, 0.0], "(0, -3, 0, -9)": [-0.002196987718343735, 0.0, -0.0021954622119665147, 0.0, 0.0], "(0, 2, 0, 1)": [0.05668650743502171, 0.033493466910161314, 0.09095757708693772, 0.10038000572863955, 0.3261391117218563], "(0, 3, 0, 8)": [-0.0021924246102571487, -0.0021918321028351786, -0.00219095703214407, -0.0021925438195466995, 0.0], "(0, 3, 0, 6)": [-0.004154311753809452, -0.0021881096065044406, -0.004156528003513813, -0.004157374165952206, -0.004157807156443595], "(0, -3, 0, -5)": [-0.00752006759159267, -0.005922399323433638, -0.005922549249604344, -0.007514770734123886, -0.007511698112636805], "(0, -3, 0, -8)": [-0.0021931191906332972, -0.004165285900235176, -0.004163688104599715, -0.002191116102039814, -0.0021919481456279754], "(0, 2, 0, 10)": [0.0, 0.0, 0.0, 0.0, -0.0021924821659922602], "(0, 3, 0, 4)": [-0.005915196733549238, -0.005917323041707278, -0.005918642913922668, -0.00591900910064578, -0.004149789605289698], "(0, 2, 0, 0)": [0.0033218377836177733, 0.004800522147533978, 0.07368173830807351, 0.028214675458062218, 0.001492495091590514], "(0, -3, 0, -4)": [-0.0021846642717719077, -0.0041503491997718816, -0.004149505831301212, -0.004150338582694531, -0.004146830160170794], "(0, 3, 0, 3)": [-0.004143923595547676, -0.0021810749545693397, -0.0021827789023518562, -0.0041472773253917695, -0.0021836481988430022], "(0, -2, 0, -10)": [-0.002175535634160042, 0.0008650519885122776, 0.0009670084761455655, 0.00012260542574818283, -0.0021833993494510652], "(0, -2, 0, 0)": [0.0, 0.0, 0.0, 0.01658467985055554, 0.0],