{"q_values": {"(0, 0, 0, 0)": [0.8075755893345216, 0.7991235005423433, 0.8340759255539184, 0.839266934304933, 0.8172002613050354], "(0, 0, 0, 1)": [0.8265115161685914, 0.795255062998613, 0.7876587212105096, 0.7910512806956016, 0.7172722934467046], "(0, 0, 0, 2)": [0.8449275620029287, 0.8131208606051009, 0.8025331680778645, 0.8212832148346314, 0.8225978363074806], "(0, 1, 0, 2)": [0.3372834858987673, 0.17028245529852373, 0.1571436823151065, 0.15592108431119495, 0.12732381217029107], "(0, 1, 0, 3)": [0.09617836240907074, 0.11022804613546053, 0.09183378441513876, 0.09098856988401846, 0.09146411176117925], "(0, 1, 0, 4)": [0.07793190662215549, 0.09197489251777954, 0.07920183595493935, 0.07801601236637287, 0.07297987120511593], "(0, 1, 0, 5)": [0.07743037108776049, 0.06491446686810512, 0.06485082336692743, 0.06188086052743705, 0.043457401187585974], "(0, 2, 0, 5)": [0.06330465528354003, 0.03408058511034535, 0.017546209861150106, 0.014680253786918002, 0.0006708224564697135], "(0, 2, 0, 4)": [0.05133759037600393, 0.052691196675684435, 0.06516815958524871, 0.033231767413759876, 0.02133796963030301], "(0, 2, 0, 6)": [0.009145754543663363, -0.002155333064067072, -0.006605849929157992, -0.005852975076080389, -0.006197463789079917], "(0, 3, 0, 5)": [-0.016297553713805413, -0.015686089250027093, -0.015690484362632817, -0.01569480635177483, -0.015696354886014632], "(0, -1, 0, 1)": [0.8165412860887868, 0.8111762008998596, 0.8124847393261206, 0.8112501701401155, 0.8418795388896435], "(0, -1, 0, 0)": [0.4970185094824357, 0.7396115569152165, 0.7694635499130907, 0.7429890430060446, 0.8466549596661196], "(0, -1, 0, -1)": [0.26559532570913646, 0.3400313725435122, 0.5752090059565768, 0.708864555366634, 0.7755036638200669], "(0, -1, 0, -2)": [0.11484862044670753, 0.15032142273010615, 0.1550187261039336, 0.22316080593684973, 0.29993392305506095], "(0, -2, 0, -3)": [0.0737164306216646, 0.07376762599492606, 0.08175404279308734, 0.08128839558485276, 0.10106544060722748], "(0, -2, 0, -5)": [0.013984226153884713, 0.018474253905890758, 0.017970831110905545, 0.021506699175004272, 0.03948285320580014], "(0, -2, 0, -4)": [0.024556439489323945, 0.04922000421943021, 0.047051863252744575, 0.04816547948728381, 0.0735642113493973], "(0, -2, 0, -6)": [-0.007609137850025109, -0.008395422103351874, -0.0048866245708025086, -0.007861512347832281, -0.002459521061713753], "(0, -2, 0, -7)": [-0.007552975222819619, -0.007494332186398549, -0.007809130513689, -0.008673337051295445, -0.00726453713800751], "(0, -2, 0, -8)": [-0.012174108081681075, -0.013411986300394205, -0.013520704025679378, -0.003136846016649892, -0.012904635744876672], "(0, 1, 0, 0)": [0.8571916873930611, 0.8479971715241057, 0.8473773489174699, 0.7665602075774511, 0.6551915307836211], "(0, 1, 0, 1)": [0.8026646487056271, 0.7376432820462783, 0.6248977056268232, 0.3814049467593122, 0.27302315295423385], "(0, 2, 0, 7)": [-0.014663170729033968, -0.014414287440022416, -0.010106539309793492, -0.014865052723300196, -0.014857454042873067], "(0, 2, 0, 8)": [-0.009733161108780622, -0.008731428190809349, -0.008337142542490617, -0.0071714991567421536, -0.010494587018617949], "(0, -1, 0, -3)": [0.09700456357096257, 0.09782144449155632, 0.09700423962252562, 0.09859855550197763, 0.09561266883454916], "(0, -1, 0, -4)": [0.06323265455875479, 0.06919564194307226, 0.06926864786501483, 0.07343128210297803, 0.06988155000339281], "(0, -1, 0, -5)": [0.06072547057059874, 0.05622490414988797, 0.059384190179573, 0.06063800796848226, 0.06345314614195663], "(0, 0, 0, -1)": [0.7901247300052096, 0.750427001711402, 0.8218835504881103, 0.8186479544476443, 0.8326420710521623], "(0, 0, 0, -2)": [0.7872560633721788, 0.7825239109611934, 0.7892488494233184, 0.7820205345352886, 0.846852069799028], "(0, 0, 0, 3)": [0.7883969170329892, 0.4895029030199051, 0.34570064810019646, 0.3401456219082157, 0.24223516198975598], "(0, 2, 0, 3)": [0.10393781484736646, 0.08434962731188538, 0.08466058133464255, 0.08104492895598368, 0.07008677100703092], "(0, 1, 0, -1)": [0.8508327847838435, 0.8417551437260314, 0.837648818056774, 0.835346974566014, 0.8351887718487699], "(0, 1, 0, -2)": [0.5093512124310439, 0.43230834120147965, 0.851832667284393, 0.46026184928938507, 0.6714857163990813], "(0, -1, 0, 2)": [0.8273715661261597, 0.8556245887114484, 0.8245175688926956, 0.7361675086900874, 0.7615281004385558], "(0, -2, 0, -9)": [-0.006952167289627777, -0.010684708036203064, -0.010651726878978496, -0.01016910053169692, -0.010516280743944008], "(0, 0, 0, -3)": [0.10841065936541952, 0.3442877417027544, 0.3601317378773203, 0.7031071201848182, 0.386660427943544], "(0, 3, 0, 7)": [-0.012470077348266394, -0.012470146846958678, -0.01142849153329935, -0.012475240371946974, -0.01143576714587547], "(0, 0, 0, -4)": [0.0067643868353461055, 0.039124251984725626, 0.003213284669203872, 0.04589234726902548, 0.2755958797617059], "(0, -1, 0, -6)": [0.02893346927760365, 0.02321584920089626, 0.0445191154121518, 0.04109720131059229, 0.04287726198889662], "(0, -1, 0, -7)": [0.00902681740626721, 0.0022157731130174833, 0.011731406503417184, 0.026832062794026598, 0.0011375301212523381], "(0, -3, 0, -7)": [-0.010268901764597745, -0.008974558709356935, -0.010262190140282734, -0.010258947149092331, -0.010257315330302344], "(0, 1, 0, 6)": [0.037943660849537084, 0.010466662925808461, 0.035186427644746804, 0.009262819703736122, 0.00753742626661536], "(0, 1, 0, 7)": [0.004110249645329903, 0.009384882463850719, 0.0, 0.0010410555572764948, 0.001894521494023502], "(0, 1, 0, 8)": [0.0027343954469290343, 0.0, 0.0, 0.0, 0.0], "(0, 2, 0, 9)": [-0.00989877521071411, -0.009683717024868164, -0.009692719822861977, -0.008568992220716207, -0.007674529736139689], "(0, -2, 0, -2)": [0.1352906189219544, 0.1350579106985921, 0.1325552868692752, 0.1352233406105279, 0.13328028479588896], "(0, -2, 0, -1)": [0.11010920851695066, 0.18997489440578555, 0.14301194028873984, 0.10113445299465923, 0.1194841060233762], "(0, 2, 0, 2)": [0.12455071418537521, 0.12209832472714452, 0.11921565170942247, 0.1214544015099699, 0.11820817614869526], "(0, 0, 0, 4)": [0.03269470866269185, 0.21091804541797593, 0.06950419525593293, 0.06909783172159717, 0.022264777545761373], "(0, -3, 0, -6)": [-0.017384682186220794, -0.017828456512839718, -0.017826314836741304, -0.017822314674149135, -0.017821951278151633], "(0, 0, 0, 5)": [0.0, 0.0, 0.0, 0.011394351388244026, 0.002474981667448537], "(0, 0, 0, -5)": [0.003045801583348206, 0.0, 0.0, 0.0, 0.0], "(0, -1, 0, 3)": [0.0, 0.001774967615854871, 0.1747467766182671, 0.0009832593612372875, 0.0221980370392151], "(0, -1, 0, 4)": [0.0, 0.005701448720575185, 0.0, 0.0, 0.0], "(0, -3, 0, -9)": [-0.004172318093478679, -0.004170745667070151, -0.0041698357462883, -0.004167320542037487, -0.004170274790376425], "(0, 2, 0, 1)": [0.24739066826999942, 0.24212499529545917, 0.24646314630058375, 0.22814160097068875, 0.24845611598323322], "(0, 3, 0, 8)": [-0.010272323488574476, -0.010271781336927787, -0.010276599076444284, -0.010276950310040264, -0.008984579661488534], "(0, 3, 0, 6)": [-0.01892505431531698, -0.018926988546028294, -0.01860573991115966, -0.018609928030612177, -0.018610547224703237], "(0, -3, 0, -5)": [-0.01339677132857151, -0.013395617405264388, -0.013393201420370298, -0.013388298454909726, -0.013382595867257633], "(0, -3, 0, -8)": [-0.00898103281499818, -0.008982006904408335, -0.010273031319646166, -0.008979648974444717, -0.010270440709736197], "(0, 2, 0, 10)": [-0.006267195239611678, -0.006467265274402849, -0.005508157790830888, -0.005674337089767529, -0.004221998565820164], "(0, 3, 0, 4)": [-0.0124328629861434, -0.012434706420493909, -0.012438696597939934, -0.011394429553235694, -0.011398835499997623], "(0, 2, 0, 0)": [0.013967729031014366, 0.004800522147533978, 0.2400747069618334, 0.028214675458062218, 0.001492495091590514], "(0, -3, 0, -4)": [-0.00894819979345426, -0.00894580994926393, -0.00894429954778403, -0.008943322296701372, -0.008937590683270246],