{"q_values": {"(0, 0, 0, 0)": [0.3425185781269345, 0.30782165506966824, 0.31984885140860314, 0.32090402579933175, 0.31141114116305535, 0.3163055087742125, 0.31420579003639004, 0.32829995198970374, 0.3057723453831522, 0.32119943831241454, 0.2910053127291096], "(0, 1, 0, 0)": [0.2111013796690267, 0.19338927171290923, 0.19324004782281962, 0.18367116544863185, 0.19995872528695255, 0.19989572868651934, 0.19994948120260267, 0.19612519491045824, 0.19421073712810916, 0.20917514014064728, 0.20596562742978256], "(0, 2, 0, 0)": [0.25594212091702534, 0.20428214947855183, 0.22508462670521065, 0.17765340859548853, 0.20800802750156727, 0.1946398835203718, 0.23174805024853357, 0.18812550936456204, 0.19989955464121548, 0.23061362908783634, 0.2206528274187765], "(0, 3, 0, 0)": [0.08801831511534346, 0.08732024142877574, 0.08010133218213117, 0.06971031992660734, 0.07668736311152419, 0.08352263133558123, 0.08493583965999214, 0.07251823038861324, 0.07837839301467626, 0.08668246559154061, 0.08055478447772038], "(0, 4, 0, 0)": [0.024353705214471708, 0.018512112132970313, 0.020842867887562035, 0.02552525667948478, 0.025492414797221596, 0.0169976932704605, 0.02507138836221136, 0.01884128298919004, 0.0037325281873111602, 0.01972100994316504, 0.00970952724832298], "(0, -2, 0, 0)": [0.215762370119735, 0.22376676776333773, 0.2096146984557753, 0.21370764788338856, 0.23123749668538088, 0.2204913838238218, 0.2128338022371836, 0.2178476695532072, 0.22328652781448893, 0.20707037027415215, 0.2206751204574008], "(0, -3, 0, 0)": [0.14175318687646607, 0.12660252695622423, 0.14225550007556856, 0.11035377478462186, 0.14563233509306817, 0.14644993121998387, 0.12655972689259265, 0.14045120997129365, 0.15202025714113776, 0.14531981291694565, 0.13636379928100606], "(0, -4, 0, 0)": [0.04706717268889741, 0.023401482254505848, 0.02016705839711299, 0.039184939072875014, 0.0341209293395995, 0.05211435181581157, 0.010371369033158478, 0.030353562029514385, 0.036172108146170015, 0.03296701264936937, 0.04322697614172715], "(0, -1, 0, 0)": [0.33994815341943047, 0.3578648177086624, 0.3644640204501366, 0.3793906572025429, 0.38224699870501166, 0.3678819136811173, 0.33331920439931434, 0.369679945070117, 0.3720688001114488, 0.3698323819140446, 0.3701282071395947], "(1, 3, 0, 0)": [0.0, 0.0, 0.0, 0.0, 0.001785322465002537, 0.0, 0.0, 0.0, 0.0, 0.0017499083653092385, 0.0021230914901942013], "(1, 4, 0, 0)": [0.0, 0.0017290402203798295, -0.00437922552227974, 0.0, 0.0, 0.0, 0.0020868169225111604, 0.0, 0.002048912527412176, 0.0020652000946260783, 0.0], "(-1, -1, 0, 0)": [0.0031276318836970644, 0.0056360961631709665, 0.0, 0.0031320070508880932, 0.0, 0.00445356094360459, 0.005637051998155746, 0.0, 0.0031217621300382928, 0.0, 0.005885334796457739], "(-1, -2, 0, 0)": [0.0024082170615494255, 0.008146599878174636, 0.0032819947412783728, 0.03025068250146893, 0.0, 0.0, 0.009125769171749894, 0.0, 0.0032766137457067596, 0.00956901675790009, 0.012538770454932194], "(-1, 3, 0, 0)": [0.014801582930256931, 0.0, 0.0, 0.0044262509265017074, 0.008543700829288594, 0.0071343887785134015, 0.0, 0.0, 0.0, 0.00555598055825906, 0.01155358081230665], "(-1, 4, 0, 0)": [-0.002739071825742722, 0.0, 0.0, 0.0, 0.0017106313258409501, 0.0, 0.0, 0.0, 0.0, 0.0, 0.0]}}