{"q_values": {"(0, 0, 0, 0)": [0.7710089871054535, 0.7889991350825517, 0.8115471589434438, 0.7808953243827994, 0.7892961198544778], "(0, 0, 0, 1)": [0.8151353162721666, 0.8140558626351232, 0.8002531828387212, 0.7442852567033901, 0.7816375980032009], "(0, 0, 0, 2)": [0.8278371179093614, 0.8131208606051009, 0.8025331680778645, 0.8212832148346314, 0.8225978363074806], "(0, 1, 0, 2)": [0.22747772152520115, 0.1650137822815455, 0.15559758318465686, 0.14129143841791444, 0.11045711705730793], "(0, 1, 0, 3)": [0.09617836240907074, 0.1033819081544162, 0.09183378441513876, 0.09098856988401846, 0.09146411176117925], "(0, 1, 0, 4)": [0.07793190662215549, 0.07885613864278582, 0.08793790290172208, 0.07801601236637287, 0.07297987120511593], "(0, 1, 0, 5)": [0.07775427130851524, 0.06491446686810512, 0.058774342982815045, 0.05756879976215838, 0.04040930631482504], "(0, 2, 0, 5)": [0.050659957505928645, 0.035349632461758526, 0.01713125092936626, 0.01581524520205747, 6.811650032475212e-05], "(0, 2, 0, 4)": [0.05133759037600393, 0.052691196675684435, 0.0706388825326179, 0.033231767413759876, 0.02133796963030301], "(0, 2, 0, 6)": [0.00705537634633777, -0.002155333064067072, -0.006203136504255865, -0.005852975076080389, -0.006197463789079917], "(0, 3, 0, 5)": [-0.016297553713805413, -0.016305155935209054, -0.016307768383137095, -0.016311532817346364, -0.015696354886014632], "(0, -1, 0, 1)": [0.8182335918703263, 0.8226040976821015, 0.8270375586964878, 0.8189369802275471, 0.8253149836608937], "(0, -1, 0, 0)": [0.4795911130200778, 0.7986631935443412, 0.8199681812282511, 0.8240986845737381, 0.8314626090959791], "(0, -1, 0, -1)": [0.26135219930395015, 0.3541349263170609, 0.5893883305030341, 0.7200743813087197, 0.7672271020291698], "(0, -1, 0, -2)": [0.11000070537966192, 0.13748466686501803, 0.13775664798750933, 0.22006253550142502, 0.31707113049005914], "(0, -2, 0, -3)": [0.0737164306216646, 0.07376762599492606, 0.08175404279308734, 0.08128839558485276, 0.10106544060722748], "(0, -2, 0, -5)": [0.013984226153884713, 0.015346995928539293, 0.016410207370241382, 0.021506699175004272, 0.042372472245743906], "(0, -2, 0, -4)": [0.02290885907128679, 0.04510999633623457, 0.047051863252744575, 0.04816547948728381, 0.06326511715569919], "(0, -2, 0, -6)": [-0.007609137850025109, -0.008395422103351874, 0.004856006141420289, -0.006127563330638352, -0.00511164435699504], "(0, -2, 0, -7)": [-0.007552975222819619, -0.0028255229411122498, -0.008033788377367212, -0.008673337051295445, -0.007940908293155207], "(0, -2, 0, -8)": [-0.012174108081681075, -0.013411986300394205, -0.013520704025679378, -0.008634761197787704, -0.012904635744876672], "(0, 1, 0, 0)": [0.8296808728155689, 0.822801762856996, 0.822235290932972, 0.7127231399944685, 0.5996752918674048], "(0, 1, 0, 1)": [0.7648452281139184, 0.7338970996345306, 0.567379454915236, 0.4630711393034033, 0.280485389936541], "(0, 2, 0, 7)": [-0.014663170729033968, -0.014414287440022416, -0.010274854623442804, -0.014865052723300196, -0.014857454042873067], "(0, 2, 0, 8)": [-0.009733161108780622, -0.008731428190809349, -0.008337142542490617, -0.0045476024563227075, -0.010494587018617949], "(0, -1, 0, -3)": [0.09149290943983161, 0.09637803008794439, 0.09343070596225692, 0.08779013978299469, 0.08786560198209777], "(0, -1, 0, -4)": [0.05396807359193935, 0.06941220676418325, 0.06716889141904465, 0.06483235316408206, 0.09874081138336098], "(0, -1, 0, -5)": [0.05887131672741969, 0.05622490414988797, 0.059384190179573, 0.059076388307886, 0.05869299647501673], "(0, 0, 0, -1)": [0.5843995644578817, 0.7094178315877286, 0.8130414572686897, 0.8126244930622635, 0.8237275085567408], "(0, 0, 0, -2)": [0.7872560633721788, 0.7825239109611934, 0.7892488494233184, 0.7820205345352886, 0.8331798220542207], "(0, 0, 0, 3)": [0.7883969170329892, 0.4895029030199051, 0.34570064810019646, 0.3401456219082157, 0.24223516198975598], "(0, 2, 0, 3)": [0.10797090790035441, 0.08434962731188538, 0.08466058133464255, 0.08104492895598368, 0.07008677100703092], "(0, 1, 0, -1)": [0.8251078883056555, 0.8250222891830761, 0.825219351349934, 0.8240679319044236, 0.824452905401962], "(0, 1, 0, -2)": [0.5728761795956303, 0.43230834120147965, 0.8399301216581158, 0.46026184928938507, 0.689397679658644], "(0, -1, 0, 2)": [0.82780690190867, 0.8404432121607506, 0.8273383681407893, 0.7468784596406233, 0.7701915086348985], "(0, -2, 0, -9)": [-0.005453604033323102, -0.010684708036203064, -0.010651726878978496, -0.01016910053169692, -0.010516280743944008], "(0, 0, 0, -3)": [0.10841065936541952, 0.3442877417027544, 0.3601317378773203, 0.7031071201848182, 0.386660427943544], "(0, 3, 0, 7)": [-0.012470077348266394, -0.012470146846958678, -0.01142849153329935, -0.012475240371946974, -0.01143576714587547], "(0, 0, 0, -4)": [0.0067643868353461055, 0.039124251984725626, 0.003213284669203872, 0.04589234726902548, 0.2755958797617059], "(0, -1, 0, -6)": [0.02893346927760365, 0.02321584920089626, 0.04074281803318264, 0.04058650592662899, 0.03970127865846974], "(0, -1, 0, -7)": [0.00902681740626721, 0.0022157731130174833, 0.011731406503417184, 0.024874486343468838, 0.0011375301212523381], "(0, -3, 0, -7)": [-0.010268901764597745, -0.008974558709356935, -0.010262190140282734, -0.010258947149092331, -0.010257315330302344], "(0, 1, 0, 6)": [0.036069204135099835, 0.010466662925808461, 0.035186427644746804, 0.009262819703736122, 0.00753742626661536], "(0, 1, 0, 7)": [0.004110249645329903, 0.009384882463850719, 0.0, 0.0010410555572764948, 0.001894521494023502], "(0, 1, 0, 8)": [0.0027343954469290343, 0.0, 0.0, 0.0, 0.0], "(0, 2, 0, 9)": [-0.00989877521071411, -0.009683717024868164, -0.009692719822861977, -0.007570855570715297, -0.009100078606514616], "(0, -2, 0, -2)": [0.1352906189219544, 0.1350579106985921, 0.1325552868692752, 0.1352233406105279, 0.13328028479588896], "(0, -2, 0, -1)": [0.11010920851695066, 0.18997489440578555, 0.14301194028873984, 0.10113445299465923, 0.1194841060233762], "(0, 2, 0, 2)": [0.1476057822157264, 0.12209832472714452, 0.11921565170942247, 0.1214544015099699, 0.11820817614869526], "(0, 0, 0, 4)": [0.03269470866269185, 0.21091804541797593, 0.06950419525593293, 0.06909783172159717, 0.022264777545761373], "(0, -3, 0, -6)": [-0.01860849790522234, -0.018601285206445467, -0.018599509917647302, -0.01892268793247972, -0.018923599025752184], "(0, 0, 0, 5)": [0.0, 0.0, 0.0, 0.011394351388244026, 0.002474981667448537], "(0, 0, 0, -5)": [0.003045801583348206, 0.0, 0.0, 0.0, 0.0], "(0, -1, 0, 3)": [0.0, 0.001774967615854871, 0.1747467766182671, 0.0009832593612372875, 0.0221980370392151], "(0, -1, 0, 4)": [0.0, 0.005701448720575185, 0.0, 0.0, 0.0], "(0, -3, 0, -9)": [-0.004172318093478679, -0.004170745667070151, -0.0041698357462883, -0.004167320542037487, -0.004170274790376425], "(0, 2, 0, 1)": [0.24739066826999942, 0.24212499529545917, 0.24646314630058375, 0.22814160097068875, 0.2355428507673008], "(0, 3, 0, 8)": [-0.010272323488574476, -0.010271781336927787, -0.010276599076444284, -0.010276950310040264, -0.010280259752869607], "(0, 3, 0, 6)": [-0.019486621874627002, -0.019490383635679277, -0.01949489937398395, -0.019499157623987292, -0.019236523348260395], "(0, -3, 0, -5)": [-0.01339677132857151, -0.013395617405264388, -0.013393201420370298, -0.013388298454909726, -0.013382595867257633], "(0, -3, 0, -8)": [-0.010277080443279818, -0.008982006904408335, -0.010273031319646166, -0.010275691190576182, -0.010270440709736197], "(0, 2, 0, 10)": [-0.006267195239611678, -0.006467265274402849, -0.004845615184933922, -0.005674337089767529, -0.005984740142608261], "(0, 3, 0, 4)": [-0.0124328629861434, -0.012434706420493909, -0.012438696597939934, -0.011394429553235694, -0.011398835499997623], "(0, 2, 0, 0)": [0.013967729031014366, 0.004800522147533978, 0.2400747069618334, 0.028214675458062218, 0.001492495091590514], "(0, -3, 0, -4)": [-0.00894819979345426, -0.00894580994926393, -0.00894429954778403, -0.008943322296701372, -0.008937590683270246],