{"q_values": {"(0, 0, 0, 0)": [0.9325996069409026, 0.9344883029754429, 0.9028494179782381, 0.9340798133758972, 0.9280044324428186, 0.8803209098518421, 0.9318538030266119, 0.9345800858491525, 0.9299743396608255, 0.9334068897706086, 0.9307594709033562], "(0, 1, 0, 0)": [0.8403141366938292, 0.810438073812061, 0.8779384122392981, 0.8785854724385058, 0.7316498544234291, 0.851293816073052, 0.8371829776559524, 0.8822944129297654, 0.8060460474897279, 0.8664035140965094, 0.8438324901819914], "(0, 2, 0, 0)": [0.0904619204127477, 0.09379264834273993, 0.09047878639241778, 0.06214858505805683, 0.09232399236698746, 0.05416049127620923, 0.08426190141656434, 0.07125761907025005, 0.08125138498094635, 0.07882545376673938, 0.08275800961535472], "(0, -1, 0, 0)": [0.7825924103034578, 0.8609169711020312, 0.7515264931585514, 0.8717074609709091, 0.8297286780729062, 0.7978092798796156, 0.8489381765267652, 0.814999931651786, 0.7667523355392651, 0.8092878825278904, 0.861261917431104], "(0, -2, 0, 0)": [0.06938341876405066, 0.06671825274010822, 0.08647832231352671, 0.07952225842484183, 0.10263388096668541, 0.07212617491251176, 0.08381983896495745, 0.08723224468162148, 0.0863498322343013, 0.07039790688053126, 0.08368838235102206], "(-1, -1, 0, 0)": [0.1375444393870861, 0.13662885286784193, 0.12739529762711105, 0.14408146582307718, 0.09862060340531356, 0.13032057086533871, 0.07727846353093587, 0.13781225402291727, 0.1369560156920277, 0.14470933599511154, 0.12019798522439104], "(-1, -2, 0, 0)": [0.014389503735203762, 0.01438611712783943, 0.0061477904088296665, 0.020279847586681634, 0.02358009239288523, 0.013374471072652204, 0.013792269672608522, 0.012206858388069787, 0.026396938533612795, 0.010874879616035883, 0.014201580402191324], "(-1, 1, 0, 0)": [0.219530098054235, 0.23689467969310482, 0.21216897294466533, 0.21276424079951328, 0.18800094942299522, 0.19166638733861407, 0.2207314996055148, 0.24313636875269876, 0.2039339366568947, 0.17231322546620711, 0.2077703348769306], "(-1, 2, 0, 0)": [0.017938212236557532, 0.02831099231975179, 0.029166449175357392, 0.018552647160083303, 0.023933093869568316, 0.023039990940952524, 0.017672823312742038, 0.02172310347923083, 0.018536388650322293, 0.027254784540738687, 0.030472673511457035], "(-1, 0, 0, 0)": [0.2526429814801047, 0.23994709607747078, 0.23886373257408555, 0.2683531893143171, 0.32170414240344086, 0.26630048956727115, 0.26691740055815805, 0.26054238240283834, 0.28151459169720194, 0.2693659620639836, 0.250146308710998], "(1, -1, 0, 0)": [0.2669210851690049, 0.2913985912470705, 0.2775514544693116, 0.2691892956366062, 0.2936439330615581, 0.28455185827623725, 0.2767069347504247, 0.2730393008502942, 0.2733985353635889, 0.2939107577176346, 0.29160790086631083], "(1, -2, 0, 0)": [0.02762671906656588, 0.01979315757478795, 0.02870784490436036, 0.018122933476239195, 0.025240224116849123, 0.021796688302220635, 0.03415558474652438, 0.029182647663534882, 0.019319432223447983, 0.030513503589746544, 0.020380097923099305], "(1, 0, 0, 0)": [0.3254881654718687, 0.34201778317020604, 0.3753221059749757, 0.34917541566467347, 0.3937912983516177, 0.3395974957073369, 0.35833127615445015, 0.35989471843211157, 0.39406685542653735, 0.3691929119992329, 0.3702543732765619], "(1, 1, 0, 0)": [0.427705530630834, 0.2976829597373962, 0.37663305749214626, 0.4484266971578593, 0.30068148933430344, 0.39428505436523575, 0.38811880046954195, 0.37768697000530277, 0.37357813965370384, 0.31870342248185807, 0.4005710639081274], "(1, 2, 0, 0)": [0.003515726882481762, 0.0017278579662296915, -0.006061031227000057, 0.009325393614414623, 0.008533196714037704, 0.0022251989142840723, 0.003983393584358234, 0.0017261902996489546, -0.001444150798767447, 0.016985756841577, 0.0030831728019312236], "(2, 0, 0, 0)": [0.0, 0.005439226866999349, 0.0, 0.02532289368479013, 0.005350698496607694, 0.005442920212933502, 0.0019378985011630806, 0.01208989022322586, 0.0, 0.0, 0.005441177056470594], "(2, -1, 0, 0)": [0.0, 0.016097360558940958, 0.0019119341570425193, 0.0019032771877485674, 0.0, 0.0055732435605714776, 0.0, 0.0, 0.0, 0.0, 0.002956496489862911], "(2, -2, 0, 0)": [0.0, 0.0, 0.0, 0.001838001129445654, 0.0, 0.003920021916862169, 0.0, 0.0, 0.0, -0.0032748945057392118, 0.0], "(-2, 1, 0, 0)": [0.01943112434481295, 0.0, 0.00457358586862869, 0.0023330136903467746, 0.0, 0.0027501738655597474, 0.0014566955622285604, 0.0, 0.006457747198934197, 0.0, 0.0], "(-2, 2, 0, 0)": [0.0013543452601879834, 0.0015476946688955649, 0.0, 0.0018960582750675295, 0.00027338882537644976, 0.0, 0.0, 0.0015586131608663187, 0.001874587610998473, 0.0, 0.0]}}