{"q_values": {"(0, 0, 0, 0)": [0.9802417688211684, 0.9784231608605015, 0.9782013113613612, 0.9766558543883018, 0.9741532676831207], "(0, 0, 0, 1)": [0.9768728773340917, 0.9640615892394039, 0.9573155773153804, 0.9316009904527291, 0.9556050614497525], "(0, 0, 0, 2)": [0.9532697087607086, 0.9005150686859449, 0.8918353927796255, 0.7527596913758671, 0.7293712212579382], "(0, 1, 0, 2)": [0.7493563037633099, 0.7334646533941185, 0.707973921391208, 0.6620638115182855, 0.6648110652014498], "(0, 1, 0, 3)": [0.6790764396453478, 0.5876855801248897, 0.6273453039030256, 0.5432597990751195, 0.46426695500695264], "(0, 1, 0, 4)": [0.512141917819124, 0.4154134566525992, 0.3964247213603036, 0.30311497715484303, 0.2450713802202058], "(0, 1, 0, 5)": [0.3072995925715144, 0.09988560370617697, 0.11442799769407917, 0.09220534153901982, 0.08217040565066679], "(0, 2, 0, 5)": [0.10584995366262284, 0.10113212988607256, 0.10402609529389295, 0.10479785573461321, 0.09316699086577546], "(0, 2, 0, 4)": [0.32066338697852126, 0.20847964166230176, 0.16701515802053252, 0.1464954154480332, 0.1313897487487484], "(0, 2, 0, 6)": [0.0662721379397462, 0.06751082687640247, 0.0654479356104731, 0.061491722482951365, 0.040141485969317], "(0, 3, 0, 5)": [-0.010236949462836608, -0.010241366779040546, -0.0102426144987382, -0.012455545801139455, -0.008958063874077053], "(0, -1, 0, 1)": [0.9751176343050262, 0.9778721751520908, 0.9768248589815923, 0.9767385533679448, 0.9705237194388721], "(0, -1, 0, 0)": [0.9564984225451194, 0.9773032274900233, 0.9781052564580205, 0.9779797142455438, 0.9776355369072823], "(0, -1, 0, -1)": [0.8900973402168482, 0.9172791154449682, 0.9635546635163039, 0.9761615596749096, 0.9778886431150388], "(0, -1, 0, -2)": [0.6901422112602686, 0.7702828340989162, 0.8538483908603343, 0.8346597427251493, 0.9476080443777996], "(0, -2, 0, -3)": [0.22667207121260138, 0.2848932349788474, 0.29424866212984035, 0.28703558447681854, 0.28985684750267376], "(0, -2, 0, -5)": [0.09122182146825926, 0.10617556311670338, 0.09127436371839293, 0.11836814130269037, 0.17362750724490933], "(0, -2, 0, -4)": [0.16126135271405234, 0.17668003668984228, 0.21446591054429925, 0.2575590217802068, 0.2615865130827332], "(0, -2, 0, -6)": [0.06961218610995779, 0.06903046582416808, 0.07707299627708372, 0.07561568971732135, 0.10530592114688558], "(0, -2, 0, -7)": [0.02987597328299132, 0.052474723334528475, 0.04947341717523594, 0.05208605149122566, 0.05935597257185513], "(0, -2, 0, -8)": [0.003165567879648975, 0.0072399606857017915, 0.011930169778822584, 0.020952964925949998, 0.03676923825098991], "(0, 1, 0, 0)": [0.8586578075021206, 0.8772232625721891, 0.8574087101469116, 0.8593792912055356, 0.8490306031885664], "(0, 1, 0, 1)": [0.8665555988095598, 0.8098229969520409, 0.8170649271378773, 0.7969436230794569, 0.7534184295761395], "(0, 2, 0, 7)": [0.033219030864787835, 0.01953872533978622, 0.01322155584428722, 0.009760219005069681, 0.004629173443056309], "(0, 2, 0, 8)": [0.0025494354511686524, 5.1834085755283685e-05, 0.001955551779591472, 0.003141077856342146, -0.004089347653092349], "(0, -1, 0, -3)": [0.5913833027263959, 0.6934995516894645, 0.7363171980900035, 0.6997723497171273, 0.8905053325315984], "(0, -1, 0, -4)": [0.42149438054810373, 0.4790312668111641, 0.5425989181150737, 0.5873421592740602, 0.6099511443866038], "(0, -1, 0, -5)": [0.12899263256691598, 0.19602013687437678, 0.2493231910428656, 0.39718838798669387, 0.5306073672115972], "(0, 0, 0, -1)": [0.9731967424351147, 0.9768530180382394, 0.9783729250371178, 0.9801088689042455, 0.9781827811606114], "(0, 0, 0, -2)": [0.814440721509087, 0.8905649250335598, 0.9129894100663122, 0.9192728042492713, 0.9783915433920837], "(0, 0, 0, 3)": [0.8450521556082066, 0.44475468212593255, 0.2886298072302659, 0.3401456219082157, 0.12955452523659458], "(0, 2, 0, 3)": [0.42599647385916156, 0.3270225960124705, 0.2912590961264041, 0.2503461800376716, 0.19284325308657949], "(0, 1, 0, -1)": [0.6248192657620409, 0.75759728216952, 0.6925024805341267, 0.7885117725245621, 0.864071494551633], "(0, 1, 0, -2)": [0.011697120923789153, 0.032981601791705964, 0.5096504563708775, 0.0036827377640390457, 0.046242053986416405], "(0, -1, 0, 2)": [0.23116932028501502, 0.9639049722226842, 0.39932825743371547, 0.24530319761555514, 0.19915111596235807], "(0, -2, 0, -9)": [-0.0014732359022273287, -0.0030717341360364555, -0.004290075168358707, -0.003259169669222708, -0.0019523834542180146], "(0, 0, 0, -3)": [0.10388062078691872, 0.3442877417027544, 0.3128120773414283, 0.888473202157194, 0.32961884318994883], "(0, 3, 0, 7)": [-0.0041575683653354645, -0.007527290952019395, -0.002189732529222965, -0.004160556551069021, -0.004165046699345112], "(0, 0, 0, -4)": [0.0067643868353461055, 0.039124251984725626, 0.003213284669203872, 0.04589234726902548, 0.14063389605221333], "(0, -1, 0, -6)": [0.028807106935627935, 0.018908034903798984, 0.030502185776864782, 0.022925654885673462, 0.29120860221069095], "(0, -1, 0, -7)": [0.00902681740626721, 0.0022157731130174833, 0.011731406503417184, 0.044991886185781566, 0.0011375301212523381], "(0, -3, 0, -7)": [-0.00593884226307273, -0.005937195921316743, -0.0059340982493013145, -0.005932558918371796, -0.005933656951412559], "(0, 1, 0, 6)": [0.11617808646708948, 0.006171386789609728, 0.023350900209105234, 0.009262819703736122, 0.005331140247193588], "(0, 1, 0, 7)": [0.004110249645329903, 0.004832461837315628, 0.0, 0.0, 0.001894521494023502], "(0, 1, 0, 8)": [0.0010426691776141525, 0.0, 0.0, 0.0, 0.0], "(0, 2, 0, 9)": [0.0, -0.0009873475237482943, -0.006313477447707198, -0.0014324119218353157, 0.0], "(0, -2, 0, -2)": [0.25130981777697897, 0.30659466885225123, 0.22428502825580376, 0.2177091448174169, 0.26496031080856025], "(0, -2, 0, -1)": [0.0905431114431372, 0.27254434729070215, 0.044310498627758446, 0.02412222064064492, 0.019475179283608444], "(0, 2, 0, 2)": [0.42862426044315544, 0.40106103736668686, 0.39393680010041476, 0.3769451982873059, 0.28571162803264133], "(0, 0, 0, 4)": [0.03269470866269185, 0.13857626282807406, 0.06950419525593293, 0.06909783172159717, 0.022264777545761373], "(0, -3, 0, -6)": [-0.011415782689830846, -0.011418121915217861, -0.011414522050619127, -0.012459693851413522, -0.01245402197801143], "(0, 0, 0, 5)": [0.0, 0.0, 0.0, 0.011394351388244026, 0.002474981667448537], "(0, 0, 0, -5)": [0.003045801583348206, 0.0, 0.0, 0.0, 0.0], "(0, -1, 0, 3)": [0.0, 0.001774967615854871, 0.0, 0.0009832593612372875, 0.006054398934184509], "(0, -1, 0, 4)": [0.0, 0.0011832151049971861, 0.0, 0.0, 0.0], "(0, -3, 0, -9)": [-0.002196987718343735, -0.0021947821602225303, -0.0021954622119665147, 0.0, 0.0], "(0, 2, 0, 1)": [0.13852537322896646, 0.21296639098629547, 0.1977873337788238, 0.10038000572863955, 0.39207013958157044], "(0, 3, 0, 8)": [-0.0021924246102571487, -0.0021918321028351786, -0.00219095703214407, -0.0021925438195466995, 0.0], "(0, 3, 0, 6)": [-0.005925088796764613, -0.005927397038787603, -0.004156528003513813, -0.0059305083639919765, -0.004157807156443595], "(0, -3, 0, -5)": [-0.008954335919730366, -0.008951197341196239, -0.008949784501958638, -0.008948884225916118, -0.00894477440930903], "(0, -3, 0, -8)": [-0.0041659683175385, -0.004165285900235176, -0.004163688104599715, -0.002191116102039814, -0.0021919481456279754], "(0, 2, 0, 10)": [0.0, 0.0, 0.0, 0.0, -0.0021924821659922602], "(0, 3, 0, 4)": [-0.008941353285033257, -0.007508237950876356, -0.007510461466573179, -0.00751176072768867, -0.005920663284137845], "(0, 2, 0, 0)": [0.013967729031014366, 0.004800522147533978, 0.17453175994939574, 0.028214675458062218, 0.001492495091590514], "(0, -3, 0, -4)": [-0.00415103143081069, -0.0041503491997718816, -0.007510008819028735, -0.004150338582694531, -0.007505563938803971], "(0, 3, 0, 3)": [-0.004143923595547676, -0.004144507143646479, -0.004145438130944968, -0.0041472773253917695, -0.004147932454943657], "(0, -2, 0, -10)": [-0.002175535634160042, 0.0008650519885122776, 0.0009670084761455655, 0.00012260542574818283, -0.0021833993494510652],