{"q_values": {"(0, 0, 0, 0)": [0.8577316537536058, 0.8975389173461743, 0.8782498264998052, 0.8707666773747376, 0.8560738316662047, 0.8857951424901633, 0.8719366401348406, 0.8420905033251679, 0.858032954020837, 0.8750604803574481, 0.8812028188351327, 0.8803129724214684, 0.8777160895910585, 0.8537688377772567, 0.8853288700185319], "(0, 1, 0, 0)": [0.8107545887103587, 0.7726495274808914, 0.8200464379148241, 0.8121746275236977, 0.8104709126051459, 0.7643817189846299, 0.8270336052448499, 0.7948279806964055, 0.8110093191206424, 0.8085313337657829, 0.753195844407951, 0.804829465531781, 0.7867309550110694, 0.8280913027331622, 0.8052097693196082], "(0, 2, 0, 0)": [0.6678923884928107, 0.646657422256285, 0.6556687827492975, 0.6411508448068748, 0.6607864379985464, 0.6149654370395015, 0.6758902624457889, 0.5836736922023417, 0.616962579254567, 0.5824287740891589, 0.65569879983878, 0.6367570235689477, 0.6150140746205937, 0.6334963519662298, 0.6391338291442153], "(0, 3, 0, 0)": [0.2794567216690046, 0.2593197934421895, 0.4020336555058108, 0.27236233093258966, 0.2585402726710139, 0.27135334441233017, 0.2651711998797587, 0.26701822930028213, 0.23895594770063516, 0.2777631625240481, 0.2786163362807085, 0.24569281815580038, 0.27368657571427857, 0.24163885674372837, 0.25405504619830166], "(0, 4, 0, 0)": [0.031223494734479197, 0.03103603918194481, 0.03285665295543147, 0.016357213277751564, 0.010434547317901102, 0.00605114294398991, 0.017276853682782964, 0.026502600788373864, 0.027252958977715035, 0.034088812832453866, 0.0278943829451229, 0.022727613320676864, 0.028455920864985204, 0.022961335786786774, 0.024237549830088537], "(0, -2, 0, 0)": [0.7669189387991378, 0.7396539585387433, 0.7943424309188685, 0.6815900918784499, 0.7240640920294692, 0.768226564550896, 0.7211259710995794, 0.7617586024305263, 0.7884490538921066, 0.7526605073936934, 0.7683959844024189, 0.7510750256602217, 0.7799497757463334, 0.8507982514111244, 0.760769847614241], "(0, -3, 0, 0)": [0.3850299446051243, 0.40000451566226897, 0.3540161115601523, 0.36601310022344496, 0.40777222157118115, 0.39030821396511434, 0.3862377284451606, 0.3546578915911415, 0.37155852629214087, 0.39506529488900655, 0.3934308711213645, 0.3992519154900906, 0.3891995162086543, 0.4335714850244656, 0.3634036360818893], "(0, -4, 0, 0)": [0.06572846702499117, 0.02125930239524252, 0.11258357873605765, 0.028575807743025303, 0.06712142039524265, 0.07984105078961047, 0.029920454486373968, 0.04833551514393996, 0.02098328147439347, 0.09105523174078292, 0.03095023852244804, 0.057738108073097455, 0.10934311867810352, 0.07546724509327131, 0.12978838533660889], "(0, -1, 0, 0)": [0.798480318101568, 0.869354736554574, 0.8707999368801981, 0.866196162310636, 0.8630079096061342, 0.7871357027082778, 0.8714827260680522, 0.8595813645642848, 0.8643801150386644, 0.8291553740214749, 0.8809180322886305, 0.836826579518932, 0.8732369719605287, 0.8332411515410053, 0.8703377320542687], "(-1, -4, 0, 0)": [0.001474712592481428, 0.004470589184379677, 0.0021673060637356035, 0.0046714316521851255, 0.003601626017297103, 0.0037538303220386125, -0.0026099032631752986, 0.003376865189801866, 0.00215519508565026, 0.0030818642831705627, 0.00421452248466658, -0.00044675790973112885, -0.002694606156489405, 0.003951403829680485, 0.004402094297044804], "(1, -1, 0, 0)": [0.7383937557277865, 0.7483253516284791, 0.7370346225870117, 0.7376630407232956, 0.7441582600335043, 0.6929399011977864, 0.7548054125965052, 0.740574703966246, 0.7306247293132265, 0.7342420438141093, 0.7113802458073175, 0.7406825904017282, 0.7337906267586131, 0.7213459980883606, 0.7464804189298949], "(1, -2, 0, 0)": [0.5194893191951898, 0.43913755254006304, 0.5496280718962231, 0.4509855812027349, 0.45949369272727686, 0.4451155730337497, 0.4089611063462935, 0.4868796969934672, 0.37709936684358714, 0.38322633517543797, 0.4909249718126947, 0.4711889765173691, 0.42884647625516664, 0.45484689628694963, 0.6759940430426565], "(1, -3, 0, 0)": [0.12646622268396732, 0.10725742573253871, 0.08861815034150636, 0.11172863620521023, 0.11284194425135807, 0.04590220143498811, 0.11448171660685949, 0.11767076958257812, 0.06322429929651505, 0.09944342029429264, 0.11557521760948905, 0.12488393716513166, 0.12586512116843487, 0.11066928995428957, 0.07377853036346692], "(-1, 0, 0, 0)": [0.4161077949685783, 0.3507369785550935, 0.47975214002285654, 0.27909795593136044, 0.28003711153516586, 0.382737418737758, 0.19238621373055503, 0.28153338058847366, 0.4119325904530222, 0.2843053054416628, 0.36023053855738374, 0.3553714049356014, 0.41528603201811576, 0.40673746747674777, 0.6760554762222885], "(-1, -1, 0, 0)": [0.10047562719775102, 0.12457855385719571, 0.08853999111816768, 0.09076965409439129, 0.14895116896657823, 0.15554308488094878, 0.3483583224406447, 0.13362775922849954, 0.10268949210309283, 0.12180242141165305, 0.07137431532678902, 0.1559258534361053, 0.0917022607686365, 0.1151583540936229, 0.09986990184372883], "(-1, -2, 0, 0)": [0.08920595938699301, 0.056995191044730165, 0.06673587623518466, 0.04969075341624822, 0.06627385375391918, 0.03527640320521916, 0.08347491180246257, 0.04738506509330245, 0.05235814845886295, 0.034861641577220534, 0.07467182205221709, 0.06575354957222607, 0.06141583326390509, 0.0701824733941619, 0.07316496239957311], "(-1, -3, 0, 0)": [0.04443579389675727, 0.0137071292753479, 0.03877163031095392, 0.041111772986210014, 0.04099481225444959, 0.021159276199206906, 0.029502977869914793, 0.04198850346627559, 0.019157584096389024, 0.03829628632184452, 0.04454317760506626, 0.040898031353472586, 0.037105250995361896, 0.01820654812031218, 0.026440326694477274], "(-1, 1, 0, 0)": [0.49484713572558214, 0.48628798326544137, 0.47838146099778195, 0.4939505518766444, 0.4866981045828278, 0.496678096756157, 0.49654781281949245, 0.4819349451514497, 0.48333778906554326, 0.48524428388237995, 0.5004499419981389, 0.4892241308888335, 0.5824713249685475, 0.49530649058647686, 0.4795761438738548], "(-1, 3, 0, 0)": [0.14253271169198678, 0.15657117541667648, 0.17105192265258246, 0.1788870875202953, 0.1748934139737049, 0.17065706878705106, 0.16025486901041722, 0.1708435961279769, 0.17790843276773777, 0.19389157828986212, 0.1813948935312057, 0.17427828116991184, 0.17986937483688217, 0.17343004291062936, 0.161982327421829], "(-1, 4, 0, 0)": [0.029542262034150876, 0.020313953104033163, 0.017502469509602516, 0.02688362947484106, 0.01810992464638478, 0.007398252535546404, 0.01909225546144412, 0.028072566902829207, 0.014253627040253066, 0.023631556349241755, 0.017826831642521503, 0.011863118922876715, 0.01856790346246687, 0.010869326220815122, 0.006297006086148951], "(-1, 2, 0, 0)": [0.3558346354987175, 0.34680891376712464, 0.44770398029532554, 0.36001791248078086, 0.37480039450955616, 0.3486736233799119, 0.35427715899166273, 0.3362065979671526, 0.33994620524823643, 0.37826441148237505, 0.3978192048898608, 0.331787253841675, 0.3579649691304588, 0.35762556248821836, 0.3338291625786237], "(1, 0, 0, 0)": [0.82490091461317, 0.8256968234164415, 0.8231720356333714, 0.8241810768956179, 0.7988060275406814, 0.8185675278298411, 0.8222950092829389, 0.789280119800717, 0.8206819635533705, 0.8110848941802912, 0.8253145848694662, 0.8096499115189505, 0.8239927717010381, 0.7511138080687169, 0.8004630604288542], "(1, -4, 0, 0)": [-0.0052294194999910875, 0.006677628106990984, 0.0007316539942651681, 0.0075132737133310565, 0.006226745402245537, 0.003440556692928899, 0.00621143381393356, 0.000671477304410641, 0.0044430824758344475, -0.001299932116426314, 0.004119387556261507, 0.0037613775826866105, -0.0003750985920141503, 0.0006736784231891292, 0.004232486933147249], "(1, 2, 0, 0)": [0.6344488928383298, 0.7724034739578864, 0.6918371975031613, 0.6645299447389621, 0.5342975894546892, 0.6755354641384702, 0.7045661896205505, 0.6278931217766978, 0.6343281987404956, 0.678065009451351, 0.7855590743482135, 0.6418575103074539, 0.7121941785508059, 0.6311641689668926, 0.5897175400747229],