{"q_values": {"(0, 0, 0, 0)": [0.9204421198575118, 0.9149960738279715, 0.9196550058626342, 0.9221935906954877, 0.9173094124658214], "(0, 0, 0, 1)": [0.9215674095780299, 0.9099973502113371, 0.9113527951428239, 0.9020116166103084, 0.8729314691900509], "(0, 0, 0, 2)": [0.8750047839078261, 0.8069876386512713, 0.7975844250034081, 0.7609931393733659, 0.7205908628867725], "(0, 1, 0, 2)": [0.5753571180359474, 0.5631308456718372, 0.5723417799993573, 0.5615389315871205, 0.5458328861648212], "(0, 1, 0, 3)": [0.5492207374091942, 0.5258627976061431, 0.5132755475616253, 0.4848760909531079, 0.4283260092908877], "(0, 1, 0, 4)": [0.519568072187043, 0.35949089121664607, 0.35669628379093105, 0.29648058306806546, 0.23788714470781697], "(0, 1, 0, 5)": [0.30337390734080605, 0.09988560370617697, 0.11442799769407917, 0.09220534153901982, 0.08217040565066679], "(0, 2, 0, 5)": [0.19703236871400914, 0.15499733378692906, 0.13988306315327065, 0.1475245358557836, 0.09703041498201304], "(0, 2, 0, 4)": [0.2708230783176645, 0.23258139253199692, 0.2410381470047011, 0.19158126504200315, 0.17262406446496434], "(0, 2, 0, 6)": [0.13816226875365664, 0.08683297513142803, 0.08949948551316893, 0.08098614572383105, 0.035352243118950806], "(0, 3, 0, 5)": [-0.0059222744014114145, -0.00751616351120174, -0.007516112149134279, -0.010246633779017255, -0.008958063874077053], "(0, -1, 0, 1)": [0.8923281353417418, 0.8840956346321169, 0.8886067641856171, 0.881009036628058, 0.8454034393605587], "(0, -1, 0, 0)": [0.8776934907500258, 0.8866304867841274, 0.8901885015404347, 0.8942997271384994, 0.8938875624094847], "(0, -1, 0, -1)": [0.8606971151802703, 0.8634394222221243, 0.8548486878565206, 0.8448984824345181, 0.8380232979981395], "(0, -1, 0, -2)": [0.6955105560797281, 0.7904683779278396, 0.789959268150676, 0.8580885597106211, 0.8260923038942728], "(0, -2, 0, -3)": [0.22073309131982927, 0.23342580945418803, 0.24129412568650457, 0.24926438582440955, 0.23931077640861806], "(0, -2, 0, -5)": [0.1316171645540277, 0.1380277818098512, 0.15919788747197056, 0.15085605520744466, 0.20096697896767876], "(0, -2, 0, -4)": [0.18396307660514494, 0.20124465994101717, 0.2055470529825784, 0.20073076973589496, 0.23811799710520543], "(0, -2, 0, -6)": [0.07950835340510638, 0.09624525776562795, 0.09141813771000165, 0.12658123290946788, 0.14362922454783292], "(0, -2, 0, -7)": [0.04497201192418172, 0.03818221371489641, 0.060912866095070566, 0.061067850067389816, 0.12994465484171266], "(0, -2, 0, -8)": [0.005946609532139888, 0.006986260212550971, 0.015678217488592116, 0.020952964925949998, 0.059712787074758945], "(0, 1, 0, 0)": [0.5690176770593871, 0.5922264225335615, 0.5873260302569367, 0.599558453627687, 0.5806965769118517], "(0, 1, 0, 1)": [0.6004337260472277, 0.5765883877207373, 0.5767915464772809, 0.5608162889912004, 0.5721495646819988], "(0, 2, 0, 7)": [0.06963265874465548, 0.024136757048651033, 0.01711358346082562, 0.013207668308570933, 0.004629173443056309], "(0, 2, 0, 8)": [1.475975392165518e-05, 5.1834085755283685e-05, 0.000488348422973889, 0.002491607386515147, -0.0054612475426676155], "(0, -1, 0, -3)": [0.4756784725344727, 0.7043497162214668, 0.7400916099579185, 0.7346096158481786, 0.8341215733060457], "(0, -1, 0, -4)": [0.26201625580801635, 0.3023184744646372, 0.42772201002832233, 0.395651289706917, 0.6557801059393781], "(0, -1, 0, -5)": [0.0984985872124766, 0.1593939356356261, 0.12397202912817495, 0.3613294791153805, 0.25275031729166686], "(0, 0, 0, -1)": [0.9106388330208556, 0.9138506236325691, 0.9179097101611623, 0.9217572038388395, 0.915726788481966], "(0, 0, 0, -2)": [0.6721040757013151, 0.8078141192876183, 0.8395478272646779, 0.8411740575774913, 0.9179971199679416], "(0, 0, 0, 3)": [0.7905622724658133, 0.39285265017341753, 0.2886298072302659, 0.3401456219082157, 0.12955452523659458], "(0, 2, 0, 3)": [0.2808737070787097, 0.3031997945349664, 0.27214177286628494, 0.2721610468767331, 0.22664314257722712], "(0, 1, 0, -1)": [0.1216631330421051, 0.2566394211425912, 0.2679306533138769, 0.35890768547657614, 0.5706798322003191], "(0, 1, 0, -2)": [0.011913236392307954, 0.0038352109766646683, 0.06301227344481186, 0.0036827377640390457, 0.046242053986416405], "(0, -1, 0, 2)": [0.05953776246831301, 0.8139062351107046, 0.39932825743371547, 0.16633721393363696, 0.12707568551875292], "(0, -2, 0, -9)": [-5.091964191292382e-05, -0.0030717341360364555, -0.004290075168358707, -0.0012015244875482672, -0.0019523834542180146], "(0, 0, 0, -3)": [0.10388062078691872, 0.28478125773297314, 0.2613947466045859, 0.7567160081864961, 0.32961884318994883], "(0, 3, 0, 7)": [-0.002189069613814354, -0.007527290952019395, 0.0, -0.004160556551069021, -0.004165046699345112], "(0, 0, 0, -4)": [0.0067643868353461055, 0.039124251984725626, 0.003213284669203872, 0.04589234726902548, 0.14063389605221333], "(0, -1, 0, -6)": [0.025692194235640307, 0.018908034903798984, 0.030502185776864782, 0.022925654885673462, 0.16643395472695824], "(0, -1, 0, -7)": [0.00902681740626721, 0.0022157731130174833, 0.00823458488727272, 0.016810114379448196, 0.0011375301212523381], "(0, -3, 0, -7)": [-0.004163422025740147, -0.00416267329826951, -0.004159293528646231, -0.004160493854433298, -0.00415852090343833], "(0, 1, 0, 6)": [0.11617808646708948, 0.006171386789609728, 0.023350900209105234, 0.009262819703736122, 0.005331140247193588], "(0, 1, 0, 7)": [0.004110249645329903, 0.004832461837315628, 0.0, 0.0, 0.001894521494023502], "(0, 1, 0, 8)": [0.0010426691776141525, 0.0, 0.0, 0.0, 0.0], "(0, 2, 0, 9)": [0.0, 0.000503917129644876, -0.006313477447707198, -0.0014324119218353157, 0.0], "(0, -2, 0, -2)": [0.2454872182443144, 0.23232355179685593, 0.1651568566902536, 0.1771079619918217, 0.17880747108395784], "(0, -2, 0, -1)": [0.0905431114431372, 0.21230904941948991, 0.044310498627758446, 0.02412222064064492, 0.019475179283608444], "(0, 2, 0, 2)": [0.29274857793616454, 0.31718736879331877, 0.30139043515144787, 0.28622336910968443, 0.27806586456179705], "(0, 0, 0, 4)": [0.03269470866269185, 0.13857626282807406, 0.06950419525593293, 0.06909783172159717, 0.022264777545761373], "(0, -3, 0, -6)": [-0.00896149775745347, -0.008960362675450742, -0.008959417894482614, -0.010250135914156213, -0.01140836571944058], "(0, 0, 0, 5)": [0.0, 0.0, 0.0, 0.011394351388244026, 0.002474981667448537], "(0, 0, 0, -5)": [0.003045801583348206, 0.0, 0.0, 0.0, 0.0], "(0, -1, 0, 3)": [0.0, 0.001774967615854871, 0.0, 0.0009832593612372875, 0.006054398934184509], "(0, -1, 0, 4)": [0.0, 0.0011832151049971861, 0.0, 0.0, 0.0], "(0, -3, 0, -9)": [0.0, 0.0, -0.0021954622119665147, 0.0, 0.0], "(0, 2, 0, 1)": [0.027472383019381555, 0.033493466910161314, 0.09095757708693772, 0.10038000572863955, 0.29094587186789206], "(0, 3, 0, 8)": [-0.0021924246102571487, -0.0021918321028351786, -0.00219095703214407, -0.0021925438195466995, 0.0], "(0, 3, 0, 6)": [-0.004154311753809452, -0.0021881096065044406, -0.002188003063201904, -0.004157374165952206, -0.004157807156443595], "(0, -3, 0, -5)": [-0.005924084629863501, -0.005922399323433638, -0.005922549249604344, -0.005921830562874675, -0.005918627224862576], "(0, -3, 0, -8)": [-0.0021931191906332972, -0.004165285900235176, -0.004163688104599715, -0.002191116102039814, -0.0021919481456279754], "(0, 2, 0, 10)": [0.0, 0.0, 0.0, 0.0, -0.0021924821659922602], "(0, 3, 0, 4)": [-0.004147108364850283, -0.005917323041707278, -0.005918642913922668, -0.002186097949743271, -0.004149789605289698], "(0, 2, 0, 0)": [0.0033218377836177733, 0.004800522147533978, 0.047913246828144324, 0.028214675458062218, 0.001492495091590514], "(0, -3, 0, -4)": [-0.0021846642717719077, -0.002184613421559334, -0.002183976024389267, -0.002184855565428734, -0.004146830160170794], "(0, 3, 0, 3)": [-0.004143923595547676, -0.0021810749545693397, -0.0021827789023518562, -0.0041472773253917695, -0.0021836481988430022], "(0, -2, 0, -10)": [-0.002175535634160042, 0.0008650519885122776, 0.0009670084761455655, 0.00012260542574818283, -0.0021833993494510652], "(0, -2, 0, 0)": [0.0, 0.0, 0.0, 0.01658467985055554, 0.0],