{"q_values": {"(0, 0, 0, 0)": [0.7426802218360675, 0.7591230610216748, 0.7670989026180766, 0.7780213749539038, 0.7690571735345803], "(0, 1, 0, 0)": [0.6843968707771652, 0.7143415605463567, 0.6605121491050049, 0.7010154153932348, 0.6890483228053438], "(0, 2, 0, 0)": [0.11391326778366954, 0.10831043959620643, 0.11048014587692004, 0.10726938354833804, 0.09958971108704151], "(0, -1, 0, 0)": [0.5792979355146503, 0.6901870818376754, 0.6569538596561363, 0.6548677378525777, 0.6859988355607456], "(0, -2, 0, 0)": [0.027495912499594828, 0.02763238835043425, 0.023294354780105823, 0.035188029249678635, 0.05542030652729424], "(1, 0, 0, 0)": [0.5769971426604431, 0.576493145815473, 0.5236468981075709, 0.5855268482125138, 0.5402763531233261], "(-1, -1, 0, 0)": [0.4578473807132301, 0.2090652969078918, 0.47382619990656444, 0.33490567379254094, 0.6663599316507939], "(-1, -2, 0, 0)": [0.07607031983905262, 0.09129074773390422, 0.07253023069826012, 0.05990243516786794, 0.1994772836711693], "(-1, 0, 0, 0)": [0.4722885487891545, 0.6473737973690132, 0.5050909180602385, 0.5224032068127615, 0.5258776536999844], "(1, 1, 0, 0)": [0.6863465796579084, 0.5107682535314875, 0.5396041592238722, 0.563620833185969, 0.5812697769382094], "(1, 2, 0, 0)": [0.09356387840223679, 0.07792715476003184, 0.08885558668730939, 0.06524458637381532, 0.04538205878389459], "(-1, 1, 0, 0)": [0.4373132418230205, 0.3688457805195323, 0.3572512603528928, 0.3862565757148768, 0.33232111946577425], "(-1, 2, 0, 0)": [0.0236215245697835, 0.047105600602690166, 0.02455707717912017, 0.01002777431769985, 0.01859461568437068], "(1, -1, 0, 0)": [0.4033112630400674, 0.3872336589123348, 0.404538700092082, 0.41280226209295806, 0.3670883364407067], "(1, -2, 0, 0)": [0.016255579056424288, 0.01372078693215045, 0.007926920074339448, 0.02037755978520263, 0.011373941987878071], "(-2, 2, 0, 0)": [0.020801753619198116, 0.016663918534490896, 0.014029681601266619, 0.020543641769636006, 0.017622433357324933], "(-2, 1, 0, 0)": [0.1865408193852799, 0.17750481177731703, 0.18852374289460044, 0.18014059524966491, 0.18293532731351364], "(-2, -2, 0, 0)": [-0.0043562397360801695, 0.0010969463503411134, 0.0, 0.0, 0.0], "(2, -1, 0, 0)": [0.12098691508269149, 0.0880918155154945, 0.0765532184442795, 0.08356715144888761, 0.07290273709684017], "(2, -2, 0, 0)": [0.0006387326084313655, 0.004696888191841132, 4.4234314242768726e-05, 0.0, 0.0007192420904764555], "(-2, 0, 0, 0)": [0.1280050996949213, 0.06838540077473294, 0.014798737725542584, 0.017321286282135858, 0.0561687069662573], "(-3, 1, 0, 0)": [0.0, 0.011384000526092827, 0.0, 0.045486908437594814, 0.007144817623769209], "(-3, 2, 0, 0)": [0.0008416896969508387, 0.0069728891971796575, -0.0002834575323951245, 0.0, 0.0024782358668107695], "(2, 1, 0, 0)": [0.13076591550884034, 0.0, 0.0, 0.0, 0.0], "(2, 0, 0, 0)": [0.2134786805145027, 0.011698140389364432, 0.1386608335696818, 0.13846333467463678, 0.12825412828578617], "(-3, 0, 0, 0)": [0.0, 0.005920361934231982, 0.03417864858768747, 0.00795104545937151, 0.0], "(-2, -1, 0, 0)": [0.02408220291839988, 0.0, 0.0, 0.003500853203685138, 0.0], "(-3, -1, 0, 0)": [0.01684510250332566, 0.0, 0.0, 0.0, 0.0], "(-3, -2, 0, 0)": [0.00388504041809898, 0.0, 0.0, 0.0, 0.0]}}