{"q_values": {"(0, 0, 0, 0)": [0.8988737031240497, 0.9230235784768623, 0.9303077790641204, 0.9319843774928518, 0.9340898489273327, 0.9112815752209086, 0.9059392150370297, 0.9074671556338014, 0.9333678334976664, 0.932366309309899, 0.931262767751558], "(0, 1, 0, 0)": [0.8536335627451277, 0.909592563501074, 0.8606713336959084, 0.9166623880388106, 0.8936796292108313, 0.9103780628743987, 0.893949294563773, 0.8715104696532638, 0.9040373066020039, 0.9063121794967626, 0.8889065007411053], "(0, 2, 0, 0)": [0.6513732450416307, 0.6335585077386892, 0.6406852116556313, 0.5641498390002202, 0.5443518976036439, 0.6124114950162824, 0.4621946714851621, 0.5621112366763221, 0.49442448166777725, 0.5669782082042467, 0.603868080107396], "(0, 3, 0, 0)": [0.13293869833813202, 0.12578634802249652, 0.12581223519011578, 0.12257506425944059, 0.13655184557314662, 0.1256811678897592, 0.13506058854288877, 0.13045121804562632, 0.12921527389769902, 0.1345760748100103, 0.13043278570975644], "(0, 4, 0, 0)": [0.022998010613663085, 0.019224553656400488, 0.020645676001990097, 0.014557151989962627, 0.01980682822880896, 0.007825908286564933, 0.019525200751281113, 0.018542400249734615, 0.0203213408079211, 0.015037633705300977, 0.021038078576176827], "(0, -2, 0, 0)": [0.7387871589568822, 0.7469424246256499, 0.6465748136582574, 0.7305879240448628, 0.5934318776868247, 0.7228925336171924, 0.7243124347811263, 0.6924061896506184, 0.6480846914581544, 0.6879816322518976, 0.7372565542668627], "(0, -3, 0, 0)": [0.1914435415148956, 0.1993280080785622, 0.17923908182140688, 0.15308219817957053, 0.1938737497668103, 0.17592766965265752, 0.18637304295820561, 0.18340361119894918, 0.19614825850210982, 0.12603631112759275, 0.19405967544217972], "(0, -4, 0, 0)": [0.023671052920186744, 0.016445725033008028, 0.012775855849578499, 0.025101135843648092, 0.02867278021601443, 0.02503607396436007, 0.011420227558187576, 0.015629028401702216, 0.024674077996323707, 0.02673111628169355, 0.01987574324480674], "(0, -1, 0, 0)": [0.922872366007375, 0.9112123566214507, 0.8703598772403477, 0.9099155191069004, 0.9014377320851392, 0.9241051483535354, 0.9322119183009188, 0.9170495035699867, 0.8526580189149517, 0.8624513875704211, 0.912732361025782], "(1, 3, 0, 0)": [0.002282135860604793, 0.00929674419555731, 0.022125155861386487, 0.0029206416269844356, 0.03799650700423791, 0.0037059369535798617, 0.0037202280984873362, 0.007229398179146303, 0.00589850418718186, 0.01671237348338157, 0.005701853827496536], "(1, 4, 0, 0)": [0.0028234591923985857, 0.004299905233930552, 0.0044652232347284875, -0.007863020226359367, 0.0, 0.0, 0.007593081953267305, 0.0028637975909819244, 0.006007398661695163, 0.005644030365809138, -0.004357173666357995], "(-1, -1, 0, 0)": [0.0031276318836970644, 0.008423468994256264, 0.0, 0.0031320070508880932, 0.0, 0.025539537429479096, 0.008424137363489872, 0.10458866111330427, 0.006411210329826217, 0.0035261268541908254, 0.08477559050980342], "(-1, -2, 0, 0)": [0.027975281414637128, 0.02777717230796487, 0.028975514552306892, 0.05558097184661852, 0.004391725608742736, 0.009237102088131163, 0.024753607160038344, 0.00905141372429726, 0.021333105214333438, 0.03223773590454442, 0.026074734204568423], "(-1, 3, 0, 0)": [0.05311225696139201, 0.03197535093516808, 0.045680897261611515, 0.04974937291581244, 0.05308605112763854, 0.04019243181483419, 0.05156695174618408, 0.05212469952703896, 0.04722846053210189, 0.03322619594974044, 0.022043240357253108], "(-1, 4, 0, 0)": [-0.0015073660829849327, 0.003498599323613503, 0.0021956847385769286, 0.0024281457032476637, 0.006751255568641887, 0.004022797081964317, -0.0019107895800676827, -0.0038084227305399286, 0.003195617700925514, -0.0004888308808873648, 0.005544935887599897], "(-1, -3, 0, 0)": [0.015104807609646291, 0.012002300057076335, 0.010762254834779631, 0.037787776286442296, 0.0257070218447807, 0.010886099886262794, 0.0124389353716152, 0.017189393761727702, 0.017593959631136215, 0.005090692974032316, 0.011914682833310278], "(-1, -4, 0, 0)": [-0.004626748303795816, 0.0019393358940397046, 0.0025303466331146993, -0.0019290682859476231, 0.0013669142492672508, 0.00011267608481146506, 0.0012493900344882638, 0.0022887260263456, 0.0, 0.0021554024399493875, -0.0019631383300035546], "(1, 0, 0, 0)": [0.18110312035618928, 0.06557502247273801, 0.04512631858745657, 0.035923381764704054, 0.0, 0.010725480968969622, 0.009639039487084517, 0.0242642922583529, 0.04621114663321739, 0.03530278322742953, 0.0], "(1, -1, 0, 0)": [0.3071436414410868, 0.22484491931236397, 0.2847705136579731, 0.2895765968875389, 0.24691405274753372, 0.35533897427991445, 0.2836242437587868, 0.2542863732503484, 0.24436857043623983, 0.31786191300522937, 0.24115867457591514], "(1, -2, 0, 0)": [0.14248832487506463, 0.22724283143545673, 0.13969978245833017, 0.1312794291891374, 0.13257737879335918, 0.06939447133989683, 0.1755941259665133, 0.07361950467085848, 0.07992169610954575, 0.10818221856905622, 0.12327669766657467], "(1, -3, 0, 0)": [0.04570046715170269, 0.04548165150838933, 0.01684747253263275, 0.05247437808921227, 0.016919158947389653, 0.06999112548292183, 0.05533789780065648, 0.03299198237595648, 0.05625836920830264, 0.041981862706622734, 0.043546253689340994], "(1, -4, 0, 0)": [0.005734462785688365, 0.005514679103911332, 0.003719268512853885, 0.006185405113418125, 0.004508688082495899, 0.005173066434540165, 0.0034048971569509722, -0.0036836498723357555, 0.006250345265040232, 0.006287529418753871, -0.004572910665836907], "(-1, 1, 0, 0)": [0.2937034278753658, 0.2671889755948249, 0.3000024179497338, 0.32117513230852496, 0.2820426910373627, 0.4106804459677248, 0.320674000733574, 0.28870195972158774, 0.33406877803319696, 0.27805378427908867, 0.29053806220466777], "(-1, 2, 0, 0)": [0.06833024328572752, 0.058461685615358014, 0.09560006311872489, 0.061819028863688195, 0.12647102211857936, 0.09688702137414086, 0.07717928076339821, 0.015237816823532882, 0.05235751079090073, 0.3119374673426074, 0.06300529414648215], "(1, 1, 0, 0)": [0.009752017411504152, 0.0, 0.29933454954011285, 0.0, 0.006691147833784841, 0.053574121767711744, 0.0, 0.029578455981599, 0.0035038922738823523, 0.0, 0.030246675688385016], "(1, 2, 0, 0)": [0.0019012192264199258, 0.030647577301955338, 0.01786100518604548, 0.0, 0.018216360342779618, 0.031016173764928108, 0.07207925665478086, 0.0, 0.017848125926161123, 0.03223532789867411, 0.017873137711489514], "(-1, 0, 0, 0)": [0.039877791380431266, 0.13790131565094838, 0.23744128917800833, 0.14212079062160177, 0.15161776062121374, 0.15339822648466572, 0.26343002602156357, 0.1936844038266067, 0.21958399095881495, 0.38368885807992514, 0.193113633137266], "(-2, 1, 0, 0)": [0.0, 0.0, 0.0, 0.0, 0.0, 0.0, 0.0019504040479660035, 0.0, 0.003925069067627192, 0.0, 0.0], "(-2, 2, 0, 0)": [0.0, 0.0, 0.0, 0.0, 0.0, 0.0, 0.0, 0.0, 0.013216323148737639, 0.0, 0.0]}}