{"q_values": {"(0, 1, 0, 0)": [99.3772498653199, 99.31604090461082, 99.26517422409422, 99.28160020881104, 99.2966227815834, 99.27587293409309, 99.26503298504457, 99.20220434447315, 99.1897381794126, 99.23341137540423, 99.24309251627875], "(0, 2, 0, 0)": [99.20426520856914, 97.02960762586657, 98.3211772591659, 98.90730640273583, 98.43163498980219, 97.98845749602519, 98.14797958234828, 98.30738837282357, 98.63847888046429, 97.97833988150518, 98.41232035120481], "(0, 3, 0, 0)": [93.11488725287167, 95.75994647061077, 91.32883781859199, 90.8881869759239, 91.69522820232652, 92.16364170899415, 92.95828212150536, 91.70834007587455, 89.68021247469406, 92.73208591189253, 90.56114020917164], "(0, 4, 0, 0)": [74.28188812881415, 78.8429582294725, 77.67327022581262, 78.37973858293356, 77.20142617759981, 79.06988194919845, 75.20172382440697, 74.2894169275408, 76.4611832038522, 75.87709627977748, 79.13778567133927], "(0, 5, 0, 0)": [53.926501578162174, 53.80546068807645, 53.60702537693645, 50.53247198553795, 54.661004976974425, 57.352530609953426, 51.56082643401784, 53.00168714329234, 54.46155907285132, 52.39846338535818, 51.879437817016445], "(0, 6, 0, 0)": [46.02956298857034, 37.76123587001555, 37.956407986763324, 39.816532711864454, 35.42340885501899, 30.156368489932046, 34.915070966215964, 35.20548081398827, 36.18797378769602, 35.463343916557804, 36.66145651061926], "(0, 7, 0, 0)": [12.262335955111922, 11.818777567168945, 9.371757024369087, 13.263432210268396, 9.816181279714788, 12.573982048104877, 10.373834545510643, 10.208620242602809, 10.889404737147098, 11.38308051468761, 12.117211225128992], "(0, 8, 0, 0)": [0.7722581419256497, -0.10743722545181611, -0.6712134161927797, -0.36235426868246856, -1.311054396205121, -0.06290918206612509, -0.4517443128062115, -0.15440124885176143, -0.06069697380865785, -0.14088726921348005, -0.08051801573166928], "(0, -4, 0, 0)": [93.38762405853319, 93.02258008907097, 94.24075057357435, 87.45371294274139, 90.95256784924868, 90.81564102595523, 91.51224106138524, 91.58948321703217, 86.46040522044377, 91.30652773197491, 93.66091232032025], "(0, -5, 0, 0)": [63.073821513216224, 61.160939227204835, 65.10784243143345, 68.9189342840904, 66.74898327142526, 66.4348250012858, 71.73958605211584, 69.60412399751021, 70.21182970089323, 69.02729973775865, 71.5007089954567], "(0, -6, 0, 0)": [33.06465153960222, 44.29412292057535, 41.002038420507525, 28.415583739071863, 32.92819091557249, 35.368754805878034, 34.384380521063804, 38.254021043865194, 30.87860571353635, 45.46724051899989, 32.72185461271934], "(0, -7, 0, 0)": [12.66657492411477, 11.104662833295208, 12.773977305294169, 13.301706905899758, 10.014614827780923, 6.964759593213309, 11.582127633467728, 11.087279594842098, 9.845945892483613, 20.86093682003449, 14.592519360258592], "(0, -8, 0, 0)": [0.8269137688400469, 0.2637826739754998, 1.3255845321213964, 0.7966757079026464, 0.8889245621218346, 1.0705474159932393, 1.4841173704371995, 1.7370486588709406, 0.5456651387818141, 0.30789025146904225, 1.1022160367556384], "(0, 0, 0, 0)": [99.34889961310937, 99.36306835218981, 99.3743667146117, 99.374189886314, 99.34800642236567, 99.35752028147706, 99.35896887419791, 99.3661332385707, 99.32092885190748, 99.37190921151877, 99.36152523230038], "(0, -1, 0, 0)": [99.27439103613426, 99.23228584620207, 99.31264586521951, 99.3050689370968, 99.26948503303863, 99.25455076229272, 99.27653643808881, 99.29929542613132, 93.71383630844099, 99.29907983705982, 98.50967111356225], "(0, -2, 0, 0)": [98.88926475974422, 98.1689530830844, 98.81427786738145, 98.88803476782313, 98.91880433807542, 98.96672771015368, 98.90108590084138, 98.88124604487149, 87.9083600011015, 98.71971519788585, 98.25823983549077], "(0, -3, 0, 0)": [97.49738186404501, 97.58781196828157, 97.25950057045104, 97.3700150407683, 96.89064899863044, 96.8149363266191, 90.27222441867433, 97.79517276612106, 97.057375409914, 98.27738951091192, 95.97335105693546], "(-1, -6, 0, 0)": [0.2595784951302859, 0.47508106593827093, 0.4622718438968064, 0.4484103312794398, 0.177295982837677, 1.1405779809159808, 0.625877601650719, 0.0, 0.2680999318550144, 2.1602679903906807, 0.40658847302973694], "(-1, -7, 0, 0)": [0.6756735639234944, 0.21519471958567538, 0.2174213583796207, 0.33863888590335844, 0.26334419938039844, 0.0, 0.17548352479934692, 0.8470805569692905, 0.36956991522312166, 0.21805952671450377, 0.0], "(-1, -8, 0, 0)": [0.0, -0.10996090925159108, 0.0855947861796856, 0.0, 0.0, 0.16657189130783082, -0.43758244514465333, 0.0, -0.43633313179016114, 0.3684382829791546, 0.0], "(1, -7, 0, 0)": [3.3112317059962075, 3.139842695889472, 3.1255188409208623, 3.2609366834252507, 3.5389704782327316, 3.1831731958757916, 3.0704733745589183, 3.3106143241877395, 3.329341213574324, 3.1596804400890814, 3.532543956264566], "(1, -8, 0, 0)": [-1.6208972950354958, -1.255329642403956, -0.13134005085078437, -0.4145380515323002, -0.5775542418501116, -0.24340671883080328, -0.3905487823786255, -0.4324200895395687, -0.21294394835953262, -0.03908853265571732, -0.0070871775278250615], "(-1, -3, 0, 0)": [2.147833152061894, 2.2427637813580823, 2.3523490659275565, 0.28963522189098984, 1.2258871017104926, 2.0922529361054902, 4.737200810164154, 3.9084468141404787, 8.23410486176261, 3.4481406010207065, 0.323304004427666], "(-1, -4, 0, 0)": [1.3102854228715772, 1.2460390349859773, 0.6125329607377599, 1.2266927115952957, 1.1618163092550662, 0.44661120721521147, 4.713745997406112, 2.36069353554309, 0.9451159550865851, 1.2344491328769138, 1.82425902299359], "(-1, -5, 0, 0)": [0.49747444663434914, 0.42093560241946043, 10.50174348483418, 0.2843765771642805, 2.027037794579816, 0.7212597303084347, 0.7235318492891685, 0.3237394874516099, 0.4155682397935244, 0.581083115292187, 0.0], "(-1, 3, 0, 0)": [29.465893949383375, 30.36225472394305, 37.14182148959403, 30.95717510983632, 32.36744167025288, 28.048748313669467, 29.420736444635473, 30.234256387346797, 30.04288887795685, 27.399069780549475, 32.23526915397762], "(-1, 4, 0, 0)": [26.33783319826819, 31.49166332759813, 22.292891955668136, 23.70250679743016, 21.978231563568517, 28.658203364911817, 25.48290428826683, 24.48671377991165, 24.087581149628992, 24.836840482550237, 24.14480243613946], "(-1, 5, 0, 0)": [15.601427475343193, 16.294222179776753, 13.998474531065964, 14.408816744210645, 15.030790485703005, 14.919682538972786, 14.512481315041324, 14.084357688549945, 15.593286771821012, 15.870823499036419, 14.85409527254431], "(-1, 6, 0, 0)": [10.171563191402026, 8.405335361284521, 8.95473444565262, 9.278566183013547, 10.779595914916861, 9.914364627676296, 9.101588832958939, 7.260617858802849, 5.816039467867118, 10.245484633024173, 10.244372553482446], "(-1, 7, 0, 0)": [6.855586328227305, 6.6003035482865355, 6.538431533136073, 6.260331113216607, 6.194609089997646, 4.119079635714441, 6.842403726190737, 4.296659219473493, 6.0957515207550825, 5.792356490634786, 3.4971652590054423], "(-1, 8, 0, 0)": [0.4908383005554929, -0.17761520006989273, 0.3339124585783765, 0.02481320072322679, 0.4294429471482374, -0.18775985587783484, 0.40549910174896775, -0.14358409026378804, 0.44462163902531904, -0.1929718529028529, 1.297645210704005], "(1, -3, 0, 0)": [24.943187274459778, 36.01278521316125, 36.0175932473348, 34.845196075938496, 35.92837403365116, 34.80544844930319, 35.74065874375451, 32.90341991940362, 33.959572039655384, 36.607735546165124, 36.25945757288743], "(1, -2, 0, 0)": [39.15622105266917, 39.50733215180863, 40.544864091087504, 43.97994565565768, 40.68252824958167, 39.35810295994673, 40.36654096461897, 33.17869931908551, 40.725687797111505, 40.40003587496001, 38.96229710564853], "(1, -4, 0, 0)": [17.916348797439095, 15.561432504940008, 16.857921741231173, 18.20075611239576, 22.587630777637795, 17.34083548423589, 18.823317543183766, 21.148097495750704, 21.90160625125212, 23.594737675078967, 25.07208829068569],