{"q_values": {"(0, 0, 0, 0)": [0.7169144453353818, 0.7457871396463717, 0.7860188206037709, 0.8835994313107144, 0.7886146427883122, 0.7983646898846948, 0.7821968246840639, 0.7721950992029395, 0.7676901599687953, 0.7862851561672365, 0.7594576656089105, 0.7382002330611284, 0.7832897645896014, 0.7695522317844427, 0.7893824283579141], "(0, 1, 0, 0)": [0.6147445412652838, 0.6727765096444276, 0.6535997129278694, 0.6786395133890345, 0.6865378661507426, 0.6601695052621803, 0.6427611140455702, 0.6669242183498931, 0.6833018136616803, 0.6798108702084095, 0.6888892039208043, 0.6704237852886925, 0.6537227770789446, 0.6821054788113581, 0.677042448560624], "(0, 2, 0, 0)": [0.4219902704901566, 0.5581533627176293, 0.43811682759639636, 0.5038083883405463, 0.4132276917647773, 0.41197632580864996, 0.4860664115460186, 0.44014716352257793, 0.4646893933415761, 0.4630438390406627, 0.5113763137632104, 0.4134985063123653, 0.43923985258492554, 0.5232960732997788, 0.41093118370508747], "(0, 3, 0, 0)": [0.240464868006324, 0.170395684500258, 0.17087303473444293, 0.16435541673791607, 0.16592597070798226, 0.15384294510868907, 0.16415445162899764, 0.15203641717729638, 0.16717840367143208, 0.16638789516541977, 0.16747910701484559, 0.16369432241513548, 0.16964492695792524, 0.1686170878850291, 0.16701300382162712], "(0, 4, 0, 0)": [0.017227584871998367, 0.01875918590370998, 0.014088329338349114, 0.016357213277751564, 0.010434547317901102, 0.0004708344205949129, 0.017276853682782964, 0.0118104838931257, 0.017414279566801277, 0.018646852371768368, 0.01268779087289324, 0.01871505794101322, 0.016086212034688165, 0.017964493409060443, 0.015219680919382082], "(0, -2, 0, 0)": [0.6636490177331887, 0.661970711745158, 0.6619783063621347, 0.65369337121017, 0.6446665527670135, 0.6642059505271858, 0.6483162603242781, 0.6630701570329383, 0.6983819367515286, 0.6660255658826976, 0.653881499741556, 0.6368951537669116, 0.8354591685326112, 0.6792238391434566, 0.660579352388044], "(0, -3, 0, 0)": [0.27691775280065994, 0.3528095892144179, 0.3170922573518517, 0.37024299577083153, 0.2859285620763219, 0.3154230686809306, 0.34851482858713606, 0.31259348856043967, 0.32585036877186574, 0.32176871624853365, 0.3175607176905655, 0.3782745005932676, 0.30971749803320453, 0.35423287335057885, 0.6438026034132044], "(0, -4, 0, 0)": [0.06572846702499117, 0.06292341198209125, 0.05991628374211534, 0.028575807743025303, 0.06712142039524265, 0.16776255804532628, 0.10868266379152074, 0.04833551514393996, 0.04769484415855898, 0.07326614688801511, 0.03095023852244804, 0.057738108073097455, 0.06892548945443149, 0.17632709460596, 0.07135668550450008], "(0, -1, 0, 0)": [0.792121117138662, 0.818330856887792, 0.7659006796998648, 0.7859884984945223, 0.7939301874448208, 0.835666752744761, 0.8021624994966771, 0.8106697791416625, 0.835466008189686, 0.7930032668691426, 0.8673232344016631, 0.8433775640256778, 0.8093179198973977, 0.8198662946605507, 0.8055112612006416], "(-1, -4, 0, 0)": [0.001474712592481428, 0.010714927000857119, 0.054962091589428205, 0.01823791054487057, 0.055389497972394695, 0.011331487440043034, 0.051137926531063395, 0.003376865189801866, 0.08319226477255875, 0.0030818642831705627, 0.04582815671721767, 0.05179640505170794, -0.002694606156489405, 0.4344526027908405, 0.0031486996667134236], "(1, -1, 0, 0)": [0.6564029916140915, 0.6550432542830543, 0.6601455397000968, 0.6825008525773101, 0.6627662867625437, 0.6575798437678713, 0.6618745223597972, 0.6387673753619472, 0.6606996533495034, 0.6352040681771586, 0.6466163409828, 0.6567667992697737, 0.7981825285087587, 0.6617479299444128, 0.6326081120506668], "(1, -2, 0, 0)": [0.5243930679968181, 0.5150365050283336, 0.4950593182495279, 0.49132929538322245, 0.5091609252792508, 0.5244130428675533, 0.4968094334244824, 0.4854805280943481, 0.5087837094720743, 0.5043474365653914, 0.5085006729354846, 0.5048163040862692, 0.4936458989144698, 0.5181732790582146, 0.6233775961688282], "(1, -3, 0, 0)": [0.09472262734404888, 0.08943701455659488, 0.14315455595371657, 0.0920359551294683, 0.09008385005500276, 0.07826828515614638, 0.09875544611167417, 0.08202429348162239, 0.06322429929651505, 0.09327446569571478, 0.09276047351340841, 0.1418901005408416, 0.09179154238638174, 0.4328654098818682, 0.07377853036346692], "(-1, 0, 0, 0)": [0.40623213644122125, 0.3507369785550935, 0.41350382154955345, 0.40943692808547866, 0.31367390952099833, 0.39530842102057906, 0.25423383955263135, 0.28153338058847366, 0.4427118995005553, 0.36757184680789706, 0.4254873755747754, 0.3704555147537835, 0.40171054615242363, 0.40673746747674777, 0.4662185651810761], "(-1, -1, 0, 0)": [0.18135087002115127, 0.15101620131928054, 0.16427684349145416, 0.17401337734887734, 0.14895116896657823, 0.18905702284300382, 0.5291878306250162, 0.17972874337966613, 0.14232522238257067, 0.19794043967907643, 0.166752270378055, 0.1559258534361053, 0.0917022607686365, 0.1151583540936229, 0.22083037547196063], "(-1, -2, 0, 0)": [0.46992891103929985, 0.06641344377742273, 0.07354937340091879, 0.07318921425373766, 0.06627385375391918, 0.03527640320521916, 0.11288208129632306, 0.04738506509330245, 0.065446674632958, 0.16071160386483602, 0.09340972985500844, 0.06575354957222607, 0.07089894791827353, 0.09762776882605713, 0.11022269352128378], "(-1, -3, 0, 0)": [0.15830555683850184, 0.0137071292753479, 0.03877163031095392, 0.041111772986210014, 0.1065234579442646, 0.021159276199206906, 0.029502977869914793, 0.1500826335240809, 0.019157584096389024, 0.062048777436096283, 0.5032696074499575, 0.21184809876492602, 0.12641784139783807, 0.01820654812031218, 0.03180567885451614], "(-1, 1, 0, 0)": [0.3838009601244839, 0.35063095350709717, 0.3857361077717792, 0.38619660706028747, 0.381304970209439, 0.35001177139696826, 0.3740438187738696, 0.3530098176724124, 0.3592967161339506, 0.37202098687540586, 0.37051886989553173, 0.3807454323498524, 0.37681107320752655, 0.3856070855641599, 0.4397213857340961], "(-1, 3, 0, 0)": [0.17345477550076172, 0.13265187863977942, 0.10174231559487276, 0.10696116424274674, 0.12198562408033341, 0.12392380790632869, 0.11795809799201337, 0.119717584193796, 0.09374343675889567, 0.14364822586602516, 0.10022405462581929, 0.11131591402114208, 0.10513815329159301, 0.1419197943827769, 0.11122198176681375], "(-1, 4, 0, 0)": [0.003955631012034551, 0.002485379161221801, 0.0032542246284499006, 0.003596662237248041, 0.0011155950575356538, 0.006956531381711879, 0.003399476409198513, 0.0031578426594831063, 0.003099331709568642, 0.0021726270610144495, 0.0019243320777982712, 0.0034240858753992777, 0.002205971136819183, 0.0036567289632015903, 0.0034306518811648475], "(-1, 2, 0, 0)": [0.2806650746548813, 0.3123165193686393, 0.3510164071992386, 0.2771667607040305, 0.28663129314119357, 0.28846290818051523, 0.3283413112626237, 0.25917486359333713, 0.29422281185128385, 0.2894094164066491, 0.28641912183855817, 0.27347393237407447, 0.2778112824408812, 0.34985273154057045, 0.2899277599621077], "(1, 0, 0, 0)": [0.6745738987539759, 0.694164252307429, 0.7173139068623243, 0.6808156857484972, 0.6920424960884559, 0.6933791203368689, 0.7240343344188845, 0.7099880051642504, 0.6962506303764283, 0.6919127749785626, 0.7107416280767311, 0.8091165463611416, 0.7067844685728457, 0.6934867172214567, 0.6917214223822215], "(1, -4, 0, 0)": [-0.0052294194999910875, 0.0023399674046240583, 0.0007316539942651681, 0.01684420018125659, -0.0004622124197772486, 0.001110343002113102, 0.000994279341229024, 4.3238907917831325e-05, 0.0005456692984859238, -0.005394528792625496, -0.0010622738238996775, 0.0013569558057746215, 0.015454557251970907, 0.0006736784231891292, 0.11159237994189403], "(1, 2, 0, 0)": [0.7539160859969011, 0.7606337681820665, 0.7596452606175038, 0.7241806734500881, 0.6576252819014714, 0.7336882793198783, 0.7542756743363369, 0.6358943077556075, 0.7387529924619206, 0.7322649400418985, 0.7115215318485058, 0.6765621330639464, 0.6673160386105241, 0.6659866360106548, 0.6575212417622885],