{"q_values": {"(0, 0, 0, 0)": [0.8633571663726215, 0.8652122078767216, 0.8733235726877047, 0.8433058220211967, 0.8414236204000842], "(0, 0, 0, 1)": [0.8693685443091981, 0.8844394884463038, 0.8674290929611002, 0.8436327603609555, 0.8256198555554457], "(0, 0, 0, 2)": [0.8855672471804792, 0.8864307545113224, 0.8683284916338729, 0.8538276228811214, 0.8357463327711099], "(0, 1, 0, 2)": [0.44950588357370097, 0.39753610514381815, 0.2888609910028096, 0.20757698834395225, 0.17186677430295752], "(0, 1, 0, 3)": [0.1633741374150262, 0.14359081787539008, 0.13023093149394005, 0.13840644710809807, 0.13538622881019302], "(0, 1, 0, 4)": [0.09506538453091266, 0.09416557023266457, 0.0866841014936955, 0.09603163616105913, 0.09533334661715548], "(0, 1, 0, 5)": [0.077141136033011, 0.07793473615034223, 0.07215529522707044, 0.0761609499191625, 0.052578910354630234], "(0, 2, 0, 5)": [0.02714377195551438, 0.021718029971856085, 0.019182084532920637, 0.01402916699510701, 0.007553698316364828], "(0, 2, 0, 4)": [0.05133759037600393, 0.05383994471773319, 0.05483082295997971, 0.033231767413759876, 0.023304825749428687], "(0, 2, 0, 6)": [0.019393572808901118, -0.001031398657878065, -0.001203476135032775, -0.003653698965121642, -0.0018041079737506], "(0, 3, 0, 5)": [-0.015678483425121546, -0.015686089250027093, -0.015690484362632817, -0.015007813771029202, -0.015011954975480692], "(0, -1, 0, 1)": [0.8764132380182097, 0.8786663258388849, 0.8937114741514003, 0.8779168896073815, 0.8791539059300731], "(0, -1, 0, 0)": [0.6996213380914006, 0.7893800827579994, 0.8443875424202226, 0.8336524972728043, 0.8967171700385821], "(0, -1, 0, -1)": [0.3540976669587883, 0.4844398134873231, 0.708329011274119, 0.7559974945144186, 0.8443613771098113], "(0, -1, 0, -2)": [0.14582772567554994, 0.22332081873511705, 0.2909960171823295, 0.32585099544585094, 0.48949106989146735], "(0, -2, 0, -3)": [0.07802727544228995, 0.0787435956768358, 0.08175404279308734, 0.08128839558485276, 0.08776924591869341], "(0, -2, 0, -5)": [0.024723332297213428, 0.027848173886336577, 0.02171831276677162, 0.023838062353176426, 0.0238659210436455], "(0, -2, 0, -4)": [0.03491563267490619, 0.04957805903569736, 0.04805339605622544, 0.049506747988123344, 0.06579976259101264], "(0, -2, 0, -6)": [0.007193527628486862, 0.02139312757877089, 0.00553590535102417, 0.009126977811858715, 0.006158162505763997], "(0, -2, 0, -7)": [0.0016512076043170734, -0.00012247261848353543, 0.016401652688092006, 0.0037050330887730895, -0.0021245502411252836], "(0, -2, 0, -8)": [0.008267887463795344, -0.002155285054873189, -0.003914485681897924, -0.003805247636895648, -0.003822824860028345], "(0, 1, 0, 0)": [0.8903193218458892, 0.8825623049095408, 0.8831960930285432, 0.8072926228742681, 0.7153059950377664], "(0, 1, 0, 1)": [0.8386733828458894, 0.8268228798254706, 0.6006627160796025, 0.5714891285900088, 0.26283734606681514], "(0, 2, 0, 7)": [-0.0099759353381728, -0.009676183549511434, -0.010135727632475553, -0.007419978871931744, -0.010459575256227725], "(0, 2, 0, 8)": [-0.009733161108780622, -0.007514916310655378, -0.008337142542490617, 0.0028408704662344774, -0.010494587018617949], "(0, -1, 0, -3)": [0.1357381620586241, 0.1361571086647668, 0.1404492841662872, 0.13228581932839625, 0.14432847558360623], "(0, -1, 0, -4)": [0.09387831068855731, 0.09087881601876471, 0.09602617493050865, 0.09559165049119796, 0.08596158212026155], "(0, -1, 0, -5)": [0.07310339013545038, 0.07201962668178213, 0.07467449296393351, 0.0730333659993162, 0.07481790947072305], "(0, 0, 0, -1)": [0.8687351049232955, 0.8620034886132718, 0.8578539913953528, 0.8814948771030666, 0.8690501983996314], "(0, 0, 0, -2)": [0.7972468995454968, 0.855131787714035, 0.8524229384008156, 0.8678057120430785, 0.8006251897592175], "(0, 0, 0, 3)": [0.9169403641274394, 0.4895029030199051, 0.34570064810019646, 0.3401456219082157, 0.24223516198975598], "(0, 2, 0, 3)": [0.09191703977650051, 0.09336925232056832, 0.09443707060366138, 0.08855961494623105, 0.06993281604326265], "(0, 1, 0, -1)": [0.8834677098861652, 0.8834070413362778, 0.8884293875957078, 0.8822588381260291, 0.8836791806279577], "(0, 1, 0, -2)": [0.3866094385484465, 0.3319958103794482, 0.8958005739986686, 0.26490116320195956, 0.5187770168014709], "(0, -1, 0, 2)": [0.8376684381438879, 0.8890661661231576, 0.8889664602634888, 0.6502360780152773, 0.7531472348066437], "(0, -2, 0, -9)": [0.001281202333950147, -0.0034202161575683614, -0.006474145175549563, -0.00405406389582432, -0.0032358039731792613], "(0, 0, 0, -3)": [0.10841065936541952, 0.3442877417027544, 0.3601317378773203, 0.759279996845518, 0.386660427943544], "(0, 3, 0, 7)": [-0.010259296696022154, -0.01025764136057906, -0.008969088906552642, -0.008970038346778602, -0.008976490885354578], "(0, 0, 0, -4)": [0.0067643868353461055, 0.039124251984725626, 0.003213284669203872, 0.04589234726902548, 0.2755958797617059], "(0, -1, 0, -6)": [0.030465491224793053, 0.02321584920089626, 0.045676368376473084, 0.047242777296021755, 0.05979651337903531], "(0, -1, 0, -7)": [0.00902681740626721, 0.0022157731130174833, 0.011731406503417184, 0.03188638445495141, 0.0011375301212523381], "(0, -3, 0, -7)": [-0.008973016415201129, -0.008974558709356935, -0.00897011922409758, -0.008966046100053936, -0.010257315330302344], "(0, 1, 0, 6)": [0.05556756967973657, 0.010466662925808461, 0.035186427644746804, 0.009262819703736122, 0.00753742626661536], "(0, 1, 0, 7)": [0.004110249645329903, 0.009384882463850719, 0.0, 0.0010410555572764948, 0.001894521494023502], "(0, 1, 0, 8)": [0.0027343954469290343, 0.0, 0.0, 0.0, 0.0], "(0, 2, 0, 9)": [-0.00989877521071411, -0.009683717024868164, -0.00039094877294381324, -0.008568992220716207, -0.008408557247183222], "(0, -2, 0, -2)": [0.162597121562602, 0.16469626563666143, 0.16406414542396852, 0.1667034791694316, 0.1692342337900333], "(0, -2, 0, -1)": [0.11010920851695066, 0.1936735183460417, 0.14301194028873984, 0.10113445299465923, 0.1194841060233762], "(0, 2, 0, 2)": [0.16677111478583223, 0.16632256577067794, 0.17081477091152125, 0.1689561918612488, 0.16594527892260563], "(0, 0, 0, 4)": [0.03269470866269185, 0.21091804541797593, 0.06950419525593293, 0.06909783172159717, 0.022264777545761373], "(0, -3, 0, -6)": [-0.01632898287122474, -0.016322893412741835, -0.016319568939661425, -0.016316322655930412, -0.016870444862012952], "(0, 0, 0, 5)": [0.0, 0.0, 0.0, 0.011394351388244026, 0.002474981667448537], "(0, 0, 0, -5)": [0.003045801583348206, 0.0, 0.0, 0.0, 0.0], "(0, -1, 0, 3)": [0.0, 0.001774967615854871, 0.1747467766182671, 0.0009832593612372875, 0.0221980370392151], "(0, -1, 0, 4)": [0.0, 0.005701448720575185, 0.0, 0.0, 0.0], "(0, -3, 0, -9)": [-0.002196987718343735, -0.004170745667070151, -0.0021954622119665147, -0.004167320542037487, -0.004170274790376425], "(0, 2, 0, 1)": [0.25842766654626675, 0.2697819184055911, 0.2675331296079751, 0.22814160097068875, 0.25907480739624783], "(0, 3, 0, 8)": [-0.010272323488574476, -0.008977204383704812, -0.00898123039642349, -0.0089803072841838, -0.008984579661488534], "(0, 3, 0, 6)": [-0.014249584178351498, -0.01424858280919666, -0.014252465503855154, -0.014255581650625645, -0.013410016544024028], "(0, -3, 0, -5)": [-0.012456040500405842, -0.012452295325628929, -0.013393201420370298, -0.013388298454909726, -0.013382595867257633], "(0, -3, 0, -8)": [-0.0075413089619949455, -0.007541581653803586, -0.007539233591966331, -0.007539533770643175, -0.007540135725960136], "(0, 2, 0, 10)": [-0.0045385924146663405, -0.004764770480523896, -0.0033082842562285357, -0.004609036006419517, -0.005372546042614852], "(0, 3, 0, 4)": [-0.0124328629861434, -0.012434706420493909, -0.012438696597939934, -0.011394429553235694, -0.011398835499997623], "(0, 2, 0, 0)": [0.013967729031014366, 0.004800522147533978, 0.2400747069618334, 0.028214675458062218, 0.001492495091590514], "(0, -3, 0, -4)": [-0.00894819979345426, -0.00894580994926393, -0.00894429954778403, -0.008943322296701372, -0.008937590683270246],