{"q_values": {"(0, 0, 0, 0)": [0.80150707844873, 0.8085919283470243, 0.8134546707945768, 0.8314319228820692, 0.8127068873692801], "(0, 0, 0, 1)": [0.8125138568378515, 0.8341273177437798, 0.8137255593326225, 0.7306412151875858, 0.7086878185297804], "(0, 0, 0, 2)": [0.8275341768831853, 0.8131208606051009, 0.8025331680778645, 0.8177058820758666, 0.8173730589652914], "(0, 1, 0, 2)": [0.29566840819217727, 0.1765177816633293, 0.14407938946551238, 0.1264592056163049, 0.10321250470705927], "(0, 1, 0, 3)": [0.1195114627058105, 0.09217785423002715, 0.09161223038163083, 0.09114298612972796, 0.09053581164658309], "(0, 1, 0, 4)": [0.0770900897516805, 0.07558523461191483, 0.07547418504513718, 0.07548142358479061, 0.07297987120511593], "(0, 1, 0, 5)": [0.08000830864166483, 0.05955493661306207, 0.058774342982815045, 0.0529806000721896, 0.04088233842787915], "(0, 2, 0, 5)": [0.04965024791357508, 0.03356146857287022, 0.012819989145046798, 0.017341178426747532, 6.811650032475212e-05], "(0, 2, 0, 4)": [0.05133759037600393, 0.06743594158797406, 0.04886965953031474, 0.033231767413759876, 0.02133796963030301], "(0, 2, 0, 6)": [-0.00039555790410012413, 0.012166729698561474, -0.006203136504255865, -0.005852975076080389, -0.004682393142150025], "(0, 3, 0, 5)": [-0.016297553713805413, -0.016305155935209054, -0.016307768383137095, -0.016311532817346364, -0.015696354886014632], "(0, -1, 0, 1)": [0.7960347092571504, 0.812391451272589, 0.8118950370432076, 0.8383238670064072, 0.815220658324668], "(0, -1, 0, 0)": [0.42075670880904, 0.7027677160989606, 0.763519180552261, 0.7771508226344087, 0.8409050136039122], "(0, -1, 0, -1)": [0.2472264592354678, 0.312362153395561, 0.6413423418954066, 0.6424371495916381, 0.7258384528934435], "(0, -1, 0, -2)": [0.10694681592711591, 0.12546114346740633, 0.15466565710571742, 0.20493231940874745, 0.20774490181196528], "(0, -2, 0, -3)": [0.0737164306216646, 0.07376762599492606, 0.08175404279308734, 0.0810973348644592, 0.1149299006362339], "(0, -2, 0, -5)": [0.012958528324776909, 0.01344327122760441, 0.014917304967924497, 0.016737316341036854, 0.024735971234072285], "(0, -2, 0, -4)": [0.025077605303590024, 0.037421850685980154, 0.04597722068970613, 0.044998579699316324, 0.04384952518100346], "(0, -2, 0, -6)": [-0.00405728139816335, -0.010418166064144543, -0.010441119514446508, -0.010624207600108501, -0.010778592076607798], "(0, -2, 0, -7)": [-0.005497477336247684, -0.008078757153502834, -0.008033788377367212, -0.008673337051295445, -0.007940908293155207], "(0, -2, 0, -8)": [-0.013574995111360282, -0.013411986300394205, -0.013520704025679378, -0.013195076251702898, -0.00658616888335129], "(0, 1, 0, 0)": [0.8431889462135546, 0.8310953511758453, 0.8248517793253529, 0.7615547755834371, 0.5968402464429393], "(0, 1, 0, 1)": [0.7898083315534614, 0.7746604031408707, 0.5729629949465932, 0.2892187391583068, 0.269268329325965], "(0, 2, 0, 7)": [-0.014663170729033968, -0.014414287440022416, -0.003621480421201703, -0.014865052723300196, -0.014857454042873067], "(0, 2, 0, 8)": [-0.013678164018275705, -0.013315441498268648, -0.013700692447890222, -0.013542009211631114, -0.013326603274009825], "(0, -1, 0, -3)": [0.08847241213932677, 0.08975743424075444, 0.08303999537736045, 0.08779013978299469, 0.08786560198209777], "(0, -1, 0, -4)": [0.05396807359193935, 0.06744511531489443, 0.06716889141904465, 0.05628584365039345, 0.08337585407922166], "(0, -1, 0, -5)": [0.05887131672741969, 0.05622490414988797, 0.05806065817584406, 0.057043400443172486, 0.053209488277114664], "(0, 0, 0, -1)": [0.7664994122224755, 0.7931084939346636, 0.7953256948074192, 0.8035807232601577, 0.8346802244497152], "(0, 0, 0, -2)": [0.7872560633721788, 0.7825239109611934, 0.7892488494233184, 0.7820205345352886, 0.832019502400675], "(0, 0, 0, 3)": [0.7998195042871474, 0.4895029030199051, 0.34570064810019646, 0.3401456219082157, 0.24223516198975598], "(0, 2, 0, 3)": [0.082586419627976, 0.08278190608276101, 0.08255093001743678, 0.08104492895598368, 0.07008677100703092], "(0, 1, 0, -1)": [0.8205848440579999, 0.8391104816498067, 0.8200242350812237, 0.8208564747483253, 0.8196689903998798], "(0, 1, 0, -2)": [0.5728761795956303, 0.5390865101651762, 0.8418930477360512, 0.46026184928938507, 0.7039377085448401], "(0, -1, 0, 2)": [0.8274298084994496, 0.8397073718581664, 0.8269810441096828, 0.7655352417498346, 0.6296459735628199], "(0, -2, 0, -9)": [-0.012985632989750457, -0.013697302876008115, -0.012831891714428181, -0.013340798435162287, -0.012826663660011502], "(0, 0, 0, -3)": [0.10841065936541952, 0.3442877417027544, 0.3601317378773203, 0.7031071201848182, 0.386660427943544], "(0, 3, 0, 7)": [-0.013412894529862123, -0.013412894493808163, -0.012475499333888349, -0.012475240371946974, -0.012483404880991616], "(0, 0, 0, -4)": [0.0067643868353461055, 0.039124251984725626, 0.003213284669203872, 0.04589234726902548, 0.2755958797617059], "(0, -1, 0, -6)": [0.02893346927760365, 0.02321584920089626, 0.03938107717181858, 0.036859935190787355, 0.03890877045301842], "(0, -1, 0, -7)": [0.00902681740626721, 0.0022157731130174833, 0.011731406503417184, 0.022559161211946958, 0.0011375301212523381], "(0, -3, 0, -7)": [-0.011433761920851097, -0.01143092006531153, -0.012472321703251656, -0.011422913672185876, -0.011419861600633525], "(0, 1, 0, 6)": [0.03395951289904373, 0.010466662925808461, 0.03208412539472611, 0.009262819703736122, 0.00753742626661536], "(0, 1, 0, 7)": [0.004110249645329903, 0.009384882463850719, 0.0, 0.0010410555572764948, 0.001894521494023502], "(0, 1, 0, 8)": [0.0027343954469290343, 0.0, 0.0, 0.0, 0.0], "(0, 2, 0, 9)": [-0.012280910298809237, -0.01214816702286994, -0.012322388794148225, -0.011281969954307015, -0.012136764183776277], "(0, -2, 0, -2)": [0.1250110496055609, 0.12466204306089902, 0.12471012555951846, 0.12664007779999956, 0.13112251282596993], "(0, -2, 0, -1)": [0.11010920851695066, 0.1833195148917205, 0.14301194028873984, 0.10113445299465923, 0.1194841060233762], "(0, 2, 0, 2)": [0.14161545564127248, 0.12209832472714452, 0.11921565170942247, 0.1214544015099699, 0.11820817614869526], "(0, 0, 0, 4)": [0.03269470866269185, 0.21091804541797593, 0.06950419525593293, 0.06909783172159717, 0.022264777545761373], "(0, -3, 0, -6)": [-0.01860849790522234, -0.01892869799927033, -0.01892652281935572, -0.01892268793247972, -0.018923599025752184], "(0, 0, 0, 5)": [0.0, 0.0, 0.0, 0.011394351388244026, 0.002474981667448537], "(0, 0, 0, -5)": [0.003045801583348206, 0.0, 0.0, 0.0, 0.0], "(0, -1, 0, 3)": [0.0, 0.001774967615854871, 0.3560109350828933, 0.0009832593612372875, 0.0221980370392151], "(0, -1, 0, 4)": [0.0, 0.005701448720575185, 0.0, 0.0, 0.0], "(0, -3, 0, -9)": [-0.004172318093478679, -0.004170745667070151, -0.0041698357462883, -0.004167320542037487, -0.004170274790376425], "(0, 2, 0, 1)": [0.24006819702766527, 0.24212499529545917, 0.24646314630058375, 0.22814160097068875, 0.2355428507673008], "(0, 3, 0, 8)": [-0.011436651482624934, -0.011436619894204475, -0.011441677075971105, -0.010276950310040264, -0.010280259752869607], "(0, 3, 0, 6)": [-0.019726353347054, -0.019729898933219366, -0.01949489937398395, -0.019499157623987292, -0.019503155258150523], "(0, -3, 0, -5)": [-0.01339677132857151, -0.013395617405264388, -0.013393201420370298, -0.013388298454909726, -0.014231627068228708], "(0, -3, 0, -8)": [-0.010277080443279818, -0.010276954648129642, -0.010273031319646166, -0.010275691190576182, -0.010270440709736197], "(0, 2, 0, 10)": [-0.007074328873741566, -0.008005431937823312, -0.007396758358350618, -0.007369028690781114, -0.0075822433616977115], "(0, 3, 0, 4)": [-0.0124328629861434, -0.012434706420493909, -0.012438696597939934, -0.011394429553235694, -0.011398835499997623], "(0, 2, 0, 0)": [0.013967729031014366, 0.004800522147533978, 0.2400747069618334, 0.028214675458062218, 0.001492495091590514], "(0, -3, 0, -4)": [-0.00894819979345426, -0.00894580994926393, -0.00894429954778403, -0.008943322296701372, -0.008937590683270246],