{"q_values": {"(0, 0, 0, 0)": [0.7510581344401943, 0.7819588442889748, 0.8109690115341837, 0.7542769507185946, 0.7597691288212611], "(0, 0, 0, 1)": [0.7727207074702536, 0.8036422604417512, 0.7724566573051023, 0.7828918395821409, 0.7577637260604416], "(0, 0, 0, 2)": [0.8230025509123914, 0.8259185716726831, 0.8025331680778645, 0.8243659507119921, 0.826669570835917], "(0, 1, 0, 2)": [0.3924900182317395, 0.18957460228155032, 0.1654952486018836, 0.17139945857250344, 0.1350582587980161], "(0, 1, 0, 3)": [0.08991251791975409, 0.09580723990444408, 0.09183378441513876, 0.09098856988401846, 0.09146411176117925], "(0, 1, 0, 4)": [0.07793190662215549, 0.07863503863204303, 0.07728765610034141, 0.07801601236637287, 0.07801458396858271], "(0, 1, 0, 5)": [0.07580489728491971, 0.06491446686810512, 0.06546580244266074, 0.06432736739000132, 0.043457401187585974], "(0, 2, 0, 5)": [0.05241166315024692, 0.025795247853854897, 0.018688940524165757, 0.013367113718606424, 0.0032238909574326723], "(0, 2, 0, 4)": [0.05133759037600393, 0.052691196675684435, 0.05676616847259209, 0.033231767413759876, 0.02133796963030301], "(0, 2, 0, 6)": [0.004788676082402382, -0.0050213068116896475, -0.007055774809680622, -0.007078660761442907, -0.007078962360802801], "(0, 3, 0, 5)": [-0.016297553713805413, -0.015686089250027093, -0.015690484362632817, -0.01569480635177483, -0.015696354886014632], "(0, -1, 0, 1)": [0.8120533859473967, 0.8134171928349819, 0.8120531563847524, 0.8116762939055736, 0.811814530022773], "(0, -1, 0, 0)": [0.5349277799380693, 0.7346295603340536, 0.7775434691030958, 0.787835580190944, 0.820343227843944], "(0, -1, 0, -1)": [0.24534092897940588, 0.3333151000501696, 0.6382866527443022, 0.6626176435140704, 0.7713002382143331], "(0, -1, 0, -2)": [0.13117710649579967, 0.15032142273010615, 0.17292064292801484, 0.2134969170152942, 0.32384544646753827], "(0, -2, 0, -3)": [0.0737164306216646, 0.07376762599492606, 0.08175404279308734, 0.08128839558485276, 0.11036912407740135], "(0, -2, 0, -5)": [0.013984226153884713, 0.018474253905890758, 0.019056289639693753, 0.019050522664993495, 0.03377241912151468], "(0, -2, 0, -4)": [0.024556439489323945, 0.04922000421943021, 0.04757777573362106, 0.04816547948728381, 0.05757144287920451], "(0, -2, 0, -6)": [-0.007609137850025109, -0.008395422103351874, 0.00281721143001468, -0.007861512347832281, -0.008447610685302814], "(0, -2, 0, -7)": [-0.005972116556822781, -0.005908756114837905, -0.006131556088841035, -0.0030042005648069857, -0.005556017997550098], "(0, -2, 0, -8)": [-0.012834167395641543, -0.013411986300394205, -0.013520704025679378, -0.007800959498790728, -0.012904635744876672], "(0, 1, 0, 0)": [0.8151175727574067, 0.7963944989674031, 0.8012186128370757, 0.7518565985046706, 0.6344317557202004], "(0, 1, 0, 1)": [0.7777955515250936, 0.6901739789722148, 0.5097204356641926, 0.41795600500697333, 0.2364211295671059], "(0, 2, 0, 7)": [-0.01386719392014082, -0.013588744202742517, -0.014299383927110894, -0.013741306438264284, -0.01407786604016057], "(0, 2, 0, 8)": [-0.009733161108780622, -0.008197500947860498, -0.008337142542490617, -0.00791436915219301, -0.010494587018617949], "(0, -1, 0, -3)": [0.10778404111339601, 0.10751962878994066, 0.10764350440349947, 0.10896523408781864, 0.10437577714437106], "(0, -1, 0, -4)": [0.06323265455875479, 0.07469836233306387, 0.07970008820586005, 0.08287191017737454, 0.08368704282289527], "(0, -1, 0, -5)": [0.06072547057059874, 0.06539435087608891, 0.06371052499898744, 0.061860249563132685, 0.06528047588729474], "(0, 0, 0, -1)": [0.7354944051194306, 0.7750043801463538, 0.7844526717090163, 0.8022750334379494, 0.7854395666414005], "(0, 0, 0, -2)": [0.7872560633721788, 0.7792005936801781, 0.7892488494233184, 0.7820205345352886, 0.8029489494394237], "(0, 0, 0, 3)": [0.7823197144526726, 0.4895029030199051, 0.34570064810019646, 0.3401456219082157, 0.24223516198975598], "(0, 2, 0, 3)": [0.10266539199753527, 0.08434962731188538, 0.08466058133464255, 0.08104492895598368, 0.07008677100703092], "(0, 1, 0, -1)": [0.8020205759965959, 0.8023903860931821, 0.8021781358416374, 0.8107614942608448, 0.7989356949268586], "(0, 1, 0, -2)": [0.5093512124310439, 0.3862983729674394, 0.8134492753308274, 0.37558264480481657, 0.5816233488469276], "(0, -1, 0, 2)": [0.827795361505518, 0.8271845366689534, 0.8270789981536697, 0.7108620710109471, 0.7615281004385558], "(0, -2, 0, -9)": [-0.009446336583364481, -0.010684708036203064, -0.010651726878978496, -0.01016910053169692, -0.010516280743944008], "(0, 0, 0, -3)": [0.10841065936541952, 0.3442877417027544, 0.3601317378773203, 0.7031071201848182, 0.386660427943544], "(0, 3, 0, 7)": [-0.01142341229376346, -0.011421256409959309, -0.01142849153329935, -0.011427038816748374, -0.010271749018434435], "(0, 0, 0, -4)": [0.0067643868353461055, 0.039124251984725626, 0.003213284669203872, 0.04589234726902548, 0.2755958797617059], "(0, -1, 0, -6)": [0.02893346927760365, 0.02321584920089626, 0.04384322579845359, 0.047242777296021755, 0.049788947426118384], "(0, -1, 0, -7)": [0.00902681740626721, 0.0022157731130174833, 0.011731406503417184, 0.03282282656319683, 0.0011375301212523381], "(0, -3, 0, -7)": [-0.010268901764597745, -0.008974558709356935, -0.010262190140282734, -0.010258947149092331, -0.010257315330302344], "(0, 1, 0, 6)": [0.050404996714102306, 0.010466662925808461, 0.035186427644746804, 0.009262819703736122, 0.00753742626661536], "(0, 1, 0, 7)": [0.004110249645329903, 0.009384882463850719, 0.0, 0.0010410555572764948, 0.001894521494023502], "(0, 1, 0, 8)": [0.0027343954469290343, 0.0, 0.0, 0.0, 0.0], "(0, 2, 0, 9)": [-0.00989877521071411, -0.009683717024868164, -0.009692719822861977, -0.008568992220716207, -0.008408557247183222], "(0, -2, 0, -2)": [0.1352906189219544, 0.1350579106985921, 0.1396581273542155, 0.13877734868079328, 0.13962208688789038], "(0, -2, 0, -1)": [0.11010920851695066, 0.18997489440578555, 0.14301194028873984, 0.10113445299465923, 0.1194841060233762], "(0, 2, 0, 2)": [0.12398987083719722, 0.12333907822553226, 0.11921565170942247, 0.1214544015099699, 0.11820817614869526], "(0, 0, 0, 4)": [0.03269470866269185, 0.21091804541797593, 0.06950419525593293, 0.06909783172159717, 0.022264777545761373], "(0, -3, 0, -6)": [-0.017384682186220794, -0.01737861088497895, -0.01737549756964138, -0.017822314674149135, -0.017821951278151633], "(0, 0, 0, 5)": [0.0, 0.0, 0.0, 0.011394351388244026, 0.002474981667448537], "(0, 0, 0, -5)": [0.003045801583348206, 0.0, 0.0, 0.0, 0.0], "(0, -1, 0, 3)": [0.0, 0.001774967615854871, 0.1747467766182671, 0.0009832593612372875, 0.0221980370392151], "(0, -1, 0, 4)": [0.0, 0.005701448720575185, 0.0, 0.0, 0.0], "(0, -3, 0, -9)": [-0.004172318093478679, -0.004170745667070151, -0.0041698357462883, -0.004167320542037487, -0.004170274790376425], "(0, 2, 0, 1)": [0.24739066826999942, 0.24212499529545917, 0.24646314630058375, 0.22814160097068875, 0.24845611598323322], "(0, 3, 0, 8)": [-0.010272323488574476, -0.010271781336927787, -0.010276599076444284, -0.010276950310040264, -0.008984579661488534], "(0, 3, 0, 6)": [-0.016875376231577394, -0.017374367825260417, -0.016881056120958676, -0.01688426273288869, -0.016886058252963704], "(0, -3, 0, -5)": [-0.01339677132857151, -0.013395617405264388, -0.013393201420370298, -0.013388298454909726, -0.013382595867257633], "(0, -3, 0, -8)": [-0.00898103281499818, -0.008982006904408335, -0.010273031319646166, -0.008979648974444717, -0.008977903405986726], "(0, 2, 0, 10)": [-0.006267195239611678, -0.006467265274402849, -0.005508157790830888, -0.004439808151309243, -0.005372546042614852], "(0, 3, 0, 4)": [-0.0124328629861434, -0.012434706420493909, -0.012438696597939934, -0.011394429553235694, -0.011398835499997623], "(0, 2, 0, 0)": [0.013967729031014366, 0.004800522147533978, 0.2400747069618334, 0.028214675458062218, 0.001492495091590514], "(0, -3, 0, -4)": [-0.00894819979345426, -0.00894580994926393, -0.00894429954778403, -0.008943322296701372, -0.008937590683270246],