{"q_values": {"(0, 0, 0, 0)": [0.824365980981506, 0.8418868559092203, 0.8426279679860051, 0.8695753997488942, 0.8301656317436887], "(0, 0, 0, 1)": [0.8315893666475792, 0.8672509295612721, 0.8350001388744827, 0.7790048155576164, 0.6629603664145045], "(0, 0, 0, 2)": [0.8230025509123914, 0.8483676764871161, 0.8025331680778645, 0.8212832148346314, 0.8225978363074806], "(0, 1, 0, 2)": [0.3331320695682503, 0.17028245529852373, 0.16064110366108975, 0.1617539418733431, 0.12804193297085686], "(0, 1, 0, 3)": [0.09617836240907074, 0.11854782906017215, 0.09183378441513876, 0.09098856988401846, 0.09146411176117925], "(0, 1, 0, 4)": [0.07793190662215549, 0.10292815932740183, 0.07728765610034141, 0.07801601236637287, 0.07577082206648483], "(0, 1, 0, 5)": [0.08902520160848355, 0.06491446686810512, 0.06485082336692743, 0.06317505821060837, 0.043457401187585974], "(0, 2, 0, 5)": [0.06885422070148818, 0.028560039661299122, 0.017451646921790354, 0.014680253786918002, 0.0024246643975679378], "(0, 2, 0, 4)": [0.05133759037600393, 0.052691196675684435, 0.06286896633973377, 0.033231767413759876, 0.02133796963030301], "(0, 2, 0, 6)": [0.013349431138788143, -0.002155333064067072, -0.007055774809680622, -0.007078660761442907, -0.006197463789079917], "(0, 3, 0, 5)": [-0.016297553713805413, -0.015686089250027093, -0.015690484362632817, -0.01569480635177483, -0.015696354886014632], "(0, -1, 0, 1)": [0.8103010207617163, 0.8111762008998596, 0.8124847393261206, 0.8112501701401155, 0.8597786263455502], "(0, -1, 0, 0)": [0.4970185094824357, 0.7408490187829297, 0.7737692981495005, 0.790599006104413, 0.7616535202929889], "(0, -1, 0, -1)": [0.26559532570913646, 0.3400313725435122, 0.5532273595588652, 0.697786217566871, 0.739860767943375], "(0, -1, 0, -2)": [0.11869001412822415, 0.15032142273010615, 0.1550187261039336, 0.22316080593684973, 0.4011312670020464], "(0, -2, 0, -3)": [0.0737164306216646, 0.07376762599492606, 0.08175404279308734, 0.08128839558485276, 0.09646011947906859], "(0, -2, 0, -5)": [0.013984226153884713, 0.018474253905890758, 0.017970831110905545, 0.021506699175004272, 0.03551555071387355], "(0, -2, 0, -4)": [0.024556439489323945, 0.04922000421943021, 0.04757777573362106, 0.04816547948728381, 0.07059101868862526], "(0, -2, 0, -6)": [-0.007609137850025109, -0.008395422103351874, -0.0018827196846968057, -0.007861512347832281, -0.004596862888953214], "(0, -2, 0, -7)": [-0.007552975222819619, -0.007494332186398549, -0.004710620138507267, -0.007210454329873903, -0.00726453713800751], "(0, -2, 0, -8)": [-0.012174108081681075, -0.013411986300394205, -0.013520704025679378, -0.0038345802399741714, -0.012904635744876672], "(0, 1, 0, 0)": [0.8772811479845795, 0.852819988681714, 0.8496437920322271, 0.7597091147959278, 0.6538826893549522], "(0, 1, 0, 1)": [0.821483076021323, 0.6572192651024861, 0.5775705968793069, 0.4092383894398063, 0.21863495302953814], "(0, 2, 0, 7)": [-0.014663170729033968, -0.014414287440022416, -0.014299383927110894, -0.014865052723300196, -0.014857454042873067], "(0, 2, 0, 8)": [-0.009733161108780622, -0.008197500947860498, -0.008337142542490617, -0.008218453091962518, -0.010494587018617949], "(0, -1, 0, -3)": [0.10047722093871767, 0.1016562241368168, 0.1008837044504778, 0.09963015280387036, 0.1020567082590157], "(0, -1, 0, -4)": [0.06323265455875479, 0.07232007583427974, 0.06926864786501483, 0.0702485262859534, 0.06988155000339281], "(0, -1, 0, -5)": [0.06072547057059874, 0.05622490414988797, 0.059384190179573, 0.06063800796848226, 0.06304887405290475], "(0, 0, 0, -1)": [0.7625783809812857, 0.7378525392478594, 0.7898093351483876, 0.7983531970041029, 0.8688264931463598], "(0, 0, 0, -2)": [0.7872560633721788, 0.7825239109611934, 0.7892488494233184, 0.7820205345352886, 0.8430166511153695], "(0, 0, 0, 3)": [0.7883969170329892, 0.4895029030199051, 0.34570064810019646, 0.3401456219082157, 0.24223516198975598], "(0, 2, 0, 3)": [0.1026266890224533, 0.08434962731188538, 0.08466058133464255, 0.08104492895598368, 0.07008677100703092], "(0, 1, 0, -1)": [0.8265945904226008, 0.8729103996230596, 0.8289509597668672, 0.8151803274581413, 0.823669132723971], "(0, 1, 0, -2)": [0.5093512124310439, 0.3862983729674394, 0.8662418214961529, 0.46026184928938507, 0.6517793950393391], "(0, -1, 0, 2)": [0.8242443318979911, 0.8596083041545723, 0.8245175688926956, 0.7233852818342905, 0.7615281004385558], "(0, -2, 0, -9)": [-0.005301396658766254, -0.010684708036203064, -0.010651726878978496, -0.01016910053169692, -0.010516280743944008], "(0, 0, 0, -3)": [0.10841065936541952, 0.3442877417027544, 0.3601317378773203, 0.7031071201848182, 0.386660427943544], "(0, 3, 0, 7)": [-0.01142341229376346, -0.011421256409959309, -0.01142849153329935, -0.011427038816748374, -0.01143576714587547], "(0, 0, 0, -4)": [0.0067643868353461055, 0.039124251984725626, 0.003213284669203872, 0.04589234726902548, 0.2755958797617059], "(0, -1, 0, -6)": [0.02893346927760365, 0.02321584920089626, 0.0445191154121518, 0.04109720131059229, 0.04287726198889662], "(0, -1, 0, -7)": [0.00902681740626721, 0.0022157731130174833, 0.011731406503417184, 0.026832062794026598, 0.0011375301212523381], "(0, -3, 0, -7)": [-0.010268901764597745, -0.008974558709356935, -0.010262190140282734, -0.010258947149092331, -0.010257315330302344], "(0, 1, 0, 6)": [0.0412468971787259, 0.010466662925808461, 0.035186427644746804, 0.009262819703736122, 0.00753742626661536], "(0, 1, 0, 7)": [0.004110249645329903, 0.009384882463850719, 0.0, 0.0010410555572764948, 0.001894521494023502], "(0, 1, 0, 8)": [0.0027343954469290343, 0.0, 0.0, 0.0, 0.0], "(0, 2, 0, 9)": [-0.00989877521071411, -0.009683717024868164, -0.009692719822861977, -0.008568992220716207, -0.008408557247183222], "(0, -2, 0, -2)": [0.1352906189219544, 0.1350579106985921, 0.13542158943752863, 0.1352233406105279, 0.1364410167780795], "(0, -2, 0, -1)": [0.11010920851695066, 0.18997489440578555, 0.14301194028873984, 0.10113445299465923, 0.1194841060233762], "(0, 2, 0, 2)": [0.1226861179475455, 0.12333907822553226, 0.11921565170942247, 0.1214544015099699, 0.11820817614869526], "(0, 0, 0, 4)": [0.03269470866269185, 0.21091804541797593, 0.06950419525593293, 0.06909783172159717, 0.022264777545761373], "(0, -3, 0, -6)": [-0.017384682186220794, -0.01737861088497895, -0.017826314836741304, -0.017822314674149135, -0.017821951278151633], "(0, 0, 0, 5)": [0.0, 0.0, 0.0, 0.011394351388244026, 0.002474981667448537], "(0, 0, 0, -5)": [0.003045801583348206, 0.0, 0.0, 0.0, 0.0], "(0, -1, 0, 3)": [0.0, 0.001774967615854871, 0.1747467766182671, 0.0009832593612372875, 0.0221980370392151], "(0, -1, 0, 4)": [0.0, 0.005701448720575185, 0.0, 0.0, 0.0], "(0, -3, 0, -9)": [-0.004172318093478679, -0.004170745667070151, -0.0041698357462883, -0.004167320542037487, -0.004170274790376425], "(0, 2, 0, 1)": [0.24739066826999942, 0.24212499529545917, 0.24646314630058375, 0.22814160097068875, 0.24845611598323322], "(0, 3, 0, 8)": [-0.010272323488574476, -0.010271781336927787, -0.010276599076444284, -0.010276950310040264, -0.008984579661488534], "(0, 3, 0, 6)": [-0.018232125972693726, -0.018233073627230756, -0.018240982572525506, -0.018244437736871184, -0.017838513665695745], "(0, -3, 0, -5)": [-0.01339677132857151, -0.013395617405264388, -0.013393201420370298, -0.013388298454909726, -0.013382595867257633], "(0, -3, 0, -8)": [-0.00898103281499818, -0.008982006904408335, -0.010273031319646166, -0.008979648974444717, -0.010270440709736197], "(0, 2, 0, 10)": [-0.006267195239611678, -0.006467265274402849, -0.005508157790830888, -0.0038647178319984824, -0.005372546042614852], "(0, 3, 0, 4)": [-0.0124328629861434, -0.012434706420493909, -0.012438696597939934, -0.011394429553235694, -0.011398835499997623], "(0, 2, 0, 0)": [0.013967729031014366, 0.004800522147533978, 0.2400747069618334, 0.028214675458062218, 0.001492495091590514], "(0, -3, 0, -4)": [-0.00894819979345426, -0.00894580994926393, -0.00894429954778403, -0.008943322296701372, -0.008937590683270246],