{"q_values": {"(0, 0, 0, 0)": [0.883176231672977, 0.88559535790073, 0.8650747291247103, 0.8868698783643697, 0.8781392688332446, 0.8829361937054093, 0.8967114017137812, 0.8847109440990526, 0.8788915967132894, 0.8781013213874304, 0.8675976409518765], "(0, 1, 0, 0)": [0.8749250199377925, 0.903306387069066, 0.8691346225351718, 0.8708915710370159, 0.8666886506580528, 0.8785863449817451, 0.8544488778406654, 0.8540369721774999, 0.866395270965419, 0.8457732561829238, 0.8710732571393794], "(0, 2, 0, 0)": [0.8276541817281141, 0.5629785607773553, 0.5381566847075943, 0.5057165806825665, 0.5731940933289169, 0.5309670588295093, 0.6073898859489637, 0.6691296582890321, 0.5666872858855343, 0.5713827435308787, 0.6153955546609963], "(0, 3, 0, 0)": [0.16718070100947113, 0.16250478609645105, 0.16047301978889142, 0.1719443729949487, 0.15483598683527205, 0.167376422916943, 0.15440798494924596, 0.15565230740681624, 0.16046900203086917, 0.15968905974503386, 0.15428008670054605], "(0, 4, 0, 0)": [0.009094900771014065, 0.02963813774239328, 0.0026810596762804947, 0.009171384925257858, 0.008534485235069427, 0.004172520005777445, 0.008754050341917383, 0.009753991701936054, 0.006579493232148951, 0.008186872135086416, 0.0026111613747211992], "(0, -2, 0, 0)": [0.5679308994123178, 0.5530156759942735, 0.5499701366362841, 0.5363733831809193, 0.5526746717696351, 0.5397172623532415, 0.551855891756188, 0.5493993181547503, 0.5752608624119556, 0.5783327707666331, 0.8280053272460691], "(0, -3, 0, 0)": [0.15476033768327707, 0.13145356317152654, 0.13311813348159413, 0.140292896642378, 0.13659289274907388, 0.12897897095805277, 0.15700878229107507, 0.15753819042665493, 0.1447679232477982, 0.14076572172759555, 0.2709995432680825], "(0, -4, 0, 0)": [0.00347068651967348, 0.004159944755066439, 0.0021436844810533056, 0.004915181414544796, 0.0010754614765025525, 0.005151063272596664, 0.0055166517071016455, -0.0008277099376436583, 0.002986468237540292, 0.0006768941490027719, 0.03311406708863775], "(0, -1, 0, 0)": [0.8302044032334603, 0.8449224985960285, 0.8190466689822766, 0.8028160256416383, 0.8379632966309468, 0.8260406606991842, 0.8112886091101137, 0.8031372188814008, 0.8398239975722883, 0.8278978773386223, 0.8451869770008682], "(1, 3, 0, 0)": [0.012878097816668155, 0.04783755518088769, 0.05974272105684249, 0.044661350248389804, 0.15299255249396115, 0.05018826781980651, 0.01811125321420266, 0.032745762454488764, 0.00589850418718186, 0.050782195734985096, 0.005701853827496536], "(1, 4, 0, 0)": [0.07214792429135132, 0.010352480581486606, 0.007357209823113281, 0.028581612587480924, 0.026083366647013217, 0.00786329622472258, 0.022378846383481386, 0.022884276956471182, 0.009214961411794481, 0.010833846228788907, -0.007845253944396974], "(-1, -1, 0, 0)": [0.6947271897541504, 0.7303342126728323, 0.7525195523814213, 0.7401452924462706, 0.7655798481298421, 0.7612293032196119, 0.7210693466922745, 0.7885099827132022, 0.740165561587594, 0.7222399826258316, 0.8629057909612019], "(-1, -2, 0, 0)": [0.05430724630131945, 0.0629633940788595, 0.028975514552306892, 0.11833840246723223, 0.030301838623091028, 0.15521009200434505, 0.21871487945879742, 0.00905141372429726, 0.13310412197017174, 0.044481827465482335, 0.14271064743494566], "(-1, 3, 0, 0)": [0.09252000512511045, 0.06186302098087181, 0.06379867821636796, 0.048236350979535284, 0.06601259854814844, 0.07636144527877715, 0.06764112836539321, 0.06251895255299715, 0.08054049430687728, 0.0645334618838325, 0.0725573400626528], "(-1, 4, 0, 0)": [-0.0007580742304984867, -0.0013267794732543213, 0.011084465276383034, -0.0010218067326184712, -0.006152025434248557, -0.0018529536290579568, 0.0027316178870593066, -0.0020266240075394607, -0.0015818504023685596, -0.0011886331762365884, -0.003426154453711445], "(-1, -3, 0, 0)": [0.026954307860235845, 0.022982540979322758, 0.03305221070616509, 0.042913625465729736, 0.0327636307877412, 0.018692513200870228, 0.028160232679865414, 0.019675135172918745, 0.020380158206776695, 0.0228854847101357, 0.011914682833310278], "(-1, -4, 0, 0)": [-0.00610462167703127, -0.006630405214111778, -0.006435110023804478, -0.006415344719683577, -0.0074897582495238625, -0.006584242503106581, -0.006108166464509635, -0.00837573158398504, -0.007433693910005982, -0.006896739598354799, -0.005090247533329348], "(1, 0, 0, 0)": [0.7143284557008251, 0.7270859993552609, 0.7310420771633405, 0.7248651268141179, 0.7257947805938189, 0.7319720622702968, 0.6790027821759599, 0.7243854196381149, 0.7050922566879113, 0.7291481101582095, 0.6870992540739047], "(1, -1, 0, 0)": [0.5227347965523003, 0.5520229448774098, 0.538950089861099, 0.5749853591267677, 0.5842612472810205, 0.5497327523974308, 0.5670722135537254, 0.5807742113867757, 0.5644400417129294, 0.5123477211192793, 0.5487122360461116], "(1, -2, 0, 0)": [0.23519190605031332, 0.23276701885506718, 0.23756344612294367, 0.23983076841541667, 0.2167917448952438, 0.2319434296793874, 0.21834727109412602, 0.20753957628207567, 0.214016289164393, 0.23258865376524496, 0.24008975566324597], "(1, -3, 0, 0)": [0.06405275447730636, 0.06390881732195472, 0.05494426548106763, 0.051214602391632606, 0.05465919808418792, 0.055967341790664794, 0.05490973105177181, 0.056099487831734435, 0.053664506073562934, 0.05570280653226586, 0.07506430261171901], "(1, -4, 0, 0)": [-0.003670612485608322, -0.003781948721311056, 0.005326191492265538, -0.004251530712978428, -0.0029887592521990174, -0.003334762577854749, -0.003796291593877798, -0.005183411447202097, -0.0032378124612389247, -0.0031751556953124585, 0.018510184001099807], "(-1, 1, 0, 0)": [0.8370486519782842, 0.591386117095244, 0.5270091858564813, 0.4360597208756123, 0.5408324382053492, 0.5881048896673969, 0.5855919271970021, 0.6478517521655073, 0.623521484844281, 0.6266991927419786, 0.6545600626218111], "(-1, 2, 0, 0)": [0.5103248735887103, 0.2976927963590035, 0.2328803083600924, 0.2340239140164509, 0.23465991170249131, 0.2583010614285766, 0.28034659787883787, 0.23492171391863087, 0.3018352965969172, 0.2257503302943833, 0.2894713273267454], "(1, 1, 0, 0)": [0.7731001815254855, 0.7547947950198401, 0.7447733111759969, 0.7834904042499445, 0.7745232094531395, 0.6959532709732237, 0.6988007096773918, 0.7661247449006132, 0.6933253010569302, 0.7464258178876555, 0.7601651873608138], "(1, 2, 0, 0)": [0.023761659768261743, 0.06455101140516428, 0.13293484894549726, 0.017906970177153012, 0.03670585625837126, 0.06880077698859596, 0.2636874467773082, 0.03228248487292386, 0.09173105362302762, 0.042701275146575526, 0.0874732974766447], "(-1, 0, 0, 0)": [0.8438958047758913, 0.7838148507648153, 0.8008867503018307, 0.7569299057046791, 0.7746883219473347, 0.8011827803198258, 0.7952288384367087, 0.7987578892737943, 0.8135204981996019, 0.7955919481427174, 0.8113812147851821], "(-2, 1, 0, 0)": [0.03976877409061403, 0.08762003742693267, 0.05656334981432928, 0.03616660122399745, 0.06939430997898353, 0.2646204494778572, 0.056413488985225815, 0.05313966545712889, 0.13377091657610155, 0.07875099803476263, 0.009824620025421088], "(-2, 2, 0, 0)": [0.0, 0.040508312963812756, 0.037813300719549775, 0.058787965658700064, 0.06220900823992094, 0.061793816278037594, 0.04322022689431144, 0.028232331510790916, 0.07485297089750734, 0.033934219730457064, 0.046093876765066724], "(-2, 4, 0, 0)": [0.0006706315450925706, -0.008835395957696997, -0.009634778415538739, -0.006018336842907314, -0.005818228689832701, -0.004508044847456259, -0.006109179759377543, -0.005704891593813897, -0.006487848247066967, -0.00905616755387965, -0.005993199001754956], "(2, -1, 0, 0)": [0.2984688861950891, 0.26592659090390686, 0.2880125722804593, 0.26630365161480196, 0.28184004531708934, 0.26092410167094193, 0.2906878464594707, 0.2817937422800337, 0.2818711844249886, 0.29362608097426696, 0.2867481148963073], "(2, -2, 0, 0)": [0.053102967580710043, 0.07089481748757145, 0.06803012341624147, 0.0781754381408794, 0.0, 0.06381534519703014, 0.03587091283890916, 0.08411864736158453, 0.04370844729112643, 0.04743447524596807, 0.10833086961925995],