{"q_values": {"(0, 1, 0, 0)": [98.04537349031263, 97.66951765850266, 98.09223689801398, 98.08492858666465, 98.03505390257658, 98.01423165914863, 98.12657541499516, 98.07511591790464, 94.56635889894568, 98.10874449621349, 98.07517570544226], "(0, 2, 0, 0)": [96.69763213667684, 92.39082887890002, 96.54388153907011, 96.47472863203434, 96.47166696218287, 83.10943897298374, 96.66881549658625, 96.82878791330275, 96.74720545424759, 95.56760755819224, 96.45927752743458], "(0, 3, 0, 0)": [82.42983829078553, 89.63312717698747, 93.97520135717804, 89.7637511638726, 89.58716655584031, 89.17859632699927, 88.67766451063028, 90.23016066606674, 90.83160221040568, 91.31062386570903, 88.03850888875935], "(0, 4, 0, 0)": [77.5202116237063, 77.03402097295469, 71.60946028887305, 74.98959081798051, 81.36181766367177, 77.01586392084316, 77.74805698482797, 77.9863671570917, 75.98196897889636, 75.69376080654865, 75.67933100098308], "(0, 5, 0, 0)": [61.65524978913362, 58.1321367525824, 61.709159142383676, 55.36574162198475, 58.01750693552802, 59.54703477235377, 48.29051429454559, 56.6680427366016, 56.411547417648634, 57.22203934874632, 57.46815852796222], "(0, 6, 0, 0)": [29.668580052268005, 31.923767428610134, 29.70535394125712, 27.16096992262053, 33.92241483102505, 28.67095667097073, 29.23542013028387, 23.70344218944216, 24.19084832499985, 27.747682887218087, 27.49105065912252], "(0, 7, 0, 0)": [8.743770166540465, 12.724403026212027, 8.401071425727718, 8.896434032825676, 13.795072132628835, 7.53626945120667, 8.336380384206812, 6.587876543180748, 9.269092321134153, 7.97575189812364, 8.141561875930549], "(0, 8, 0, 0)": [-0.9544776320432748, 0.3494280164890949, 0.2822683806033285, 0.36127553055269257, 0.1112291537082799, -0.6072642925530107, 0.7819578496963578, 0.24875081490212447, 0.09200601205948211, 0.2927206689162028, 0.03628508502887551], "(0, -4, 0, 0)": [73.08965270520613, 76.31287119562691, 76.83827743892199, 75.11064399520612, 68.00573966793826, 77.00784658367299, 76.06106727583933, 68.59869683123424, 71.46760907370856, 72.78899797161628, 70.2443785767357], "(0, -5, 0, 0)": [41.4147195911151, 38.535939940772465, 45.570867698609334, 46.46342018325806, 41.308752102719225, 46.35750207213518, 42.37533926026659, 45.24371977998413, 43.09594498055453, 46.03033267349353, 43.81281452286695], "(0, -6, 0, 0)": [16.447476537779654, 16.245858228968682, 14.046696716262264, 16.563302801488394, 16.237639320875786, 16.79691026175373, 12.785465543883626, 16.384765290573117, 16.769945347947548, 17.817461375009373, 16.45950679620594], "(0, -7, 0, 0)": [5.157412070492574, 6.687159512471318, 5.444105937525713, 5.919149766118741, 6.2418629130121515, 5.641202658906496, 5.729701326535654, 7.318821759578505, 4.84233534691305, 8.274289980137985, 5.486731690883339], "(0, -8, 0, 0)": [-0.35138730359328324, 0.2557359816196968, -0.18858043496851645, 0.13469976820704688, 0.045547710637388106, 0.1377277391031032, -0.5418126885931709, -0.6983438518842394, 0.6522203748126507, -0.27691082052350874, -0.06580656293270165], "(0, 0, 0, 0)": [98.12633705797967, 98.17627855932054, 98.17071771580528, 98.18769137318283, 98.18051941511658, 92.75921587641545, 98.15602678972158, 98.17078394775609, 98.16771975495952, 98.14527067683852, 98.22772856442683], "(0, -1, 0, 0)": [97.91060820091916, 97.62942267673215, 97.93861801230166, 97.74743260004587, 97.84145038292407, 97.88387366603187, 97.91525059839529, 97.84496448524472, 96.73745701987457, 97.8478031715694, 97.93526188016489], "(0, -2, 0, 0)": [96.95185904442607, 96.00918550563297, 95.7700024512373, 97.22296576109315, 96.73654397205208, 95.53177203797122, 96.54297972201319, 96.91523187456443, 96.95295837847891, 96.3108438261302, 97.0235752914518], "(0, -3, 0, 0)": [89.58307780697108, 87.83918602723985, 87.59662546075404, 89.84556753982568, 88.52283570386359, 82.74067263853424, 87.83865471332862, 88.7766729783708, 90.26845164482208, 90.05422437904474, 90.31344126583794], "(-1, -6, 0, 0)": [0.2595784951302859, 0.2609484006020876, 0.4622718438968064, 0.4484103312794398, 0.177295982837677, 0.4433494825305533, 0.17904367446899416, 0.0, 0.2680999318550144, 0.4375213467309329, 0.40658847302973694], "(-1, -7, 0, 0)": [0.43211739161920615, 0.21519471958567538, 0.2174213583796207, 0.33863888590335844, 0.26334419938039844, 0.0, 0.17548352479934692, 0.4489112729231548, 0.36956991522312166, 0.21805952671450377, 0.0], "(-1, -8, 0, 0)": [0.0, -0.43610873222351076, 0.0855947861796856, 0.0, 0.0, 0.16657189130783082, -0.43758244514465333, 0.0, 0.0, 0.20073171226978304, 0.0], "(1, -7, 0, 0)": [3.23515752079336, 2.7363878467526814, 2.8543101270605935, 2.9639901057524862, 3.389032666412425, 2.433316664603579, 2.898704317285301, 1.6030295464642408, 1.3726581008096794, 4.800408407513984, 2.542187525271879], "(1, -8, 0, 0)": [1.647313107602319, 0.6550170548918817, 1.2994372497352307, -0.2170392953955153, 0.13619274680899174, 1.136929633769908, 1.7243957484155419, -1.0225647803603248, 0.014193657760494194, 2.192178891410429, 1.836568190960285], "(-1, -3, 0, 0)": [0.35158323287963866, 2.1406943923571653, 2.3523490659275565, 0.28963522189098984, 1.2258871017104926, 0.2826923119703497, 3.47342891612621, 1.4924289130190753, 5.326176689706686, 0.7246817687086624, 0.323304004427666], "(-1, -4, 0, 0)": [0.7460297892992609, 0.8025670548018868, 0.6125329607377599, 0.5469522043933925, 0.5119635265758727, 0.44661120721521147, 1.702257788653744, 1.5605623874867418, 0.4269477095796697, 1.1386591221827072, 0.6312655826442187], "(-1, -5, 0, 0)": [0.22018123693466185, 0.42093560241946043, 0.0, 0.2843765771642805, 0.6788702651421678, 0.45148836167147877, 0.0, 0.0, 0.4155682397935244, 0.23144150060958865, 0.0], "(-1, 3, 0, 0)": [16.817393053942297, 16.54085222693369, 15.069354577292382, 18.771883299768636, 15.626528381391624, 14.572971092978754, 17.396042216719234, 16.72132891337892, 21.426356828463863, 18.525961316741995, 17.958338580639417], "(-1, 4, 0, 0)": [18.249720763914652, 11.033875446242261, 15.078338869129896, 11.522413285351064, 7.831327173878361, 10.00525005531254, 15.953990463060329, 15.814614291482389, 16.46919749288308, 12.118732260613758, 12.180819509151505], "(-1, 5, 0, 0)": [7.757815076574874, 14.865236274035064, 10.324139179217582, 10.068196920483613, 12.088557560379675, 7.231537438275661, 11.055887155244063, 6.08381221702837, 10.103391743049444, 9.128897329555537, 12.057301596198828], "(-1, 6, 0, 0)": [5.03128175606016, 3.8867127737405367, 7.612840389673961, 7.187074596736426, 9.24682107594268, 7.680928903598659, 6.704154252527762, 4.13027782025133, 2.729953593139092, 8.522327554243335, 8.346221154766347], "(-1, 7, 0, 0)": [6.8683007105903995, 6.0648407217956, 6.04740357130691, 6.568509191944003, 6.321791629851882, 4.6096785894421455, 6.817119641578738, 5.45382547914627, 6.748801804879967, 3.356781532279051, 3.8023159837051006], "(-1, 8, 0, 0)": [0.6513027290447635, 1.9737582176747819, 1.5824732583568635, 0.910172571492947, 2.218423317430624, 0.09120516098722764, -0.15861641898171136, 1.5196316502595781, 0.23717379825593354, -0.5668565870135994, 1.4592318392578618], "(1, -3, 0, 0)": [14.677616543249561, 10.33893110950164, 19.620898703647132, 17.846645023588902, 13.592514696256657, 16.787542527739845, 11.245207162118271, 14.302226927302033, 32.459528560475505, 18.251240002851567, 13.989221695494557], "(1, -2, 0, 0)": [14.76695317179285, 22.830979923445994, 29.65523550151275, 37.12178534006846, 15.133309533824708, 13.134716959085903, 15.48602708442438, 10.032850244830318, 6.8278892995191365, 17.07857286228878, 18.926939442396318], "(1, -4, 0, 0)": [4.246728458065386, 6.941067799454274, 6.511661284054337, 6.533749590365317, 8.759564316079004, 10.882088550003497, 7.70084159885989, 7.067077691471642, 7.024645276164549, 5.073235852008345, 6.025238366540468], "(1, -5, 0, 0)": [7.866098464259874, 4.4965689040153585, 1.759286953623044, 5.651588869633819, 4.20367339136571, 5.557219426571165, 6.908949214865965, 4.459445593135302, 4.3573424696301295, 3.9295593683381815, 5.979126624845353],