{"q_values": {"(0, 0, 0, 0)": [0.9735813458340616, 0.9869410414191319, 0.9846167663854807, 0.9869940401685325, 0.9854161184014487], "(0, 0, 0, 1)": [0.9871054757343636, 0.9832897256104877, 0.9785384251770093, 0.9750123894582099, 0.9608178966242864], "(0, 0, 0, 2)": [0.9801308657134716, 0.9087412313460781, 0.8999468719906072, 0.7949548358270916, 0.7292132990810952], "(0, 1, 0, 2)": [0.8072536915244846, 0.8331086426351703, 0.7710426146065097, 0.7131811292373257, 0.6736740461837748], "(0, 1, 0, 3)": [0.7245445685831279, 0.5726482233319592, 0.5943186159783529, 0.5432597990751195, 0.468697453944124], "(0, 1, 0, 4)": [0.5795428706783029, 0.43013828745182753, 0.3881593540609544, 0.30311497715484303, 0.23300553132201118], "(0, 1, 0, 5)": [0.3287020584679986, 0.09988560370617697, 0.11442799769407917, 0.09220534153901982, 0.08217040565066679], "(0, 2, 0, 5)": [0.14900175854752468, 0.11282844522613232, 0.07826859514856653, 0.08072221375569308, 0.07329255407063567], "(0, 2, 0, 4)": [0.2232770238676567, 0.22545655380089819, 0.19956888514615387, 0.15193389201257113, 0.11629719253020687], "(0, 2, 0, 6)": [0.05993032094068736, 0.05684996301388451, 0.05470137945863248, 0.04338010951512961, 0.023353587380103364], "(0, 3, 0, 5)": [-0.010236949462836608, -0.010241366779040546, -0.0102426144987382, -0.012455545801139455, -0.01024774597891979], "(0, -1, 0, 1)": [0.9818756500759113, 0.9849739531573186, 0.9863378383976236, 0.9845004805604555, 0.9819307773826472], "(0, -1, 0, 0)": [0.9582800435191569, 0.9740256833540392, 0.9818796598232798, 0.9849539781579716, 0.9866941452883178], "(0, -1, 0, -1)": [0.8192600438264426, 0.9201330330638491, 0.9393930328486675, 0.9170388837949708, 0.9848904464828206], "(0, -1, 0, -2)": [0.7544682887079092, 0.8354418145505846, 0.836265781775736, 0.8374002360706935, 0.8550233323464753], "(0, -2, 0, -3)": [0.22827809904898178, 0.24688422917025174, 0.27763840387466177, 0.28532339604420215, 0.3053350383914327], "(0, -2, 0, -5)": [0.10423662929747228, 0.09714397774620975, 0.09362440221837456, 0.1828625807188653, 0.18402747137118766], "(0, -2, 0, -4)": [0.12063490653141132, 0.1983651273112852, 0.21786047075853365, 0.21297071022435007, 0.21178611648749027], "(0, -2, 0, -6)": [0.06961218610995779, 0.06891731973487947, 0.07248716204962671, 0.07652285911159266, 0.0849171692086006], "(0, -2, 0, -7)": [0.024709581436579052, 0.04940390247825357, 0.05047134137394555, 0.051953566913639795, 0.049369769030922724], "(0, -2, 0, -8)": [0.003165567879648975, 0.004334977579413316, 0.008560755320869735, 0.020952964925949998, 0.022792818143095944], "(0, 1, 0, 0)": [0.9116816069231537, 0.9074055219880879, 0.9049637093480972, 0.9021834854907488, 0.889058334730501], "(0, 1, 0, 1)": [0.9112490661898859, 0.8687597605584401, 0.8741763623551985, 0.8409974733387952, 0.8171937211832774], "(0, 2, 0, 7)": [0.027675084992021873, 0.015398923611714847, 0.012425887012545642, 0.009950449486674158, 0.005415515895406805], "(0, 2, 0, 8)": [0.0025494354511686524, 5.1834085755283685e-05, 0.001955551779591472, 0.004170351820163251, -0.004089347653092349], "(0, -1, 0, -3)": [0.5822405409627255, 0.6630482883906104, 0.7533165120378781, 0.6990618864779738, 0.7451838300985425], "(0, -1, 0, -4)": [0.41985158177328863, 0.43183105247654485, 0.5506126694634673, 0.5862637912481272, 0.7335790331055106], "(0, -1, 0, -5)": [0.12899263256691598, 0.23075182281185874, 0.24598887727895027, 0.422168423064003, 0.5439279103498913], "(0, 0, 0, -1)": [0.9659128703351096, 0.9799824494487508, 0.9851501130307676, 0.8875875300946525, 0.9857036023931018], "(0, 0, 0, -2)": [0.8509301980426702, 0.8993635876241821, 0.9163408459186938, 0.945909545624695, 0.983874568770298], "(0, 0, 0, 3)": [0.8579781536776047, 0.44475468212593255, 0.2886298072302659, 0.3401456219082157, 0.12955452523659458], "(0, 2, 0, 3)": [0.42651422799920535, 0.39448406471503017, 0.3164632790228105, 0.2668905258627458, 0.1958121632754908], "(0, 1, 0, -1)": [0.7556824126173904, 0.8419228638227508, 0.7755030648222028, 0.8778165251242239, 0.9105071433565595], "(0, 1, 0, -2)": [0.011697120923789153, 0.032981601791705964, 0.5096504563708775, 0.0036827377640390457, 0.046242053986416405], "(0, -1, 0, 2)": [0.23116932028501502, 0.9681971909842906, 0.45794526853784256, 0.24530319761555514, 0.19915111596235807], "(0, -2, 0, -9)": [-0.0014732359022273287, -0.0030717341360364555, -0.004290075168358707, -0.003259169669222708, -0.0019523834542180146], "(0, 0, 0, -3)": [0.10388062078691872, 0.3442877417027544, 0.3128120773414283, 0.9059347955484746, 0.32961884318994883], "(0, 3, 0, 7)": [-0.0041575683653354645, -0.007527290952019395, -0.002189732529222965, -0.004160556551069021, -0.004165046699345112], "(0, 0, 0, -4)": [0.0067643868353461055, 0.039124251984725626, 0.003213284669203872, 0.04589234726902548, 0.14063389605221333], "(0, -1, 0, -6)": [0.028807106935627935, 0.018908034903798984, 0.030502185776864782, 0.022925654885673462, 0.28915422014689296], "(0, -1, 0, -7)": [0.00902681740626721, 0.0022157731130174833, 0.011731406503417184, 0.044991886185781566, 0.0011375301212523381], "(0, -3, 0, -7)": [-0.00593884226307273, -0.005937195921316743, -0.007532383809052408, -0.007529421495832502, -0.005933656951412559], "(0, 1, 0, 6)": [0.1158677605547119, 0.006171386789609728, 0.023350900209105234, 0.009262819703736122, 0.005331140247193588], "(0, 1, 0, 7)": [0.004110249645329903, 0.004832461837315628, 0.0, 0.0, 0.001894521494023502], "(0, 1, 0, 8)": [0.0010426691776141525, 0.0, 0.0, 0.0, 0.0], "(0, 2, 0, 9)": [-0.0021798480302095413, -0.0009873475237482943, -0.006313477447707198, -0.0014324119218353157, 0.0008537310175597668], "(0, -2, 0, -2)": [0.2536524002402644, 0.2887136992784526, 0.2327980335014871, 0.22682442318756768, 0.26812563896371483], "(0, -2, 0, -1)": [0.0905431114431372, 0.2808789908663093, 0.07089522430936675, 0.050267652586774424, 0.04608549632141785], "(0, 2, 0, 2)": [0.4554073363518557, 0.43118465289753627, 0.42366723711768806, 0.3796901191148906, 0.3287331430674488], "(0, 0, 0, 4)": [0.03269470866269185, 0.13857626282807406, 0.06950419525593293, 0.06909783172159717, 0.022264777545761373], "(0, -3, 0, -6)": [-0.012463780860407222, -0.012465409698626362, -0.013404815419244768, -0.013401924783595379, -0.013396769433585436], "(0, 0, 0, 5)": [0.0, 0.0, 0.0, 0.011394351388244026, 0.002474981667448537], "(0, 0, 0, -5)": [0.003045801583348206, 0.0, 0.0, 0.0, 0.0], "(0, -1, 0, 3)": [0.0, 0.001774967615854871, 0.0, 0.0009832593612372875, 0.006054398934184509], "(0, -1, 0, 4)": [0.0, 0.0011832151049971861, 0.0, 0.0, 0.0], "(0, -3, 0, -9)": [-0.002196987718343735, -0.0021947821602225303, -0.0021954622119665147, 0.0, 0.0], "(0, 2, 0, 1)": [0.21491007060111372, 0.23287275591147127, 0.22161735176207384, 0.16271554259993531, 0.43361993508360436], "(0, 3, 0, 8)": [-0.0021924246102571487, -0.0021918321028351786, -0.00219095703214407, -0.0021925438195466995, 0.0], "(0, 3, 0, 6)": [-0.005925088796764613, -0.005927397038787603, -0.0059285349808633325, -0.0059305083639919765, -0.004157807156443595], "(0, -3, 0, -5)": [-0.008954335919730366, -0.008951197341196239, -0.010242049900801853, -0.010238750040857121, -0.010234215809561313], "(0, -3, 0, -8)": [-0.0041659683175385, -0.004165285900235176, -0.004163688104599715, -0.002191116102039814, -0.0021919481456279754], "(0, 2, 0, 10)": [-0.0014348901435732842, 0.0, 0.0, 0.0, -0.0021924821659922602], "(0, 3, 0, 4)": [-0.008941353285033257, -0.008939826862104238, -0.008943411647137255, -0.008944959657900035, -0.00751355980951339], "(0, 2, 0, 0)": [0.013967729031014366, 0.004800522147533978, 0.1987091446194944, 0.028214675458062218, 0.001492495091590514], "(0, -3, 0, -4)": [-0.00415103143081069, -0.005919368721544744, -0.007510008819028735, -0.00591878305003047, -0.008937590683270246], "(0, 3, 0, 3)": [-0.004143923595547676, -0.004144507143646479, -0.005912390416488052, -0.0041472773253917695, -0.004147932454943657],