{"q_values": {"(0, 0, 0, 0)": [0.9418847469177131, 0.9401814961764147, 0.9427128183136395, 0.9351065020190948, 0.93136208176193, 0.9416287948828266, 0.9425674967788299, 0.9422855101901961, 0.930069812486738, 0.9416848868111749, 0.9344066058429401], "(0, 1, 0, 0)": [0.9263322117712169, 0.9197186088864049, 0.9059770049351225, 0.9032236468016966, 0.9008293341655904, 0.8681269716313741, 0.9152688433294329, 0.8962170343804404, 0.9230071074347637, 0.8684064957722425, 0.8776589522707134], "(0, 2, 0, 0)": [0.5290323316689901, 0.7413320324423673, 0.4711698262628301, 0.4883015158944517, 0.48652369924593436, 0.45833826318716503, 0.49482260098680386, 0.46312932056742084, 0.44871622012372125, 0.45873130474607454, 0.4863949326500134], "(0, 3, 0, 0)": [0.22657534568263055, 0.08929509804102351, 0.09597288495540565, 0.10362168960782919, 0.08737241563835373, 0.09484745441981339, 0.10609244172638399, 0.08254803441951801, 0.11446004649580219, 0.09282488382768793, 0.11616258561768991], "(0, 4, 0, 0)": [0.010289251407121777, 0.001421093776438496, 0.001430638776109762, 0.0018389488288964194, -0.0013021812923183981, 0.0017469046854532494, 0.00488081505733888, 0.001892333845506377, -0.0012214912632893885, 0.0008368466947723261, 0.0017782792526933556], "(0, -2, 0, 0)": [0.4667950570011841, 0.45371914792797263, 0.4144893737803666, 0.42000233902355344, 0.424229270159065, 0.4656747622985079, 0.4510272525322576, 0.4452142534176222, 0.4200021667931943, 0.47756426361059784, 0.733975968389659], "(0, -3, 0, 0)": [0.08314128986639525, 0.08634927648861913, 0.08703330342073755, 0.08759055875645227, 0.07664508462465904, 0.09299930299169706, 0.08859023093398669, 0.07546594114418287, 0.0925590693448257, 0.08866821056972199, 0.08792525505576944], "(0, -4, 0, 0)": [0.0019915981168547614, 0.001686836137566863, -0.002887926936923955, -0.0008436227126060397, -0.0034815600307717704, 0.0025982458829539395, -0.002701832260331818, -0.0008277099376436583, -0.0011947614966842648, 0.00903214118661112, -0.0015489743815524887], "(0, -1, 0, 0)": [0.8165965656532699, 0.8881796950213482, 0.8572552653673682, 0.847461101729404, 0.8836747539923153, 0.8776410534087937, 0.8338694646209283, 0.8862389773993867, 0.8712317479425343, 0.8752541901389965, 0.9544342636681694], "(1, 3, 0, 0)": [0.03351944056762057, 0.04783755518088769, 0.12684298743566996, 0.044661350248389804, 0.061103479203278695, 0.05018826781980651, 0.038424784683545835, 0.059608425695466344, 0.00589850418718186, 0.0689077767764244, 0.06787712773322269], "(1, 4, 0, 0)": [0.003385930617047823, 0.0026307838412884307, 0.003466254469950251, 0.003245516685546526, 0.001445766933632654, 0.0034898311946173636, 0.001871545302573753, 0.002964622537601134, 0.0028941372608879776, 0.002561212665968572, 0.002894988929912903], "(-1, -1, 0, 0)": [0.9253994842368709, 0.9260093853450954, 0.8953820816387477, 0.9113522984481125, 0.8938099303201801, 0.885052719477504, 0.8900398728769489, 0.8842340617130324, 0.9070948560650698, 0.9611770974853275, 0.8769372188153008], "(-1, -2, 0, 0)": [0.4371279033445331, 0.3061144605831394, 0.4872487431897394, 0.48784545488120307, 0.4177470019299132, 0.4308507798202518, 0.41989616377966116, 0.4834077238844435, 0.39387360610254896, 0.6018985305418567, 0.4574220695795994], "(-1, 3, 0, 0)": [0.07885167197742848, 0.06461813941065897, 0.05357812818799672, 0.05283458818313172, 0.054618036273330055, 0.06578953349657574, 0.06505778847671356, 0.05470329545325893, 0.054185392017465944, 0.05328274922653163, 0.06287896725979063], "(-1, 4, 0, 0)": [-0.00238990257792067, -0.004713920026410298, -0.0025911870957976355, -0.0032985579951601467, -0.009283183895844548, -0.004797648586660345, 0.0015516878907113167, -0.0023350245445995206, -0.0029356794045751985, -0.002531133602652271, -0.003466548749842698], "(-1, -3, 0, 0)": [0.035402866240576966, 0.022982540979322758, 0.03924366976828741, 0.03921715137708475, 0.0327636307877412, 0.018692513200870228, 0.028160232679865414, 0.05673946990081795, 0.020380158206776695, 0.04155956201935081, 0.011914682833310278], "(-1, -4, 0, 0)": [-0.008240752703958878, -0.008652028067987816, -0.008305685337368907, -0.008042227956804402, -0.008998542838390525, -0.00851048788657735, 0.00046242709309324455, -0.00837573158398504, -0.008665861910945614, -0.008503639428563924, -0.008138649764488295], "(1, 0, 0, 0)": [0.8733839466289839, 0.871845404501636, 0.8674880534167492, 0.8663710045857427, 0.8752820769682607, 0.8788937753764776, 0.8563904434483842, 0.8531283642924289, 0.8683454158718573, 0.853922073728522, 0.8505855351986408], "(1, -1, 0, 0)": [0.6421456188012095, 0.582504850649064, 0.6671844266958966, 0.6466350954147421, 0.64898499641467, 0.6676194780868325, 0.5867339096410488, 0.6161660218725509, 0.6439469422998371, 0.7269763867359695, 0.8508378651983095], "(1, -2, 0, 0)": [0.20645604264068582, 0.16655321868819817, 0.18828359651859686, 0.19171274843309022, 0.20056542111193354, 0.18960558413263415, 0.1933761119913167, 0.19363738501067898, 0.19522126741001994, 0.2071569753683903, 0.20409140824962493], "(1, -3, 0, 0)": [0.05937450247838075, 0.0605294594423536, 0.0565391390285922, 0.05600466617172033, 0.05657609043191497, 0.05706319933093312, 0.05983947330886596, 0.055403356595675544, 0.057371527773975736, 0.05370515497728116, 0.06045690381324426], "(1, -4, 0, 0)": [-0.003670612485608322, -0.002885253043895546, -0.0028184814336786783, -0.003218716889556502, -0.009801472759814887, -0.003334762577854749, -0.005717226500769361, -0.004176107098757178, -0.003121414735104664, -0.0031751556953124585, -0.0035997691316258383], "(-1, 1, 0, 0)": [0.8229747123159881, 0.5552222719110673, 0.6473775165500777, 0.595024262435135, 0.47175371587160064, 0.5589244447563835, 0.5183680498997751, 0.644630464489948, 0.5455001697712124, 0.6427921859003372, 0.560982795277572], "(-1, 2, 0, 0)": [0.22374169119770462, 0.17753238887914186, 0.16472810484284395, 0.16499283393369654, 0.17647288764128907, 0.2036455831907301, 0.17290776622689963, 0.171777463685826, 0.17471965999380462, 0.17140930054842463, 0.1722817568985984], "(1, 1, 0, 0)": [0.9136202660726102, 0.9241575435132254, 0.9191819852061692, 0.9196144336069884, 0.9092159410923689, 0.9055149013417302, 0.9123059654357182, 0.8957082819778809, 0.8929811719134881, 0.9010583243889501, 0.9057978657841051], "(1, 2, 0, 0)": [0.24475851318224953, 0.838382763543501, 0.42693535098263935, 0.26227289508781587, 0.3870409951816668, 0.3748076518901552, 0.35179817502273497, 0.3454275154169908, 0.3929937049800949, 0.42823353528343644, 0.31885416265313976], "(-1, 0, 0, 0)": [0.9293045108634187, 0.9626871019462323, 0.9272549325391022, 0.9400713080469535, 0.918280894026988, 0.9380102569549539, 0.9154139855672037, 0.9258283326688165, 0.9089907736660772, 0.9219692835267791, 0.920861543606973], "(-2, 1, 0, 0)": [0.03976877409061403, 0.14897653789996826, 0.05656334981432928, 0.09263871912474693, 0.06939430997898353, 0.4227085638811992, 0.13284682338670145, 0.05313966545712889, 0.12722990064109985, 0.1545318974137165, 0.009824620025421088], "(-2, 2, 0, 0)": [0.01799507331375627, 0.07309819516707575, 0.05336918184681549, 0.19934925383437216, 0.06827922509520801, 0.07590766005435429, 0.04322022689431144, 0.06345284204447743, 0.07233861197663732, 0.049566087006373424, 0.046093876765066724], "(-2, 4, 0, 0)": [-0.0040983233702267885, -0.004996604822647363, -0.005574038488425242, -0.006018336842907314, -0.0022128328180772306, 0.00973417965133777, -0.004788863151367944, -0.005704891593813897, -0.006487848247066967, -0.0026353865397532746, -0.004468903647114209], "(2, -1, 0, 0)": [0.38823445040911625, 0.22418014453711937, 0.35781307946572194, 0.2858631334772442, 0.27236397086055053, 0.39601485542789716, 0.27557706638950435, 0.24389663156638697, 0.22850298260824645, 0.29394418084917956, 0.41690783878391924],