{"q_values": {"(0, 0, 0, 0)": [0.982594686604568, 0.9840881273614808, 0.9834435111081976, 0.9831034632350559, 0.9833192281979428], "(0, 0, 0, 1)": [0.9848248563758043, 0.9797334402625467, 0.9806741773931621, 0.9800653051273536, 0.9724554040080073], "(0, 0, 0, 2)": [0.9792103132764796, 0.9217681246266718, 0.9308421883902557, 0.8591220634971716, 0.8113659498018827], "(0, 1, 0, 2)": [0.9494707342531638, 0.8681707927774627, 0.8149074654004557, 0.755020137558398, 0.7186650713495932], "(0, 1, 0, 3)": [0.6726087020258728, 0.6678762412929511, 0.6819500600418824, 0.5596483938994744, 0.4997338318115385], "(0, 1, 0, 4)": [0.6725015668421068, 0.5217774505949497, 0.41777491294898794, 0.2832541370898336, 0.23723308896700163], "(0, 1, 0, 5)": [0.33718635648650574, 0.09988560370617697, 0.11442799769407917, 0.09220534153901982, 0.08637092571097475], "(0, 2, 0, 5)": [0.08844484886854062, 0.06329528567948303, 0.06567708308985049, 0.06515994258028929, 0.042184184310028044], "(0, 2, 0, 4)": [0.20014394967564572, 0.17808799812695786, 0.12848923052728928, 0.09095835190230017, 0.0658079596430229], "(0, 2, 0, 6)": [0.036036401853119196, 0.0320193196267181, 0.03359603181226849, 0.028263416074063036, 0.016196254272130405], "(0, 3, 0, 5)": [-0.012442000842301007, -0.012449026512838714, -0.012451272099527755, -0.012455545801139455, -0.012457485592018943], "(0, -1, 0, 1)": [0.984064619131098, 0.9831512452573647, 0.9851037196884129, 0.9838797323313793, 0.9821168008938127], "(0, -1, 0, 0)": [0.9810133374464156, 0.9840456424757039, 0.9845726619845282, 0.9848502354556476, 0.985306982770899], "(0, -1, 0, -1)": [0.9420868831412665, 0.9495571595781769, 0.9759695448450728, 0.9805328682759519, 0.9851625577697701], "(0, -1, 0, -2)": [0.6474849393966846, 0.769120904519023, 0.8170470610326457, 0.903798869801354, 0.9818053850957074], "(0, -2, 0, -3)": [0.1638010751414973, 0.19900800205678437, 0.2261054940981275, 0.26792534225459874, 0.2819643786474813], "(0, -2, 0, -5)": [0.06408105828537101, 0.0546101171640929, 0.06699931537568661, 0.06769224025397615, 0.08816715179048625], "(0, -2, 0, -4)": [0.0732186896568119, 0.10546024017091253, 0.14520923369936264, 0.15641753005262574, 0.17195691767315102], "(0, -2, 0, -6)": [0.036807822415635696, 0.03596500149907695, 0.03735984483190357, 0.03331981752818759, 0.03494732125742321], "(0, -2, 0, -7)": [0.02031441898585745, 0.02007763250566531, 0.020634589916847017, 0.019947739251978718, 0.018277875098092165], "(0, -2, 0, -8)": [-0.003975692716378742, 0.005674930861204568, 0.0028478982735413248, 0.0018836363306205884, 0.002834902660124369], "(0, 1, 0, 0)": [0.982040005104266, 0.9784109087985629, 0.9784312127392193, 0.9676684911501358, 0.9513672945176938], "(0, 1, 0, 1)": [0.9799668520750691, 0.9413307760191119, 0.9232193167097172, 0.9170891756231365, 0.8228037773915289], "(0, 2, 0, 7)": [0.00938734582964589, 0.009367286104965393, 0.011583279731322038, 0.010324668420496291, 0.007742492286401001], "(0, 2, 0, 8)": [0.0001088659505893313, 5.1834085755283685e-05, 0.0024623346493616595, 0.0020712784135565954, -0.007448006386385498], "(0, -1, 0, -3)": [0.4640438357648856, 0.5815407727208878, 0.6049304900330976, 0.6210247490386647, 0.6530691302613008], "(0, -1, 0, -4)": [0.3638181138708057, 0.3947039540458522, 0.47469950952348666, 0.4623945383996944, 0.49346172187478154], "(0, -1, 0, -5)": [0.1413607732753326, 0.21510729824893526, 0.24598887727895027, 0.2887952979567072, 0.3474481187933871], "(0, 0, 0, -1)": [0.979573392805826, 0.9774435495969358, 0.9827884340453271, 0.9849863163059231, 0.9828495753972437], "(0, 0, 0, -2)": [0.8956163223875261, 0.9139750293425014, 0.9393791003130328, 0.9652100986683416, 0.9823612533512153], "(0, 0, 0, 3)": [0.8912143672401869, 0.44475468212593255, 0.34570064810019646, 0.3401456219082157, 0.24223516198975598], "(0, 2, 0, 3)": [0.36473598243981814, 0.35165809544370386, 0.30191425756926843, 0.23329565795445195, 0.1583800286919988], "(0, 1, 0, -1)": [0.9207389421535586, 0.9552748819853774, 0.9816020599909268, 0.9745946610463206, 0.9733131878782791], "(0, 1, 0, -2)": [0.011697120923789153, 0.032981601791705964, 0.812320992559191, 0.10127793452808131, 0.1371231714833462], "(0, -1, 0, 2)": [0.3063467185983485, 0.9805546047851026, 0.6002314964269139, 0.31879501128366217, 0.19915111596235807], "(0, -2, 0, -9)": [-0.004527683591030777, -0.004947690733395296, -0.004290075168358707, -0.006801881581674237, 0.0041846596264580194], "(0, 0, 0, -3)": [0.10841065936541952, 0.3442877417027544, 0.3128120773414283, 0.9267045530492315, 0.32961884318994883], "(0, 3, 0, 7)": [-0.0041575683653354645, -0.007527290952019395, -0.004162562694400549, -0.005934825001284481, -0.004165046699345112], "(0, 0, 0, -4)": [0.0067643868353461055, 0.039124251984725626, 0.003213284669203872, 0.04589234726902548, 0.21802504098721204], "(0, -1, 0, -6)": [0.028807746775861464, 0.018908034903798984, 0.03273983091225006, 0.052729255099350184, 0.2533961580171181], "(0, -1, 0, -7)": [0.00902681740626721, 0.0022157731130174833, 0.011731406503417184, 0.044991886185781566, 0.0011375301212523381], "(0, -3, 0, -7)": [-0.00593884226307273, -0.00753515569511801, -0.007532383809052408, -0.007529421495832502, -0.007528632203303277], "(0, 1, 0, 6)": [0.13597074595686276, 0.006171386789609728, 0.023350900209105234, 0.009262819703736122, 0.005331140247193588], "(0, 1, 0, 7)": [0.004110249645329903, 0.004832461837315628, 0.0, 0.0, 0.001894521494023502], "(0, 1, 0, 8)": [0.0010426691776141525, 0.0, 0.0, 0.0, 0.0], "(0, 2, 0, 9)": [-0.0033665945990011092, -0.002061194230766795, -0.006313477447707198, -0.003466336364581918, -0.0034598145941272373], "(0, -2, 0, -2)": [0.222119679215881, 0.2570646308158093, 0.293816806723153, 0.3126848680457944, 0.35153357439182353], "(0, -2, 0, -1)": [0.11010920851695066, 0.3136920564286076, 0.14301194028873984, 0.07768637154876892, 0.07430304154574954], "(0, 2, 0, 2)": [0.410504444991587, 0.414463425573773, 0.412819174333513, 0.3715857519192233, 0.2842776135969487], "(0, 0, 0, 4)": [0.03269470866269185, 0.13857626282807406, 0.06950419525593293, 0.06909783172159717, 0.022264777545761373], "(0, -3, 0, -6)": [-0.014255805373137679, -0.01340727971125331, -0.013404815419244768, -0.014248739970869995, -0.014244469332129625], "(0, 0, 0, 5)": [0.0, 0.0, 0.0, 0.011394351388244026, 0.002474981667448537], "(0, 0, 0, -5)": [0.003045801583348206, 0.0, 0.0, 0.0, 0.0], "(0, -1, 0, 3)": [0.0, 0.001774967615854871, 0.0, 0.0009832593612372875, 0.006054398934184509], "(0, -1, 0, 4)": [0.0, 0.0011832151049971861, 0.0, 0.0, 0.0], "(0, -3, 0, -9)": [-0.002196987718343735, -0.0021947821602225303, -0.0021954622119665147, -0.0021937046200037, 0.0], "(0, 2, 0, 1)": [0.23668325143864521, 0.30185415363913065, 0.2641208981093829, 0.23571859638078133, 0.3974945666576217], "(0, 3, 0, 8)": [-0.0021924246102571487, -0.0021918321028351786, -0.00416425408795476, -0.0021925438195466995, -0.0021932143718004227], "(0, 3, 0, 6)": [-0.007520973390713334, -0.007522473016008735, -0.007523956864699721, -0.007528043148294092, -0.007528396198898554], "(0, -3, 0, -5)": [-0.010247673732083292, -0.0102425389588885, -0.011404674134950527, -0.011399609902794473, -0.011394476513854414], "(0, -3, 0, -8)": [-0.00594201067276299, -0.005941916920244693, -0.004163688104599715, -0.004165558423846961, -0.0021919481456279754], "(0, 2, 0, 10)": [-0.0014348901435732842, 0.0, 0.0, 0.0, -0.0021924821659922602], "(0, 3, 0, 4)": [-0.011390069479209373, -0.01139056056825407, -0.010232351367643104, -0.010233692795794457, -0.010237820675434545], "(0, 2, 0, 0)": [0.013967729031014366, 0.004800522147533978, 0.2400747069618334, 0.028214675458062218, 0.001492495091590514], "(0, -3, 0, -4)": [-0.005920872515067458, -0.007511761962622405, -0.007510008819028735, -0.0075104331757873295, -0.008937590683270246], "(0, 3, 0, 3)": [-0.0059103832319378855, -0.004144507143646479, -0.005912390416488052, -0.0041472773253917695, -0.004147932454943657],