{"q_values": {"(0, 0, 0, 0)": [0.6676644579319567, 0.6581852485673333, 0.6692911209805179, 0.6794238083404781, 0.6667560549656255], "(0, 0, 0, 1)": [0.6615098638571343, 0.6478973221142194, 0.666385774995345, 0.642145381065567, 0.6253023258037866], "(0, 0, 0, 2)": [0.6639021006206003, 0.6074958308994494, 0.5232696898024736, 0.5050737029305405, 0.38625566519546795], "(0, 1, 0, 2)": [0.33510002628912067, 0.33559263109199033, 0.3433959774304758, 0.3119770293762481, 0.2921372889964476], "(0, 1, 0, 3)": [0.3204098477435549, 0.3083369707181522, 0.2604672489529274, 0.2611054535314922, 0.250133430095062], "(0, 1, 0, 4)": [0.25506267959246864, 0.23279546024996647, 0.19529903081085975, 0.17311432643386263, 0.1445493314677536], "(0, 1, 0, 5)": [0.18168612762111014, 0.07655934234586578, 0.07445203458333778, 0.0639440170543752, 0.05274181757095449], "(0, 2, 0, 5)": [0.14284834333019306, 0.15507496017239739, 0.09138106241027538, 0.1184414465485062, 0.0783691728242175], "(0, 2, 0, 4)": [0.1559787266805637, 0.1880143676141292, 0.15461948304273201, 0.16268783340585866, 0.1451175005115508], "(0, 2, 0, 6)": [0.09922284928339199, 0.09027482646540338, 0.06318555681194332, 0.047923824151784394, 0.01777619769743003], "(0, 3, 0, 5)": [-0.002184495143592358, -0.004154238663613797, -0.0021845880895853043, -0.005927660314366222, -0.005926040453836322], "(0, -1, 0, 1)": [0.3785937143642737, 0.19388555979220057, 0.22744483577521335, 0.18819766711867486, 0.12475620895495229], "(0, -1, 0, 0)": [0.4395740337820014, 0.375103829139531, 0.40335632353277046, 0.3818880584033836, 0.3424217543504865], "(0, -1, 0, -1)": [0.41902336895422776, 0.42914625589795546, 0.41726167062815694, 0.44782487679878646, 0.4403093142377948], "(0, -1, 0, -2)": [0.35237120361257585, 0.3866150526357604, 0.417473370016893, 0.39853923869442776, 0.40314988937339363], "(0, -2, 0, -3)": [0.16146799467213216, 0.18213496802198642, 0.16176611706826355, 0.14319789612574713, 0.14816394206947955], "(0, -2, 0, -5)": [0.08231918492591736, 0.1093767984986161, 0.097402417195866, 0.11473361815881582, 0.16275607439108092], "(0, -2, 0, -4)": [0.1272163470046629, 0.15524024222380486, 0.15961886167559033, 0.17219712424960756, 0.18431677859022377], "(0, -2, 0, -6)": [0.0434785128438904, 0.06571419766948267, 0.04048636238859904, 0.07303686442197173, 0.11784489709278823], "(0, -2, 0, -7)": [0.006193302702982099, 0.015226317621042615, 0.018721436910997008, 0.05437487768123708, 0.07530405057697535], "(0, -2, 0, -8)": [0.003141428842222346, 0.0018222308569372213, 0.003299297951513058, 0.002837779428790554, 0.012447742102248572], "(0, 1, 0, 0)": [0.2232996756019623, 0.25791529263793583, 0.2825656797048355, 0.28395868653828593, 0.34524305631375285], "(0, 1, 0, 1)": [0.3384018282811847, 0.3474735238271333, 0.3547955455915078, 0.3330755563960569, 0.3358489815099908], "(0, 2, 0, 7)": [0.03259766656501175, 0.02842764143694926, 0.006037318456842685, 0.008883835996084973, 0.007974785653588579], "(0, 2, 0, 8)": [1.475975392165518e-05, -0.0030879558981787214, 0.0036735170149646483, 0.001081974394557983, -0.0054612475426676155], "(0, -1, 0, -3)": [0.30278375587686873, 0.297903405078711, 0.3452087223219161, 0.3729019774532603, 0.3594462548446388], "(0, -1, 0, -4)": [0.12818839537397458, 0.16850937449100703, 0.23793950319915513, 0.189792830160347, 0.3562963790961297], "(0, -1, 0, -5)": [0.04723492511164893, 0.0689845417807719, 0.0601675042024197, 0.16087342858027304, 0.10029708636139852], "(0, 0, 0, -1)": [0.607864951756672, 0.6281265768245634, 0.6358182184200987, 0.6515022731806628, 0.6736626769546663], "(0, 0, 0, -2)": [0.30782701946096874, 0.3882302878564301, 0.471453624248828, 0.49778115762584213, 0.617541511534752], "(0, 0, 0, 3)": [0.4914422591797519, 0.28260426271261785, 0.23990288680994878, 0.21547216120539697, 0.06370269658790119], "(0, 2, 0, 3)": [0.12512983621209015, 0.1370386762975369, 0.13741360173065512, 0.12581504554774786, 0.17069034376289335], "(0, 1, 0, -1)": [0.04741418701692796, 0.0837757040216599, 0.06946569135321028, 0.08153250601254663, 0.24087443267322084], "(0, 1, 0, -2)": [0.011913236392307954, 0.0038352109766646683, 0.06301227344481186, 0.0036827377640390457, 0.009188060383610468], "(0, -1, 0, 2)": [0.05953776246831301, 0.13073728111685823, 0.05686736668534567, 0.012725958471278935, 0.003664492771562187], "(0, -2, 0, -9)": [0.0011189326490371365, -0.0009913661973249247, -0.004290075168358707, -0.0012015244875482672, -0.0019523834542180146], "(0, 0, 0, -3)": [0.10174901697024018, 0.08860256541452713, 0.13008773747561536, 0.3717507570620437, 0.14353197827819816], "(0, 3, 0, 7)": [0.0, -0.007527290952019395, 0.0, -0.004160556551069021, -0.0021922994405031205], "(0, 0, 0, -4)": [0.0067643868353461055, 0.039124251984725626, 0.003213284669203872, 0.04589234726902548, 0.1142638639269326], "(0, -1, 0, -6)": [0.01472087712550746, 0.012662437679634889, 0.030502185776864782, 0.022925654885673462, 0.06622307593779056], "(0, -1, 0, -7)": [0.0023032378700435976, 0.0022157731130174833, 0.0025370067398875276, 0.0036176607987097853, 0.0011375301212523381], "(0, -3, 0, -7)": [-0.002191478759050369, -0.00416267329826951, -0.004159293528646231, -0.0021897697821259498, 0.0], "(0, 1, 0, 6)": [0.07321027046573236, 0.006171386789609728, 0.01592988922334725, 0.009262819703736122, 0.005331140247193588], "(0, 1, 0, 7)": [0.004110249645329903, 0.004832461837315628, 0.0, 0.0, 0.001894521494023502], "(0, 1, 0, 8)": [0.0010426691776141525, 0.0, 0.0, 0.0, 0.0], "(0, 2, 0, 9)": [0.0, 0.000503917129644876, -0.004588460539864989, -5.7677394901731877e-05, 0.0], "(0, -2, 0, -2)": [0.15789762014437, 0.11370224679886655, 0.057232123613356486, 0.07583306944982349, 0.058511241906310504], "(0, -2, 0, -1)": [0.02705588185581754, 0.05195268450943388, 0.006016264060701895, 0.0038777368880757806, 0.011220759925065693], "(0, 2, 0, 2)": [0.055942533530216235, 0.0969845363333662, 0.1360423293627384, 0.0923009375371026, 0.10037071655194543], "(0, 0, 0, 4)": [0.03269470866269185, 0.09679931162834582, 0.01510835545166436, 0.041118972264746784, 0.022264777545761373], "(0, -3, 0, -6)": [-0.007525147195346653, -0.004156224392354488, -0.005929225310683251, -0.005927951509132981, -0.005926637902855874], "(0, 0, 0, 5)": [0.0, 0.0, 0.0, 0.011394351388244026, 0.002474981667448537], "(0, 0, 0, -5)": [0.003045801583348206, 0.0, 0.0, 0.0, 0.0], "(0, -1, 0, 3)": [0.0, 0.001774967615854871, 0.0, 0.0009832593612372875, 0.006054398934184509], "(0, -1, 0, 4)": [0.0, 0.0011832151049971861, 0.0, 0.0, 0.0], "(0, -3, 0, -9)": [0.0, 0.0, -0.0021954622119665147, 0.0, 0.0], "(0, 2, 0, 1)": [0.0009361139498651028, 0.0055440315595945925, 0.009563002298897245, 0.014438745915037257, 0.03811409620843473], "(0, 3, 0, 8)": [-0.0021924246102571487, -0.0021918321028351786, 0.0, 0.0, 0.0], "(0, 3, 0, 6)": [-0.0021865043789148332, 0.0, 0.0, -0.0021887633949518206, -0.0021875161677598954], "(0, -3, 0, -5)": [-0.004153817929327488, -0.004151931293308735, -0.002186383493244648, -0.002185533754527569, -0.004150143712759019], "(0, -3, 0, -8)": [-0.0021931191906332972, -0.004165285900235176, -0.002190304361283779, 0.0, 0.0], "(0, 2, 0, 10)": [0.0, 0.0, 0.0, 0.0, -0.0021924821659922602], "(0, 3, 0, 4)": [0.0, 0.0, -0.00414788892492652, 0.0, 0.0], "(0, 2, 0, 0)": [0.0009363483637571335, 0.0, 0.0, 0.0, 0.001492495091590514], "(0, -3, 0, -4)": [-0.0021846642717719077, -0.002184613421559334, -0.002183976024389267, 0.0, 0.0]}}