{"q_values": {"(0, 0, 0, 0)": [0.7215300819524966, 0.7167848262236223, 0.7155615043556687, 0.7413496617206364, 0.6861980191696915], "(0, 1, 0, 0)": [0.6906896940097832, 0.5198960789951697, 0.5253375441561183, 0.5306343121451301, 0.5618625742740944], "(0, 2, 0, 0)": [0.08018895833552711, 0.03150253499545007, 0.038592105488246875, 0.056927909124883415, 0.029293857572372364], "(0, -1, 0, 0)": [0.6665335249416336, 0.7699632027751021, 0.7082529791430425, 0.719253523535572, 0.78510669188045], "(0, -2, 0, 0)": [0.038484732359432956, 0.04077679559327348, 0.03619354446589209, 0.03791502871088518, 0.07462718246680813], "(1, 0, 0, 0)": [0.7512429396079194, 0.7630671538077316, 0.7247882368422162, 0.7166382775587347, 0.8157282727859307], "(-1, -1, 0, 0)": [0.48443615493458536, 0.40698731866783666, 0.5321011062661759, 0.5158412545897171, 0.6590736422588321], "(-1, -2, 0, 0)": [0.07607031983905262, 0.09129074773390422, 0.115865999151428, 0.08754239831007309, 0.1749586188273422], "(-1, 0, 0, 0)": [0.4368266177300655, 0.5016750879375669, 0.45380051987092385, 0.4181420787065392, 0.3982588202282559], "(1, 1, 0, 0)": [0.7875287221271494, 0.6904009943154845, 0.6860409151489659, 0.6705780119190116, 0.6718009767339131], "(1, 2, 0, 0)": [0.10450333225601931, 0.09775983951515882, 0.09801484326762769, 0.09850542732878845, 0.07760971709277942], "(-1, 1, 0, 0)": [0.4434053692620664, 0.26781508278927096, 0.28622473181991315, 0.28562684894666246, 0.2751144280726308], "(-1, 2, 0, 0)": [0.00853108277092713, 0.01840284599801781, 0.009083811416928673, 0.01004723171332854, 0.009356064841592963], "(1, -1, 0, 0)": [0.504212190287109, 0.5402701393817266, 0.5114262224446675, 0.46590784176739997, 0.7910389119495739], "(1, -2, 0, 0)": [0.005954824096412203, 0.006469644695329949, 0.05338159795569081, 0.0029219325822504357, 0.004190473577276611], "(-2, 2, 0, 0)": [0.02445270508054448, 0.008934285840143844, 0.016431464320883656, 0.008315470828869121, 0.002573570471854347], "(-2, 1, 0, 0)": [0.12396259548673175, 0.18785599536373135, 0.11996759416550783, 0.11886220104002887, 0.12682361888753152], "(-2, -2, 0, 0)": [-0.0043562397360801695, 0.012671089236200783, 0.007389304493249187, 0.0, 0.0], "(2, -1, 0, 0)": [0.15664999985575703, 0.18360805883709877, 0.15295358549774937, 0.15338460870903603, 0.266870599716078], "(2, -2, 0, 0)": [0.0028128070570767353, 0.005985551842248858, 0.0038152874137742853, 0.0004634909824689313, -0.002115559580047553], "(-2, 0, 0, 0)": [0.2591380909871177, 0.22037103918084694, 0.2524662256875034, 0.24824675467316795, 0.21656442461136868], "(-3, 1, 0, 0)": [0.017023305216061102, 0.05006540691228364, 0.08424943907822938, 0.04418182919220112, 0.043207089477742926], "(-3, 2, 0, 0)": [0.0045149225273190124, 0.0004815741343498882, -3.039132882878999e-05, -0.0006986398300803387, 0.000588008372389111], "(2, 1, 0, 0)": [0.6499649998669887, 0.7160870941336929, 0.6301210385157453, 0.6260498143722903, 0.6274757832864503], "(2, 0, 0, 0)": [0.6130622442023529, 0.5901966028253671, 0.6469261201125261, 0.6037727806672901, 0.8149705422393773], "(-3, 0, 0, 0)": [0.06581225453235497, 0.05954925177781596, 0.12335983773407767, 0.0483456909819067, 0.0645135384844811], "(-2, -1, 0, 0)": [0.11377030604327316, 0.06784020377956057, 0.08357039425769175, 0.04328167892513018, 0.054708699475361604], "(-3, -1, 0, 0)": [0.09168581227462347, 0.0, 0.0, 0.010703358506400314, 0.014145150379240341], "(-3, -2, 0, 0)": [0.015221647528506984, 0.0, 0.005564506555544577, 0.0, 0.004610109451953786], "(3, -2, 0, 0)": [-0.0038832060997285936, -0.004158680718612428, 0.013149055514029475, -0.002722773789963792, 0.05973650176351919], "(3, -1, 0, 0)": [0.25046711545075684, 0.02601826944510531, 0.03590288784569469, 0.04242448631390951, 0.028014412029834675], "(3, 0, 0, 0)": [0.49172166732464934, 0.07512520978257645, 0.26849350055288657, 0.34246548430281026, 0.2450165692714385], "(2, 2, 0, 0)": [0.08236936847104173, 0.2186902767516945, 0.060719333237373975, 0.050610146556495476, 0.0], "(3, 1, 0, 0)": [0.6580055447110461, 0.0, 0.0, 0.0, 0.0], "(3, 2, 0, 0)": [0.030939143009027954, 0.0, 0.0, 0.0, 0.0]}}