{"q_values": {"(0, 0, 0, 0)": [0.8283592459636152, 0.8299774811040938, 0.8498870208399819, 0.8444410640099069, 0.7765254966254012], "(0, 0, 0, 1)": [0.8571066198888353, 0.8281160814082678, 0.8432096390106099, 0.7717040654179583, 0.8212325363574818], "(0, 0, 0, 2)": [0.8724179088510552, 0.8720350144928823, 0.8683284916338729, 0.8538276228811214, 0.8357463327711099], "(0, 1, 0, 2)": [0.3464640833699777, 0.31706978415275555, 0.2830309723265243, 0.2016794691803218, 0.15977746647472613], "(0, 1, 0, 3)": [0.10487008844079404, 0.11268058284669581, 0.11222033379070327, 0.11225833474235783, 0.11195851742691705], "(0, 1, 0, 4)": [0.07892321630504265, 0.07863503863204303, 0.08316278318509655, 0.08085087760801855, 0.07801458396858271], "(0, 1, 0, 5)": [0.07911300078388313, 0.06958126552872396, 0.07100270998262609, 0.06725707226192569, 0.052578910354630234], "(0, 2, 0, 5)": [0.05629107951634472, 0.021718029971856085, 0.02049057550911225, 0.016277455464502676, 0.0027267999403769523], "(0, 2, 0, 4)": [0.05133759037600393, 0.052691196675684435, 0.062001775081657995, 0.033231767413759876, 0.023304825749428687], "(0, 2, 0, 6)": [0.014183798302578484, 0.0024933493184958206, -0.001203476135032775, -0.005052030819585037, -0.0018041079737506], "(0, 3, 0, 5)": [-0.015678483425121546, -0.015686089250027093, -0.015690484362632817, -0.01569480635177483, -0.015011954975480692], "(0, -1, 0, 1)": [0.8568848378309357, 0.8636686657260726, 0.8636034874504234, 0.8645556202780554, 0.86383643140114], "(0, -1, 0, 0)": [0.607114389446163, 0.7640704179380357, 0.8624044975285688, 0.8651445506267478, 0.8690814925140026], "(0, -1, 0, -1)": [0.2685817602393631, 0.5091875085599472, 0.6448099249438013, 0.7867837467807437, 0.8668264859407202], "(0, -1, 0, -2)": [0.14055082517165143, 0.21636965030310848, 0.24690300371394805, 0.2877813416981798, 0.497527141232264], "(0, -2, 0, -3)": [0.07802727544228995, 0.0787435956768358, 0.08175404279308734, 0.08128839558485276, 0.08839482438686806], "(0, -2, 0, -5)": [0.020724187431538123, 0.023599047926524907, 0.02120699419648998, 0.023838062353176426, 0.05030982177124806], "(0, -2, 0, -4)": [0.033990274896707265, 0.04957805903569736, 0.04806589982297029, 0.050287282852605454, 0.0685401623184719], "(0, -2, 0, -6)": [0.007193527628486862, 0.012053271828789163, 0.00553590535102417, 0.006780236574782481, 0.006158162505763997], "(0, -2, 0, -7)": [0.0016512076043170734, -0.00012247261848353543, 0.006097350915858365, 0.0020016022596458906, -0.0021245502411252836], "(0, -2, 0, -8)": [-0.006204322579300719, -0.0059722701949729735, -0.004855117643800185, -0.005609832503433172, -0.00577132551133818], "(0, 1, 0, 0)": [0.8686459985898898, 0.86108059308235, 0.8557669694418089, 0.8514719936478939, 0.5301612596135961], "(0, 1, 0, 1)": [0.7995834842489004, 0.7589554163696679, 0.6373827715736231, 0.4914754235506005, 0.29584265950879163], "(0, 2, 0, 7)": [-0.012169566453008894, -0.011534242152260565, -0.004643144835253604, -0.011328239971198431, -0.011590323850976771], "(0, 2, 0, 8)": [-0.009733161108780622, -0.007514916310655378, -0.008337142542490617, 0.000457732791436316, -0.010494587018617949], "(0, -1, 0, -3)": [0.12069932490343947, 0.12065538410103774, 0.11903296220519319, 0.11979871318770334, 0.11457323511651069], "(0, -1, 0, -4)": [0.08126930333194346, 0.0849502637461295, 0.08331122752327252, 0.0847052356189053, 0.09526747169596383], "(0, -1, 0, -5)": [0.06773186396273605, 0.06539435087608891, 0.0693367884904301, 0.06665022402721912, 0.07736284306240082], "(0, 0, 0, -1)": [0.8184885821493199, 0.8077666617201271, 0.7973938126613804, 0.8597319524785512, 0.8544734185001444], "(0, 0, 0, -2)": [0.7972468995454968, 0.855131787714035, 0.8524229384008156, 0.8170005536308171, 0.8006251897592175], "(0, 0, 0, 3)": [0.9169403641274394, 0.4895029030199051, 0.34570064810019646, 0.3401456219082157, 0.24223516198975598], "(0, 2, 0, 3)": [0.08775374112277165, 0.08529808775546306, 0.08466058133464255, 0.08595940454034068, 0.07008677100703092], "(0, 1, 0, -1)": [0.8613623546610838, 0.8634560163246002, 0.8689225139460806, 0.8627915466201779, 0.8470761925296344], "(0, 1, 0, -2)": [0.3866094385484465, 0.3862983729674394, 0.8678264351571676, 0.32656645101121656, 0.5187770168014709], "(0, -1, 0, 2)": [0.8419157872952797, 0.869616011070981, 0.8706282046482493, 0.6932811099482696, 0.7531472348066437], "(0, -2, 0, -9)": [-0.0038723227434610766, -0.005271466469347059, -0.006474145175549563, -0.00405406389582432, -0.0038456395332671653], "(0, 0, 0, -3)": [0.10841065936541952, 0.3442877417027544, 0.3601317378773203, 0.759279996845518, 0.386660427943544], "(0, 3, 0, 7)": [-0.010259296696022154, -0.01025764136057906, -0.008969088906552642, -0.008970038346778602, -0.008976490885354578], "(0, 0, 0, -4)": [0.0067643868353461055, 0.039124251984725626, 0.003213284669203872, 0.04589234726902548, 0.2755958797617059], "(0, -1, 0, -6)": [0.02893346927760365, 0.02321584920089626, 0.04384322579845359, 0.047242777296021755, 0.056702041579685274], "(0, -1, 0, -7)": [0.00902681740626721, 0.0022157731130174833, 0.011731406503417184, 0.03282282656319683, 0.0011375301212523381], "(0, -3, 0, -7)": [-0.008973016415201129, -0.008974558709356935, -0.00897011922409758, -0.010258947149092331, -0.010257315330302344], "(0, 1, 0, 6)": [0.04967503478536593, 0.010466662925808461, 0.035186427644746804, 0.009262819703736122, 0.00753742626661536], "(0, 1, 0, 7)": [0.004110249645329903, 0.009384882463850719, 0.0, 0.0010410555572764948, 0.001894521494023502], "(0, 1, 0, 8)": [0.0027343954469290343, 0.0, 0.0, 0.0, 0.0], "(0, 2, 0, 9)": [-0.00989877521071411, -0.009683717024868164, -0.002736527581734847, -0.008568992220716207, -0.008408557247183222], "(0, -2, 0, -2)": [0.162597121562602, 0.16469626563666143, 0.16406414542396852, 0.1667034791694316, 0.16573140618316073], "(0, -2, 0, -1)": [0.11010920851695066, 0.1936735183460417, 0.14301194028873984, 0.10113445299465923, 0.1194841060233762], "(0, 2, 0, 2)": [0.1652622017785083, 0.16632256577067794, 0.1599050483791016, 0.15630888476031762, 0.16594527892260563], "(0, 0, 0, 4)": [0.03269470866269185, 0.21091804541797593, 0.06950419525593293, 0.06909783172159717, 0.022264777545761373], "(0, -3, 0, -6)": [-0.01632898287122474, -0.016322893412741835, -0.016319568939661425, -0.016316322655930412, -0.016870444862012952], "(0, 0, 0, 5)": [0.0, 0.0, 0.0, 0.011394351388244026, 0.002474981667448537], "(0, 0, 0, -5)": [0.003045801583348206, 0.0, 0.0, 0.0, 0.0], "(0, -1, 0, 3)": [0.0, 0.001774967615854871, 0.1747467766182671, 0.0009832593612372875, 0.0221980370392151], "(0, -1, 0, 4)": [0.0, 0.005701448720575185, 0.0, 0.0, 0.0], "(0, -3, 0, -9)": [-0.002196987718343735, -0.004170745667070151, -0.0021954622119665147, -0.004167320542037487, -0.004170274790376425], "(0, 2, 0, 1)": [0.25842766654626675, 0.26046540194081946, 0.2675331296079751, 0.22814160097068875, 0.25907480739624783], "(0, 3, 0, 8)": [-0.010272323488574476, -0.008977204383704812, -0.00898123039642349, -0.0089803072841838, -0.008984579661488534], "(0, 3, 0, 6)": [-0.015699206581891317, -0.01501222137870796, -0.015016411501863842, -0.015020491945884507, -0.015023103240243097], "(0, -3, 0, -5)": [-0.012456040500405842, -0.012452295325628929, -0.013393201420370298, -0.013388298454909726, -0.013382595867257633], "(0, -3, 0, -8)": [-0.0075413089619949455, -0.007541581653803586, -0.008977873237561435, -0.007539533770643175, -0.007540135725960136], "(0, 2, 0, 10)": [-0.0045385924146663405, -0.004764770480523896, -0.0036811913396817197, -0.004609036006419517, -0.005372546042614852], "(0, 3, 0, 4)": [-0.0124328629861434, -0.012434706420493909, -0.012438696597939934, -0.011394429553235694, -0.011398835499997623], "(0, 2, 0, 0)": [0.013967729031014366, 0.004800522147533978, 0.2400747069618334, 0.028214675458062218, 0.001492495091590514], "(0, -3, 0, -4)": [-0.00894819979345426, -0.00894580994926393, -0.00894429954778403, -0.008943322296701372, -0.008937590683270246],