{"q_values": {"(0, 1, 0, 0)": [99.41655244165919, 99.53853287417009, 99.23958450432983, 97.83975893062447, 99.23670940640879, 99.11030154531637, 99.33165684344124, 99.3738155806323, 99.3559156277556, 99.25596825715706, 99.233027139166], "(0, 2, 0, 0)": [97.7601226664662, 97.65734035452633, 97.66878841771799, 98.15218887501192, 97.32719114419815, 95.52984443171658, 97.26969245319546, 97.27515671814885, 97.57240890804003, 94.88245812527394, 97.12047769278416], "(0, 3, 0, 0)": [94.85306097524612, 95.58109982746694, 93.72293004946668, 94.65046588716443, 94.02017584141147, 85.0083183223884, 93.07055865901387, 94.68144054647452, 92.965248724795, 92.41249668579931, 92.3857579252963], "(0, 4, 0, 0)": [80.25312160314138, 78.97517765953006, 86.28485294452945, 79.9285325175055, 83.08795351105265, 78.93860546659637, 69.9578771256816, 78.00998272502223, 78.78452406209404, 80.46378027719356, 74.12298177220158], "(0, 5, 0, 0)": [71.26422325456639, 54.73701434284535, 52.74634874150038, 57.9672727505702, 52.8403284212725, 57.487968490482686, 54.54766442595639, 55.26654048592469, 53.67765117118511, 54.78198316437205, 59.679055929209184], "(0, 6, 0, 0)": [34.58253729666959, 35.96341585666761, 33.964425417498475, 32.696257742677474, 32.95231214456419, 33.46455720791218, 35.06628529653262, 33.89991537007359, 35.91804840331884, 32.20804106886689, 34.53963850410607], "(0, 7, 0, 0)": [20.231734481963343, 13.410017753231891, 17.711342561100132, 18.328508380653517, 21.49494207300647, 21.350802234786556, 18.092690356713568, 20.64723055525764, 22.275922308008305, 20.39389945645601, 22.218449037751228], "(0, 8, 0, 0)": [7.711647166053041, 6.983285717257612, 2.138946170857568, 2.911747404689956, 8.507471486830159, 10.060646014446949, 3.650479359957215, 0.4049662489066036, 4.949910281540479, 5.584811421180507, 8.443836351535246], "(0, -4, 0, 0)": [78.40675758734079, 84.71865238344603, 82.35468163961804, 83.69168169816317, 79.01554114124225, 84.96188188297752, 82.22587686132243, 77.38938565692158, 84.61044378545849, 84.78194651958191, 82.23680538677107], "(0, -5, 0, 0)": [57.16784435504277, 58.678759771891876, 57.485187178807664, 56.0096157382783, 57.63856100249024, 57.27935973477931, 59.2819813184576, 57.307090607565556, 57.03416212667996, 59.314498974846074, 54.07850276629111], "(0, -6, 0, 0)": [34.535421310447816, 35.918558003675926, 35.767433248922856, 34.8716767952968, 33.44803875063607, 32.022208621973434, 35.77151475124905, 31.170731903272127, 35.00590657715023, 30.52551817456506, 31.458744436052292], "(0, -7, 0, 0)": [11.98741674016371, 17.442551880478707, 17.010298052672468, 17.41760981628693, 17.690931192894446, 12.869525604916285, 15.310560976304217, 18.06385035491695, 17.561230463120758, 17.369393812630555, 19.057711817760516], "(0, -8, 0, 0)": [-0.2552705511778437, 4.0648111494995245, 3.1291497737764713, 1.5259555804733325, 4.839913263936344, 4.780007235087792, 3.587086534852653, 3.3498965620145134, 2.2045365490259057, 4.108333855107513, 3.4421541283812664], "(0, 0, 0, 0)": [97.39277516577468, 97.12586463496022, 99.60477610301314, 99.59107635598322, 99.57893307836981, 99.5809567900222, 99.60284943623618, 99.58273947583439, 99.59954132292708, 99.59535557043759, 99.5793744265546], "(0, -1, 0, 0)": [99.55495039959331, 99.58238020084609, 99.57427744879215, 99.57379441556792, 99.5320598505148, 99.55986986664306, 99.56386164056362, 99.57418216896554, 99.52268242050408, 99.52668275786509, 99.58680075513635], "(0, -2, 0, 0)": [99.3198622837813, 98.96199494762669, 98.26788726942516, 98.98385948621626, 99.33896307301774, 99.03853803979948, 99.00478545160438, 99.17972562370777, 99.30263959405094, 84.09366524089926, 99.35126446411682], "(0, -3, 0, 0)": [93.17270816025605, 86.05434962027729, 94.30722956489863, 95.82661033490216, 94.06428413137489, 95.16795247718052, 94.61713074729006, 94.10635248638314, 93.8012675021616, 90.92843129500856, 92.5638317688221], "(-1, -6, 0, 0)": [0.5534415825123831, 0.9889163793178813, 1.0312488281092773, 0.4484103312794398, 0.5564625913913412, 1.1405779809159808, 0.625877601650719, 0.0, 0.2680999318550144, 2.600035915157886, 0.40658847302973694], "(-1, -7, 0, 0)": [0.948729989149552, 4.609954583669572, 0.2174213583796207, 0.33863888590335844, 0.857214799775881, 0.7116675843362001, 0.17548352479934692, 2.4435206869088564, 0.36956991522312166, 0.6212492437330775, 0.24233056270656939], "(-1, -8, 0, 0)": [0.0, -0.10996090925159108, 0.0855947861796856, 0.0, 0.0, 0.16657189130783082, -0.7876881217956544, 0.0, -0.43633313179016114, 1.4329408438222895, 0.2387136098104512], "(1, -7, 0, 0)": [3.740091710789037, 3.450722172671454, 3.5762975209292653, 3.0603316500756046, 3.881257940415466, 3.1831731958757916, 3.5311072347421364, 3.3106143241877395, 3.329341213574324, 3.1596804400890814, 3.763547479090409], "(1, -8, 0, 0)": [-1.7320703045189974, -1.4419069081217732, -0.03832845649938765, -0.4145380515323002, -0.5775542418501116, -0.24340671883080328, 0.4266130140833457, -0.7842792627785056, 0.6480132332737033, 0.5508702720975002, -0.4441818288905462], "(-1, -3, 0, 0)": [14.74259253432864, 8.797276851552096, 8.90629706390801, 4.927082128078508, 12.820720925798398, 10.32237576139003, 4.737200810164154, 5.544770783248266, 25.630320277607545, 9.446176676647331, 4.422249329118008], "(-1, -4, 0, 0)": [4.795963029986532, 4.762119261031709, 2.600926401182223, 3.0483051484963504, 1.1618163092550662, 0.44661120721521147, 10.891856143224683, 2.36069353554309, 4.815364494755304, 4.046412362293226, 4.755255472342526], "(-1, -5, 0, 0)": [0.49747444663434914, 0.42093560241946043, 9.414181822755962, 0.2843765771642805, 2.027037794579816, 2.6439544391051166, 1.2078668987135748, 0.3237394874516099, 0.4155682397935244, 2.4984512256298785, 0.0], "(-1, 3, 0, 0)": [51.39457153473709, 49.403758641473694, 39.03557529709788, 46.27999819817306, 51.90588716507566, 42.79583920140216, 50.87210853241252, 51.56582945527807, 49.381413241752995, 42.76449253464971, 42.58740371975024], "(-1, 4, 0, 0)": [30.68192691140419, 36.02293302692574, 30.959373757000698, 34.39680530075472, 35.89748898211929, 28.573505849537817, 35.285144884999276, 34.37353799206215, 34.08905065305982, 34.90673889727204, 35.84641261062147], "(-1, 5, 0, 0)": [30.011194318000943, 19.40067724281752, 21.16136909333059, 22.294708467663064, 16.618258447847253, 18.568865540115205, 15.034416364836186, 20.405913592779473, 22.743018023840698, 23.07450665776301, 18.495438747229517], "(-1, 6, 0, 0)": [13.17855415685999, 9.920994574648837, 10.684912971610869, 12.24452779738988, 14.01920043247311, 10.886942430853903, 11.609844283060847, 11.93721395549616, 11.428994397623551, 11.603972910876577, 13.79173842638916], "(-1, 7, 0, 0)": [5.836271890169377, 5.62219115454476, 6.343224768384533, 6.3128283549458475, 6.26119461882806, 5.3881836743314135, 5.195890778270872, 5.904405174161423, 5.220075733290929, 6.028276279412663, 5.775063610601114], "(-1, 8, 0, 0)": [0.7953631769626713, 0.28568490678799047, -0.18573109525346326, 0.37737640741036416, -0.5137021986395812, -0.18775985587783484, 0.03087533206276083, -0.03277069561572403, -0.5004016770858075, -0.1929718529028529, 0.3132063337775393], "(1, -3, 0, 0)": [30.0289437530609, 37.1106129219316, 37.16149738601179, 40.16812524062575, 37.07696176680451, 40.472522798848544, 39.353173953119004, 38.81358131335903, 34.89316425935783, 40.88400553639023, 40.65985158726218], "(1, -2, 0, 0)": [48.16813857730494, 46.32408368040669, 47.255047669641336, 45.07788971310317, 47.317037215895475, 45.37382303278244, 50.98861754440088, 43.51690870879035, 55.20941814242055, 47.43972099937414, 51.971200911705466], "(1, -4, 0, 0)": [23.01849726344211, 17.606335258899495, 23.75474767057245, 26.480141977625717, 26.517073691538194, 26.98264200379955, 22.59493949978618, 23.599489749083713, 23.32051123469116, 27.653422183784976, 26.097640142064407],