{"q_values": {"(0, 0, 0, 0)": [0.950327808299202, 0.9357813082735614, 0.9501922190603996, 0.9445587587466185, 0.9426185240650585, 0.9421461621043216, 0.9315862480676104, 0.9421939364976594, 0.951628561475509, 0.9492520181453089, 0.9535733697602508, 0.9504682262892616, 0.9504209841380812, 0.8605816126019692, 0.9436513757644641], "(0, 1, 0, 0)": [0.8669030073935463, 0.9082419019001187, 0.889244573529428, 0.8868057233326615, 0.8872670761451895, 0.9080934219018134, 0.897958010004841, 0.901962856783199, 0.904293837161419, 0.8887119173577501, 0.8848731179916074, 0.9066295754898921, 0.8801585060323163, 0.8795690440543381, 0.9074585790141356], "(0, 2, 0, 0)": [0.7342825803935985, 0.7362380455239748, 0.7091557644845256, 0.6885691056625715, 0.6886030147448439, 0.7181580338171333, 0.6879406022888356, 0.7429037381020623, 0.7249461527438416, 0.735233036946605, 0.7308733462265169, 0.7009313008884275, 0.7272771125548008, 0.6891310848210406, 0.7121182612204644], "(0, 3, 0, 0)": [0.440284771795587, 0.2683673728003888, 0.32735412869107344, 0.30454596567948394, 0.31524860156887025, 0.3227121519906398, 0.34761939833646044, 0.3263494964108205, 0.3528718145644432, 0.30445909318383146, 0.35351283237271447, 0.3564399646202356, 0.30800901339401177, 0.3759287307062002, 0.29390746223118147], "(0, 4, 0, 0)": [0.019891949623802824, 0.01818022891972874, 0.018252117348549514, 0.016357213277751564, 0.018483560846347172, 0.013014449344440895, 0.017276853682782964, 0.01755986892747821, 0.008487487175570789, 0.0092413154065841, 0.015396986333872719, 0.02003794915749174, 0.013708071007293961, 0.01478759844685838, 0.018282466969787647], "(0, -2, 0, 0)": [0.6963087339767806, 0.7073141278453653, 0.6368776862748429, 0.7526272965827202, 0.7033302570927532, 0.7200959339364161, 0.7609809715265434, 0.7616093060959312, 0.7637517910915553, 0.6553962321181719, 0.7036420709273616, 0.7665442506141342, 0.7604791406948747, 0.7696410433116692, 0.7141875331155013], "(0, -3, 0, 0)": [0.32287332876297997, 0.3569967388360395, 0.34916878395631085, 0.379279207143912, 0.3211237653901338, 0.3704056581291282, 0.3739347325309772, 0.3278465208028935, 0.2911851710054294, 0.37809666785593765, 0.35422582988345847, 0.3538298669044493, 0.34564121613208976, 0.3019511484453659, 0.3485873333450744], "(0, -4, 0, 0)": [0.04224616311459495, 0.02125930239524252, 0.03030829366703957, 0.028575807743025303, 0.07869944130523737, 0.10128408947876101, 0.01904460953565252, 0.04833551514393996, 0.02098328147439347, 0.02048569795989117, -0.0032580661001858566, 0.053637750396100234, 0.018811852873677808, 0.14479862553945338, 0.08874183688797377], "(0, -1, 0, 0)": [0.9210702767332221, 0.9034506334379528, 0.9323815935575069, 0.9336775818587818, 0.9054248504740408, 0.9255138748378346, 0.8954671374436397, 0.9198300692416287, 0.9222920884392799, 0.8829697479359445, 0.8950200301563338, 0.8996147819879237, 0.9081125239545861, 0.9007957120818778, 0.9483992640145801], "(-1, -4, 0, 0)": [0.0006504870264190214, -0.001110339527776203, 0.0021673060637356035, 0.00613289977446792, 0.006045435770050624, 0.0011454626127053126, 0.0021993998784276226, 0.008570995008328884, -0.010659110859036447, 0.003440403016313396, 0.0012883421061832467, 0.004934307359064546, 0.002071192337397296, 0.0024298007237548076, -0.0017341949881548233], "(1, -1, 0, 0)": [0.29112307804081844, 0.25955143050925883, 0.4157044050830526, 0.450433262425996, 0.4210818824699355, 0.37029368044901445, 0.4541607888158888, 0.45558642307973324, 0.371343554653271, 0.4490167562189822, 0.4156764297725194, 0.5302576891219941, 0.450637205262809, 0.4789350527805325, 0.37427284832673485], "(1, -2, 0, 0)": [0.13759094667008748, 0.10096394532972675, 0.12088309642041413, 0.05672515775833825, 0.07475300562685075, 0.10557707317618431, 0.14041083843235533, 0.13371362906549586, 0.12630726526991945, 0.09377768800822919, 0.11847067790982685, 0.10966606463664512, 0.2196719777108784, 0.10685846313584775, 0.0935564496897995], "(1, -3, 0, 0)": [0.0690527743211986, 0.046123167508470425, 0.06872936197911557, 0.07534900309586781, 0.07434182031483225, 0.03424099521123349, 0.07414892113534097, 0.06240749637322591, 0.03499919571843766, 0.05971391625158468, 0.08658130181377877, 0.047895128919946905, 0.08717111862697803, 0.03835224621256017, 0.06520888142482885], "(-1, 0, 0, 0)": [0.13030934344228218, 0.1853345294073207, 0.2207231013430717, 0.10662846066867837, 0.18104763147660258, 0.15128426037489942, 0.07919229890698559, 0.16390019297921804, 0.21567261843816202, 0.18023504461305223, 0.18653585816644663, 0.11083742422806515, 0.07877361086202891, 0.13829953465239533, 0.3104227218519559], "(-1, -1, 0, 0)": [0.10027769346474974, 0.11721185993601105, 0.08853999111816768, 0.04358283097458919, 0.13704651375089918, 0.1067580878374085, 0.12345869145395208, 0.10840554170480304, 0.08879955304407267, 0.09311081080772575, 0.07137431532678902, 0.1078388296446049, 0.0699389104812775, 0.0797862407280798, 0.08420936879452093], "(-1, -2, 0, 0)": [0.09001927372167592, 0.056995191044730165, 0.06673587623518466, 0.01905708099451831, 0.0572784670868476, 0.0179823813345906, 0.07162609557448676, 0.04738506509330245, 0.05235814845886295, 0.03160173160647143, 0.07467182205221709, 0.05695953386015584, 0.03759443155455082, 0.06175721987405879, 0.06720701233648425], "(-1, -3, 0, 0)": [0.03634747697186848, 0.0137071292753479, 0.03877163031095392, 0.03404043384567665, 0.03925474606064994, 0.021159276199206906, 0.02863476020117868, 0.03376200965522778, 0.02026970241570538, 0.02103630811027765, 0.03756466048903983, 0.03422142353272199, 0.028225602640605682, 0.01820654812031218, 0.02653808516469334], "(-1, 1, 0, 0)": [0.420866669400413, 0.3004521078855595, 0.32472215791352615, 0.3006228923910522, 0.2146552740289585, 0.32223945760596767, 0.34357033608011645, 0.36859567595748055, 0.3533378591229347, 0.41804176119119185, 0.3041253440306053, 0.3092178519377619, 0.5267157279265224, 0.3009619473211095, 0.3469090096057349], "(-1, 3, 0, 0)": [0.10506884220662728, 0.10966994291475933, 0.10739996081707609, 0.1096268572684323, 0.09421765997487011, 0.10623007897976354, 0.10189072425061964, 0.09477981428461395, 0.10030515460189778, 0.08578415204427808, 0.11002023205523478, 0.08564484584126408, 0.09710641539784737, 0.09476966841100717, 0.10474789013606052], "(-1, 4, 0, 0)": [0.0009581948101544577, -0.000912106578114455, 0.0010656032334204922, 0.000737740213455114, -0.0006421469795987273, -0.001999521506819319, 0.0006507578709170807, -0.007979847221728857, -0.0008871071464959623, -0.002974650937406645, 0.0019636039473699, -0.0011396045279325057, -0.0005260961738920919, 4.3714403238237325e-05, -0.005360019957819439], "(-1, 2, 0, 0)": [0.3768908772467316, 0.3750857146680298, 0.39656645833460374, 0.3784448239196022, 0.42392781961020876, 0.35337485049221135, 0.39480322427916026, 0.37784632439214294, 0.3717297743897324, 0.34838474708010797, 0.42336379865164386, 0.33661827123388205, 0.3440134835333189, 0.38673111442972924, 0.37384664101035725], "(1, 0, 0, 0)": [0.5143181919320577, 0.45164280692360825, 0.37043183324557394, 0.4565394020932001, 0.31153572948052577, 0.45814973206851467, 0.46025401001070165, 0.4852553167858548, 0.41179706007516875, 0.4450756825595406, 0.5442785733430267, 0.4566999376608002, 0.45650885716910194, 0.4197369441456079, 0.3726608224579123], "(1, -4, 0, 0)": [-0.0010800175745757272, 0.0024272550014686495, 0.0019327618042070116, 0.007408421836196268, -0.005293321237909166, -0.00038531951170032996, 0.003414980437844056, 0.000671477304410641, -0.007838899791240693, -0.001299932116426314, 0.004100412961197273, 0.0019708630468015347, 0.0022549611378476684, 0.017607412188541713, 0.0003994383768526639], "(1, 2, 0, 0)": [0.549488822707762, 0.5625441029570551, 0.49108530197961464, 0.5218965762313911, 0.4986536568048504, 0.4791024756075449, 0.5140324931918658, 0.48797812316708317, 0.4589108783336171, 0.5055929068049595, 0.4134537733411911, 0.48556071616601304, 0.5702361644705176, 0.5247357530719051, 0.5471173548429525],