{"q_values": {"(0, 0, 0, 0)": [0.9408346688544993, 0.9482442866921376, 0.948105347685128, 0.9368457157771563, 0.9327381613482393], "(0, 0, 0, 1)": [0.9536553369000819, 0.9470758157288826, 0.9470087718574643, 0.9151791176030688, 0.9131512722936397], "(0, 0, 0, 2)": [0.9520427265661301, 0.9499628113007612, 0.9506135465729153, 0.9238737218324224, 0.8864795952367085], "(0, 1, 0, 2)": [0.8221082219754099, 0.5522857443864362, 0.44305950419001866, 0.33762870714608306, 0.23420392280193222], "(0, 1, 0, 3)": [0.22738373454777827, 0.22603852560612023, 0.22109974910835833, 0.19135469461276253, 0.20020646941430173], "(0, 1, 0, 4)": [0.14201042700640915, 0.1409444899694432, 0.13904172304510082, 0.1413735978723171, 0.140677094257422], "(0, 1, 0, 5)": [0.09834285004213054, 0.10032720591132546, 0.09847176581508126, 0.09258846733394273, 0.05655857586231111], "(0, 2, 0, 5)": [0.041924257729373055, 0.03182481501374932, 0.029585947254103084, 0.020694773187295037, 0.012689216421368981], "(0, 2, 0, 4)": [0.09048846097631537, 0.06937002743873558, 0.06729167924503417, 0.04375565267731303, 0.03270584122044234], "(0, 2, 0, 6)": [0.005462429735288976, 0.00460522679033596, 0.011090312746597865, 0.0019468647860762032, 0.0036634601540131958], "(0, 3, 0, 5)": [-0.014229308319914782, -0.014236920412895305, -0.01424199680645621, -0.013397164289548917, -0.014248386560606577], "(0, -1, 0, 1)": [0.9526659419638858, 0.9550804199330581, 0.956068115277856, 0.9553603565197778, 0.9547037194606107], "(0, -1, 0, 0)": [0.8315769605353107, 0.9368734491371092, 0.9490298129362492, 0.9536653484954892, 0.9561052037084262], "(0, -1, 0, -1)": [0.5824305207632853, 0.7344675662004048, 0.8213690792168009, 0.8932937115382775, 0.9325166496726486], "(0, -1, 0, -2)": [0.30245225749751375, 0.385790632319134, 0.514655406050287, 0.6870127518780074, 0.7467516755340734], "(0, -2, 0, -3)": [0.10311455675743368, 0.09622187505982249, 0.11092245250257712, 0.11185669832238357, 0.11320436822003885], "(0, -2, 0, -5)": [0.03279785656190612, 0.027527639303481302, 0.028779531389491353, 0.03483013137056138, 0.05126841991104339], "(0, -2, 0, -4)": [0.039432673817350175, 0.058837251644250264, 0.061066223847373514, 0.07025377258395324, 0.08326141162762594], "(0, -2, 0, -6)": [0.008935579957093655, 0.011920878850889369, 0.01569147836950848, 0.01551485722578954, 0.014714948873784335], "(0, -2, 0, -7)": [0.0025158289916465742, 0.001903071049587709, 0.0020318051297376558, 0.0026638369431745477, 1.8097407406504704e-05], "(0, -2, 0, -8)": [0.002862264804191839, -0.004065006377685168, -0.003914485681897924, -0.006204572222610011, -0.004232670680329681], "(0, 1, 0, 0)": [0.9556301913683081, 0.9502047148368306, 0.9485752607031397, 0.912002620269929, 0.8259278665924862], "(0, 1, 0, 1)": [0.9457146944204418, 0.9096821386065036, 0.8662299864329199, 0.720607163177626, 0.6439567418094534], "(0, 2, 0, 7)": [-0.001123664390223714, 0.005175629583140867, -0.0016688346581203483, -0.0026564364772231892, -0.003136673328357837], "(0, 2, 0, 8)": [-0.0014713844429725606, -0.00802202176432392, -0.008109494151401369, -0.008941676111286233, -0.010494587018617949], "(0, -1, 0, -3)": [0.23509497653585237, 0.27255308298445613, 0.27139406658507037, 0.26048203175598567, 0.3053915725121925], "(0, -1, 0, -4)": [0.20978691346309197, 0.20718274319184415, 0.20819171864136443, 0.20478914981196406, 0.19929268604925685], "(0, -1, 0, -5)": [0.11097964476946524, 0.138725323541115, 0.13661863678047143, 0.13616211862375527, 0.1316099727512135], "(0, 0, 0, -1)": [0.929814676007569, 0.9425869650647378, 0.9242043951104438, 0.9505738470547216, 0.9449538179218535], "(0, 0, 0, -2)": [0.9157705404994391, 0.9139750293425014, 0.9355849291804164, 0.9389777089079513, 0.9490155330066441], "(0, 0, 0, 3)": [0.9025076545290327, 0.4895029030199051, 0.34570064810019646, 0.3401456219082157, 0.24223516198975598], "(0, 2, 0, 3)": [0.12154960839914947, 0.11152963127208033, 0.11546362373586062, 0.10132449849808763, 0.08990179338233414], "(0, 1, 0, -1)": [0.9497282914557496, 0.9494746815456631, 0.9557715400006479, 0.9506862120590163, 0.9495181418423468], "(0, 1, 0, -2)": [0.2587171161276837, 0.11276972695551238, 0.9524920344579367, 0.18850050193450119, 0.3633407253959624], "(0, -1, 0, 2)": [0.8398899784676134, 0.9589561148497564, 0.9018554538379517, 0.5481381965809806, 0.7996914948757288], "(0, -2, 0, -9)": [-0.002104577952607996, -0.004947690733395296, -0.006474145175549563, -0.006896897353485374, -0.0052463797427588], "(0, 0, 0, -3)": [0.10841065936541952, 0.3442877417027544, 0.3128120773414283, 0.8133799749645031, 0.32961884318994883], "(0, 3, 0, 7)": [-0.008966148466020823, -0.008965027150642128, -0.007533519924245775, -0.007531887888722122, -0.007539534420147538], "(0, 0, 0, -4)": [0.0067643868353461055, 0.039124251984725626, 0.003213284669203872, 0.04589234726902548, 0.21802504098721204], "(0, -1, 0, -6)": [0.030465491224793053, 0.02127275245942052, 0.045676368376473084, 0.052729255099350184, 0.11797631476851524], "(0, -1, 0, -7)": [0.00902681740626721, 0.0022157731130174833, 0.011731406503417184, 0.03340872571170454, 0.0011375301212523381], "(0, -3, 0, -7)": [-0.00753599199615419, -0.008974558709356935, -0.00897011922409758, -0.008966046100053936, -0.00896398792674765], "(0, 1, 0, 6)": [0.07470979150222208, 0.009550268407119183, 0.035186427644746804, 0.009262819703736122, 0.00753742626661536], "(0, 1, 0, 7)": [0.004110249645329903, 0.007401242511637416, 0.0, 0.0010410555572764948, 0.001894521494023502], "(0, 1, 0, 8)": [0.0027343954469290343, 0.0, 0.0, 0.0, 0.0], "(0, 2, 0, 9)": [-0.008043404196475838, -0.008325811249288623, -0.006773499566842161, -0.008568992220716207, -0.005046992469297905], "(0, -2, 0, -2)": [0.18998049680044365, 0.19922941922678625, 0.20501657947412563, 0.21241214070806616, 0.21199567892314986], "(0, -2, 0, -1)": [0.11010920851695066, 0.2192936609260038, 0.14301194028873984, 0.10113445299465923, 0.1194841060233762], "(0, 2, 0, 2)": [0.21670621125486716, 0.22074259223707823, 0.2192757755306432, 0.21867536085359737, 0.2061050978077372], "(0, 0, 0, 4)": [0.03269470866269185, 0.21091804541797593, 0.06950419525593293, 0.06909783172159717, 0.022264777545761373], "(0, -3, 0, -6)": [-0.015708818878785613, -0.015703281952642527, -0.015702686707350328, -0.016316322655930412, -0.016312982719214858], "(0, 0, 0, 5)": [0.0, 0.0, 0.0, 0.011394351388244026, 0.002474981667448537], "(0, 0, 0, -5)": [0.003045801583348206, 0.0, 0.0, 0.0, 0.0], "(0, -1, 0, 3)": [0.0, 0.001774967615854871, 0.09019487091873425, 0.0009832593612372875, 0.0221980370392151], "(0, -1, 0, 4)": [0.0, 0.005701448720575185, 0.0, 0.0, 0.0], "(0, -3, 0, -9)": [-0.002196987718343735, -0.0021947821602225303, -0.0021954622119665147, -0.004167320542037487, -0.0021944431588053702], "(0, 2, 0, 1)": [0.25842766654626675, 0.302765098059974, 0.2818021588415843, 0.22814160097068875, 0.28983532017229413], "(0, 3, 0, 8)": [-0.008976980794779958, -0.008977204383704812, -0.007541980912722648, -0.007541983412578702, -0.007544217169284821], "(0, 3, 0, 6)": [-0.011413137111512199, -0.011413142188506947, -0.011415651324373112, -0.011419763739681617, -0.011420415580836684], "(0, -3, 0, -5)": [-0.012456040500405842, -0.012452295325628929, -0.01245092344191732, -0.01244636749562202, -0.013382595867257633], "(0, -3, 0, -8)": [-0.00594201067276299, -0.007541581653803586, -0.007539233591966331, -0.007539533770643175, -0.007540135725960136], "(0, 2, 0, 10)": [-0.002617407898228616, -0.004764770480523896, -0.003939419649723918, -0.004609036006419517, -0.003127040329389274], "(0, 3, 0, 4)": [-0.0124328629861434, -0.01139056056825407, -0.011392793486986123, -0.011394429553235694, -0.011398835499997623], "(0, 2, 0, 0)": [0.013967729031014366, 0.004800522147533978, 0.2400747069618334, 0.028214675458062218, 0.001492495091590514], "(0, -3, 0, -4)": [-0.007514184721373021, -0.00894580994926393, -0.00894429954778403, -0.008943322296701372, -0.008937590683270246],