{"q_values": {"(0, 0, 0, 0)": [0.8323159838296409, 0.7853855244077004, 0.7804226292073143, 0.7858336399785033, 0.7725704934080742], "(0, 1, 0, 0)": [0.6425431224311389, 0.4443372668860221, 0.49390160674114103, 0.5741443574885768, 0.6101629883057519], "(0, 2, 0, 0)": [0.033365451804336976, 0.013275362878220814, 0.024492060580302517, 0.0186815648739823, 0.024154523815358108], "(0, -1, 0, 0)": [0.8019309817544131, 0.8202443707508441, 0.784218254661681, 0.8270404062670563, 0.8426035863683362], "(0, -2, 0, 0)": [0.0533888399107227, 0.04662073542593613, 0.05328608485910123, 0.05749750069646345, 0.18663386309804478], "(1, 0, 0, 0)": [0.7905342623434147, 0.7910151463388415, 0.7986341995700473, 0.7735312891705272, 0.8705105105439964], "(-1, -1, 0, 0)": [0.56850426400213, 0.46236753573852035, 0.5413017745962541, 0.5084581199130774, 0.7267148365748348], "(-1, -2, 0, 0)": [0.05649741364735941, 0.11360775802531888, 0.13244148765701785, 0.13804475809353295, 0.35890383787221636], "(-1, 0, 0, 0)": [0.49173769394871486, 0.6732631758186954, 0.457859421563312, 0.5501311908788232, 0.4834359379169547], "(1, 1, 0, 0)": [0.8380948963462171, 0.7973102246842225, 0.7915931468442098, 0.755394647202368, 0.7433773420285911], "(1, 2, 0, 0)": [0.19527801250707788, 0.07007308100642763, 0.06707616951517079, 0.06586604150407815, 0.13020309134460653], "(-1, 1, 0, 0)": [0.3119584079173136, 0.22830971681119444, 0.21281790105846782, 0.1979496070336239, 0.24660463927197934], "(-1, 2, 0, 0)": [0.03979655315505039, 0.010958899209692032, -0.0020473957618218717, 0.007412776495943419, 0.005649894054863188], "(1, -1, 0, 0)": [0.6528725841770927, 0.6097961661545672, 0.6430572109499382, 0.5874922322440126, 0.8065513079676796], "(1, -2, 0, 0)": [0.0072099714571327795, 0.006936337027530272, 0.012062878306222423, 0.008375590735821765, 0.003145708673893262], "(-2, 2, 0, 0)": [0.0208765283680811, 0.014821896018758971, 0.0074674918371946414, 0.008446073830522385, 0.012238799597794989], "(-2, 1, 0, 0)": [0.19013511847896966, 0.13789009195410223, 0.1325480233664105, 0.13727711736232426, 0.13739465843778412], "(-2, -2, 0, 0)": [-0.0043562397360801695, 0.014506686472758263, 0.011999781368520777, 0.0, 0.0], "(2, -1, 0, 0)": [0.3399288772409781, 0.290213044347314, 0.27849757180821244, 0.325706232035214, 0.41923832841184006], "(2, -2, 0, 0)": [0.0028128070570767353, 0.005152477902101322, 0.014529440243145883, 0.0048503184879618265, 0.004543897648895805], "(-2, 0, 0, 0)": [0.24177299229080274, 0.23724022079863424, 0.24577178989996287, 0.23657238914165915, 0.2306291490087884], "(-3, 1, 0, 0)": [0.017023305216061102, 0.06045938864747019, 0.08155250108180144, 0.053049187022130684, 0.043207089477742926], "(-3, 2, 0, 0)": [0.00012368019089517394, 0.007045257172337177, 5.467818975057968e-05, -0.0006986398300803387, 0.005963958393080774], "(2, 1, 0, 0)": [0.8839186460453942, 0.7899456093660474, 0.7592427849270321, 0.7652011965171435, 0.7249389398816509], "(2, 0, 0, 0)": [0.8178120660469781, 0.7752734913034254, 0.7893454446455478, 0.831348927816858, 0.8869426516065012], "(-3, 0, 0, 0)": [0.06581225453235497, 0.05954925177781596, 0.12335983773407767, 0.0483456909819067, 0.0645135384844811], "(-2, -1, 0, 0)": [0.14319323485981106, 0.08416434476187162, 0.09532532584371436, 0.0689239451788611, 0.07459774752719286], "(-3, -1, 0, 0)": [0.09168581227462347, 0.0, 0.0, 0.010703358506400314, 0.014145150379240341], "(-3, -2, 0, 0)": [0.015221647528506984, 0.0, 0.005564506555544577, 0.0, 0.004610109451953786], "(3, -2, 0, 0)": [-0.005355514858088011, 0.0006442976661740155, 0.007033399238342957, -0.005426782729773712, 0.0018252476479390517], "(3, -1, 0, 0)": [0.11530366796601813, 0.11543477324052127, 0.12792932422336198, 0.12772065733883964, 0.11750971564357789], "(3, 0, 0, 0)": [0.5328009171644673, 0.6191481611156437, 0.5705625745418383, 0.5741107580247411, 0.7731103452055798], "(2, 2, 0, 0)": [0.18059669494431238, 0.192828878453571, 0.19657066369076212, 0.16848955627337797, 0.12413399862159494], "(3, 1, 0, 0)": [0.7967575767852293, 0.657660152557298, 0.6988076465198831, 0.6393620010552954, 0.6241426843155674], "(3, 2, 0, 0)": [0.40205322002532373, 0.0, 0.0, 0.1446583119562025, 0.0], "(4, 1, 0, 0)": [0.37102385061489696, 0.0, 0.050549604666024185, 0.0, 0.0], "(4, 0, 0, 0)": [0.34084056944595503, 0.19142156963480336, 0.19749927007271412, 0.046670420940674036, 0.04546263029573441], "(4, -1, 0, 0)": [0.1063885988681542, 0.0, 0.03592454055508462, 0.029788877544128498, 0.024280154856356383], "(4, -2, 0, 0)": [-0.004429984006223933, -0.003933982857929806, -0.006549037318262696, -0.004272459301272174, 0.007003187857566106]}}