{"q_values": {"(0, 0, 0, 0)": [0.8955859820613661, 0.9054962048621529, 0.9160802955972166, 0.8899575047915126, 0.9086315462833578, 0.9152713060518662, 0.9022205497872763, 0.9096808568342375, 0.9172564195009141, 0.9157190757665422, 0.9278973155858241, 0.9154964657940456, 0.9111591711051094, 0.8604523394488366, 0.9138163880662624], "(0, 1, 0, 0)": [0.8557184112859223, 0.8746226744752351, 0.8526327363974837, 0.8741694195309416, 0.8618427122109947, 0.8749284894560355, 0.8740247400181617, 0.8436525971805023, 0.849381186718967, 0.8706851612442841, 0.8498481951373036, 0.8754147392998886, 0.8621906069300935, 0.8618819595722315, 0.8346548522792169], "(0, 2, 0, 0)": [0.6605636814098077, 0.7781330348253915, 0.6948279880099413, 0.6919706109699856, 0.6735002554703786, 0.667469245332585, 0.6909875678544262, 0.6746582714794698, 0.652398854659793, 0.6709896755495883, 0.6649297508185837, 0.6996298463585705, 0.6642960317331386, 0.649891937849361, 0.6234063672542631], "(0, 3, 0, 0)": [0.4173304118013466, 0.3865375768969481, 0.3684207946221955, 0.3815543858946163, 0.3833191265071946, 0.3782203133977634, 0.35377739555486676, 0.30290851186307194, 0.37567673942258123, 0.3933830592728615, 0.370776069633989, 0.3489597589147845, 0.3776863932215337, 0.4008945810859056, 0.4024850652575965], "(0, 4, 0, 0)": [0.053300627650573446, 0.055186523170024884, 0.014432135899644696, 0.016357213277751564, 0.010434547317901102, 0.013014449344440895, 0.017276853682782964, 0.022980137824618822, 0.008487487175570789, 0.05505012846409507, 0.018339543711000657, 0.06389282532877633, 0.056761068718579014, 0.032517230634150296, 0.04290847592597624], "(0, -2, 0, 0)": [0.7014803685744982, 0.7382331248681749, 0.7367282268825733, 0.7387789116609854, 0.6232066180377204, 0.7091247024135768, 0.7202164119467261, 0.7410882249332608, 0.7054438797367412, 0.6957735208551972, 0.7090317256369013, 0.653418917294396, 0.7244658941680011, 0.8166477372867107, 0.7409107513223723], "(0, -3, 0, 0)": [0.36786434520391437, 0.3688333269142565, 0.3540161115601523, 0.38810648892126515, 0.36738553367944266, 0.32865662102312737, 0.3862377284451606, 0.3546578915911415, 0.3476022236551072, 0.3752820458907985, 0.3650783633190772, 0.3577224514234943, 0.5286225324865992, 0.3428232767900138, 0.3634036360818893], "(0, -4, 0, 0)": [0.06572846702499117, 0.02125930239524252, 0.047504947608005006, 0.028575807743025303, 0.06712142039524265, 0.07984105078961047, 0.029920454486373968, 0.04833551514393996, 0.02098328147439347, 0.09105523174078292, 0.03095023852244804, 0.057738108073097455, 0.044113805628531164, 0.07546724509327131, 0.2822436484464388], "(0, -1, 0, 0)": [0.9062548826105494, 0.9119046398102159, 0.9026764900980156, 0.900912345470035, 0.9066213908437848, 0.9121249653513901, 0.9040203677656699, 0.9022931077596806, 0.8836684110730353, 0.9169201082267822, 0.9033881008109964, 0.9057224107164019, 0.8833244688529771, 0.8873246781454842, 0.912775587630823], "(-1, -4, 0, 0)": [0.0072992921212301325, 0.009299093221051557, 0.0021673060637356035, 0.00318139680898886, 0.006288131550614546, 0.007200102844216688, -0.0026099032631752986, 0.012156403470716377, -0.002597183342263141, 0.0030818642831705627, 1.282700505892808e-05, 0.004934307359064546, -0.002694606156489405, 0.010422273952795321, -0.0017341949881548233], "(1, -1, 0, 0)": [0.6586221577269706, 0.8184598628149731, 0.7446141992382667, 0.7082779245630871, 0.6898305681545315, 0.6937292652154486, 0.7086189380459176, 0.6079366266293085, 0.6484622941519638, 0.6911825535745812, 0.6513026281957156, 0.6160933230259693, 0.7377250078693403, 0.7748686200753616, 0.6784128721333501], "(1, -2, 0, 0)": [0.36670473770554446, 0.3176861249166047, 0.463323036880533, 0.4688265677884668, 0.395643443806921, 0.392372957792657, 0.3265697933340203, 0.383778699757146, 0.2794915350938167, 0.32816941465364396, 0.4067796354826908, 0.328891089694452, 0.35852905426311527, 0.31669812198316244, 0.6135813919718078], "(1, -3, 0, 0)": [0.11544690507680722, 0.10725742573253871, 0.06031229108816452, 0.07862697693444042, 0.10780416368549206, 0.05179519368961551, 0.11004243953960073, 0.12534168484666666, 0.042615174410956774, 0.06943930299794474, 0.07598308017273826, 0.18094731164323408, 0.19372202651576675, 0.07383147784644864, 0.07377853036346692], "(-1, 0, 0, 0)": [0.13030934344228218, 0.3507369785550935, 0.4287147649729066, 0.27909795593136044, 0.1750361748286537, 0.382737418737758, 0.07919229890698559, 0.28153338058847366, 0.4119325904530222, 0.18023504461305223, 0.36023053855738374, 0.3168696303062753, 0.3390723409285583, 0.28928438715028704, 0.5459751603182993], "(-1, -1, 0, 0)": [0.10027769346474974, 0.12457855385719571, 0.08853999111816768, 0.09076965409439129, 0.16516248216921384, 0.11759276473244021, 0.14350525280216744, 0.13362775922849954, 0.10268949210309283, 0.12180242141165305, 0.07137431532678902, 0.11739964487300289, 0.0699389104812775, 0.1151583540936229, 0.09986990184372883], "(-1, -2, 0, 0)": [0.09242080239040312, 0.056995191044730165, 0.06673587623518466, 0.035945370873863895, 0.06627385375391918, 0.0179823813345906, 0.08347491180246257, 0.04738506509330245, 0.05235814845886295, 0.034861641577220534, 0.07467182205221709, 0.06575354957222607, 0.05046527208331961, 0.06175721987405879, 0.07316496239957311], "(-1, -3, 0, 0)": [0.05640346787281494, 0.0137071292753479, 0.03877163031095392, 0.041111772986210014, 0.04099481225444959, 0.021159276199206906, 0.029502977869914793, 0.04198850346627559, 0.019157584096389024, 0.038138460002027884, 0.05884024474010567, 0.040898031353472586, 0.028225602640605682, 0.01820654812031218, 0.026440326694477274], "(-1, 1, 0, 0)": [0.4493553267277098, 0.47420536087330906, 0.46725263549901375, 0.4877070504640676, 0.5174956547329808, 0.4902009888678589, 0.5056680615784781, 0.47548294737368046, 0.502053087971277, 0.47414687317817905, 0.43927548242312175, 0.4990965306006466, 0.46169695841153674, 0.48564568001381975, 0.6023949949402345], "(-1, 3, 0, 0)": [0.31229999095420313, 0.20151993183092304, 0.18430418888220512, 0.18961570455139265, 0.16261864086572259, 0.19776413467605883, 0.18561120805498876, 0.1699996321242257, 0.21577859331128085, 0.1772781766255027, 0.19848943481165057, 0.20939163911386954, 0.16676442689571727, 0.14810387623056293, 0.17450146269169922], "(-1, 4, 0, 0)": [0.049197227546107114, 0.012285418778918, 0.0040836829595892144, 0.02580228722878774, 0.02470058849280459, 0.014712620959535964, 0.018201985470073616, 0.017548860246550623, 0.005985642511510428, 0.0014587247963282072, 0.02737243125427176, 0.011863118922876715, 0.01856790346246687, 0.010869326220815122, 0.006297006086148951], "(-1, 2, 0, 0)": [0.36308862395321656, 0.3917152051960402, 0.39932299225888546, 0.41808912556763633, 0.47184081459268734, 0.393454851521285, 0.34650837228793857, 0.3907699213973233, 0.38201121366338653, 0.40139297330251617, 0.38592451867000555, 0.400047189013082, 0.40347415571818496, 0.39269766833383835, 0.3844685851428576], "(1, 0, 0, 0)": [0.8775710588024035, 0.8809845220407155, 0.8733833380003526, 0.8875577125576642, 0.8827044435350141, 0.8867271994607336, 0.8837303105147238, 0.8289922075937347, 0.8813490234461001, 0.8303411831606033, 0.8280151331920165, 0.8567429453833716, 0.824652166912329, 0.8836786423305538, 0.8829801128785726], "(1, -4, 0, 0)": [-0.0052294194999910875, 0.006677628106990984, 0.006359973799366466, 0.0081614315809975, 0.00820544127109854, 0.003440556692928899, 0.00621143381393356, 0.000671477304410641, 0.0044430824758344475, -0.001299932116426314, 0.004119387556261507, 0.013769783460820695, 0.004972226165271008, 0.0006736784231891292, 0.004232486933147249], "(1, 2, 0, 0)": [0.5644747255873065, 0.6499989791343501, 0.5104550046976579, 0.8858355689207971, 0.44275944098992437, 0.6639741387056488, 0.5614945746625521, 0.6600144955312013, 0.5482729433760504, 0.4509040371177192, 0.4386886860882466, 0.5864377462762576, 0.555506949959371, 0.5674250772151659, 0.5160669607914844],