{"q_values": {"(0, 0, 0, 0)": [0.636872680962627, 0.516330986191983, 0.6428224543373956, 0.6427167730848747, 0.6338316574070589], "(0, 1, 0, 0)": [0.44952542217913904, 0.5049751499278604, 0.5260887995949308, 0.5204128078988463, 0.5274269459770803], "(0, 2, 0, 0)": [0.06861005842944906, 0.0977033594799364, 0.09048885898777265, 0.1004811774799242, 0.06893787180281358], "(0, -1, 0, 0)": [0.5250100468422583, 0.61887413706348, 0.580536334310376, 0.6245702093854284, 0.6140071291420892], "(0, -2, 0, 0)": [0.12335485908228859, 0.12062354814272858, 0.11672371363833782, 0.11972653635522632, 0.12908825756717704], "(1, 0, 0, 0)": [0.09253751405319299, 0.022251992578444756, 0.02670731998516223, 0.002869412705507961, 0.014973047767959857], "(-1, -1, 0, 0)": [0.010918309081630011, 0.013838270705744117, 0.007465275102422209, 0.008089998933898206, 0.012174305531671906], "(-1, -2, 0, 0)": [0.013784277433910768, 0.005339415764099678, 0.002846716463511305, -0.004141944296007194, 0.00503854907145223], "(-1, 0, 0, 0)": [0.00473259823477356, 0.0039542314653333785, 0.01432150530141154, 0.0, 0.0028627595186838345], "(1, 1, 0, 0)": [0.006216698777595748, 0.0077825857100837035, 0.018898241811844144, 0.015142227065622937, 0.012888441467195333], "(1, 2, 0, 0)": [0.0, 0.004011812199637829, 0.0, 0.0005193650122205292, 0.0039004841952830554], "(-1, 1, 0, 0)": [0.005177632935979897, 0.005694173401159625, 0.009422222038650214, 0.01952356599578643, 0.0058288747110286625], "(-1, 2, 0, 0)": [0.0, 0.0, -0.0027126457291841506, 0.0037719939680858463, 0.0017729151993989946]}}