{"q_values": {"(0, 0, 0, 0)": [0.8814050661510804, 0.8810272626077622, 0.8802613840137322, 0.8754605127521108, 0.8698034309908034, 0.8761883026978063, 0.8780642965946751, 0.8789258771954972, 0.8821641744573512, 0.8776690943668852, 0.8801269870077664, 0.8829657866986587, 0.8802282095594414, 0.8802249414661326, 0.8802504685357369], "(0, 1, 0, 0)": [0.8501765946340156, 0.8381928469246762, 0.7405131632960903, 0.8689106351091214, 0.8437778945073838, 0.8592199455449795, 0.8401573239004765, 0.8697974227487185, 0.8516051452290815, 0.7966487315305323, 0.8622147806627254, 0.8679723166878873, 0.8572233735908841, 0.8646118314431506, 0.84367668181431], "(0, 2, 0, 0)": [0.7283650277822706, 0.678085026857253, 0.643146668080004, 0.6651710597987701, 0.6571068422252362, 0.5783898006445111, 0.5863604005572836, 0.6586390192290537, 0.6671198238848935, 0.6282409150532565, 0.570277021202076, 0.6634654004512209, 0.6557442189428344, 0.6315172440683745, 0.6627270890474553], "(0, 3, 0, 0)": [0.1506725767018518, 0.1350947968788283, 0.11192767979836074, 0.1443165415921972, 0.13564094263408272, 0.1358618869423989, 0.15175571241234684, 0.14466394263418142, 0.1449509095762782, 0.10583805558115741, 0.13301444711900348, 0.12659657557293225, 0.14246718001158545, 0.1448450728842281, 0.1379651549990485], "(0, 4, 0, 0)": [0.023603647058536764, 0.02820537954446537, 0.03309149143211065, 0.01786498168136208, 0.02523661304190363, 0.033143700515967066, 0.03429481420934802, 0.03133532571463866, 0.026493691025819333, 0.03438848905010001, 0.017146200853810564, 0.030464464046887275, 0.02184457070059066, 0.03410496805029127, 0.033606781775320206], "(0, -2, 0, 0)": [0.548728164197878, 0.583548163889178, 0.6104992436051323, 0.5823535657334414, 0.623262982383418, 0.6040137336769918, 0.6352093573074629, 0.5783728329942883, 0.5931850686911113, 0.5948058787523537, 0.6365944241081142, 0.6144243951633478, 0.5706362869094791, 0.6357629370454344, 0.6376773353419891], "(0, -3, 0, 0)": [0.15131583895237574, 0.1691690963838029, 0.19529564718477857, 0.1691133683140081, 0.16187907963569695, 0.13139116686687735, 0.1884483210504666, 0.16133072218265945, 0.16128588923475215, 0.16369355589705792, 0.18035014079210548, 0.16155099181786853, 0.20256783370727488, 0.25229955755970346, 0.17247875943239208], "(0, -4, 0, 0)": [-0.0052568639839730156, 0.02655471656370626, 0.019834529087127163, 0.022603785733941947, 0.03121481441245924, 0.0225536906332838, 0.02762236427592655, 0.0292248669031296, 0.03947891035308355, 0.027222743099673916, 0.001367695819206853, 0.031627561927683706, 0.03578904095071613, 0.03299867813294655, 0.0345138786077841], "(0, -1, 0, 0)": [0.8127491628708592, 0.8132733235003233, 0.8150664557678291, 0.7969361510752012, 0.8148260935257458, 0.8090503320942866, 0.8139741194082378, 0.8118826659254138, 0.7954053561439761, 0.7795087075893412, 0.8307728889668808, 0.809907114626586, 0.7996282059878175, 0.8658496717760518, 0.8235346456963517], "(-1, -4, 0, 0)": [0.0, 0.0015768965439523198, -0.0005088809107485089, 0.0020504917915910486, 0.004536550470749934, 0.00421999760151393, -0.007858571484684945, 0.0033507961081175666, 0.0, 0.0015666137537653094, 0.0008625206076883418, 0.004047723363169539, -0.00028725024945624143, 0.0, 0.0032818116134113885], "(1, -1, 0, 0)": [0.08350778543109659, 0.017983914379239213, 0.053646186028727595, 0.06642612188075832, 0.09652878246187307, 0.0707591049207085, 0.14105723428260597, 0.05159186248644721, 0.07208158876317283, 0.09725717010133816, 0.037933749973214616, 0.0448698386781517, 0.047217420309003666, 0.054092801742524545, 0.06262201579895474], "(1, -2, 0, 0)": [0.14734886884854528, 0.04204386484306377, 0.05747566391597722, 0.02032393207491261, 0.05209380484586894, 0.00898208738223027, 0.019774186698808892, 0.07844987560159772, 0.0783552308322353, 0.052837265895139124, 0.08039867151679106, 0.0662677967006117, 0.05950927755076531, 0.05142824676035772, 0.014285571016134788], "(1, -3, 0, 0)": [0.03263306907384918, 0.03261339498267839, 0.06634122478107927, 0.05506726619826895, 0.04056813585247879, 0.006878783561300657, 0.04323610772895875, 0.02807166464718541, 0.03499919571843766, 0.04243989264676574, 0.027954405093383324, 0.02886624188098271, 0.0686103932935449, 0.029482040687065218, 0.05683719992128574], "(-1, 0, 0, 0)": [0.016535488228421828, 0.004450531010784566, 0.07274963412760414, 0.0, 0.001997424475848675, 0.0, 0.0, 0.03259546938550653, 0.0, 0.00199469868093729, 0.011373807725658732, 0.004839499689562066, 0.019503924593157473, 0.018599258093915102, 0.018116905631288725], "(-1, -1, 0, 0)": [0.02137919635018077, 0.06817171499637975, 0.007591677514223936, 0.002385994252189994, 0.01954301203169132, 0.008445627856157538, 0.011996952247525903, 0.010935568295404596, 0.010280692858073584, 0.02116212668375607, 0.033323885847675164, 0.009084111327015683, 0.015014546313785643, 0.014282429734445996, 0.01981997331661294], "(-1, -2, 0, 0)": [0.04673837467787748, 0.019530823956233855, 0.020834498721607912, 0.009709947856801966, 0.021823280351201492, 0.0179823813345906, 0.02876669583364448, 0.02496755287287963, 0.010169506553708504, 0.015169284413835894, 0.028110451829843255, 0.007475771358541473, 0.022558582348158555, 0.028020742232878603, 0.03364724516913623], "(-1, -3, 0, 0)": [0.039672464218999275, 0.002756670048290947, 0.006924585854723628, 0.012050391461612232, 0.009157100311497288, 0.004774229514838476, 0.01641886576872221, 0.007958598130263157, 0.0, 0.01434308630052395, 0.008990968794042764, 0.014448702714691468, 0.02549838608692231, 0.009084913904548835, 0.020010488080347624], "(-1, 1, 0, 0)": [0.10621628583703342, 0.123940896009053, 0.0989388038405643, 0.0027761704478068555, 0.0599162743600677, 0.059449562923234237, 0.08765494714645977, 0.11419415205763234, 0.11265054893801177, 0.0725795270491175, 0.07982412772589799, 0.06273216526508675, 0.19279480879156008, 0.11042111164581965, 0.03064340273313438], "(-1, 3, 0, 0)": [0.013160427724136196, 0.04313126831087811, 0.03006847813071413, 0.010715032365292745, 0.018021608200638715, 0.032189810477453416, 0.025232266436502733, 0.030156257550877467, 0.012832693367432788, 0.01709910961624656, 0.019978556955374257, 0.03975067788330135, 0.10013247625696815, 0.013449432804896994, 0.008075153664067832], "(-1, 4, 0, 0)": [-0.007885629460215569, 0.003664289357366648, -0.004373052343726158, -0.001856457218988505, 0.0014077334406311327, -0.007109651700135741, -0.000787954024670752, 0.003474485377838961, -0.012910340529680254, 0.004223493810674995, 0.005487542647761884, -0.002161367411229405, 0.006540497104705325, -0.002676791602377426, 0.006032044300768579], "(-1, 2, 0, 0)": [0.0926886761450296, 0.08178769279664415, 0.10072647839894532, 0.09090780814025035, 0.06730767999308054, 0.13213137855202944, 0.03838616749509054, 0.1176387785475862, 0.09459641299065567, 0.018282201965784492, 0.05748460150448381, 0.1265361094991276, 0.08479137353249108, 0.07992538214844795, 0.06465551004726165], "(1, 0, 0, 0)": [0.05126460139050901, 0.03465820053664304, 0.01633492843737626, 0.021551412173336757, 0.0474119173618655, 0.027769766338189707, 0.034008732764742505, 0.09831747123155145, 0.04919628228703011, 0.023457124430264795, 0.01102124395940483, 0.022745096454765173, 0.021179558401432423, 0.04380489088298224, 0.033929337608871485], "(1, -4, 0, 0)": [0.005556459670223947, 0.0017772774413061243, -0.0037220790043166066, 0.006589789172453401, 0.0004632646184099809, 0.0017212046310305597, -0.00437239371240139, 0.01065787997239046, 0.0, 0.0019390181127574538, 0.008264781953239294, 0.0019708630468015347, -0.001188375294448592, 0.005005646236873934, 0.0], "(1, 2, 0, 0)": [0.057321891636909615, 0.048301127060275686, 0.10548606155076613, 0.07282360274481887, 0.12788182286870436, 0.07394885531239179, 0.021348880131284893, 0.0, 0.10210381038491136, 0.059969190748291025, 0.0353604623059374, 0.08929984349134848, 0.06895688086429774, 0.09258302774043102, 0.01314664750865329],