{"q_values": {"(0, 0, 0, 0)": [0.7609109821740659, 0.7599381522415272, 0.7928046963576307, 0.7491384589593083, 0.74680456224399], "(0, 1, 0, 0)": [0.7132744977989681, 0.4420973558496913, 0.4521556743255585, 0.2937972840495203, 0.37036832947105475], "(0, 2, 0, 0)": [0.038123578280168234, 0.02207819692688378, 0.016891265078228787, 0.0186815648739823, 0.016789925041575803], "(0, -1, 0, 0)": [0.8035577452652672, 0.7886353996590186, 0.7148781871720179, 0.6876316354649622, 0.8227695106561101], "(0, -2, 0, 0)": [0.04711756428943066, 0.04662073542593613, 0.07634800702283716, 0.08689535451068484, 0.12967456369029354], "(1, 0, 0, 0)": [0.7931270033168267, 0.8082440590383115, 0.8100779111168122, 0.7293995441897169, 0.8711076463733785], "(-1, -1, 0, 0)": [0.6557351209162778, 0.593119925880984, 0.6353859497546265, 0.7406452647752387, 0.596902184015159], "(-1, -2, 0, 0)": [0.07607031983905262, 0.11360775802531888, 0.15284100939437137, 0.13804475809353295, 0.14571113954878273], "(-1, 0, 0, 0)": [0.6156330112072352, 0.5868099624874776, 0.5247702574600753, 0.5744880404813417, 0.4557781059420524], "(1, 1, 0, 0)": [0.8705551769769574, 0.7205669164987029, 0.7082971917084151, 0.7545082577489702, 0.713313826406641], "(1, 2, 0, 0)": [0.09523459820834558, 0.07063963501149467, 0.06707616951517079, 0.06586604150407815, 0.06500406462043289], "(-1, 1, 0, 0)": [0.23464308974885914, 0.16347969577160043, 0.1560747117872285, 0.1571080500231754, 0.1444190217676825], "(-1, 2, 0, 0)": [0.009178741457047376, 0.005873496274471006, 0.002931088605257117, 0.00975489843731841, 0.004505701696156076], "(1, -1, 0, 0)": [0.5282784348998749, 0.6428600897236083, 0.5227504404777263, 0.5838302037365456, 0.8207447272009196], "(1, -2, 0, 0)": [0.010990482283041215, 0.006936337027530272, 0.015475375071510488, 0.008375590735821765, 0.003145708673893262], "(-2, 2, 0, 0)": [0.024604984355352293, 0.008934285840143844, 0.0074674918371946414, 0.008446073830522385, 0.016342848234403393], "(-2, 1, 0, 0)": [0.17406748241458794, 0.1241201344605388, 0.12449023312002323, 0.1209623877307471, 0.12302493361587005], "(-2, -2, 0, 0)": [-0.0043562397360801695, 0.015435210044662029, 0.011999781368520777, 0.0, 0.0], "(2, -1, 0, 0)": [0.3671717002206957, 0.312014915521836, 0.3447437442689562, 0.35634173235319333, 0.3609507423927435], "(2, -2, 0, 0)": [0.0028128070570767353, 0.005152477902101322, 0.017441754295051872, 0.0004634909824689313, 0.004543897648895805], "(-2, 0, 0, 0)": [0.24177299229080274, 0.23724022079863424, 0.26049908353938056, 0.2578279792544049, 0.27121252312567173], "(-3, 1, 0, 0)": [0.017023305216061102, 0.06045938864747019, 0.08217848361605337, 0.053049187022130684, 0.043207089477742926], "(-3, 2, 0, 0)": [0.00012368019089517394, 0.005986162118218437, 5.467818975057968e-05, -0.0006986398300803387, 0.006507464366616382], "(2, 1, 0, 0)": [0.869944032074783, 0.7942006629878615, 0.8219572452902797, 0.7924777153630167, 0.7656257408352146], "(2, 0, 0, 0)": [0.8057650193895453, 0.7294482576799367, 0.7311565522616266, 0.7757904130131854, 0.8419695145755414], "(-3, 0, 0, 0)": [0.06581225453235497, 0.05954925177781596, 0.12335983773407767, 0.0483456909819067, 0.0645135384844811], "(-2, -1, 0, 0)": [0.1471884251156234, 0.08416434476187162, 0.09532532584371436, 0.04328167892513018, 0.07459774752719286], "(-3, -1, 0, 0)": [0.09168581227462347, 0.0, 0.0, 0.010703358506400314, 0.014145150379240341], "(-3, -2, 0, 0)": [0.015221647528506984, 0.0, 0.005564506555544577, 0.0, 0.004610109451953786], "(3, -2, 0, 0)": [-0.005355514858088011, 0.0006442976661740155, 0.002143806568800184, -0.005426782729773712, 0.007763992458057808], "(3, -1, 0, 0)": [0.14312382349959854, 0.1277543700338239, 0.09895244158693978, 0.24567096286896503, 0.14815236319057207], "(3, 0, 0, 0)": [0.5288418093234734, 0.4350263431767446, 0.5276673922620576, 0.46565884014680553, 0.6818160712801942], "(2, 2, 0, 0)": [0.3478330753514348, 0.12149171259283817, 0.1665841663573471, 0.1718733422617562, 0.12413399862159494], "(3, 1, 0, 0)": [0.5769819022286167, 0.6388562368056988, 0.5997964466175645, 0.5908382624159352, 0.6024549719779508], "(3, 2, 0, 0)": [0.3911347042407524, 0.0, 0.0, 0.05028236853604448, 0.0], "(4, 1, 0, 0)": [0.2795299667503813, 0.0, 0.050549604666024185, 0.0, 0.0], "(4, 0, 0, 0)": [0.20181032877282923, 0.19968016754685483, 0.21150266270378326, 0.046670420940674036, 0.04546263029573441], "(4, -1, 0, 0)": [0.1329217201146357, 0.0, 0.03592454055508462, 0.0, 0.02835252100568176], "(4, -2, 0, 0)": [-0.0008784022094958741, 0.006701328657434995, -0.0027266406402404603, -0.003227809954384136, -0.0023889592722346384]}}