{"q_values": {"(0, 1, 0, -1)": [0.0, 0.0, 0.0, 0.0, 0.0004993906244635582], "(0, 1, 0, 1)": [0.0, 0.0, 0.0, 0.0, 0.0004993490874767303], "(0, 1, 0, 3)": [0.0, 0.001995237004906297, 0.0010702921129025187, 0.0010424697865994892, 0.0], "(0, 1, 0, 2)": [0.0, 0.0005248840767794288, 0.0004992576781660318, 0.0, 0.0010460397955230345], "(0, 1, 0, 4)": [0.0, 0.0, 0.0004981677513569594, 0.0004979939665645362, 0.0], "(0, 1, 0, 5)": [0.0, 0.0, 0.0004977942444384098, 0.0005227880061609904, 0.0009689397038891911], "(0, 1, 0, 6)": [0.0, 0.0010183228019195432, 0.0, 0.0, 0.0], "(0, 1, 0, 7)": [0.0, 0.0, 0.0, 0.0004958200734108686, 0.0], "(0, 1, 0, 8)": [0.0, 0.0, 0.0, 0.0004952820483595133, 0.0], "(0, 1, 0, 9)": [0.0, 0.0, 0.0004946908447891474, 0.0, 0.0], "(0, 2, 0, 9)": [0.0, 0.0, 0.0, 0.0009835154641708826, 0.0004916036501526833], "(0, 2, 1, 10)": [0.0, 0.0005169413312338292, 0.0, 0.0004932750016450882, 0.0], "(0, 2, 1, 11)": [0.0, 0.0004906497895717622, 0.0, 0.0, 0.0], "(0, 2, 0, 10)": [0.0, 0.0005141794010065496, 0.0, 0.0, 0.0004875374492257834], "(0, 2, 1, 12)": [0.0, 0.00048624500632286075, 0.0, 0.0, 0.0], "(0, 2, 0, 12)": [0.0, 0.00048497254028916363, 0.0, 0.0, 0.0], "(0, 3, 0, 11)": [0.0, 0.0, 0.0, 0.0009617378611010616, 0.0004806960001587868], "(0, 3, 0, 12)": [0.0005061527904821559, 0.0, 0.0, 0.0, 0.0], "(0, 3, 0, 13)": [0.0005030368179781362, 0.0, 0.001396539931551525, 0.0, 0.0], "(0, 4, 0, 14)": [0.0004668829031288624, 0.00046910913661122325, 0.0, 0.0, 0.0], "(0, 4, 0, 13)": [0.0, 0.0004646614193916321, 0.0, 0.0, 0.00046211681328713896], "(0, 4, 0, 15)": [0.0, 0.0, 0.00045920531265437604, 0.0, 0.0], "(0, 4, 0, 16)": [0.0, 0.0, 0.0008858409733511508, 0.0, 0.0], "(0, 5, 0, 17)": [0.0, 0.00044896332547068597, 0.00044507896527647974, 0.0, 0.0], "(0, 5, 0, 18)": [0.0, 0.0004409502260386944, 0.0, 0.0, 0.0004363200627267361], "(0, 5, 0, 21)": [0.00043133911676704887, 0.0, 0.0, 0.0, 0.0], "(0, 6, 0, 20)": [0.0, 0.0, 0.0, 0.00042598303407430653, 0.0], "(0, 6, 0, 22)": [0.0, 0.0, 0.0, 0.0, 0.0004198475740849972], "(0, 6, 0, 24)": [0.0, 0.0, 0.0, 0.0, 0.0004127973690629006], "(0, 6, 1, 27)": [0.0, 0.0, -0.0010949828661978246, 0.0, 0.0]}}