{"q_values": {"(0, 0, 0, 0)": [0.7855697548546109, 0.7804843166465522, 0.7582725855410927, 0.78164764274311, 0.774380606151384], "(0, 1, 0, 0)": [0.7451305648469244, 0.648625274239667, 0.7485058985718153, 0.7451701452108351, 0.7320685508982308], "(0, 2, 0, 0)": [0.07412620263579847, 0.06620646611623253, 0.035730767567182097, 0.06577182488463831, 0.046347253383393586], "(0, -1, 0, 0)": [0.5886762489743235, 0.643123047007164, 0.6550684072551715, 0.6526822314476847, 0.6814131753407827], "(0, -2, 0, 0)": [0.03096929999609211, 0.023349893693813177, 0.033604854192897146, 0.032105747260325036, 0.02350863825681248], "(1, 0, 0, 0)": [0.6270813225457825, 0.6292671787862317, 0.6267628695482955, 0.6043503962440778, 0.6223730146980305], "(-1, -1, 0, 0)": [0.3074530335567938, 0.2090652969078918, 0.434555109453104, 0.28275640931895885, 0.6360149869691417], "(-1, -2, 0, 0)": [0.08600143529481756, 0.08520661594144148, 0.07253023069826012, 0.05990243516786794, 0.09109563767908246], "(-1, 0, 0, 0)": [0.5092292576487454, 0.4820887030161577, 0.4878164695340665, 0.5253277396036217, 0.5693346676816545], "(1, 1, 0, 0)": [0.5643027560534098, 0.6500386296297967, 0.5704667548266948, 0.5925871198317838, 0.5528262122250123], "(1, 2, 0, 0)": [0.058960338405564555, 0.05262360164754844, 0.055118535438054214, 0.057809744628644286, 0.05436447977191368], "(-1, 1, 0, 0)": [0.455847066620921, 0.4116844231814537, 0.5019480065208701, 0.3991094880341395, 0.32305286472506], "(-1, 2, 0, 0)": [0.021943026359355296, 0.017936595407685847, 0.017596639366614653, 0.03676304758167799, 0.02663325402496789], "(1, -1, 0, 0)": [0.4110448161457479, 0.48239227352750125, 0.47774029864632117, 0.4161907296993099, 0.4976255199225446], "(1, -2, 0, 0)": [0.011789806963444697, 0.014974244693688191, 0.015375464711482004, 0.01610322102033141, 0.011373941987878071], "(-2, 2, 0, 0)": [0.027721274555700212, 0.016663918534490896, 0.014029681601266619, 0.008124267828639557, 0.027476625210154475], "(-2, 1, 0, 0)": [0.21368822824836656, 0.19603346622690687, 0.17835177384236756, 0.1703906766026421, 0.2061280539283885], "(-2, -2, 0, 0)": [-0.0043562397360801695, 0.0, 0.0, 0.0, 0.0], "(2, -1, 0, 0)": [0.20866223522650829, 0.06939300400327804, 0.05459065510548098, 0.03367849428741826, 0.05594825905998389], "(2, -2, 0, 0)": [0.01617657357311455, 0.0009599721377661422, 0.0021777845212783238, 0.0, 0.004308010042244672], "(-2, 0, 0, 0)": [0.12346950435600178, 0.027476032141597273, 0.014798737725542584, 0.017321286282135858, 0.0561687069662573], "(-3, 1, 0, 0)": [0.0, 0.011384000526092827, 0.0, 0.045486908437594814, 0.007144817623769209], "(-3, 2, 0, 0)": [0.0008416896969508387, 0.0069728891971796575, -0.0002834575323951245, 0.0, 0.0024782358668107695], "(2, 1, 0, 0)": [0.13076591550884034, 0.0, 0.0, 0.0, 0.0], "(2, 0, 0, 0)": [0.2995459511164827, 0.011698140389364432, 0.1068795430417609, 0.13846333467463678, 0.03773619266187843], "(-3, 0, 0, 0)": [0.0, 0.005920361934231982, 0.03417864858768747, 0.00795104545937151, 0.0]}}