{"q_values": {"(0, 0, 0, 0)": [0.781966092761249, 0.8780514240748984, 0.8159549812737766, 0.8141760861193611, 0.7616176460832437], "(0, 1, 0, 0)": [0.8037701275712094, 0.3628299684838343, 0.37382317639905394, 0.3423549418025512, 0.3945351865807423], "(0, 2, 0, 0)": [0.022850302598937482, 0.023555150280324948, 0.023666688451598687, 0.02361369704736324, 0.020150686507607554], "(0, -1, 0, 0)": [0.7713521125133183, 0.7836252613012308, 0.7457084828441795, 0.7557603561531969, 0.8441258284368112], "(0, -2, 0, 0)": [0.040251855686553456, 0.09868225254387371, 0.11613460936191981, 0.041643742675529366, 0.16430022738583844], "(1, 0, 0, 0)": [0.7683719708517263, 0.7768637958136231, 0.7719588038813023, 0.7776720521953527, 0.7779815982586583], "(-1, -1, 0, 0)": [0.6972563281593518, 0.6334799772281035, 0.6712121826611032, 0.8188703765872002, 0.6253305513424713], "(-1, -2, 0, 0)": [0.05649741364735941, 0.11360775802531888, 0.13244148765701785, 0.14342463948228115, 0.3380129786049107], "(-1, 0, 0, 0)": [0.7915613309006398, 0.5489185437634643, 0.5409151721066119, 0.47664240027720145, 0.4553035719334992], "(1, 1, 0, 0)": [0.6111934175991571, 0.6523139778685514, 0.6023409113715059, 0.645508034022006, 0.5894313028295873], "(1, 2, 0, 0)": [0.08196011890631634, 0.06809361619902314, 0.1258015443766515, 0.07748955960536587, 0.05897631006229603], "(-1, 1, 0, 0)": [0.11332595608292821, 0.11531728288165126, 0.11304869960421146, 0.11142946641354189, 0.29018050987667243], "(-1, 2, 0, 0)": [-0.0004764811683336855, 0.005862161906878867, 0.004062573013507494, 0.005824894051473089, 0.006665487537815377], "(1, -1, 0, 0)": [0.5891374192190815, 0.5392679342649895, 0.5838259287249796, 0.587932898014522, 0.7315690839925172], "(1, -2, 0, 0)": [0.006848623033299881, 0.008184098085687166, 0.008162066841442911, 0.026604812060511733, 0.003145708673893262], "(-2, 2, 0, 0)": [0.029190253095453415, 0.014333427303241986, 0.0046506425393704545, -0.0024629446295358114, 0.015845833943881716], "(-2, 1, 0, 0)": [0.2610849687776344, 0.16984170905162416, 0.16642464534253482, 0.17321625036633317, 0.16112523911184226], "(-2, -2, 0, 0)": [-0.0043562397360801695, 0.010255834493387106, 0.03256795343732021, 0.0, 0.0059502656754170866], "(2, -1, 0, 0)": [0.3244341734005942, 0.3066696858217206, 0.30335143166901096, 0.33529397909348535, 0.3911051754422095], "(2, -2, 0, 0)": [0.0028128070570767353, 0.013423532095344092, 0.016715595234035097, 0.020025271992291448, 0.024185227690882882], "(-2, 0, 0, 0)": [0.24341576265476242, 0.247580579293906, 0.23088157394506872, 0.3450324879337987, 0.2459332728197986], "(-3, 1, 0, 0)": [0.07042655831574432, 0.10165722909646446, 0.05738722391751995, 0.061491625110810605, 0.06384903198166006], "(-3, 2, 0, 0)": [0.0049295933202676955, 0.015961631557330748, 0.006470740385599237, -0.0006986398300803387, 0.0033870122234695207], "(2, 1, 0, 0)": [0.6912641923705874, 0.690383642009666, 0.6314429406352355, 0.7204308407129134, 0.7222671175417321], "(2, 0, 0, 0)": [0.6908433652960309, 0.6796999128407063, 0.7079856275386325, 0.7005632403292869, 0.7003965227408895], "(-3, 0, 0, 0)": [0.06581225453235497, 0.05954925177781596, 0.14727386602823164, 0.0483456909819067, 0.0645135384844811], "(-2, -1, 0, 0)": [0.16210621232787267, 0.0966700743129482, 0.12955252109733095, 0.0689239451788611, 0.07459774752719286], "(-3, -1, 0, 0)": [0.09168581227462347, 0.0, 0.0, 0.010703358506400314, 0.014145150379240341], "(-3, -2, 0, 0)": [0.009135829837904192, 0.0, 0.005564506555544577, 0.0, 0.004610109451953786], "(3, -2, 0, 0)": [-0.0006215408009760254, 0.002492395893527851, 0.0035317429433335762, 0.007185311700493043, 0.005858555421403028], "(3, -1, 0, 0)": [0.09577545777234543, 0.09501659110533424, 0.09444150138377932, 0.0936654661283422, 0.09868343717270464], "(3, 0, 0, 0)": [0.5260087655912777, 0.549756391086149, 0.5974411690472552, 0.6098518411964653, 0.6327069500440555], "(2, 2, 0, 0)": [0.1951780780301081, 0.19383926946740446, 0.20752582044662948, 0.17019235031787497, 0.18519838282855042], "(3, 1, 0, 0)": [0.6905468439145193, 0.6201340795618628, 0.6360426500987759, 0.5762444470593624, 0.6167689250417916], "(3, 2, 0, 0)": [0.39730004395491236, 0.0, 0.09669206964488004, 0.21123174718979948, 0.09570310017633328], "(4, 1, 0, 0)": [0.4037820328446523, 0.0, 0.050549604666024185, 0.0, 0.0], "(4, 0, 0, 0)": [0.37632376579448124, 0.2501378171710411, 0.2072284885468947, 0.13546718029640195, 0.1752543837856543], "(4, -1, 0, 0)": [0.059360089867024464, 0.09727380343564722, 0.03592454055508462, 0.052116782550603875, 0.024280154856356383], "(4, -2, 0, 0)": [-0.00446656220062441, -0.008207266466524445, -0.006549037318262696, 0.010878609128781174, -0.0011133670875596432], "(4, 2, 0, 0)": [0.15100794068414727, 0.0, 0.0, 0.0, 0.0]}}