{"q_values": {"(0, 0, 0, 0)": [0.8211887987487694, 0.7458534981116693, 0.7631300050925408, 0.7560892622257647, 0.7507994188401426], "(0, 1, 0, 0)": [0.633628700418648, 0.4871050031142127, 0.43825589063739256, 0.5180390779886508, 0.6029160878496139], "(0, 2, 0, 0)": [0.05669082354819994, 0.04264947849297341, 0.010414610275549399, 0.021911988322637917, 0.02010579577060014], "(0, -1, 0, 0)": [0.7295786738914445, 0.7559051937187187, 0.7670991311203098, 0.7324685811815188, 0.8325007586807779], "(0, -2, 0, 0)": [0.040251855686553456, 0.03607070309507315, 0.038637012967898746, 0.041643742675529366, 0.31253985343938157], "(1, 0, 0, 0)": [0.7234733621957763, 0.7394078274740766, 0.7531264068444448, 0.7417835476633813, 0.8681103456509928], "(-1, -1, 0, 0)": [0.5550778868865336, 0.5611345493344552, 0.645715706267583, 0.759878865630635, 0.6540190669042295], "(-1, -2, 0, 0)": [0.05649741364735941, 0.11360775802531888, 0.13244148765701785, 0.14342463948228115, 0.28439476295007343], "(-1, 0, 0, 0)": [0.5179395309896745, 0.5640425296943478, 0.5488675874352938, 0.5785488078207722, 0.5456837085430872], "(1, 1, 0, 0)": [0.8439671717964082, 0.6243718145284378, 0.6758023209564098, 0.6835313426242094, 0.6667105495636686], "(1, 2, 0, 0)": [0.08866326130028183, 0.08591761652703973, 0.09863165189552484, 0.08796957081107615, 0.05897631006229603], "(-1, 1, 0, 0)": [0.3633816693888614, 0.3417741510928253, 0.1911304124801409, 0.23435749312203746, 0.2940609614648663], "(-1, 2, 0, 0)": [0.03399704953391119, 0.024252079902440882, 0.003076561800577353, 0.010261673491970864, 0.02950929375283444], "(1, -1, 0, 0)": [0.5498123038700463, 0.5477560639009764, 0.5769861752694514, 0.5197388372677191, 0.8262274514913542], "(1, -2, 0, 0)": [0.006848623033299881, 0.011989748635461475, 0.008162066841442911, 0.008375590735821765, 0.003145708673893262], "(-2, 2, 0, 0)": [0.027570641141435103, 0.00594358235867786, 0.0046506425393704545, 0.002389706835466454, 0.0056873808816912536], "(-2, 1, 0, 0)": [0.24816012638198312, 0.2074788269410993, 0.18390843565460613, 0.13779681735536342, 0.1775024882027066], "(-2, -2, 0, 0)": [-0.0043562397360801695, 0.010255834493387106, 0.03629382517427894, 0.0, 0.0059502656754170866], "(2, -1, 0, 0)": [0.28218867184917146, 0.32007144712095076, 0.30543275827052363, 0.3164445280480884, 0.4392442528230739], "(2, -2, 0, 0)": [0.0028128070570767353, 0.013423532095344092, 0.007701747138996095, 0.020025271992291448, 0.04347208957060963], "(-2, 0, 0, 0)": [0.24341576265476242, 0.247580579293906, 0.23088157394506872, 0.29656774025253, 0.2459332728197986], "(-3, 1, 0, 0)": [0.05324514911060059, 0.09068054329767285, 0.06644974319702603, 0.061491625110810605, 0.07407171165330181], "(-3, 2, 0, 0)": [0.0049295933202676955, 0.014860766884907117, 0.006470740385599237, -0.0006986398300803387, 0.0033870122234695207], "(2, 1, 0, 0)": [0.8809851369240878, 0.7528278619910783, 0.7011680013826748, 0.7365822567813077, 0.748281855686832], "(2, 0, 0, 0)": [0.7368029404710895, 0.7136409644952358, 0.6995969891741239, 0.7001179441540477, 0.8850068986973019], "(-3, 0, 0, 0)": [0.06581225453235497, 0.05954925177781596, 0.1512851108625475, 0.0483456909819067, 0.0645135384844811], "(-2, -1, 0, 0)": [0.11049457055517534, 0.0966700743129482, 0.09532532584371436, 0.0689239451788611, 0.07459774752719286], "(-3, -1, 0, 0)": [0.09168581227462347, 0.0, 0.0, 0.010703358506400314, 0.014145150379240341], "(-3, -2, 0, 0)": [0.009135829837904192, 0.0, 0.005564506555544577, 0.0, 0.004610109451953786], "(3, -2, 0, 0)": [-0.0006215408009760254, 0.008128973400096336, 0.0075201871864764465, 0.005925672704686493, 0.01348006233040355], "(3, -1, 0, 0)": [0.1393452491261692, 0.11239660849610827, 0.14551990644830493, 0.13633051375811867, 0.1526920075646168], "(3, 0, 0, 0)": [0.4738629670360267, 0.6418599248822073, 0.4961303576433127, 0.4838363002867129, 0.6313115318579691], "(2, 2, 0, 0)": [0.3927501756597149, 0.2396936219421113, 0.2267922738769982, 0.22986667248959164, 0.19342659068112397], "(3, 1, 0, 0)": [0.7859417926040646, 0.5800389819760792, 0.5759264186096711, 0.6111103618742142, 0.5908460023327201], "(3, 2, 0, 0)": [0.3972071339963044, 0.0, 0.0, 0.21123174718979948, 0.0], "(4, 1, 0, 0)": [0.29870484498932215, 0.0, 0.050549604666024185, 0.0, 0.0], "(4, 0, 0, 0)": [0.3165559403721724, 0.179914766624476, 0.19869755943538522, 0.13546718029640195, 0.1752543837856543], "(4, -1, 0, 0)": [0.0468149241399207, 0.10066490853299764, 0.03592454055508462, 0.052116782550603875, 0.024280154856356383], "(4, -2, 0, 0)": [-0.00446656220062441, -0.008207266466524445, -0.006549037318262696, 0.01340480404453911, -0.0065489437811392754], "(4, 2, 0, 0)": [0.10535321129351348, 0.0, 0.0, 0.0, 0.0]}}