{"q_values": {"(0, 0, 0, 0)": [0.4900018428702489, 0.49937718129332237, 0.5031004241289403, 0.38051088725506743, 0.49521916321774984, 0.4870272533360819, 0.5057758125831744, 0.5059597819943217, 0.5112236577998183, 0.4988714463685076, 0.49685871300219403], "(0, 0, 0, 1)": [0.49914546042431024, 0.4844135718696747, 0.4336852514750009, 0.4939173805847063, 0.511283422322496, 0.47724485684137474, 0.5019703301440896, 0.4949012485888414, 0.49281620793827824, 0.46820584068343724, 0.4751977681699171], "(0, 0, 0, -1)": [0.43511847277128357, 0.45750485148573566, 0.42055781119466507, 0.4847733969393515, 0.4614533879754066, 0.4838749389144271, 0.49052503712679674, 0.4785637316528742, 0.49195296002654754, 0.4750947154965366, 0.4996053526723667], "(0, 0, 0, 2)": [0.3932598523328968, 0.4647938292502547, 0.38998508453237213, 0.44886104519294845, 0.05507100536928164, 0.32103154692259617, 0.14198980290685487, 0.3050854584009887, 0.28185211113985753, 0.34165436934451654, 0.0754633354551513], "(0, 1, 0, 2)": [0.36136917967691345, 0.35968148335572664, 0.3636720943984642, 0.3643538566306458, 0.3643713348499227, 0.3700300881229539, 0.3591984269762344, 0.3623073123081402, 0.35678523976319154, 0.35594853010303007, 0.3508701804734725], "(0, 1, 0, 1)": [0.3604256363706416, 0.34356495179696683, 0.36281811254131635, 0.3525887940002356, 0.32414896439105556, 0.3631326923732562, 0.37332789259718463, 0.34704345808636883, 0.34237037261673386, 0.3396853614656219, 0.36828059361753335], "(0, 1, 0, 3)": [0.3673513024249111, 0.3494432561391, 0.33511102075629146, 0.1768598915942453, 0.3003746068370616, 0.32551308530284595, 0.3055676759991539, 0.30833013205265536, 0.2583539257294644, 0.24617646719690894, 0.1711181235754236], "(0, 2, 0, 4)": [0.17829296462103367, 0.16884017574806615, 0.15466303248334062, 0.1556684288519416, 0.15687345074826253, 0.05566362593229249, 0.18215770262269676, 0.16711638852384753, 0.12948160262457414, 0.12376495082495514, 0.11591119456788888], "(0, 2, 0, 5)": [0.15153696848901474, 0.09160018638134793, 0.16067360248353288, 0.1013333884208531, 0.13618662493763367, 0.04044462786290459, 0.07584521983952419, 0.02099408906723753, 0.09410482974104227, 0.023511291945745985, 0.03854439105879982], "(0, 2, 1, 5)": [0.048937823963446814, 0.0794334188752514, 0.0, 0.08839911275838454, 0.0, 0.020412527333515708, -0.010883809998631477, 0.0, 0.0, 0.014488288097318284, 0.00834275015576277], "(0, 2, 1, 6)": [0.004144035279750824, -0.010944079607725143, 0.0, 0.0, 0.0, 0.0, 0.008501398949883878, 0.0, 0.0, 0.0, 0.0], "(0, 2, 0, 6)": [0.007300460618187208, 0.015386876073215405, 0.017751069779073193, -0.006958454195128201, -0.016406464856117964, 0.0, 0.014107399413693279, 0.007465209989858786, 0.004817275042695919, 0.015046528896415189, 0.015087525072557848], "(0, -1, 0, 0)": [0.3155851073406256, 0.3737202621964125, 0.36270267277501234, 0.3557495760701026, 0.36646815224878504, 0.35793664178957074, 0.35711277478895564, 0.35714047952076405, 0.35623772114079827, 0.33873052388468494, 0.2749392430880331], "(0, -1, 0, 1)": [0.10864302454233904, 0.3496739052834188, 0.1412083343316243, 0.26726904754555747, 0.33398290096002003, 0.30735845482839497, 0.02671270795481663, 0.20527022459909983, 0.06920991846701625, 0.10257518942172866, 0.20354250602466437], "(0, -1, 0, -1)": [0.390381756021266, 0.36909039549064104, 0.337491643017791, 0.39201985366025127, 0.3952262977492801, 0.37050213543983573, 0.39093509610443067, 0.3813296459150487, 0.38130421634107475, 0.38978605090040996, 0.35708283155655807], "(0, -1, 0, -2)": [0.29764336629561694, 0.381243356933364, 0.3455664626011594, 0.38609143660263306, 0.33455722583713493, 0.30567197919499317, 0.370049930991098, 0.38364711191664524, 0.3326709535207332, 0.3642798759069264, 0.3992079174304499], "(0, -1, 0, -3)": [0.25138723784054967, 0.18903447275040625, 0.1859130769545013, 0.20650100221111678, 0.20990295956248314, 0.25341231992096236, 0.28604198275864823, 0.3204633575204463, 0.3036216040985126, 0.3019276207147991, 0.34294436590606175], "(0, -2, 0, -3)": [0.20917156382887186, 0.07888579000949875, 0.21094089960306267, 0.20614582391888653, 0.19963130578535043, 0.20152933196784917, 0.19258551616378156, 0.21004957600025725, 0.18510954349212758, 0.19568123428198547, 0.20084203840585604], "(0, -2, 0, -2)": [0.17963682170178563, 0.203242446789482, 0.09112397590541847, 0.1289955744597469, 0.20072603186381904, 0.21187070348479412, 0.18147195290492057, 0.1576522442340439, 0.19768675662648338, 0.1926275252027821, 0.10841600154736622], "(0, -2, 0, -4)": [0.08773884499098596, 0.1809127322680414, 0.18580939507907246, 0.20211863702290472, 0.19006037746867888, 0.21081905506902715, 0.21073210985858198, 0.20516239975822675, 0.20117312493133865, 0.1990873720115811, 0.20978455938437593], "(0, -2, 0, -5)": [0.04676397112894537, 0.09707372644647858, 0.18704511609205393, 0.040521579770993486, 0.17409466904769233, 0.18314837590545124, 0.17116739638596656, 0.1661531065364286, 0.07206040466517163, 0.07892652472414557, 0.21143456070260253], "(0, 1, 0, 0)": [0.3289226103220672, 0.16846134119062142, 0.32543600214410356, 0.2773652817808557, 0.3271655483690617, 0.31522548456284116, 0.30614742000108264, 0.32398037917147415, 0.3478513336832642, 0.3430360626940634, 0.33864230277087937], "(0, 1, 0, -1)": [0.07855053722086815, 0.03253284976652497, 0.0, 0.06178045907774802, 0.09258979580043608, 0.08987897421495153, 0.06323450208936994, 0.0, 0.17920927525971891, 0.23534369826448112, 0.11477988988029106], "(0, 2, 0, 3)": [0.1711433364174895, 0.16308506180100923, 0.1723259116624028, 0.17085115737689735, 0.18747378197162604, 0.17154085956314102, 0.1626420929710239, 0.18638821289046398, 0.18220352788681354, 0.1813700839973154, 0.18120501838789965], "(0, 2, 0, 2)": [0.08177761241159497, 0.09324841677015963, 0.01900423917374707, 0.06577296327135192, 0.147108989737462, 0.1540790924434673, 0.0685526989440351, 0.059664006457532656, 0.1747806562991428, 0.012574481262806353, 0.06589075799224588], "(0, -1, -1, -4)": [0.029065067880343274, 0.00474525848403573, 0.004738443065434694, 0.04730559577680625, 0.012240972540697457, 0.10585694609722747, 0.060319149896163826, 0.16852983916144365, 0.024598176937410066, 0.01439360736709053, 0.0], "(0, 2, 0, 7)": [0.0, 0.0, 0.0, 0.0, 0.0, 0.0, 0.0, 0.0, 0.004184766206890345, 0.0, 0.0], "(0, 2, 1, 7)": [-0.010908783413469791, 0.0, 0.0, 0.0, 0.0, 0.0, 0.0, 0.0, 0.0, 0.0, 0.0], "(0, 0, 0, -2)": [0.3042334025840591, 0.13055338392016674, 0.1002443286488902, 0.2968043953949697, 0.19016130142332538, 0.34098818258092745, 0.3005955725505296, 0.31409784193890383, 0.3690688288805206, 0.374918939753609, 0.35115591504544175], "(0, -1, -1, -3)": [0.11065888611474313, 0.0147109194362131, 0.028507248549825615, 0.01641237106909939, 0.021737269523262687, 0.036733858055808394, 0.04153944266424783, 0.0, 0.0, 0.15314796535050967, 0.0575624943688344], "(0, -1, 0, -4)": [0.12270621340671706, 0.1568723702273832, 0.10129511072381281, 0.149049639774437, 0.03628449621979344, 0.1136870080890896, 0.1289387492777228, 0.14560558683912553, 0.15250913154941198, 0.21233123988837554, 0.09301866183876822], "(0, -2, -1, -6)": [0.0, -0.010899988003075123, -0.01090605091303587, 0.0, 0.0, 0.004323514178395271, 0.00439158920198679, 0.007344070003204979, 0.0, 0.0, 0.0], "(0, 0, -1, -3)": [0.0, 0.0, 0.0, 0.0, 0.0, 0.0, 0.009996272046377475, 0.0, 0.0, 0.0, 0.023992198322933166], "(0, -1, -1, -5)": [0.0, 0.04005460623353368, 0.0, 0.018986899883008307, 0.0, 0.0, 0.0, 0.05443750617697815, 0.0, 0.0, 0.1286928170504617], "(0, -2, -1, -4)": [0.02098011639560918, 0.0, 0.0, 0.07599814584701733, 0.0, 0.05968501560675553, 0.0, 0.05056959141815355, 0.0, 0.08621003023900194, 0.14579215896091818], "(0, 2, 0, 1)": [0.0263582210856531, 0.0, 0.01215577874901932, 0.03620201807434065, 0.0, 0.011021152869533458, 0.0144250565286557, 0.06086144373342108, 0.014750904534982574, 0.0, 0.09133128296418927], "(0, 2, -1, 2)": [0.0, 0.0, 0.0, 0.004519365727901459, 0.0, 0.0, 0.0, 0.0, 0.0, 0.0, 0.0089336602976601],