{"q_values": {"(0, 0, 0, 0)": [0.9196882843609593, 0.9163376398407378, 0.9228741424068873, 0.9306511476587066, 0.9137617278890741, 0.9205224427871916, 0.9248663113139347, 0.9192909130103033, 0.8185008751905921, 0.9587943466829969, 0.9282187233183196], "(0, 1, 0, 0)": [0.961308971415556, 0.8806604786183089, 0.8938339137635753, 0.8475700372170224, 0.8960010294167041, 0.8473327141038336, 0.8600131407718108, 0.8866080985825606, 0.8380247733341614, 0.8431122015052944, 0.8727894893642545], "(0, 2, 0, 0)": [0.5454963233206408, 0.9200257937550822, 0.4472178648628639, 0.4661334488344352, 0.4531026494645702, 0.5330313761936002, 0.5553454070924957, 0.4642507356449375, 0.40371155100667044, 0.45873130474607454, 0.4497787579582926], "(0, 3, 0, 0)": [0.1491781057711638, 0.08929509804102351, 0.09597288495540565, 0.10362168960782919, 0.08737241563835373, 0.09484745441981339, 0.08812444232924938, 0.08254803441951801, 0.09224217878596248, 0.09282488382768793, 0.11616258561768991], "(0, 4, 0, 0)": [0.018472753025540377, 0.001421093776438496, 0.001430638776109762, 0.0018389488288964194, -0.0013021812923183981, 0.0017469046854532494, 0.0007403611840154818, 0.001892333845506377, -0.0012214912632893885, 0.0008368466947723261, 0.0017782792526933556], "(0, -2, 0, 0)": [0.47408200513525706, 0.4519588233396289, 0.39369282246002374, 0.42346315790432976, 0.466564809525919, 0.46348171584772574, 0.44606063508388516, 0.468608332305764, 0.40490624406599096, 0.45245486770147864, 0.45454359422930746], "(0, -3, 0, 0)": [0.09544693256670754, 0.09831150930230209, 0.08703330342073755, 0.09450305080661227, 0.07664508462465904, 0.10432880013919393, 0.08859023093398669, 0.07546594114418287, 0.09873102818925784, 0.12939808751293053, 0.10438846389880424], "(0, -4, 0, 0)": [0.0019915981168547614, 0.001686836137566863, -0.002887926936923955, -0.0008436227126060397, -0.0034815600307717704, 0.0025982458829539395, -0.002701832260331818, -0.0008277099376436583, -0.0011947614966842648, 0.01095642408399312, -0.0015489743815524887], "(0, -1, 0, 0)": [0.820841637804897, 0.84625942954908, 0.7993719317083037, 0.8486277848125281, 0.851009638455952, 0.7999861843837005, 0.8200339906404118, 0.8402218809389266, 0.8391171754911845, 0.8304458882391993, 0.9420585777132616], "(1, 3, 0, 0)": [0.03351944056762057, 0.04783755518088769, 0.11872253765652341, 0.044661350248389804, 0.061103479203278695, 0.05018826781980651, 0.038424784683545835, 0.059608425695466344, 0.00589850418718186, 0.0689077767764244, 0.06787712773322269], "(1, 4, 0, 0)": [0.003385930617047823, 0.0026307838412884307, 0.003466254469950251, 0.003245516685546526, 0.001445766933632654, 0.0034898311946173636, 0.001871545302573753, 0.002964622537601134, 0.0028941372608879776, 0.002561212665968572, 0.002894988929912903], "(-1, -1, 0, 0)": [0.897755711810856, 0.9259941311856471, 0.9368508569460311, 0.9288393902664813, 0.9345017804251387, 0.9285454507814946, 0.9305036780942646, 0.8896525160256219, 0.9228117770953693, 0.964334141349535, 0.7722100388430764], "(-1, -2, 0, 0)": [0.4310162365600835, 0.3061144605831394, 0.4998111851235838, 0.38526583289840144, 0.4177470019299132, 0.4308507798202518, 0.309668104974195, 0.5099066115824941, 0.39387360610254896, 0.41898983360026404, 0.7777567028354817], "(-1, 3, 0, 0)": [0.11220462634712361, 0.059153255618877, 0.05357812818799672, 0.05283458818313172, 0.054618036273330055, 0.05944821744008767, 0.06924281382005144, 0.05470329545325893, 0.054185392017465944, 0.05328274922653163, 0.07630112674725309], "(-1, 4, 0, 0)": [0.003920840173360599, 0.011337304430306039, -0.0025911870957976355, -0.0032985579951601467, -0.009283183895844548, 0.0016474811427775286, -0.0023237323164280203, -0.0023350245445995206, -0.0029356794045751985, -0.003787798863197702, 0.0036284604827068823], "(-1, -3, 0, 0)": [0.035402866240576966, 0.022982540979322758, 0.03924366976828741, 0.03921715137708475, 0.0327636307877412, 0.018692513200870228, 0.028160232679865414, 0.0839463231196507, 0.020380158206776695, 0.029041785925682066, 0.011914682833310278], "(-1, -4, 0, 0)": [-0.008240752703958878, -0.008652028067987816, -0.008305685337368907, -0.008042227956804402, -0.008998542838390525, -0.00851048788657735, -0.00019771533388906852, -0.00837573158398504, -0.008665861910945614, -0.008503639428563924, -0.008138649764488295], "(1, 0, 0, 0)": [0.8610264481479076, 0.8406105162056188, 0.8452608365355199, 0.9003084316824876, 0.8579335679626201, 0.865051167191716, 0.8687530207639608, 0.8443035766900142, 0.8262637666176754, 0.8692441950584833, 0.9466022078464071], "(1, -1, 0, 0)": [0.6778255474994102, 0.7000756418426249, 0.6671844266958966, 0.6303208648548104, 0.64898499641467, 0.6563892270249168, 0.6808427061421952, 0.6711977683895844, 0.6995524006152185, 0.7743045581781134, 0.685789910834751], "(1, -2, 0, 0)": [0.23301627296170088, 0.16655321868819817, 0.19077130858364266, 0.26708367625788615, 0.2611981369250802, 0.2917899995377925, 0.21828759582457297, 0.269989025926321, 0.29420036255635296, 0.27703160567712076, 0.3330957308334302], "(1, -3, 0, 0)": [0.06342230443143039, 0.06803777199457751, 0.06233683462127012, 0.061103596386640244, 0.062020096029319224, 0.06900007100316578, 0.06854071548295416, 0.0625235416435024, 0.06314037104983693, 0.08495068111527107, 0.0664269318930927], "(1, -4, 0, 0)": [-0.003670612485608322, -0.002885253043895546, -0.0028184814336786783, -0.0018921146361409041, -0.006774847441131658, -0.003334762577854749, -0.005717226500769361, 0.011311573895624363, -0.002585383015404107, -0.0031751556953124585, -4.073389569555098e-05], "(-1, 1, 0, 0)": [0.508542158374825, 0.7773303566415729, 0.4981978060434871, 0.5289348411798875, 0.47175371587160064, 0.5557922538499002, 0.5183680498997751, 0.508532086375695, 0.6317440425204329, 0.47551128958219513, 0.47376705878580516], "(-1, 2, 0, 0)": [0.1840484220861383, 0.17753238887914186, 0.184330154069244, 0.19541418660834625, 0.17647288764128907, 0.17709480421019239, 0.18525725447543473, 0.17934381531903337, 0.17471965999380462, 0.18259096924943785, 0.18522964960417285], "(1, 1, 0, 0)": [0.949023187273648, 0.8866541124978329, 0.8823749360940363, 0.8448582487397887, 0.8857315049583391, 0.8817824870794274, 0.8697138206041684, 0.8868393014472299, 0.8236721835791155, 0.8553305096094027, 0.8580307880371719], "(1, 2, 0, 0)": [0.24475851318224953, 0.5434913801333248, 0.42693535098263935, 0.26227289508781587, 0.3870409951816668, 0.3748076518901552, 0.35179817502273497, 0.3454275154169908, 0.3929937049800949, 0.42823353528343644, 0.31885416265313976], "(-1, 0, 0, 0)": [0.9612950035233007, 0.8998531605056104, 0.8873417717026, 0.9165312940076924, 0.9230394087159461, 0.9299931864489909, 0.9097443162661712, 0.929226512239733, 0.9232232745706811, 0.9290819487013872, 0.9145715622034359], "(-2, 1, 0, 0)": [0.03976877409061403, 0.10755154814284877, 0.05656334981432928, 0.09263871912474693, 0.06939430997898353, 0.3173757983374985, 0.13284682338670145, 0.05313966545712889, 0.12722990064109985, 0.1545318974137165, 0.009824620025421088], "(-2, 2, 0, 0)": [0.01799507331375627, 0.07309819516707575, 0.05336918184681549, 0.17141524035225672, 0.06827922509520801, 0.07590766005435429, 0.04322022689431144, 0.028232331510790916, 0.07233861197663732, 0.049566087006373424, 0.046093876765066724], "(-2, 4, 0, 0)": [-0.0040983233702267885, -0.004996604822647363, -0.005574038488425242, -0.006018336842907314, -0.0022128328180772306, 0.004339876991151229, -0.004788863151367944, -0.005704891593813897, -0.006487848247066967, -0.0026353865397532746, -0.004468903647114209], "(2, -1, 0, 0)": [0.2833995025812729, 0.22418014453711937, 0.2814086739876318, 0.21388310438222288, 0.27236397086055053, 0.36565043633226013, 0.27557706638950435, 0.24389663156638697, 0.22850298260824645, 0.2704048427562051, 0.47545873582785286],