{"q_values": {"(0, 0, 0, 0)": [0.8915461211900965, 0.8991457136012593, 0.8960134393273265, 0.8955405929767698, 0.8756870603881376, 0.8882506989218764, 0.9028990100911135, 0.8957379408676033, 0.8959466559736693, 0.8880231761407772, 0.8877164714683026], "(0, 1, 0, 0)": [0.7941541173212104, 0.7651172923582398, 0.76966441618125, 0.7678548575983409, 0.7204656088268239, 0.6372541442321665, 0.7722060521961941, 0.672396488513988, 0.7139732815811601, 0.7552790002072266, 0.746365168755484], "(0, 2, 0, 0)": [0.11495575523683457, 0.09058150322229694, 0.09949700139927255, 0.08219685120115447, 0.09533316207096558, 0.10173069882130603, 0.08108701417848128, 0.0930912863346909, 0.08218197071008027, 0.07368815319083828, 0.08758184020471346], "(0, -1, 0, 0)": [0.7490768555301275, 0.8517349486364223, 0.762477266313833, 0.781750927553347, 0.7524971338648315, 0.8183862952654382, 0.7313992215843328, 0.8425743317613406, 0.8395304484016591, 0.8226657818237415, 0.8084671607078944], "(0, -2, 0, 0)": [0.11879981812162663, 0.12448943904767441, 0.13151227038209065, 0.09748887929215022, 0.10786958262222493, 0.11384167566974715, 0.12044848321101372, 0.10264099616410408, 0.1146480286256586, 0.1354607902955435, 0.11634429849374589], "(-1, -1, 0, 0)": [0.18096391051361915, 0.05522282757102225, 0.060535599248493194, 0.06764271208954462, 0.06639841679571076, 0.054860752438011, 0.04986646828336488, 0.037354903989243925, 0.042421930962830603, 0.09396139686568178, 0.04784344623477671], "(-1, -2, 0, 0)": [0.0032105638292296984, 0.004718877763303856, 0.0024373425117217382, 0.0, -0.0002495871517658164, -0.0005244220635437277, 0.003569775912937782, 0.0021082915805087695, 0.008954265074630837, 0.005364650447428735, 0.006958491216163191], "(-1, 1, 0, 0)": [0.02522978535313329, 0.020207668434982524, 0.02651147032475267, 0.0456531264910299, 0.032680625640205775, 0.006937907842856275, 0.01672075873362919, 0.017528333485067212, 0.024820390907486268, 0.02462569377242532, 0.019349993608331444], "(-1, 2, 0, 0)": [0.00836202442187967, 0.0052471401300821716, 0.0019422775992272373, 0.0065251884609553125, 0.008350983980901096, -0.001298230646259208, 0.003746656074490703, 0.0038241413253571875, 0.004485933984450712, 0.006259581639074457, 0.006851100278553674], "(-1, 0, 0, 0)": [0.008457670778051898, 0.022752809181492847, 0.006239391358088172, 0.010218346483528148, 0.04131711411737549, 0.0087952409227601, 0.005054522971897359, 0.0, 0.029262556618947704, 0.007177880057311398, 0.023020470797515735], "(1, -1, 0, 0)": [0.07680357717152467, 0.07514466243766152, 0.11400599138219916, 0.06768576872094, 0.06154485042932076, 0.07058963365048572, 0.04624390988664602, 0.08955902145900417, 0.06989288472279394, 0.06737456033879628, 0.08739408821819246], "(1, -2, 0, 0)": [0.0, 0.0, 0.005870284152657449, 0.0, -0.00019713777881612965, 0.0028535314029199854, 0.003943134263196427, 0.0018625037321725432, 0.003984097905046969, 0.0024561763073949637, 0.003996066152616103], "(1, 0, 0, 0)": [0.14003771152799244, 0.17606828644247155, 0.1706198990330333, 0.19952813787392132, 0.1774458388265875, 0.188407848522991, 0.15009284255960875, 0.16996217923679074, 0.20594650924014957, 0.19464594721731734, 0.077365024405966], "(1, 1, 0, 0)": [0.09702584399173989, 0.04560172723700356, 0.04991093434959973, 0.03313248788551844, 0.047653136746845584, 0.05877371242084348, 0.0403822247849997, 0.02341194699087597, 0.04890788889229052, 0.04776739264262514, 0.06412194791637413], "(1, 2, 0, 0)": [-5.727027107972583e-05, 0.002024006908751266, 0.0, 0.0, 0.0, 0.0, 0.002048556804648774, 0.0017261902996489546, -0.0032864827662706375, 0.005279293076804303, 0.0], "(2, 0, 0, 0)": [0.0, 0.005439226866999349, 0.0, 0.02532289368479013, 0.005350698496607694, 0.005442920212933502, 0.0019378985011630806, 0.01208989022322586, 0.0, 0.0, 0.005441177056470594], "(2, -1, 0, 0)": [0.0, 0.017347127679234617, 0.0019119341570425193, 0.0019032771877485674, 0.0, 0.0019148267518270176, 0.0, 0.0, 0.0, 0.0, 0.002956496489862911]}}