{"q_values": {"(0, 0, 0, 0)": [0.9446370698991625, 0.9488376617532002, 0.9484032202176615, 0.9475769165608177, 0.896092478690917, 0.9488055439568234, 0.9438888049931032, 0.9485573513367719, 0.9540998590638737, 0.8137278186904326, 0.948232975260355], "(0, 1, 0, 0)": [0.9013384745849353, 0.9120446676066398, 0.9245776784396487, 0.9178365922760324, 0.918683979331771, 0.9148924147439517, 0.9194656153498194, 0.92385361040249, 0.9054584419839152, 0.9067991721037855, 0.9191467408836665], "(0, 2, 0, 0)": [0.869195392040045, 0.5580161691805657, 0.6136701725528311, 0.6028102549350548, 0.5013389676591842, 0.5795356929590597, 0.5829828446639426, 0.5682108816149568, 0.5136850127497135, 0.5376115316765527, 0.4853727590137892], "(0, 3, 0, 0)": [0.13720118865309142, 0.1213272568259547, 0.13151056994904128, 0.12818480471718613, 0.12897021115657475, 0.12558930247318512, 0.13584230599473684, 0.11231951354296212, 0.1279054288007494, 0.1275150327697079, 0.12724524434437257], "(0, 4, 0, 0)": [0.006412195923758266, 0.0025929631523593536, 0.003328390542325573, 0.005728064226583479, 0.004519816477419806, 0.004172520005777445, 0.00580284274531108, 0.006056551080217792, 0.004967518563309107, 0.005741765705455222, 0.0026111613747211992], "(0, -2, 0, 0)": [0.40237605820097905, 0.4231934444498537, 0.40206720035660215, 0.3977366660695816, 0.41390456095869843, 0.3943747234300805, 0.41780023767716984, 0.4114166166973916, 0.40490624406599096, 0.5304647507496912, 0.4286443921920581], "(0, -3, 0, 0)": [0.09061259308968878, 0.08865904527352592, 0.07829986001185885, 0.09450305080661227, 0.08963405067623341, 0.08279900016240722, 0.08859023093398669, 0.07546594114418287, 0.08279013551808158, 0.09273470515270504, 0.16492653119851036], "(0, -4, 0, 0)": [0.0019915981168547614, 0.0026535331852019783, -0.002887926936923955, -0.0008436227126060397, 0.0011137572375517612, 0.0025982458829539395, -0.002701832260331818, -0.0008277099376436583, -0.0011947614966842648, 0.011321082404646238, -0.0015489743815524887], "(0, -1, 0, 0)": [0.812107555582279, 0.8738327316296052, 0.8180946593666932, 0.856116351438912, 0.8640638591625309, 0.8069644293036979, 0.8696219156397433, 0.865891751826578, 0.8580919070778567, 0.879693604398246, 0.9176764593515908], "(1, 3, 0, 0)": [0.012878097816668155, 0.04783755518088769, 0.07760822503883984, 0.044661350248389804, 0.07876834685005782, 0.05018826781980651, 0.01811125321420266, 0.07085409425661524, 0.00589850418718186, 0.07423177047617907, 0.02571300838719537], "(1, 4, 0, 0)": [0.006776016422367954, 0.006895495224525284, 0.0067965180922826786, 0.006899543697539156, 0.005556206652992375, 0.0067427788074973126, 0.0057637991512638, 0.006852516726553851, 0.004092459481355997, 0.00875597723379157, 0.005493393673622279], "(-1, -1, 0, 0)": [0.9266415440796621, 0.9264131700275865, 0.9323396029639328, 0.9316445558200479, 0.932262553833573, 0.935161807325192, 0.9321816657702467, 0.915812830610461, 0.9262770630409748, 0.8015171204406408, 0.9344100898119451], "(-1, -2, 0, 0)": [0.33532237819182836, 0.3061144605831394, 0.5146227848272908, 0.3674086671379631, 0.21193097680347275, 0.4809066023816878, 0.309668104974195, 0.4755747093509741, 0.1900794641539881, 0.044481827465482335, 0.6258979765411459], "(-1, 3, 0, 0)": [0.0699402152696237, 0.054270191706051366, 0.05357812818799672, 0.05283458818313172, 0.054618036273330055, 0.0540684115613968, 0.05111153391955299, 0.05470329545325893, 0.054185392017465944, 0.05328274922653163, 0.05580492887789736], "(-1, 4, 0, 0)": [0.004519564821757596, -0.004398887659048577, -0.0025911870957976355, -0.0032985579951601467, -0.006152025434248557, -0.00502352483249792, -0.0023237323164280203, -0.0023350245445995206, -0.0029356794045751985, -0.003787798863197702, -0.002735441487587465], "(-1, -3, 0, 0)": [0.035402866240576966, 0.022982540979322758, 0.040316709553437316, 0.04461541764809038, 0.0327636307877412, 0.018692513200870228, 0.028160232679865414, 0.03932133899528098, 0.020380158206776695, 0.029041785925682066, 0.011914682833310278], "(-1, -4, 0, 0)": [-0.008240752703958878, -0.008652028067987816, -0.006175970391983229, -0.0074631383805962405, -0.008998542838390525, -0.00851048788657735, -0.007902235845697232, -0.00837573158398504, -0.008665861910945614, -0.008503639428563924, -0.0064121627420283475], "(1, 0, 0, 0)": [0.8802439129822909, 0.9074438335539166, 0.9148038048121305, 0.8733085089787859, 0.8973239706152903, 0.8873300519447438, 0.8659098455378251, 0.8529679236718627, 0.8021466316929953, 0.9613701376597908, 0.9079533774529749], "(1, -1, 0, 0)": [0.5875893114315374, 0.5961234468020999, 0.5651950271112748, 0.6074313268083549, 0.5945773217766239, 0.5754923386864199, 0.604578065961617, 0.5927640099245259, 0.7150835793141124, 0.6364613657850279, 0.6139545937260955], "(1, -2, 0, 0)": [0.2285299330892238, 0.16655321868819817, 0.19077130858364266, 0.22499766306085572, 0.18646088748718453, 0.21042794123619651, 0.2270691160622524, 0.2287473193550956, 0.2069191139491092, 0.23510968819537748, 0.22491388819732977], "(1, -3, 0, 0)": [0.06342230443143039, 0.06390881732195472, 0.06233683462127012, 0.061103596386640244, 0.062020096029319224, 0.06255197311234696, 0.07119016547548761, 0.0625235416435024, 0.06314037104983693, 0.07946439062934474, 0.0664269318930927], "(1, -4, 0, 0)": [-0.003670612485608322, -0.007398824407380075, -0.0028184814336786783, -0.0018921146361409041, -0.0029887592521990174, -0.003334762577854749, -0.0016828770879158171, 0.0017063405359334172, -0.002585383015404107, -0.0031751556953124585, 0.01321461357458648], "(-1, 1, 0, 0)": [0.8225448862624403, 0.6005664707521143, 0.5488905723448707, 0.5946837748433936, 0.5224767007890896, 0.6331544566433231, 0.5524494255313516, 0.6051398643330714, 0.5906490196870129, 0.5684029966673786, 0.6196779683030517], "(-1, 2, 0, 0)": [0.17842227811009972, 0.31168704074717246, 0.184330154069244, 0.1839575990670609, 0.19000957051771977, 0.1947063908229301, 0.1983382901070012, 0.1981460376623878, 0.19972404538256747, 0.18259096924943785, 0.18522964960417285], "(1, 1, 0, 0)": [0.9590621453614835, 0.9165050239815065, 0.8513026575169966, 0.9198810834164951, 0.9197963641606482, 0.9111452331450689, 0.9111825460035385, 0.9098068020732889, 0.8908164815889597, 0.8925884464137464, 0.8915432200511225], "(1, 2, 0, 0)": [0.20671917385207794, 0.363431461090653, 0.5992835944081732, 0.18340526442696115, 0.3764746011398707, 0.38168846912227966, 0.28336734049944456, 0.2892149582992283, 0.33342064718185305, 0.3915062416633748, 0.326287944466596], "(-1, 0, 0, 0)": [0.8521070105088562, 0.8981796267426738, 0.8991553333953116, 0.9106288556253029, 0.8925697342886681, 0.9114746508435212, 0.8837250588101089, 0.9001834960909562, 0.879670941683678, 0.9087521928355212, 0.893637545976683], "(-2, 1, 0, 0)": [0.03976877409061403, 0.10755154814284877, 0.05656334981432928, 0.09263871912474693, 0.06939430997898353, 0.16728290713936184, 0.10154827593632162, 0.05313966545712889, 0.12722990064109985, 0.1545318974137165, 0.009824620025421088], "(-2, 2, 0, 0)": [0.01799507331375627, 0.05172642723613754, 0.05336918184681549, 0.07194897852582294, 0.06827922509520801, 0.06616187802498899, 0.04322022689431144, 0.028232331510790916, 0.07688140143897697, 0.049566087006373424, 0.046093876765066724], "(-2, 4, 0, 0)": [-0.0040983233702267885, -0.004996604822647363, -0.005574038488425242, -0.006018336842907314, -0.004061084988936581, -0.0030364853564657478, -0.004788863151367944, -0.005704891593813897, -0.006487848247066967, -0.004913279561299718, -0.0035221148595514003], "(2, -1, 0, 0)": [0.2589429840742307, 0.2511262434914226, 0.26527245748277356, 0.2663327522799902, 0.2878130939139898, 0.27893395987097347, 0.2257127389590814, 0.25709989028922864, 0.24913341895903213, 0.2836622171053263, 0.3413660635022784], "(2, -2, 0, 0)": [0.07820704673587889, 0.07632598532491579, 0.0848578362774302, 0.07334359929239707, 0.0, 0.07625935363754796, 0.07566522241353979, 0.09834486912735627, 0.06331176537098868, 0.04743447524596807, 0.08852625926235581],