{"q_values": {"(0, 0, 0, 0)": [0.7278206259048947, 0.7312027049228372, 0.7307648956534418, 0.7577649140116971, 0.6967268941716233], "(0, 1, 0, 0)": [0.7127197365438585, 0.6508923293494289, 0.6500959355606675, 0.6324513002126505, 0.643008862660992], "(0, 2, 0, 0)": [0.07202142615926907, 0.04392736463294, 0.08236778908261366, 0.044317825343320176, 0.06208723014794334], "(0, -1, 0, 0)": [0.5573869413215193, 0.5871519488707955, 0.5780671008924894, 0.603651605243338, 0.6785708862593921], "(0, -2, 0, 0)": [0.08275823936667147, 0.04836535190217238, 0.07241290128138943, 0.09981141264385268, 0.10743794830200776], "(1, 0, 0, 0)": [0.5670842638790338, 0.6106565127384841, 0.5651416258287784, 0.6107006355053111, 0.6293591064122027], "(-1, -1, 0, 0)": [0.4377933228036847, 0.340471869862759, 0.47920975323564385, 0.416495936575449, 0.599547640747753], "(-1, -2, 0, 0)": [0.07607031983905262, 0.09129074773390422, 0.115865999151428, 0.08754239831007309, 0.22659332772837873], "(-1, 0, 0, 0)": [0.5088098662964342, 0.5093434937196021, 0.50474511773579, 0.5382729215009165, 0.49630129505423315], "(1, 1, 0, 0)": [0.6868682534764191, 0.6423646966614229, 0.6307885069423309, 0.6509628879422644, 0.650521013485231], "(1, 2, 0, 0)": [0.16303102808798178, 0.06539592068380781, 0.09801484326762769, 0.09850542732878845, 0.04538205878389459], "(-1, 1, 0, 0)": [0.5106269324362143, 0.4534227098574348, 0.48034077071026493, 0.4574539513927822, 0.47321333525924514], "(-1, 2, 0, 0)": [0.034796519174239225, 0.01328067278198845, 0.013003713024402718, 0.012030918670446419, 0.013749086590407248], "(1, -1, 0, 0)": [0.44924596479008594, 0.3941551083661303, 0.40541535220171404, 0.4443315603849622, 0.4492275309795037], "(1, -2, 0, 0)": [0.005954824096412203, 0.03713044874463985, 0.009319974457398288, 0.0029219325822504357, 0.004399036088628851], "(-2, 2, 0, 0)": [0.024326511712650805, 0.018916673441882918, 0.014742121007893438, 0.014730150648101991, 0.011137086286486252], "(-2, 1, 0, 0)": [0.2805183881116253, 0.2501230055886405, 0.2586755766480703, 0.25706351854016035, 0.2321375141538454], "(-2, -2, 0, 0)": [-0.0043562397360801695, 0.01242765520664319, 0.007389304493249187, 0.0, 0.0], "(2, -1, 0, 0)": [0.2871756121655409, 0.34024582297973394, 0.30234205530710234, 0.284842425731115, 0.3965824066819065], "(2, -2, 0, 0)": [0.003994692261063755, 0.01070171374735814, 0.008216999039809552, 0.0004634909824689313, 0.005566159048746259], "(-2, 0, 0, 0)": [0.2907546963170987, 0.3225752828349578, 0.2524662256875034, 0.2546648593350042, 0.21656442461136868], "(-3, 1, 0, 0)": [0.0, 0.025637616068817363, 0.04410115735809214, 0.06892083718190373, 0.043207089477742926], "(-3, 2, 0, 0)": [-8.839348656077602e-05, 0.0015836060909290876, 0.0001031351292709779, -0.004571176956051375, -0.0013923914453098543], "(2, 1, 0, 0)": [0.52162997246736, 0.09109969124646095, 0.0, 0.11719299617333898, 0.028871650469497467], "(2, 0, 0, 0)": [0.5849415713955651, 0.3222021107894906, 0.24694323826254128, 0.3833198415905851, 0.3772983808741645], "(-3, 0, 0, 0)": [0.06581225453235497, 0.05954925177781596, 0.13368158676240352, 0.0483456909819067, 0.0645135384844811], "(-2, -1, 0, 0)": [0.11019367499249487, 0.06784020377956057, 0.0614720418440354, 0.04328167892513018, 0.054708699475361604], "(-3, -1, 0, 0)": [0.079840256172352, 0.0, 0.0, 0.010703358506400314, 0.014145150379240341], "(-3, -2, 0, 0)": [0.012497853681929808, 0.0, 0.005564506555544577, 0.0, 0.004610109451953786], "(3, -2, 0, 0)": [-0.004398506134748459, -0.0009422953449612177, 0.003244380012932798, -0.0008120033714233621, 0.0015219535230329494], "(3, -1, 0, 0)": [0.06841430911033992, 0.012244383093256699, 0.0, 0.009857819850717223, 0.015201986861616532], "(3, 0, 0, 0)": [0.026374047956586634, 0.0, 0.0, 0.0, 0.0], "(2, 2, 0, 0)": [0.001786985993385315, 0.2393448283157633, 0.0, 0.0, 0.0]}}