{"q_values": {"(0, 0, 0, 0)": [0.8389947644693555, 0.8402478895558645, 0.8193646138114825, 0.8387458231625327, 0.8547733701783325, 0.8441632314752023, 0.8006016000986218, 0.7876798474329707, 0.8399493874193237, 0.8566519114395762, 0.8427054949277011, 0.8165479276783086, 0.8502640733526691, 0.8501680038910207, 0.8547905992152915], "(0, 1, 0, 0)": [0.8766308970417623, 0.726932835741401, 0.7659499864563261, 0.7772646750710009, 0.7456062831058602, 0.7482815288343362, 0.7270799680172578, 0.7690839025057365, 0.7746236735342525, 0.774394415350359, 0.7740285228073612, 0.750062953350746, 0.7761645807315398, 0.7649880998231996, 0.7624346435120288], "(0, 2, 0, 0)": [0.6218693352439754, 0.6786202248202796, 0.59931189455698, 0.6055468397916862, 0.6278430807299313, 0.605841148476882, 0.5968794364057805, 0.5836736922023417, 0.6201285032103795, 0.6103090669435074, 0.5879688655858784, 0.5746127621788308, 0.6047996357263483, 0.5660610318930215, 0.6097827735902632], "(0, 3, 0, 0)": [0.23652922155238915, 0.2593197934421895, 0.4411096143811037, 0.2291320994935761, 0.2585402726710139, 0.2280025410470293, 0.2651711998797587, 0.2215066270284891, 0.23895594770063516, 0.24864176127835302, 0.24879756907041534, 0.27476737852424715, 0.23081126954698145, 0.24163885674372837, 0.25405504619830166], "(0, 4, 0, 0)": [0.023198068760180046, 0.02433502000810493, 0.026922290637374356, 0.016357213277751564, 0.010434547317901102, 0.00605114294398991, 0.017276853682782964, 0.026502600788373864, 0.027252958977715035, 0.02548268599001694, 0.0278943829451229, 0.025558500182823407, 0.02235650173498499, 0.022961335786786774, 0.015010485771186766], "(0, -2, 0, 0)": [0.7096759867220291, 0.7273124149879961, 0.7018037951918574, 0.7263332789712516, 0.7190871296289504, 0.7166526727345389, 0.7066076007759308, 0.7041970952569891, 0.7239172914893179, 0.7253506677542908, 0.7141875024377878, 0.7037451553004221, 0.6915490335605157, 0.799763105189568, 0.6894079542691973], "(0, -3, 0, 0)": [0.3850299446051243, 0.3485451814378626, 0.3717143907188247, 0.40135313021760227, 0.35345065655521124, 0.342204486069867, 0.32891751648014406, 0.3546578915911415, 0.37155852629214087, 0.3507582319158177, 0.39134939199571717, 0.3672099084015901, 0.6583386516323165, 0.3964886120985909, 0.3634036360818893], "(0, -4, 0, 0)": [0.06572846702499117, 0.02125930239524252, 0.08804656479638286, 0.028575807743025303, 0.06712142039524265, 0.07984105078961047, 0.029920454486373968, 0.04833551514393996, 0.04769484415855898, 0.09105523174078292, 0.03095023852244804, 0.057738108073097455, 0.08856902177588241, 0.07546724509327131, 0.29573737218895324], "(0, -1, 0, 0)": [0.8176912368743087, 0.8331400255093621, 0.8324632547084706, 0.8217277031236133, 0.8326387652976485, 0.8327944484657025, 0.8106556985387067, 0.8273470068030179, 0.823835808561837, 0.8236917452748921, 0.7974351465452856, 0.8273630559766902, 0.7848496589036821, 0.7725877220126468, 0.8261784125645488], "(-1, -4, 0, 0)": [0.001474712592481428, 0.010714927000857119, 0.0021673060637356035, 0.008993173706418018, 0.003601626017297103, 0.011331487440043034, -0.0026099032631752986, 0.003376865189801866, 0.00215519508565026, 0.0030818642831705627, 0.04046543466536779, -0.00044675790973112885, -0.002694606156489405, 0.003951403829680485, 0.0031486996667134236], "(1, -1, 0, 0)": [0.6951080917582516, 0.6965412213541127, 0.6982698983952663, 0.6894140994404117, 0.6954035200444982, 0.698470628108173, 0.7005623361105947, 0.6675972989430476, 0.6780148952877829, 0.7010656044602125, 0.6776335778167898, 0.6945744629894567, 0.6930853085178448, 0.6689312405693075, 0.8245114235648037], "(1, -2, 0, 0)": [0.4905550377796232, 0.4882111562905615, 0.4609673021472166, 0.4509855812027349, 0.4594895182192891, 0.5292461721323432, 0.5086292133268716, 0.5140892094852383, 0.4819159071945362, 0.47434129698291055, 0.46592973936662757, 0.4711889765173691, 0.5098510548250095, 0.5332639440014537, 0.7127447042585888], "(1, -3, 0, 0)": [0.09671675561790588, 0.09815369134140774, 0.08861815034150636, 0.0969698766645552, 0.09955283700231603, 0.04590220143498811, 0.09977421018931054, 0.10529322597720565, 0.06322429929651505, 0.09968524439809684, 0.09641299717292091, 0.08398542474992982, 0.09179154238638174, 0.09478461761713897, 0.07377853036346692], "(-1, 0, 0, 0)": [0.4161077949685783, 0.3507369785550935, 0.4308318149648833, 0.34840133328171574, 0.28003711153516586, 0.382737418737758, 0.19238621373055503, 0.28153338058847366, 0.4119325904530222, 0.36757184680789706, 0.36023053855738374, 0.3553714049356014, 0.44558763689111974, 0.40673746747674777, 0.50455817906189], "(-1, -1, 0, 0)": [0.10047562719775102, 0.12457855385719571, 0.08853999111816768, 0.13337133429067644, 0.14895116896657823, 0.18905702284300382, 0.257383221099009, 0.17972874337966613, 0.10268949210309283, 0.12180242141165305, 0.07137431532678902, 0.1559258534361053, 0.0917022607686365, 0.1151583540936229, 0.09986990184372883], "(-1, -2, 0, 0)": [0.11840556719239619, 0.06641344377742273, 0.06673587623518466, 0.04969075341624822, 0.06627385375391918, 0.03527640320521916, 0.08347491180246257, 0.04738506509330245, 0.05235814845886295, 0.059530133270438976, 0.07467182205221709, 0.06575354957222607, 0.07089894791827353, 0.07675679471544351, 0.07316496239957311], "(-1, -3, 0, 0)": [0.042288250052495875, 0.0137071292753479, 0.03877163031095392, 0.041111772986210014, 0.04099481225444959, 0.021159276199206906, 0.029502977869914793, 0.03846009021571459, 0.019157584096389024, 0.04230615327686209, 0.08925984170421336, 0.040898031353472586, 0.037105250995361896, 0.01820654812031218, 0.03180567885451614], "(-1, 1, 0, 0)": [0.4574123287530351, 0.46896578513097126, 0.4617136068062754, 0.4502798500964193, 0.4397209076728958, 0.42518696857235194, 0.471574249125433, 0.4609288729009971, 0.4613434707277309, 0.46547236991134866, 0.4729386120727702, 0.4530751583087558, 0.4671709323214194, 0.42936531275200523, 0.46265295175733195], "(-1, 3, 0, 0)": [0.15889569872810816, 0.2377989695245586, 0.1664091423670965, 0.15972608987348902, 0.1493355687049435, 0.17065706878705106, 0.16025486901041722, 0.16163651430210554, 0.16110124339906856, 0.16950832263961582, 0.1667376304726416, 0.14996408786861104, 0.15500718071037445, 0.15047944413944261, 0.161982327421829], "(-1, 4, 0, 0)": [0.014731935162161265, 0.026664050288513513, 0.017502469509602516, 0.02179384880600848, 0.01810992464638478, 0.007398252535546404, 0.01909225546144412, 0.018104259853670673, 0.018448810529495995, 0.01519757518492539, 0.017826831642521503, 0.011863118922876715, 0.01856790346246687, 0.015015256576678543, 0.006297006086148951], "(-1, 2, 0, 0)": [0.3472448406551783, 0.44206379828298237, 0.33880530091654765, 0.3381029973874696, 0.3346077150025051, 0.3317645391096037, 0.3628510570553285, 0.3376358906134631, 0.33994620524823643, 0.3522898972093552, 0.39895637160833425, 0.34015526222011755, 0.33650645164489273, 0.35727122452718685, 0.3477886983922983], "(1, 0, 0, 0)": [0.7574834241434043, 0.7944665033058155, 0.764025811688252, 0.7932158633057133, 0.7813842993575808, 0.8128961576923107, 0.7754736394956107, 0.7610349777482912, 0.7611348595653505, 0.7958501637661427, 0.7910850861108888, 0.743151164513399, 0.7442841801201114, 0.7622451470886173, 0.8551545634869521], "(1, -4, 0, 0)": [-0.0052294194999910875, 0.0023399674046240583, 0.0007316539942651681, 0.0029690644806034975, -0.0004622124197772486, 0.001110343002113102, 0.000994279341229024, 4.3238907917831325e-05, 0.0005456692984859238, -0.005394528792625496, -0.0010622738238996775, 0.0013569558057746215, -0.0003750985920141503, 0.0006736784231891292, 0.02778482603262128], "(1, 2, 0, 0)": [0.6344488928383298, 0.6362588356352935, 0.6897948804981937, 0.5618497111405447, 0.5342975894546892, 0.5698104331936638, 0.5851470836999265, 0.6278931217766978, 0.6343281987404956, 0.5627059298789934, 0.6491930958380796, 0.5400517263522117, 0.5878851369005096, 0.6311641689668926, 0.6310190942051327],