{"q_values": {"(0, 0, 0, 0)": [0.9733849862685302, 0.9765752599629607, 0.9817084438300595, 0.9844258816160333, 0.9756356500033555], "(0, 0, 0, 1)": [0.9839567647283384, 0.9797911640692311, 0.979451348494716, 0.9713870456413449, 0.9477202481073095], "(0, 0, 0, 2)": [0.978316345802892, 0.9463967093002656, 0.9386542241608266, 0.9180933732724512, 0.8706757565015346], "(0, 1, 0, 2)": [0.8220172353003793, 0.7475186360054521, 0.6040124008837456, 0.5340361894086203, 0.40766778226281736], "(0, 1, 0, 3)": [0.37282403409755605, 0.3924714423192558, 0.32373789575303646, 0.2849540727434653, 0.3137335274163042], "(0, 1, 0, 4)": [0.26030913800700733, 0.2586334299842078, 0.26122882544810955, 0.2401674483211557, 0.19146815896751798], "(0, 1, 0, 5)": [0.15160585244418567, 0.11471500479802134, 0.1322473242156598, 0.10097605364612938, 0.08166369908569143], "(0, 2, 0, 5)": [0.05097231121135661, 0.03635222852795807, 0.03780762696682863, 0.025249453817135722, 0.021442621080510146], "(0, 2, 0, 4)": [0.08864851013207274, 0.0827054274074463, 0.06836962277739372, 0.05000350615274867, 0.03896630570212231], "(0, 2, 0, 6)": [0.007727022588054916, 0.012113497488428911, 0.009947930476781542, 0.007515810345521257, 0.0076871071820663675], "(0, 3, 0, 5)": [-0.013382885056323965, -0.01339084747380374, -0.012451272099527755, -0.012455545801139455, -0.012457485592018943], "(0, -1, 0, 1)": [0.9770882968495118, 0.9800752388531198, 0.9815739441423674, 0.9835366112563455, 0.9802802565341721], "(0, -1, 0, 0)": [0.9444066228410148, 0.9669110605143305, 0.9799755188357521, 0.9813092061426363, 0.9840291684316048], "(0, -1, 0, -1)": [0.7051271657146561, 0.7920153487681674, 0.9063231453158078, 0.9603321115406497, 0.9771997534766839], "(0, -1, 0, -2)": [0.4403848632541898, 0.5224708645236342, 0.6828263062853047, 0.7812203503773071, 0.9275134377964122], "(0, -2, 0, -3)": [0.11740657231895095, 0.10681788334837443, 0.14181441020929428, 0.1423716727032874, 0.17807071540381494], "(0, -2, 0, -5)": [0.03560744159930695, 0.027949511149093925, 0.039275620204402076, 0.04225774532144927, 0.04102525437969228], "(0, -2, 0, -4)": [0.04136596952967506, 0.07416935881568365, 0.08753519489202186, 0.07727344680712134, 0.10652814486515838], "(0, -2, 0, -6)": [0.006936885371107376, 0.01179929426051511, 0.015992043083495062, 0.01597875526995346, 0.03574622020855001], "(0, -2, 0, -7)": [0.003193326933619206, 0.005142015250279747, 0.0059255709604691675, 0.0026638369431745477, 0.004147335241777595], "(0, -2, 0, -8)": [-0.002531713561585765, -0.0008947345302410623, -0.00293683199765101, -0.0018521284435140165, 0.004409087013248946], "(0, 1, 0, 0)": [0.9840060446643719, 0.9826420395844624, 0.9823676725916166, 0.968610427814039, 0.9425821041673657], "(0, 1, 0, 1)": [0.9839912489081047, 0.9407523488163774, 0.9651348254556744, 0.8464911188844585, 0.7904580409263344], "(0, 2, 0, 7)": [-0.0008243810226407516, 0.0006284056409783731, -0.00026790506146573504, 0.0007785563988703488, -0.000665052345846303], "(0, 2, 0, 8)": [-0.00795306831341825, -0.002950015873702034, -0.0071246783012770196, -0.006815518015438933, -0.007816772755623551], "(0, -1, 0, -3)": [0.30441615856281845, 0.419418520762965, 0.425234413409932, 0.40337202224375723, 0.6061829757810405], "(0, -1, 0, -4)": [0.2978794716922815, 0.27705231320119633, 0.29086717870621803, 0.290342534180756, 0.29077174872338457], "(0, -1, 0, -5)": [0.11862514098047684, 0.20192602423056633, 0.22081728838290107, 0.20971844330984968, 0.21432742415733372], "(0, 0, 0, -1)": [0.9657419681529831, 0.9545870867456454, 0.9652506226693125, 0.9780099806054741, 0.9840137074647999], "(0, 0, 0, -2)": [0.9157705404994391, 0.9139750293425014, 0.9505195455603563, 0.9600555735646888, 0.972453499285335], "(0, 0, 0, 3)": [0.9025076545290327, 0.4895029030199051, 0.34570064810019646, 0.3401456219082157, 0.24223516198975598], "(0, 2, 0, 3)": [0.1483141987306349, 0.14697203734801195, 0.1487115936973054, 0.14577982239092474, 0.09383194575931333], "(0, 1, 0, -1)": [0.978378405069691, 0.9811160152439593, 0.9838956839615003, 0.981054215760913, 0.9809538399178084], "(0, 1, 0, -2)": [0.011697120923789153, 0.11276972695551238, 0.965852437735698, 0.10127793452808131, 0.1371231714833462], "(0, -1, 0, 2)": [0.7476263734174592, 0.9821013053610114, 0.8191193751697485, 0.49974146364028477, 0.5227449549814804], "(0, -2, 0, -9)": [-0.00146510270871877, -0.004947690733395296, -0.006474145175549563, -0.006896897353485374, -0.0052463797427588], "(0, 0, 0, -3)": [0.10841065936541952, 0.3442877417027544, 0.3128120773414283, 0.9116362658546534, 0.32961884318994883], "(0, 3, 0, 7)": [-0.005932178288698197, -0.008965027150642128, -0.005936455627903342, -0.005934825001284481, -0.005940222326666116], "(0, 0, 0, -4)": [0.0067643868353461055, 0.039124251984725626, 0.003213284669203872, 0.04589234726902548, 0.21802504098721204], "(0, -1, 0, -6)": [0.028807746775861464, 0.022031982574948657, 0.03273983091225006, 0.052729255099350184, 0.22218719884168953], "(0, -1, 0, -7)": [0.00902681740626721, 0.0022157731130174833, 0.011731406503417184, 0.03875510017403031, 0.0011375301212523381], "(0, -3, 0, -7)": [-0.00753599199615419, -0.00753515569511801, -0.007532383809052408, -0.007529421495832502, -0.00896398792674765], "(0, 1, 0, 6)": [0.11508714655875277, 0.009550268407119183, 0.035186427644746804, 0.009262819703736122, 0.006443725355041743], "(0, 1, 0, 7)": [0.004110249645329903, 0.005860269582573924, 0.0, 0.0, 0.001894521494023502], "(0, 1, 0, 8)": [0.0010426691776141525, 0.0, 0.0, 0.0, 0.0], "(0, 2, 0, 9)": [-0.007337185234953862, -0.008325811249288623, -0.008437282294965022, -0.0070921018480774745, -0.007813182281046317], "(0, -2, 0, -2)": [0.20216018743374237, 0.21301360021364604, 0.25773688750205953, 0.2596341862729936, 0.26852508180933776], "(0, -2, 0, -1)": [0.11010920851695066, 0.24807897800356044, 0.14301194028873984, 0.10113445299465923, 0.1194841060233762], "(0, 2, 0, 2)": [0.3205854826013625, 0.32345198035313366, 0.2812056608308117, 0.2753426240448969, 0.23254756430615797], "(0, 0, 0, 4)": [0.03269470866269185, 0.21091804541797593, 0.06950419525593293, 0.06909783172159717, 0.022264777545761373], "(0, -3, 0, -6)": [-0.01502053981418504, -0.015017284087233108, -0.015015939526726486, -0.015010548421574095, -0.015008167581943453], "(0, 0, 0, 5)": [0.0, 0.0, 0.0, 0.011394351388244026, 0.002474981667448537], "(0, 0, 0, -5)": [0.003045801583348206, 0.0, 0.0, 0.0, 0.0], "(0, -1, 0, 3)": [0.0, 0.001774967615854871, 0.09019487091873425, 0.0009832593612372875, 0.0221980370392151], "(0, -1, 0, 4)": [0.0, 0.005701448720575185, 0.0, 0.0, 0.0], "(0, -3, 0, -9)": [-0.002196987718343735, -0.0021947821602225303, -0.0021954622119665147, -0.004167320542037487, -0.0021944431588053702], "(0, 2, 0, 1)": [0.25018805860165466, 0.32753778684082296, 0.277329089458356, 0.23828871159613582, 0.28983532017229413], "(0, 3, 0, 8)": [-0.004166531749069691, -0.004165773484855891, -0.00416425408795476, -0.0041668122634291645, -0.004167663305997849], "(0, 3, 0, 6)": [-0.010249091374043375, -0.008957799996696414, -0.010252651111926884, -0.0089640845573321, -0.010256645224787295], "(0, -3, 0, -5)": [-0.011410393283106016, -0.012452295325628929, -0.01245092344191732, -0.01244636749562202, -0.012441149909012095], "(0, -3, 0, -8)": [-0.00594201067276299, -0.005941916920244693, -0.005940558625385166, -0.004165558423846961, -0.004165394194424152], "(0, 2, 0, 10)": [-0.0014348901435732842, -0.0027789052702374755, -0.000731827210634947, -0.0012249591568479579, -0.0021924821659922602], "(0, 3, 0, 4)": [-0.011390069479209373, -0.01139056056825407, -0.011392793486986123, -0.011394429553235694, -0.010237820675434545], "(0, 2, 0, 0)": [0.013967729031014366, 0.004800522147533978, 0.2400747069618334, 0.028214675458062218, 0.001492495091590514], "(0, -3, 0, -4)": [-0.007514184721373021, -0.007511761962622405, -0.007510008819028735, -0.0075104331757873295, -0.008937590683270246],