{"q_values": {"(0, 0, 0, 0)": [0.9793925792006193, 0.9794755779253097, 0.9789839590211981, 0.9820540832837683, 0.978456321866755], "(0, 0, 0, 1)": [0.980790211609295, 0.9815720306083914, 0.9750927100523596, 0.9798077519296395, 0.9758673155037312], "(0, 0, 0, 2)": [0.9821022858804559, 0.9159345825667276, 0.912311246166654, 0.8303716907172162, 0.7292132990810952], "(0, 1, 0, 2)": [0.8781483271804844, 0.8601214770718782, 0.8106199256055118, 0.7500104135723247, 0.69979783510406], "(0, 1, 0, 3)": [0.8222851268121376, 0.5912624426062169, 0.6364479786104714, 0.5240153023521031, 0.4650160731360035], "(0, 1, 0, 4)": [0.5659264080644172, 0.4473007564142952, 0.4083588958529366, 0.30311497715484303, 0.2431871669523355], "(0, 1, 0, 5)": [0.30898423659159335, 0.09988560370617697, 0.11442799769407917, 0.09220534153901982, 0.08217040565066679], "(0, 2, 0, 5)": [0.10563159482701265, 0.09123391330570009, 0.08591346350769376, 0.07353764732729928, 0.06322378529655161], "(0, 2, 0, 4)": [0.2015172333673667, 0.19943646111703636, 0.17626055987253983, 0.1336675303078219, 0.0834058625148128], "(0, 2, 0, 6)": [0.05660855805891281, 0.03935811379609323, 0.046784438169972554, 0.03634786045635177, 0.01975139837459146], "(0, 3, 0, 5)": [-0.01139779790265467, -0.010241366779040546, -0.0102426144987382, -0.012455545801139455, -0.01024774597891979], "(0, -1, 0, 1)": [0.9782660919283032, 0.9833914164313406, 0.9829539943788013, 0.982556721923367, 0.981871118530629], "(0, -1, 0, 0)": [0.9546057540765269, 0.9703064072780447, 0.9828796331525458, 0.9829965690976057, 0.9829653425026338], "(0, -1, 0, -1)": [0.8707912022640296, 0.9109144818573802, 0.9242476434860775, 0.9464785857227819, 0.898974165324983], "(0, -1, 0, -2)": [0.7597686411167348, 0.8010967251825287, 0.7984069089081753, 0.8359429447399468, 0.8597982549597133], "(0, -2, 0, -3)": [0.20495805281518636, 0.2344571049603582, 0.2635446648545439, 0.2769551595051411, 0.3173300439099979], "(0, -2, 0, -5)": [0.08046314136364609, 0.07254729834291784, 0.12239523355993079, 0.13732228464817967, 0.14073699977080667], "(0, -2, 0, -4)": [0.11754161914514233, 0.16694408416867018, 0.1874418834687683, 0.18521308712163426, 0.1872071408285388], "(0, -2, 0, -6)": [0.06379568672803268, 0.06465061346808625, 0.060616126659696755, 0.052140981340535034, 0.06762460504721927], "(0, -2, 0, -7)": [0.024709581436579052, 0.03752821583937348, 0.037041890736837724, 0.04002332143179119, 0.04105990945521154], "(0, -2, 0, -8)": [-0.0006926684909243706, 0.0018993225736588892, 0.008560755320869735, 0.01298681718454426, 0.014964670666681845], "(0, 1, 0, 0)": [0.9488139209519222, 0.9487572842607758, 0.948679302690709, 0.9407657980158166, 0.9282238799475404], "(0, 1, 0, 1)": [0.9466710089781256, 0.861595314810744, 0.8852867624389016, 0.8802312547342978, 0.8520079866237726], "(0, 2, 0, 7)": [0.03231599831084113, 0.011671333474881418, 0.012425887012545642, 0.010007269605097352, 0.006664119111484024], "(0, 2, 0, 8)": [0.0001088659505893313, 5.1834085755283685e-05, 0.0026860477817901352, 0.0015684802579632286, -0.004089347653092349], "(0, -1, 0, -3)": [0.6015250717709802, 0.6485575450267336, 0.7008194352832586, 0.741246322837225, 0.8462394236061083], "(0, -1, 0, -4)": [0.4189749551907903, 0.41224639979450595, 0.49678985797059333, 0.5912337782910732, 0.5921735695399845], "(0, -1, 0, -5)": [0.12899263256691598, 0.23075182281185874, 0.24598887727895027, 0.422168423064003, 0.5328010829822789], "(0, 0, 0, -1)": [0.9624347729053485, 0.968029156275642, 0.9794098870142939, 0.9779091615884447, 0.9805050309751705], "(0, 0, 0, -2)": [0.8623253552094751, 0.8993635876241821, 0.9297781330044426, 0.9556978432554244, 0.9770121735018218], "(0, 0, 0, 3)": [0.8584122005258674, 0.44475468212593255, 0.34570064810019646, 0.3401456219082157, 0.12955452523659458], "(0, 2, 0, 3)": [0.3910802040235518, 0.36529407395522984, 0.3168158462320779, 0.2421866252748233, 0.1852681751333322], "(0, 1, 0, -1)": [0.8888552717675618, 0.9323402459392901, 0.9275153629112852, 0.9335318078253743, 0.9445983600380967], "(0, 1, 0, -2)": [0.011697120923789153, 0.032981601791705964, 0.5542897849236449, 0.0036827377640390457, 0.046242053986416405], "(0, -1, 0, 2)": [0.23116932028501502, 0.9764593401892213, 0.5106078148216644, 0.24530319761555514, 0.19915111596235807], "(0, -2, 0, -9)": [-0.0026010370477291614, -0.0030717341360364555, -0.004290075168358707, -0.003259169669222708, -0.003943156445540045], "(0, 0, 0, -3)": [0.10841065936541952, 0.3442877417027544, 0.3128120773414283, 0.9271206458990048, 0.32961884318994883], "(0, 3, 0, 7)": [-0.0041575683653354645, -0.007527290952019395, -0.004162562694400549, -0.004160556551069021, -0.004165046699345112], "(0, 0, 0, -4)": [0.0067643868353461055, 0.039124251984725626, 0.003213284669203872, 0.04589234726902548, 0.21802504098721204], "(0, -1, 0, -6)": [0.028807746775861464, 0.018908034903798984, 0.030502185776864782, 0.022925654885673462, 0.28915422014689296], "(0, -1, 0, -7)": [0.00902681740626721, 0.0022157731130174833, 0.011731406503417184, 0.044991886185781566, 0.0011375301212523381], "(0, -3, 0, -7)": [-0.00593884226307273, -0.005937195921316743, -0.007532383809052408, -0.007529421495832502, -0.005933656951412559], "(0, 1, 0, 6)": [0.1158677605547119, 0.006171386789609728, 0.023350900209105234, 0.009262819703736122, 0.005331140247193588], "(0, 1, 0, 7)": [0.004110249645329903, 0.004832461837315628, 0.0, 0.0, 0.001894521494023502], "(0, 1, 0, 8)": [0.0010426691776141525, 0.0, 0.0, 0.0, 0.0], "(0, 2, 0, 9)": [-0.0021798480302095413, -0.0030785483289176964, -0.006313477447707198, -0.0014324119218353157, -0.0014101931545883414], "(0, -2, 0, -2)": [0.2560055862397571, 0.2702477027977263, 0.24237197338630362, 0.2579713516989303, 0.3195769456192125], "(0, -2, 0, -1)": [0.0905431114431372, 0.3015720804938058, 0.09205424209670098, 0.07768637154876892, 0.04608549632141785], "(0, 2, 0, 2)": [0.44374366247100494, 0.44228691918090124, 0.43338501295352777, 0.37422961746240824, 0.2906786830749899], "(0, 0, 0, 4)": [0.03269470866269185, 0.13857626282807406, 0.06950419525593293, 0.06909783172159717, 0.022264777545761373], "(0, -3, 0, -6)": [-0.014255805373137679, -0.01340727971125331, -0.013404815419244768, -0.013401924783595379, -0.013396769433585436], "(0, 0, 0, 5)": [0.0, 0.0, 0.0, 0.011394351388244026, 0.002474981667448537], "(0, 0, 0, -5)": [0.003045801583348206, 0.0, 0.0, 0.0, 0.0], "(0, -1, 0, 3)": [0.0, 0.001774967615854871, 0.0, 0.0009832593612372875, 0.006054398934184509], "(0, -1, 0, 4)": [0.0, 0.0011832151049971861, 0.0, 0.0, 0.0], "(0, -3, 0, -9)": [-0.002196987718343735, -0.0021947821602225303, -0.0021954622119665147, 0.0, 0.0], "(0, 2, 0, 1)": [0.23668325143864521, 0.275832854722948, 0.24551193018126313, 0.19265305516204995, 0.407078717657892], "(0, 3, 0, 8)": [-0.0021924246102571487, -0.0021918321028351786, -0.00219095703214407, -0.0021925438195466995, 0.0], "(0, 3, 0, 6)": [-0.007520973390713334, -0.007522473016008735, -0.007523956864699721, -0.0059305083639919765, -0.007528396198898554], "(0, -3, 0, -5)": [-0.010247673732083292, -0.0102425389588885, -0.010242049900801853, -0.010238750040857121, -0.010234215809561313], "(0, -3, 0, -8)": [-0.0041659683175385, -0.005941916920244693, -0.004163688104599715, -0.002191116102039814, -0.0021919481456279754], "(0, 2, 0, 10)": [-0.0014348901435732842, 0.0, 0.0, 0.0, -0.0021924821659922602], "(0, 3, 0, 4)": [-0.010229808359192686, -0.008939826862104238, -0.008943411647137255, -0.008944959657900035, -0.008945988745559007], "(0, 2, 0, 0)": [0.013967729031014366, 0.004800522147533978, 0.1987091446194944, 0.028214675458062218, 0.001492495091590514], "(0, -3, 0, -4)": [-0.005920872515067458, -0.005919368721544744, -0.007510008819028735, -0.00591878305003047, -0.008937590683270246], "(0, 3, 0, 3)": [-0.004143923595547676, -0.004144507143646479, -0.005912390416488052, -0.0041472773253917695, -0.004147932454943657],