{"q_values": {"(0, 0, 0, 0)": [0.8250025753642313, 0.8281808438265255, 0.8252221837617014, 0.8274654583389889, 0.8257245073648118, 0.8310930610517148, 0.82826849664662, 0.7812690242901663, 0.8207062862203702, 0.8206713037957308, 0.8227862235266629], "(0, 1, 0, 0)": [0.5055338178901078, 0.48669674898394194, 0.5071884740545379, 0.5063984742092137, 0.4617106934853336, 0.48059765232386686, 0.5109791373808076, 0.5015133295462293, 0.43590469849967395, 0.4770206309586018, 0.4635423927969811], "(0, 2, 0, 0)": [0.06680599024249789, 0.05955029415127351, 0.06378995505842698, 0.0810722788505824, 0.08360615895521395, 0.0969486374606518, 0.10292603820885321, 0.08043132142839107, 0.06290450488008288, 0.08420594614831663, 0.0891327614260127], "(0, -1, 0, 0)": [0.7862784374983448, 0.7489253422414774, 0.7275691119783827, 0.7937276076431605, 0.7808569678604735, 0.7948677210729271, 0.7955363917411795, 0.7914055532296399, 0.7803594742045737, 0.7061944495979937, 0.792796195963091], "(0, -2, 0, 0)": [0.09286487757262411, 0.11999606779634268, 0.12335080663024159, 0.12230244663105422, 0.08123250540554579, 0.13328215031244245, 0.1568838840268787, 0.1291603692043015, 0.09117982799428662, 0.11436505740949181, 0.12061364115244953], "(-1, -1, 0, 0)": [0.17874134430932023, 0.05522282757102225, 0.06863504621565208, 0.06764271208954462, 0.06639841679571076, 0.054860752438011, 0.04986646828336488, 0.037354903989243925, 0.042421930962830603, 0.09396139686568178, 0.04784344623477671], "(-1, -2, 0, 0)": [0.0007473579096927796, 0.002780270865482182, -0.0002014572233098406, 0.0, -0.0002495871517658164, 0.00323512875961985, 0.003569775912937782, 0.0021082915805087695, 0.0045905881242871835, 0.0032609854253372993, 0.005618742451895373], "(-1, 1, 0, 0)": [0.0036842380989622493, 0.0017685592308922112, 0.005483123635175674, 0.015532868430959267, 0.008394268384180345, 0.0, 0.006509784411639479, 0.0029225193592799193, 0.005432458468611151, 0.006162747062102212, 0.002515401626943957], "(-1, 2, 0, 0)": [0.0, 0.003082009607095825, 0.0019422775992272373, 0.0035039813576520284, 0.003750397763051397, -0.0019581328807747917, 0.003746656074490703, 0.001663484111828953, 0.0, 0.001563249917537556, 0.0], "(-1, 0, 0, 0)": [0.0019873373360566405, 0.0032463164102479423, 0.0, 0.0, 0.004706519791159059, 0.0, 0.0, 0.0, 0.001984840367101839, 0.001986384313666036, 0.0], "(1, -1, 0, 0)": [0.06063327621705435, 0.050751284830873974, 0.08686238012692207, 0.048031624995884266, 0.054381725289410765, 0.04924972021567363, 0.015626420696071605, 0.0573914299116647, 0.05787557709595941, 0.05190108277450847, 0.05795053197377486], "(1, -2, 0, 0)": [0.0, 0.0, 0.008151439145437728, 0.0, -0.00019713777881612965, 0.0, 0.003943134263196427, -0.0008105556252061569, 0.0013081566026841092, 0.0024561763073949637, 0.0015055790925289467], "(1, 0, 0, 0)": [0.04313350450238712, 0.041366182258858714, 0.08032788180408774, 0.05591539818287376, 0.058884987823753177, 0.06119081658800997, 0.003447735545329942, 0.058776616815455845, 0.05747340150902765, 0.11882274497651019, 0.0], "(1, 1, 0, 0)": [0.027281308661862413, 0.006208667450352446, 0.009774422842955117, 0.012766138765820497, 0.00825014428089147, 0.019091937859811905, 0.011606437032921756, 0.006874713426651897, 0.02156062299879729, 0.00998244190498052, 0.01248898515993047]}}