{"q_values": {"(0, 0, 0, 0)": [0.8029511669515147, 0.8246377327371089, 0.8263754565180721, 0.7992215671154859, 0.8256902095244629], "(0, 0, 0, 1)": [0.8411436340621065, 0.8278617451760044, 0.8045053122844436, 0.7862456256352196, 0.8301649968020776], "(0, 0, 0, 2)": [0.863883595110318, 0.8640350437094647, 0.8620987636620402, 0.8538276228811214, 0.8393850808087739], "(0, 1, 0, 2)": [0.27384345319210635, 0.24864747521098282, 0.2517598506111618, 0.18536588175572982, 0.15397949650255746], "(0, 1, 0, 3)": [0.13744511598264184, 0.10437012506707774, 0.10392952206439132, 0.10400326898831154, 0.10413381805476583], "(0, 1, 0, 4)": [0.07892321630504265, 0.07863503863204303, 0.08071095142969449, 0.07983376291231732, 0.07801458396858271], "(0, 1, 0, 5)": [0.06569678794663479, 0.06601851892560401, 0.06588314891273174, 0.06432736739000132, 0.052578910354630234], "(0, 2, 0, 5)": [0.0776235505002024, 0.020891798666005462, 0.021104132881411764, 0.015997198905886346, 0.003006589013288941], "(0, 2, 0, 4)": [0.05133759037600393, 0.052691196675684435, 0.06778809949675324, 0.033231767413759876, 0.023304825749428687], "(0, 2, 0, 6)": [0.03519632930623098, 6.175963263937599e-05, 7.187683983450274e-05, -0.002813754953623483, 0.0012350015992386065], "(0, 3, 0, 5)": [-0.015678483425121546, -0.015686089250027093, -0.015690484362632817, -0.01569480635177483, -0.015696354886014632], "(0, -1, 0, 1)": [0.8443230763960821, 0.8466825396494986, 0.8531967053987497, 0.8468775279813657, 0.8465765481462588], "(0, -1, 0, 0)": [0.5820038077181845, 0.7853610963447508, 0.8462031269759038, 0.8476268494067494, 0.8504784238791816], "(0, -1, 0, -1)": [0.2568110193198801, 0.5044779953805779, 0.7004027489479745, 0.7375419609158139, 0.7774749092406703], "(0, -1, 0, -2)": [0.13399901671481296, 0.19220381741542558, 0.23517114410302786, 0.2877813416981798, 0.3153029944283056], "(0, -2, 0, -3)": [0.07802727544228995, 0.0787435956768358, 0.08175404279308734, 0.08128839558485276, 0.09253078907424267], "(0, -2, 0, -5)": [0.019530600718211905, 0.022245718624653153, 0.02120699419648998, 0.023838062353176426, 0.0362109393137585], "(0, -2, 0, -4)": [0.033990274896707265, 0.04957805903569736, 0.04806589982297029, 0.050287282852605454, 0.06346929493024761], "(0, -2, 0, -6)": [0.004965019611978678, 0.005097989429772522, 0.006261168347471521, 0.008864442897141675, 0.006158162505763997], "(0, -2, 0, -7)": [-0.001972780714853145, -0.0017515148829523168, -0.0029449514787609453, -0.0010870702547246022, -0.0021245502411252836], "(0, -2, 0, -8)": [-0.008639754652652109, -0.00899089824127276, -0.00925671590166444, -0.008692916096655992, -0.008823246807761502], "(0, 1, 0, 0)": [0.8530281540861373, 0.8472804059888247, 0.8432494643506384, 0.7879096413375668, 0.5575979518604082], "(0, 1, 0, 1)": [0.7763773942083145, 0.7576079422761903, 0.5261902218953601, 0.4721270485449318, 0.262408227631857], "(0, 2, 0, 7)": [-0.012169566453008894, -0.011534242152260565, -0.0034204240893963385, -0.011328239971198431, -0.00952475934171865], "(0, 2, 0, 8)": [-0.009733161108780622, -0.007514916310655378, -0.008337142542490617, -3.7525593066318444e-05, -0.010494587018617949], "(0, -1, 0, -3)": [0.11724459850359159, 0.1184540913203886, 0.11903296220519319, 0.11974513407525302, 0.11457323511651069], "(0, -1, 0, -4)": [0.08126930333194346, 0.0849502637461295, 0.08331122752327252, 0.0847052356189053, 0.09889859182615032], "(0, -1, 0, -5)": [0.06773186396273605, 0.06539435087608891, 0.0693367884904301, 0.06665022402721912, 0.07785720631169767], "(0, 0, 0, -1)": [0.8222972804183191, 0.8136826551144956, 0.8040210896740045, 0.8341758537725784, 0.8310540529816022], "(0, 0, 0, -2)": [0.7972468995454968, 0.8462877499018038, 0.8511935044661436, 0.8170005536308171, 0.8006251897592175], "(0, 0, 0, 3)": [0.9169403641274394, 0.4895029030199051, 0.34570064810019646, 0.3401456219082157, 0.24223516198975598], "(0, 2, 0, 3)": [0.08720757198876058, 0.08529808775546306, 0.08466058133464255, 0.08595940454034068, 0.07008677100703092], "(0, 1, 0, -1)": [0.8481912691701505, 0.8488475231995106, 0.8507960806368428, 0.8493826469593536, 0.8473044808258118], "(0, 1, 0, -2)": [0.3866094385484465, 0.3862983729674394, 0.8563213761268217, 0.32656645101121656, 0.5533254495195155], "(0, -1, 0, 2)": [0.8419157872952797, 0.8636728033692671, 0.8628735166442502, 0.6932811099482696, 0.7531472348066437], "(0, -2, 0, -9)": [-0.005675333735637854, -0.005271466469347059, -0.006474145175549563, -0.005827242290511221, -0.005648872820853364], "(0, 0, 0, -3)": [0.10841065936541952, 0.3442877417027544, 0.3601317378773203, 0.7687394657868462, 0.386660427943544], "(0, 3, 0, 7)": [-0.010259296696022154, -0.01025764136057906, -0.010263358702814206, -0.008970038346778602, -0.008976490885354578], "(0, 0, 0, -4)": [0.0067643868353461055, 0.039124251984725626, 0.003213284669203872, 0.04589234726902548, 0.2755958797617059], "(0, -1, 0, -6)": [0.02893346927760365, 0.02321584920089626, 0.04384322579845359, 0.047242777296021755, 0.056702041579685274], "(0, -1, 0, -7)": [0.00902681740626721, 0.0022157731130174833, 0.011731406503417184, 0.03282282656319683, 0.0011375301212523381], "(0, -3, 0, -7)": [-0.008973016415201129, -0.008974558709356935, -0.00897011922409758, -0.010258947149092331, -0.010257315330302344], "(0, 1, 0, 6)": [0.052573613600711604, 0.010466662925808461, 0.035186427644746804, 0.009262819703736122, 0.00753742626661536], "(0, 1, 0, 7)": [0.004110249645329903, 0.009384882463850719, 0.0, 0.0010410555572764948, 0.001894521494023502], "(0, 1, 0, 8)": [0.0027343954469290343, 0.0, 0.0, 0.0, 0.0], "(0, 2, 0, 9)": [-0.00989877521071411, -0.009683717024868164, -0.00576351234837399, -0.008568992220716207, -0.008408557247183222], "(0, -2, 0, -2)": [0.162597121562602, 0.16469626563666143, 0.16406414542396852, 0.1597180326361587, 0.15963914188883843], "(0, -2, 0, -1)": [0.11010920851695066, 0.1936735183460417, 0.14301194028873984, 0.10113445299465923, 0.1194841060233762], "(0, 2, 0, 2)": [0.1652622017785083, 0.16632256577067794, 0.1599050483791016, 0.15630888476031762, 0.16594527892260563], "(0, 0, 0, 4)": [0.03269470866269185, 0.21091804541797593, 0.06950419525593293, 0.06909783172159717, 0.022264777545761373], "(0, -3, 0, -6)": [-0.01632898287122474, -0.016322893412741835, -0.016319568939661425, -0.016871827696073913, -0.016870444862012952], "(0, 0, 0, 5)": [0.0, 0.0, 0.0, 0.011394351388244026, 0.002474981667448537], "(0, 0, 0, -5)": [0.003045801583348206, 0.0, 0.0, 0.0, 0.0], "(0, -1, 0, 3)": [0.0, 0.001774967615854871, 0.1747467766182671, 0.0009832593612372875, 0.0221980370392151], "(0, -1, 0, 4)": [0.0, 0.005701448720575185, 0.0, 0.0, 0.0], "(0, -3, 0, -9)": [-0.002196987718343735, -0.004170745667070151, -0.0041698357462883, -0.004167320542037487, -0.004170274790376425], "(0, 2, 0, 1)": [0.25842766654626675, 0.26046540194081946, 0.2675331296079751, 0.22814160097068875, 0.25907480739624783], "(0, 3, 0, 8)": [-0.010272323488574476, -0.010271781336927787, -0.00898123039642349, -0.0089803072841838, -0.008984579661488534], "(0, 3, 0, 6)": [-0.015699206581891317, -0.015699662052950925, -0.015016411501863842, -0.015020491945884507, -0.015023103240243097], "(0, -3, 0, -5)": [-0.012456040500405842, -0.012452295325628929, -0.013393201420370298, -0.013388298454909726, -0.013382595867257633], "(0, -3, 0, -8)": [-0.0075413089619949455, -0.007541581653803586, -0.008977873237561435, -0.008979648974444717, -0.007540135725960136], "(0, 2, 0, 10)": [-0.006267195239611678, -0.004764770480523896, -0.005508157790830888, -0.004959955790682285, -0.005372546042614852], "(0, 3, 0, 4)": [-0.0124328629861434, -0.012434706420493909, -0.012438696597939934, -0.011394429553235694, -0.011398835499997623], "(0, 2, 0, 0)": [0.013967729031014366, 0.004800522147533978, 0.2400747069618334, 0.028214675458062218, 0.001492495091590514], "(0, -3, 0, -4)": [-0.00894819979345426, -0.00894580994926393, -0.00894429954778403, -0.008943322296701372, -0.008937590683270246],