{"q_values": {"(0, 0, 0, 0)": [0.5063653641899069, 0.5133220393426206, 0.5179286636840539, 0.5110294555584519, 0.49890033559339586], "(0, 0, 0, 1)": [0.5153014427899666, 0.4770710490227536, 0.45936457055966207, 0.4719566643609085, 0.4372691299642735], "(0, 0, 0, 2)": [0.45421060590840073, 0.37878117327788186, 0.36060295124831127, 0.31119687675059404, 0.24347569464210667], "(0, 1, 0, 2)": [0.2256980025048998, 0.22414563318900574, 0.2312666431380531, 0.22134364485275887, 0.20956040073269888], "(0, 1, 0, 3)": [0.22182675416308653, 0.21205604646650195, 0.2109942765787913, 0.20060067009388044, 0.19019607573779046], "(0, 1, 0, 4)": [0.20996146178454664, 0.17235332933831088, 0.1677621237606699, 0.13577782913506695, 0.09309832199678589], "(0, 1, 0, 5)": [0.13228981308588153, 0.07184778893692571, 0.06334507428730797, 0.04797109681149788, 0.050720660140323275], "(0, 2, 0, 5)": [0.0831024610189024, 0.08366433314648478, 0.06566166646483207, 0.07387877142945715, 0.06698345448297066], "(0, 2, 0, 4)": [0.09881124179970384, 0.08667600627110268, 0.08873549723864578, 0.09275096362749333, 0.08624918306580684], "(0, 2, 0, 6)": [0.06917873412559286, 0.05461162041919551, 0.06079068271026259, 0.05040151465842989, 0.019152190787634263], "(0, 3, 0, 5)": [-0.002184495143592358, -0.004154238663613797, 0.0, -0.005927660314366222, -0.005926040453836322], "(0, -1, 0, 1)": [0.28762793267996367, 0.19388555979220057, 0.16999462380388491, 0.1346441055629636, 0.1096936278444962], "(0, -1, 0, 0)": [0.3393427394634815, 0.31498333968236075, 0.2933361685815517, 0.30292356354289107, 0.2659240188756652], "(0, -1, 0, -1)": [0.3300034120096809, 0.3330753039237689, 0.34977868564748, 0.34303602344052536, 0.2985946568616888], "(0, -1, 0, -2)": [0.2960223888639698, 0.3155605584505434, 0.32026005217487624, 0.3119309966103467, 0.33960036853883147], "(0, -2, 0, -3)": [0.09877878053670457, 0.12486996141020543, 0.11025915358979389, 0.08752274295284335, 0.0899591824814802], "(0, -2, 0, -5)": [0.06962700146917429, 0.06792080163533122, 0.0828935379215788, 0.09387675096405379, 0.11605819456707021], "(0, -2, 0, -4)": [0.07654728125266225, 0.10967425247097554, 0.12308703302972596, 0.12034533143487336, 0.11893049536053493], "(0, -2, 0, -6)": [0.033937632296827586, 0.039581857123580026, 0.05659216756427044, 0.058200055817742964, 0.0803431066751672], "(0, -2, 0, -7)": [0.007475577974621484, 0.015226317621042615, 0.028232146418659006, 0.039317303369874886, 0.06260430397238125], "(0, -2, 0, -8)": [0.0024382807329364447, 0.0018222308569372213, 0.0013491408182635563, 0.002837779428790554, 0.012447742102248572], "(0, 1, 0, 0)": [0.12177157607856724, 0.14430097721981905, 0.15892635244255748, 0.1548283535210006, 0.21382336753803954], "(0, 1, 0, 1)": [0.20177154113663165, 0.2105615511933808, 0.21287241753193598, 0.20826392418239362, 0.22962423617238314], "(0, 2, 0, 7)": [0.02108124733545646, 0.021080927301749167, 0.0012561483171063502, 0.0049148984684299745, 0.007206442307327649], "(0, 2, 0, 8)": [-0.0009008315235607854, -0.001001762431675753, 0.0011682575362429505, 0.001081974394557983, 0.0006279102919070807], "(0, -1, 0, -3)": [0.1969689947639018, 0.2501200851829915, 0.2566169240289822, 0.2894432344822178, 0.3174105715990145], "(0, -1, 0, -4)": [0.10461552054920265, 0.12604168409695635, 0.16090819320461364, 0.1598223041531263, 0.2656242867267438], "(0, -1, 0, -5)": [0.02913876931446964, 0.057005049765007115, 0.05041746179621884, 0.10746961366982563, 0.09285632907726074], "(0, 0, 0, -1)": [0.43771695721895043, 0.4737704353793856, 0.46229536745209115, 0.4683114477628636, 0.5139154743610089], "(0, 0, 0, -2)": [0.19371317305720906, 0.3352901927286695, 0.3476211979224146, 0.346389994406623, 0.4559687072161806], "(0, 0, 0, 3)": [0.2462658751721492, 0.28260426271261785, 0.14938995693648008, 0.16171168458354154, 0.06370269658790119], "(0, 2, 0, 3)": [0.06062498995187758, 0.06908521130186195, 0.0826704979342857, 0.07102801827401038, 0.0972763282816378], "(0, 1, 0, -1)": [0.04741418701692796, 0.04784316588876126, 0.0581502671923061, 0.05336695322245369, 0.15552378112593884], "(0, 1, 0, -2)": [0.010295068793080682, 0.0038352109766646683, 0.01671623574006121, 0.0036827377640390457, 0.009188060383610468], "(0, -1, 0, 2)": [0.03202162732383304, 0.08220764122319814, 0.050318081283657286, 0.012725958471278935, 0.003664492771562187], "(0, -2, 0, -9)": [0.0011189326490371365, -0.0009913661973249247, -0.004290075168358707, -0.0012015244875482672, 0.000254448532975929], "(0, 0, 0, -3)": [0.028729758613559444, 0.06683366377421604, 0.09064750308840223, 0.252523081676078, 0.10139837520925604], "(0, 3, 0, 7)": [0.0, -0.005930474562570454, 0.0, -0.004160556551069021, -0.0021922994405031205], "(0, 0, 0, -4)": [0.0067643868353461055, 0.01350613678145041, 0.003213284669203872, 0.04589234726902548, 0.06176252637442736], "(0, -1, 0, -6)": [0.01472087712550746, 0.012662437679634889, 0.021911038907302866, 0.022925654885673462, 0.04225936770852787], "(0, -1, 0, -7)": [0.0023032378700435976, 0.0022157731130174833, 0.0025370067398875276, 0.0036176607987097853, 0.0011375301212523381], "(0, -3, 0, -7)": [-0.002191478759050369, -0.00416267329826951, -0.004159293528646231, -0.0021897697821259498, 0.0], "(0, 1, 0, 6)": [0.041763676720026205, 0.006171386789609728, 0.01592988922334725, 0.009262819703736122, 0.005331140247193588], "(0, 1, 0, 7)": [0.004110249645329903, 0.004832461837315628, 0.0, 0.0, 0.001894521494023502], "(0, 1, 0, 8)": [0.0010426691776141525, 0.0, 0.0, 0.0, 0.0], "(0, 2, 0, 9)": [0.0, 0.000503917129644876, -0.004588460539864989, -5.7677394901731877e-05, 0.0], "(0, -2, 0, -2)": [0.10795316797779428, 0.07741466851374969, 0.03198102751219586, 0.07583306944982349, 0.03788641721769989], "(0, -2, 0, -1)": [0.02705588185581754, 0.025936164411040068, 0.006016264060701895, 0.0038777368880757806, 0.007168410688852265], "(0, 2, 0, 2)": [0.025855276943964587, 0.026688936023939645, 0.07242404409504853, 0.05027937310353288, 0.04213240152026686], "(0, 0, 0, 4)": [0.03269470866269185, 0.09679931162834582, 0.01510835545166436, 0.041118972264746784, 0.022264777545761373], "(0, -3, 0, -6)": [-0.005929846601560712, -0.0021872635930776595, -0.005929225310683251, -0.005927951509132981, -0.004153705090284348], "(0, 0, 0, 5)": [0.0, 0.0, 0.0, 0.011394351388244026, 0.002474981667448537], "(0, 0, 0, -5)": [0.003045801583348206, 0.0, 0.0, 0.0, 0.0], "(0, -1, 0, 3)": [0.0, 0.001774967615854871, 0.0, 0.0009832593612372875, 0.006054398934184509], "(0, -1, 0, 4)": [0.0, 0.0011832151049971861, 0.0, 0.0, 0.0], "(0, -3, 0, -9)": [0.0, 0.0, -0.0021954622119665147, 0.0, 0.0], "(0, 2, 0, 1)": [0.0009361139498651028, 0.0009288206696510316, 0.009563002298897245, 0.0029790333296168215, 0.02128807898477632], "(0, 3, 0, 8)": [-0.0021924246102571487, -0.0021918321028351786, 0.0, 0.0, 0.0], "(0, 3, 0, 6)": [0.0, 0.0, 0.0, 0.0, -0.0021875161677598954], "(0, -3, 0, -5)": [-0.004153817929327488, -0.002185334637761116, -0.002186383493244648, 0.0, -0.002185431495308876], "(0, -3, 0, -8)": [-0.0021931191906332972, -0.004165285900235176, -0.002190304361283779, 0.0, 0.0], "(0, 2, 0, 10)": [0.0, 0.0, 0.0, 0.0, -0.0021924821659922602], "(0, 3, 0, 4)": [0.0, 0.0, -0.002182956598699093, 0.0, 0.0], "(0, 2, 0, 0)": [0.0009363483637571335, 0.0, 0.0, 0.0, 0.001492495091590514], "(0, -3, 0, -4)": [-0.0021846642717719077, -0.002184613421559334, -0.002183976024389267, 0.0, 0.0]}}