{"q_values": {"(0, 0, 0, 0)": [0.9047496570408885, 0.8716440268410708, 0.9038019567227348, 0.8960809968151806, 0.9028087782324618], "(0, 1, 0, 0)": [0.8284903431109566, 0.8522409455824594, 0.8131210501373605, 0.6713621016570435, 0.7632100644456807], "(0, 2, 0, 0)": [0.08781735651719275, 0.07992750684342312, 0.07771260843393543, 0.07860034970756394, 0.07348215615879627], "(0, -1, 0, 0)": [0.845947907776492, 0.8419061938550991, 0.8623134407165731, 0.9106514156370535, 0.8209597193199287], "(0, -2, 0, 0)": [0.09787443281996015, 0.07633344302948239, 0.09161741402745197, 0.11421705726055584, 0.10780731235594793], "(1, 0, 0, 0)": [0.11891998164049494, 0.20748753387821997, 0.08827791487698625, 0.07675505871915275, 0.07711272875402789], "(-1, -1, 0, 0)": [0.03894088668803894, 0.0757324265014621, 0.04661748907570466, 0.021543968101072133, 0.03551560375311484], "(-1, -2, 0, 0)": [0.022017207776998154, 0.0238941472311843, 0.033131373043465334, 0.0037760142190386217, 0.0734452040079653], "(-1, 0, 0, 0)": [0.10332746487823095, 0.10946900731676168, 0.3059020335430008, 0.11928085294057969, 0.13080915092345305], "(1, 1, 0, 0)": [0.061405862968920914, 0.04079470408801182, 0.0930535152861825, 0.06365416674713155, 0.06072399530206982], "(1, 2, 0, 0)": [0.028688749608640242, 0.02840534460099552, 0.01984203535835055, 0.023693582129728632, 0.027619224411562476], "(-1, 1, 0, 0)": [0.08654640140285506, 0.07369195950006663, 0.12574465719494415, 0.07691087267895319, 0.08918223992142045], "(-1, 2, 0, 0)": [0.017118695321012935, 0.03215313480026836, 0.007841160779694855, 0.021579477249279506, 0.03003257065392142], "(1, -1, 0, 0)": [0.14079191304621985, 0.1080477053825256, 0.13997774386574346, 0.15532219853514834, 0.11343908394919047], "(1, -2, 0, 0)": [0.0010391607814693648, 0.025872444513013758, 0.022894417879567232, 0.0003576614921276221, 0.019348500367919325]}}