{"q_values": {"(0, 0, 0, 0)": [0.9825371753936752, 0.9805285496282261, 0.9809769642346027, 0.9768671951912472, 0.9791359634898358], "(0, 0, 0, 1)": [0.9797315249945979, 0.9710685748171212, 0.9758245222213362, 0.9754950010892305, 0.9766947984642969], "(0, 0, 0, 2)": [0.9822364837518026, 0.9151096393693767, 0.925269517379547, 0.8591220634971716, 0.8034334931144836], "(0, 1, 0, 2)": [0.8090297459509093, 0.8468138461319051, 0.807684456878902, 0.7833069506933106, 0.73364303212157], "(0, 1, 0, 3)": [0.8096163192926764, 0.6564880594218244, 0.6849190703112699, 0.5233481551336494, 0.44530869322744815], "(0, 1, 0, 4)": [0.6367749666239895, 0.4275997294075738, 0.42704903835626506, 0.30311497715484303, 0.25041780916586454], "(0, 1, 0, 5)": [0.334324374190207, 0.09988560370617697, 0.11442799769407917, 0.09220534153901982, 0.08217040565066679], "(0, 2, 0, 5)": [0.09272747128018465, 0.08671419122133726, 0.07967652609896889, 0.07353764732729928, 0.051349453138253676], "(0, 2, 0, 4)": [0.27145005884245216, 0.18486260096535062, 0.1450914330462032, 0.11754220757238854, 0.07806293894553913], "(0, 2, 0, 6)": [0.036807180976811196, 0.03935811379609323, 0.0404305759244451, 0.03634786045635177, 0.015598006980080178], "(0, 3, 0, 5)": [-0.012442000842301007, -0.012449026512838714, -0.011404469625059144, -0.012455545801139455, -0.011409722374160401], "(0, -1, 0, 1)": [0.9821822637277683, 0.9826614803586761, 0.982896815793139, 0.9828463347887244, 0.9826340794301076], "(0, -1, 0, 0)": [0.951350835892091, 0.9763764596618065, 0.9816934027984733, 0.9821612408725143, 0.9832167010772055], "(0, -1, 0, -1)": [0.8771635593935209, 0.9275362983494948, 0.9569100665708202, 0.965320014554078, 0.8665962369972628], "(0, -1, 0, -2)": [0.7528204311132978, 0.8140627464566303, 0.7830101396273025, 0.8860625536697793, 0.934873863805184], "(0, -2, 0, -3)": [0.19771581316867698, 0.19009975516950756, 0.2551833833174607, 0.2638843161599405, 0.31829649356827], "(0, -2, 0, -5)": [0.06646615784617275, 0.06156063729829708, 0.09280881660154622, 0.10542726125681104, 0.08991664668367126], "(0, -2, 0, -4)": [0.10190632825620503, 0.15411532262326882, 0.15394100178353498, 0.15623494474103075, 0.14752990942230088], "(0, -2, 0, -6)": [0.046292563667583116, 0.04591962823551226, 0.049172075690330615, 0.04665141689631042, 0.04211608473094726], "(0, -2, 0, -7)": [0.024709581436579052, 0.033298413699212374, 0.02586208860630773, 0.031338487523614955, 0.030104486410835844], "(0, -2, 0, -8)": [0.00020141562820857862, 0.002857674699650925, 0.010272128807314382, 0.009334698972323672, 0.013388178204092898], "(0, 1, 0, 0)": [0.9671972989849462, 0.9519596090911615, 0.9440666643322103, 0.9354512960059086, 0.9220557075569351], "(0, 1, 0, 1)": [0.906629766713742, 0.9210530606728441, 0.8718717279518958, 0.874704882630325, 0.8321475803902197], "(0, 2, 0, 7)": [0.030144384755516354, 0.011671333474881418, 0.012312290807919837, 0.010007269605097352, 0.006664119111484024], "(0, 2, 0, 8)": [0.0001088659505893313, 5.1834085755283685e-05, 0.003868513439617428, 0.0015684802579632286, -0.004089347653092349], "(0, -1, 0, -3)": [0.566561538912257, 0.6263577850977065, 0.6999939749120669, 0.6801080065639404, 0.8364499210608024], "(0, -1, 0, -4)": [0.4044702323318554, 0.41224639979450595, 0.4837203489602253, 0.47862129493751865, 0.6989802555085767], "(0, -1, 0, -5)": [0.13584675576513816, 0.21510729824893526, 0.24598887727895027, 0.3565926256688095, 0.36829236955496397], "(0, 0, 0, -1)": [0.9807352293743211, 0.9645099337318461, 0.9820713423979972, 0.9822568055713041, 0.9820946874552126], "(0, 0, 0, -2)": [0.8861242183342414, 0.8993635876241821, 0.9344533131738797, 0.9652100986683416, 0.9836034546478865], "(0, 0, 0, 3)": [0.8815848320146151, 0.44475468212593255, 0.34570064810019646, 0.3401456219082157, 0.24223516198975598], "(0, 2, 0, 3)": [0.45234884139459436, 0.33291996360770565, 0.30295710223275363, 0.2613465116919387, 0.16538749529767213], "(0, 1, 0, -1)": [0.8656642695354574, 0.9463275790344463, 0.9515873356468483, 0.9671245274640528, 0.9455013165363053], "(0, 1, 0, -2)": [0.011697120923789153, 0.032981601791705964, 0.5944162180609145, 0.0036827377640390457, 0.1371231714833462], "(0, -1, 0, 2)": [0.23116932028501502, 0.9799390347449201, 0.5578085356940817, 0.24530319761555514, 0.19915111596235807], "(0, -2, 0, -9)": [-0.004527683591030777, -0.0030717341360364555, -0.004290075168358707, -0.003259169669222708, -0.003943156445540045], "(0, 0, 0, -3)": [0.10841065936541952, 0.3442877417027544, 0.3128120773414283, 0.9372096191181272, 0.32961884318994883], "(0, 3, 0, 7)": [-0.0041575683653354645, -0.007527290952019395, -0.004162562694400549, -0.005934825001284481, -0.004165046699345112], "(0, 0, 0, -4)": [0.0067643868353461055, 0.039124251984725626, 0.003213284669203872, 0.04589234726902548, 0.21802504098721204], "(0, -1, 0, -6)": [0.028807746775861464, 0.018908034903798984, 0.03273983091225006, 0.052729255099350184, 0.3163860624548296], "(0, -1, 0, -7)": [0.00902681740626721, 0.0022157731130174833, 0.011731406503417184, 0.044991886185781566, 0.0011375301212523381], "(0, -3, 0, -7)": [-0.00593884226307273, -0.005937195921316743, -0.007532383809052408, -0.007529421495832502, -0.007528632203303277], "(0, 1, 0, 6)": [0.1158677605547119, 0.006171386789609728, 0.023350900209105234, 0.009262819703736122, 0.005331140247193588], "(0, 1, 0, 7)": [0.004110249645329903, 0.004832461837315628, 0.0, 0.0, 0.001894521494023502], "(0, 1, 0, 8)": [0.0010426691776141525, 0.0, 0.0, 0.0, 0.0], "(0, 2, 0, 9)": [-0.0021798480302095413, -0.0030785483289176964, -0.006313477447707198, -0.0014324119218353157, -0.0034598145941272373], "(0, -2, 0, -2)": [0.2170224053639629, 0.2718927036654049, 0.2756396415406976, 0.30658581536715623, 0.3679021772569727], "(0, -2, 0, -1)": [0.11010920851695066, 0.3169500704580243, 0.11812349886741214, 0.07768637154876892, 0.04608549632141785], "(0, 2, 0, 2)": [0.3930344270343486, 0.41697442298663595, 0.4438866269947614, 0.3715857519192233, 0.2907295702890454], "(0, 0, 0, 4)": [0.03269470866269185, 0.13857626282807406, 0.06950419525593293, 0.06909783172159717, 0.022264777545761373], "(0, -3, 0, -6)": [-0.014255805373137679, -0.01340727971125331, -0.013404815419244768, -0.014248739970869995, -0.014244469332129625], "(0, 0, 0, 5)": [0.0, 0.0, 0.0, 0.011394351388244026, 0.002474981667448537], "(0, 0, 0, -5)": [0.003045801583348206, 0.0, 0.0, 0.0, 0.0], "(0, -1, 0, 3)": [0.0, 0.001774967615854871, 0.0, 0.0009832593612372875, 0.006054398934184509], "(0, -1, 0, 4)": [0.0, 0.0011832151049971861, 0.0, 0.0, 0.0], "(0, -3, 0, -9)": [-0.002196987718343735, -0.0021947821602225303, -0.0021954622119665147, -0.0021937046200037, 0.0], "(0, 2, 0, 1)": [0.23668325143864521, 0.30185415363913065, 0.2641208981093829, 0.23571859638078133, 0.39569846280870835], "(0, 3, 0, 8)": [-0.0021924246102571487, -0.0021918321028351786, -0.00219095703214407, -0.0021925438195466995, 0.0], "(0, 3, 0, 6)": [-0.007520973390713334, -0.007522473016008735, -0.007523956864699721, -0.007528043148294092, -0.007528396198898554], "(0, -3, 0, -5)": [-0.010247673732083292, -0.0102425389588885, -0.010242049900801853, -0.010238750040857121, -0.010234215809561313], "(0, -3, 0, -8)": [-0.00594201067276299, -0.005941916920244693, -0.004163688104599715, -0.002191116102039814, -0.0021919481456279754], "(0, 2, 0, 10)": [-0.0014348901435732842, 0.0, 0.0, 0.0, -0.0021924821659922602], "(0, 3, 0, 4)": [-0.011390069479209373, -0.01139056056825407, -0.010232351367643104, -0.010233692795794457, -0.010237820675434545], "(0, 2, 0, 0)": [0.013967729031014366, 0.004800522147533978, 0.2400747069618334, 0.028214675458062218, 0.001492495091590514], "(0, -3, 0, -4)": [-0.005920872515067458, -0.005919368721544744, -0.007510008819028735, -0.0075104331757873295, -0.008937590683270246], "(0, 3, 0, 3)": [-0.0059103832319378855, -0.004144507143646479, -0.005912390416488052, -0.0041472773253917695, -0.004147932454943657],