{"q_values": {"(0, 0, 0, 0)": [0.9685402648834477, 0.9748791122915073, 0.9747835170096273, 0.9683050151408019, 0.967793566399665], "(0, 0, 0, 1)": [0.9326840809521315, 0.974561358791515, 0.9461394776063236, 0.9498002680084242, 0.9397410266827555], "(0, 0, 0, 2)": [0.9298910544137989, 0.8756711855456779, 0.8964597164549077, 0.7527596913758671, 0.7293712212579382], "(0, 1, 0, 2)": [0.7191522341545291, 0.6509671856117254, 0.6504133587274005, 0.6248497622420957, 0.5834220248740952], "(0, 1, 0, 3)": [0.6198445193101054, 0.5497791688286977, 0.5886531597698808, 0.5259720634916886, 0.49580718596124945], "(0, 1, 0, 4)": [0.5761051222142669, 0.4154134566525992, 0.37953786111887733, 0.320031739443217, 0.2450713802202058], "(0, 1, 0, 5)": [0.2805042764559475, 0.09988560370617697, 0.11442799769407917, 0.09220534153901982, 0.08217040565066679], "(0, 2, 0, 5)": [0.17476490011543594, 0.1552868091745767, 0.12835231262269065, 0.1246712687564343, 0.10593780265583871], "(0, 2, 0, 4)": [0.2696379590666356, 0.16098461654279253, 0.17335261478493724, 0.15870835939218783, 0.16264410253073197], "(0, 2, 0, 6)": [0.09705581062831883, 0.08553796508745921, 0.06736338967654927, 0.07552853090310997, 0.04611764553773713], "(0, 3, 0, 5)": [-0.00894728529414162, -0.00751616351120174, -0.0089516695323959, -0.012455545801139455, -0.008958063874077053], "(0, -1, 0, 1)": [0.9728202677479706, 0.9742843196783724, 0.9757454817733936, 0.9745928597989121, 0.9684152259047658], "(0, -1, 0, 0)": [0.9472191467916558, 0.9708222543887657, 0.9743604558016024, 0.9755802585912215, 0.9750350870041473], "(0, -1, 0, -1)": [0.8939334121608927, 0.9329205589217543, 0.8882621756529986, 0.9691759316063451, 0.9214881972571097], "(0, -1, 0, -2)": [0.828839950780507, 0.8729874841832188, 0.8664918627044795, 0.8750760540363164, 0.8820295691172689], "(0, -2, 0, -3)": [0.19385779303962605, 0.284840066813155, 0.2769794172757693, 0.3124122710972084, 0.30395593195882725], "(0, -2, 0, -5)": [0.10655242471453635, 0.12049969437605032, 0.11181564507119879, 0.1216351286537845, 0.11932703320672892], "(0, -2, 0, -4)": [0.14765963434019894, 0.16635011283566892, 0.1532076235668735, 0.20712204302103068, 0.31729613339872215], "(0, -2, 0, -6)": [0.0725797557062049, 0.08430477118584818, 0.07707299627708372, 0.07273137292140433, 0.07774682868804511], "(0, -2, 0, -7)": [0.032394005947067095, 0.053167167767924295, 0.04641616216707457, 0.06898165136473879, 0.06910670538855694], "(0, -2, 0, -8)": [0.003165567879648975, 0.0072399606857017915, 0.015678217488592116, 0.020952964925949998, 0.03926929108582712], "(0, 1, 0, 0)": [0.7380385942332884, 0.7283041156691772, 0.720013618525863, 0.7171715551441343, 0.6922742819562732], "(0, 1, 0, 1)": [0.7231592293490078, 0.7331216694555652, 0.6596444538993192, 0.6696598526591114, 0.6575946904943684], "(0, 2, 0, 7)": [0.07150547216353724, 0.01953872533978622, 0.01322155584428722, 0.0127898657755134, 0.004629173443056309], "(0, 2, 0, 8)": [0.00659652506760121, 5.1834085755283685e-05, 0.000488348422973889, 0.003141077856342146, -0.004089347653092349], "(0, -1, 0, -3)": [0.6649245667806178, 0.7324175386022613, 0.7876683097469176, 0.6552344206408264, 0.9052017058889398], "(0, -1, 0, -4)": [0.32202000174025647, 0.4518611820301238, 0.5265353048273601, 0.6468656231546318, 0.7804060738082679], "(0, -1, 0, -5)": [0.12899263256691598, 0.19602013687437678, 0.2493231910428656, 0.3271374743749253, 0.4806032425601312], "(0, 0, 0, -1)": [0.9599579877431825, 0.9715666718981233, 0.9751409771963632, 0.9767069154565244, 0.9748957919455519], "(0, 0, 0, -2)": [0.8002929711770357, 0.8705575127248913, 0.905894229351227, 0.8978530547925603, 0.975746554487902], "(0, 0, 0, 3)": [0.8241103025144911, 0.44475468212593255, 0.2886298072302659, 0.3401456219082157, 0.12955452523659458], "(0, 2, 0, 3)": [0.33809973046233843, 0.32118388325002856, 0.277832115861873, 0.25051410170606825, 0.22275010945725132], "(0, 1, 0, -1)": [0.3358787860570171, 0.5653270318484097, 0.5378965364405093, 0.5849006767735854, 0.7357304995401623], "(0, 1, 0, -2)": [0.011697120923789153, 0.032981601791705964, 0.3014086722889481, 0.0036827377640390457, 0.046242053986416405], "(0, -1, 0, 2)": [0.1482044900992965, 0.9479216860295365, 0.39932825743371547, 0.24530319761555514, 0.19915111596235807], "(0, -2, 0, -9)": [-0.0014732359022273287, -0.0030717341360364555, -0.004290075168358707, -0.0012015244875482672, -0.0019523834542180146], "(0, 0, 0, -3)": [0.10388062078691872, 0.28478125773297314, 0.3128120773414283, 0.8678147357395564, 0.32961884318994883], "(0, 3, 0, 7)": [-0.0041575683653354645, -0.007527290952019395, 0.0, -0.004160556551069021, -0.004165046699345112], "(0, 0, 0, -4)": [0.0067643868353461055, 0.039124251984725626, 0.003213284669203872, 0.04589234726902548, 0.14063389605221333], "(0, -1, 0, -6)": [0.028807106935627935, 0.018908034903798984, 0.030502185776864782, 0.022925654885673462, 0.2668420686184044], "(0, -1, 0, -7)": [0.00902681740626721, 0.0022157731130174833, 0.011731406503417184, 0.044991886185781566, 0.0011375301212523381], "(0, -3, 0, -7)": [-0.004163422025740147, -0.00416267329826951, -0.0059340982493013145, -0.005932558918371796, -0.005933656951412559], "(0, 1, 0, 6)": [0.11617808646708948, 0.006171386789609728, 0.023350900209105234, 0.009262819703736122, 0.005331140247193588], "(0, 1, 0, 7)": [0.004110249645329903, 0.004832461837315628, 0.0, 0.0, 0.001894521494023502], "(0, 1, 0, 8)": [0.0010426691776141525, 0.0, 0.0, 0.0, 0.0], "(0, 2, 0, 9)": [0.0, -0.0009873475237482943, -0.006313477447707198, -0.0014324119218353157, 0.0], "(0, -2, 0, -2)": [0.25130981777697897, 0.3216436201075565, 0.21150301642693797, 0.19494171320432402, 0.2502073448768663], "(0, -2, 0, -1)": [0.0905431114431372, 0.24622666405074248, 0.044310498627758446, 0.02412222064064492, 0.019475179283608444], "(0, 2, 0, 2)": [0.390784651873077, 0.3640274282745234, 0.3731681264611534, 0.3479828009208147, 0.27835126165553264], "(0, 0, 0, 4)": [0.03269470866269185, 0.13857626282807406, 0.06950419525593293, 0.06909783172159717, 0.022264777545761373], "(0, -3, 0, -6)": [-0.011415782689830846, -0.010254227506514639, -0.011414522050619127, -0.011412919191124476, -0.01245402197801143], "(0, 0, 0, 5)": [0.0, 0.0, 0.0, 0.011394351388244026, 0.002474981667448537], "(0, 0, 0, -5)": [0.003045801583348206, 0.0, 0.0, 0.0, 0.0], "(0, -1, 0, 3)": [0.0, 0.001774967615854871, 0.0, 0.0009832593612372875, 0.006054398934184509], "(0, -1, 0, 4)": [0.0, 0.0011832151049971861, 0.0, 0.0, 0.0], "(0, -3, 0, -9)": [-0.002196987718343735, -0.0021947821602225303, -0.0021954622119665147, 0.0, 0.0], "(0, 2, 0, 1)": [0.13852537322896646, 0.1441665690036412, 0.14593596262211944, 0.10038000572863955, 0.3608178817191809], "(0, 3, 0, 8)": [-0.0021924246102571487, -0.0021918321028351786, -0.00219095703214407, -0.0021925438195466995, 0.0], "(0, 3, 0, 6)": [-0.005925088796764613, -0.005927397038787603, -0.004156528003513813, -0.0059305083639919765, -0.004157807156443595], "(0, -3, 0, -5)": [-0.00752006759159267, -0.007516237969323993, -0.007515512547083199, -0.007514770734123886, -0.00894477440930903], "(0, -3, 0, -8)": [-0.0041659683175385, -0.004165285900235176, -0.004163688104599715, -0.002191116102039814, -0.0021919481456279754], "(0, 2, 0, 10)": [0.0, 0.0, 0.0, 0.0, -0.0021924821659922602], "(0, 3, 0, 4)": [-0.00750817667413503, -0.005917323041707278, -0.007510461466573179, -0.00751176072768867, -0.004149789605289698], "(0, 2, 0, 0)": [0.013967729031014366, 0.004800522147533978, 0.12880313547578046, 0.028214675458062218, 0.001492495091590514], "(0, -3, 0, -4)": [-0.00415103143081069, -0.0041503491997718816, -0.004149505831301212, -0.004150338582694531, -0.0059145164508372546], "(0, 3, 0, 3)": [-0.004143923595547676, -0.004144507143646479, -0.004145438130944968, -0.0041472773253917695, -0.004147932454943657], "(0, -2, 0, -10)": [-0.002175535634160042, 0.0008650519885122776, 0.0009670084761455655, 0.00012260542574818283, -0.0021833993494510652], "(0, -2, 0, 0)": [0.0, 0.0, 0.0, 0.01658467985055554, 0.0],