{"q_values": {"(0, 0, 0, 0)": [0.9465481105554723, 0.946145975137324, 0.9475472989875666, 0.9472012627381732, 0.9465913974517957, 0.9471897718865492, 0.8838460494888587, 0.8058025281224763, 0.9094182601329, 0.9437049130450906, 0.9484483435039002, 0.9472852141778322, 0.9442426073847172, 0.9471535489765809, 0.9453415015921631], "(0, 1, 0, 0)": [0.9333082462440015, 0.8678282373457143, 0.8980424761420255, 0.9404416252507343, 0.9503646683410806, 0.9348994864451398, 0.817724284523323, 0.9362596319079292, 0.9213998239427228, 0.9254020678131082, 0.93158445782292, 0.9333963462010003, 0.9226323599927475, 0.9239611617311925, 0.927353042514161], "(0, 2, 0, 0)": [0.9029128326307733, 0.7590069120842823, 0.7811330984249236, 0.8337559114931844, 0.8130228696756472, 0.8300239061989911, 0.7979278439106008, 0.8006467651388505, 0.7832907843199987, 0.7707648779112192, 0.7989439467987278, 0.7288016919856314, 0.8177497358914371, 0.7146293615554021, 0.7188484766517101], "(0, 3, 0, 0)": [0.22888036331701353, 0.2708586313783097, 0.25420359943852927, 0.3226272054381577, 0.31803563786584005, 0.278764380398527, 0.2826178677315125, 0.2919276488988031, 0.269452821618247, 0.26331934511576327, 0.3093154940622417, 0.3128506931591663, 0.2433760063119255, 0.2691548215041853, 0.23969985326107873], "(0, 4, 0, 0)": [0.026293740006045615, 0.019160850976326388, 0.017773538986653105, 0.017494395479203683, 0.025971246077985996, 0.025104784383980193, 0.02467272279207878, 0.02119000256964404, 0.017656991451507415, 0.020287830827511826, 0.023049578938314483, 0.023391174905866275, 0.023844872395411273, 0.020040051492521544, 0.018632291229318317], "(0, -2, 0, 0)": [0.7545983237042357, 0.7580889085740712, 0.7518030570465475, 0.71489103812979, 0.7827457428371171, 0.6633452770510831, 0.7523901851899522, 0.7586230258118302, 0.6161563354109328, 0.8161939349083738, 0.8368392901056687, 0.7870413233119563, 0.8986739743011449, 0.8048348272760438, 0.7656505863719028], "(0, -3, 0, 0)": [0.19926686989153378, 0.23308679170875482, 0.22750933213995914, 0.17554204811772567, 0.19767534784771415, 0.212238769816099, 0.20411242750122413, 0.21683292016741995, 0.17785440765485255, 0.20141861190601484, 0.18035014079210548, 0.22352201576072944, 0.22519460689238108, 0.18369381691884762, 0.2062904477722952], "(0, -4, 0, 0)": [0.005112635864105541, 0.035021483701522804, 0.011489820063257944, 0.026871468816252114, 0.03121481441245924, 0.0225536906332838, 0.02762236427592655, 0.019016378666999643, 0.01543911345200179, 0.028243662900501804, 0.001367695819206853, 0.030375079491283097, 0.02552329318926734, 0.0327526976339144, 0.031890636574253166], "(0, -1, 0, 0)": [0.8986965240415151, 0.9319731236134976, 0.9326764298448165, 0.9245577120167744, 0.8270640243341174, 0.9337019304251406, 0.9319534682568291, 0.9325914763975639, 0.9236947393775905, 0.9307348348569674, 0.9203669336300979, 0.8922418643444773, 0.9446561639659649, 0.9007524005607964, 0.873346512286048], "(-1, -4, 0, 0)": [-0.0043751664459705355, 0.0004697142236572485, 0.005730240596273469, 0.0020504917915910486, 0.001955071246295033, 0.005223487548491384, -0.007858571484684945, 0.0028122771999061153, -0.00436740592122078, 0.0027280336192829907, 0.0008625206076883418, 0.0016658474201287667, 0.0030781294270864463, 0.0, 0.0032818116134113885], "(1, -1, 0, 0)": [0.15552022076754757, 0.12112109082803382, 0.2051164071788083, 0.21724380914234429, 0.18282978977740416, 0.0707591049207085, 0.30003850815838673, 0.20708726881928263, 0.17626746777941033, 0.20496174205620188, 0.06296043280331773, 0.22630534793993656, 0.14385014180322567, 0.07454927818416865, 0.18502392866409068], "(1, -2, 0, 0)": [0.1704485065704076, 0.05037113435358699, 0.10042763452999842, 0.05672515775833825, 0.05209380484586894, 0.00898208738223027, 0.13484639008560784, 0.12286927978522429, 0.0783552308322353, 0.09629175872087439, 0.08493356038493376, 0.0931980497628637, 0.13033227898407965, 0.10685846313584775, 0.014285571016134788], "(1, -3, 0, 0)": [0.04892651108220171, 0.037259588280485215, 0.06737223325395632, 0.10954528704886549, 0.06464815000848351, 0.010761153157045901, 0.04084316721168236, 0.05266613141716077, 0.03499919571843766, 0.05971391625158468, 0.05732746641471409, 0.047895128919946905, 0.059452270199090926, 0.027514150155464476, 0.0703143146081798], "(-1, 0, 0, 0)": [0.04295587309664447, 0.08924848524266876, 0.16619842064178736, 0.0544442026947842, 0.08651602374428981, 0.06973006770089112, 0.01677086287511161, 0.044671445267156246, 0.08428600912132675, 0.07617342820724055, 0.08817393362965134, 0.06401443313828661, 0.046343205972135156, 0.0834247701515936, 0.06978773209870072], "(-1, -1, 0, 0)": [0.06138095016739917, 0.11874255886866601, 0.031956286644067015, 0.021795647719278517, 0.08376606537225854, 0.05573077585116054, 0.08567613544587442, 0.04511487273507034, 0.06080341281883821, 0.06512623092299567, 0.054840400927576326, 0.05719565215804129, 0.015014546313785643, 0.029910326806520667, 0.05507873364280998], "(-1, -2, 0, 0)": [0.08330534738990336, 0.019530823956233855, 0.04734455360367729, 0.01905708099451831, 0.038616390045895094, 0.0179823813345906, 0.0652077725626063, 0.03532448920337545, 0.029450182279648907, 0.015169284413835894, 0.06046921262122508, 0.05290103548616197, 0.022558582348158555, 0.06175721987405879, 0.04312968821481934], "(-1, -3, 0, 0)": [0.03780498097201176, 0.002756670048290947, 0.016387437148574005, 0.012050391461612232, 0.03654719061387484, 0.02197630961173757, 0.02262595476827279, 0.01781490483119571, 0.01152934111313406, 0.01434308630052395, 0.032001479544108924, 0.028772519369001506, 0.023007660396829974, 0.01820654812031218, 0.018870454644279864], "(-1, 1, 0, 0)": [0.2929146828709696, 0.13908011615984325, 0.18262955992016214, 0.1316756999033172, 0.14948284326521133, 0.25121566213411745, 0.17368560748155085, 0.21960985856276272, 0.22001939282855346, 0.26421992463283495, 0.13347638098159248, 0.22807281771018167, 0.339216104483576, 0.2003299849997964, 0.1994479485910421], "(-1, 3, 0, 0)": [0.12078980857474002, 0.06831487191078615, 0.10965620387683914, 0.05979435837409103, 0.03762272607831582, 0.0784320134416117, 0.08839326263566276, 0.06714418307253596, 0.0794079223293611, 0.056980763969327636, 0.07826051174340729, 0.0767059582633155, 0.05339038929326939, 0.07538299781662439, 0.07608045913067481], "(-1, 4, 0, 0)": [-0.010687412068247795, 0.0027734838111124413, -0.004373052343726158, 0.000737740213455114, 0.001201558315492823, -0.007109651700135741, 6.36142884883604e-05, -0.00017376527990632966, -0.008163315639506372, 0.0006774373899772514, 0.001636414658852831, -0.0011396045279325057, 0.001254900597773828, 4.3714403238237325e-05, -0.00016623530073578245], "(-1, 2, 0, 0)": [0.2910208114029332, 0.2809990666020432, 0.2621595294773365, 0.2702625025405916, 0.2680739583213135, 0.2969002688443711, 0.29297773219975476, 0.27068100750605795, 0.2637815613433021, 0.271680648129015, 0.23858849848282826, 0.16159366582508183, 0.2663803432834027, 0.24025079589123066, 0.26354941602512383], "(1, 0, 0, 0)": [0.06844793538363217, 0.08274636988909895, 0.11288176384645976, 0.08214181317482125, 0.07592689414201281, 0.06024752788573533, 0.034008732764742505, 0.2569305711579038, 0.04919628228703011, 0.06763357590034805, 0.05405789501272956, 0.07086720954308288, 0.12358769638168104, 0.09761832793550274, 0.033929337608871485], "(1, -4, 0, 0)": [0.0023077078705370235, 0.005182952592715749, 0.0019327618042070116, 0.011148908231536036, 0.004058843826335905, 0.013482391984818, 0.0011854351704136002, -0.005228223198519897, -0.004351186752319336, 0.0038461504949166316, 0.009896287979727731, 0.0019708630468015347, 0.0022549611378476684, 0.007373893356259563, 0.004267843475796488], "(1, 2, 0, 0)": [0.1242137217609269, 0.37567144518606344, 0.10548606155076613, 0.10581389424618005, 0.1457740522927727, 0.16627767276751437, 0.08250275844548985, 0.0, 0.1362409983889585, 0.12897582038266459, 0.0353604623059374, 0.11718452828882692, 0.1300435147636738, 0.17716135055710813, 0.055179729351187416],