{"q_values": {"(0, 0, 0, 0)": [0.9082844224611379, 0.8767673050882158, 0.8905512218498448, 0.8930258376701543, 0.8773923347988752, 0.8526234345004899, 0.8760056559504278, 0.8832895245470657, 0.8840036824955069, 0.8437552955411157, 0.8906547300154399], "(0, 1, 0, 0)": [0.920639543632514, 0.9047302448923573, 0.9085386735335214, 0.895189913657982, 0.9022552317751092, 0.8878074511915556, 0.8995043535076297, 0.8910820948281469, 0.8952821582401956, 0.8938228438280239, 0.8765434439528257], "(0, 2, 0, 0)": [0.8489528658629251, 0.5629785607773553, 0.5381566847075943, 0.5057165806825665, 0.5731940933289169, 0.5309670588295093, 0.6073898859489637, 0.6691296582890321, 0.5666872858855343, 0.5713827435308787, 0.6153955546609963], "(0, 3, 0, 0)": [0.16718070100947113, 0.16250478609645105, 0.16047301978889142, 0.1719443729949487, 0.15483598683527205, 0.167376422916943, 0.15440798494924596, 0.15565230740681624, 0.16046900203086917, 0.15968905974503386, 0.15428008670054605], "(0, 4, 0, 0)": [0.009094900771014065, 0.02963813774239328, 0.0026810596762804947, 0.009171384925257858, 0.008534485235069427, 0.004172520005777445, 0.008754050341917383, 0.009753991701936054, 0.006579493232148951, 0.008186872135086416, 0.0026111613747211992], "(0, -2, 0, 0)": [0.497767012427704, 0.48332097724272327, 0.47757462140203194, 0.463650172400805, 0.4771196794610522, 0.468678377123635, 0.4960421063164101, 0.48754744968504826, 0.5037060737047936, 0.48113543044725604, 0.5012090969464439], "(0, -3, 0, 0)": [0.13717368997386606, 0.13896159308568024, 0.13311813348159413, 0.140292896642378, 0.13659289274907388, 0.12897897095805277, 0.13532706022592023, 0.1392683983264756, 0.13416101769506594, 0.14101935400913307, 0.1404485698260457], "(0, -4, 0, 0)": [0.00347068651967348, 0.004159944755066439, 0.0021436844810533056, 0.004915181414544796, 0.0010754614765025525, 0.005151063272596664, 0.0055166517071016455, -0.0008277099376436583, 0.002986468237540292, 0.012883157061927712, 0.03688234497232501], "(0, -1, 0, 0)": [0.7238705638023609, 0.7841527999754269, 0.7631414864839491, 0.8153372411900403, 0.768994952054278, 0.7435387038485384, 0.766029146073345, 0.7388259187977997, 0.7449561421185169, 0.8346649063983934, 0.7688195341603473], "(1, 3, 0, 0)": [0.012878097816668155, 0.04783755518088769, 0.08390812554048205, 0.044661350248389804, 0.15341844618915917, 0.05018826781980651, 0.01811125321420266, 0.032745762454488764, 0.00589850418718186, 0.07459868466234258, 0.005701853827496536], "(1, 4, 0, 0)": [0.07187837506221421, 0.010352480581486606, 0.030293678336738822, 0.028581612587480924, 0.026083366647013217, 0.00786329622472258, 0.022378846383481386, 0.022884276956471182, 0.009214961411794481, 0.010833846228788907, -0.007845253944396974], "(-1, -1, 0, 0)": [0.8577017544451508, 0.9235062143505378, 0.9198100378551153, 0.8294264594125661, 0.8784824040778918, 0.8696178661370826, 0.9022136469633376, 0.8242594624616659, 0.8753637943963015, 0.7955933685325715, 0.9504950204282171], "(-1, -2, 0, 0)": [0.05430724630131945, 0.0629633940788595, 0.028975514552306892, 0.11833840246723223, 0.030301838623091028, 0.15521009200434505, 0.18599499494561617, 0.00905141372429726, 0.13310412197017174, 0.044481827465482335, 0.14271064743494566], "(-1, 3, 0, 0)": [0.09479550586669375, 0.06186302098087181, 0.06379867821636796, 0.048236350979535284, 0.06601259854814844, 0.07636144527877715, 0.06764112836539321, 0.06251895255299715, 0.08054049430687728, 0.0645334618838325, 0.0725573400626528], "(-1, 4, 0, 0)": [-0.0007580742304984867, -0.0013267794732543213, 0.009865307475903543, -0.0010218067326184712, -0.006152025434248557, -0.0018529536290579568, 0.0027316178870593066, -0.0020266240075394607, -0.0015818504023685596, -0.0011886331762365884, -0.003426154453711445], "(-1, -3, 0, 0)": [0.026954307860235845, 0.022982540979322758, 0.03305221070616509, 0.03667384261507388, 0.0327636307877412, 0.018692513200870228, 0.028160232679865414, 0.019675135172918745, 0.020380158206776695, 0.0228854847101357, 0.011914682833310278], "(-1, -4, 0, 0)": [-0.00610462167703127, -0.006630405214111778, -0.006435110023804478, -0.006415344719683577, -0.0074897582495238625, -0.006584242503106581, -0.006108166464509635, -0.00837573158398504, -0.007433693910005982, -0.006896739598354799, -0.006334406617079614], "(1, 0, 0, 0)": [0.6894002989270044, 0.6722085485585022, 0.7099109847243102, 0.6993770286196126, 0.671275725221953, 0.6557463862673583, 0.701062776147767, 0.6644299932613457, 0.693921012604924, 0.7414344894602948, 0.6831646578128694], "(1, -1, 0, 0)": [0.4605657868427039, 0.4878225140697326, 0.49484223611241807, 0.4692863304842205, 0.4659768457418605, 0.5002077488752333, 0.48735902305417, 0.4956265332312409, 0.5021662340159919, 0.4874335536983633, 0.5560489155236775], "(1, -2, 0, 0)": [0.20633724277143567, 0.2150384767019804, 0.21414678413469354, 0.21733888319751765, 0.2167917448952438, 0.2114262691528113, 0.2145315275877523, 0.2069356275526559, 0.214016289164393, 0.21277971551171473, 0.21562951314950796], "(1, -3, 0, 0)": [0.06405275447730636, 0.06390881732195472, 0.06233683462127012, 0.051214602391632606, 0.06269853306898603, 0.055967341790664794, 0.06729640321040922, 0.06286058541738153, 0.05993494234265953, 0.05570280653226586, 0.0974919553607777], "(1, -4, 0, 0)": [-0.003670612485608322, -0.007398824407380075, 0.005326191492265538, -0.004251530712978428, -0.0029887592521990174, -0.003334762577854749, -0.003796291593877798, -0.005183411447202097, -0.0032378124612389247, -0.0031751556953124585, 0.014305435241134597], "(-1, 1, 0, 0)": [0.860760930066169, 0.591386117095244, 0.5270091858564813, 0.4360597208756123, 0.5408324382053492, 0.5881048896673969, 0.5855919271970021, 0.7088646808175438, 0.623521484844281, 0.6266991927419786, 0.6545600626218111], "(-1, 2, 0, 0)": [0.5313940058991871, 0.2976927963590035, 0.2328803083600924, 0.2340239140164509, 0.23465991170249131, 0.2583010614285766, 0.28034659787883787, 0.23492171391863087, 0.3018352965969172, 0.2257503302943833, 0.2894713273267454], "(1, 1, 0, 0)": [0.8077616563534387, 0.7542609067389291, 0.7793525851235349, 0.7527001640803418, 0.7029240596900984, 0.6959532709732237, 0.7629058240792761, 0.6726210688267453, 0.7154772839064163, 0.7505871730063264, 0.7318479616716578], "(1, 2, 0, 0)": [0.023761659768261743, 0.06455101140516428, 0.13293484894549726, 0.017906970177153012, 0.03670585625837126, 0.06880077698859596, 0.4570305156116653, 0.03228248487292386, 0.09173105362302762, 0.042701275146575526, 0.0874732974766447], "(-1, 0, 0, 0)": [0.9215987126531264, 0.8978412957413408, 0.9448583415897533, 0.850599319839154, 0.9232851444574368, 0.8972128328758405, 0.8874629690751155, 0.8821788087565717, 0.9224704362037044, 0.9249822438242117, 0.9122896021430603], "(-2, 1, 0, 0)": [0.03976877409061403, 0.08762003742693267, 0.05656334981432928, 0.03616660122399745, 0.06939430997898353, 0.30504544930638944, 0.056413488985225815, 0.05313966545712889, 0.13377091657610155, 0.07875099803476263, 0.009824620025421088], "(-2, 2, 0, 0)": [0.0, 0.040508312963812756, 0.037813300719549775, 0.058787965658700064, 0.06220900823992094, 0.061793816278037594, 0.04322022689431144, 0.028232331510790916, 0.07323681898518045, 0.033934219730457064, 0.046093876765066724], "(-2, 4, 0, 0)": [-0.0015101760584124066, -0.008835395957696997, -0.009634778415538739, -0.006018336842907314, -0.005818228689832701, -0.004508044847456259, -0.006109179759377543, -0.005704891593813897, -0.006487848247066967, -0.00905616755387965, -0.005993199001754956], "(2, -1, 0, 0)": [0.2654650611672554, 0.33211072475559755, 0.27363739294721123, 0.30292120223649444, 0.28184004531708934, 0.32272552518256314, 0.27855885213827875, 0.32151675412952563, 0.33278184960491236, 0.2930452571652764, 0.500453900765227], "(2, -2, 0, 0)": [0.053102967580710043, 0.07089481748757145, 0.06803012341624147, 0.0781754381408794, 0.0, 0.06381534519703014, 0.059031084548493304, 0.08411864736158453, 0.04370844729112643, 0.04743447524596807, 0.24690120814681882],