{"q_values": {"(0, 0, 0, 0)": [0.8815416097612164, 0.880042910890865, 0.8742894772970513, 0.8831026331343651, 0.8721193623280811, 0.8804671247096565, 0.8626135212964652, 0.853745711135319, 0.9119079598610269, 0.8802033093263909, 0.8809090931687954, 0.8787808387652306, 0.8727072503721468, 0.8786719029802714, 0.8682027221150569], "(0, 1, 0, 0)": [0.8257912028311799, 0.8398443350064919, 0.8252931613995721, 0.8037432908397965, 0.8159571609683132, 0.8933576753409722, 0.8445263492774676, 0.8370354782885203, 0.8232120565496237, 0.8210365513004558, 0.8216205980495546, 0.8247220817271647, 0.8261810847023605, 0.8064196101226999, 0.8244022326923288], "(0, 2, 0, 0)": [0.5624373100596708, 0.6457350594631748, 0.6577080238537023, 0.6392960225964651, 0.543900185976945, 0.586013466459261, 0.6092647316363249, 0.5083620657751067, 0.6137308537874975, 0.6010483804978902, 0.5665971195789021, 0.6333273421495638, 0.5753220709817346, 0.6440227137104791, 0.6427920223432373], "(0, 3, 0, 0)": [0.29032113506214346, 0.170395684500258, 0.17087303473444293, 0.16435541673791607, 0.17297815474903752, 0.15384294510868907, 0.16415445162899764, 0.15203641717729638, 0.16717840367143208, 0.16638789516541977, 0.16747910701484559, 0.16369432241513548, 0.16964492695792524, 0.1686170878850291, 0.16701300382162712], "(0, 4, 0, 0)": [0.017227584871998367, 0.014569597144049632, 0.014088329338349114, 0.016357213277751564, 0.010434547317901102, 0.0004708344205949129, 0.017276853682782964, 0.0118104838931257, 0.010877377931096947, 0.01452856962311823, 0.01268779087289324, 0.01697737923050977, 0.016086212034688165, 0.012590156127148195, 0.015219680919382082], "(0, -2, 0, 0)": [0.7866167365961323, 0.7889033563159177, 0.7594254168787958, 0.7801132017114357, 0.7752557886637486, 0.7833874933682331, 0.7526909848218922, 0.77548853812125, 0.7410110682141494, 0.7646142780472706, 0.7666471229657246, 0.7744851983838125, 0.7380847531811042, 0.7775702313794014, 0.8454301112429463], "(0, -3, 0, 0)": [0.27691775280065994, 0.3875523246058257, 0.3170922573518517, 0.46840743168977317, 0.3365622637314036, 0.45018799144068566, 0.42038024056296697, 0.31259348856043967, 0.3986514766273475, 0.32176871624853365, 0.4032858948738509, 0.4515715030127738, 0.3684569190390592, 0.3842175072796509, 0.6050133303209038], "(0, -4, 0, 0)": [0.06572846702499117, 0.0636541004233633, 0.06628692490100006, 0.028575807743025303, 0.06297636016587677, 0.06527066754236856, 0.06859011979576476, 0.04833551514393996, 0.07037445418572182, 0.06453341601089316, 0.03095023852244804, 0.06306320094675405, 0.06892548945443149, 0.06054579761055214, 0.08405347674173111], "(0, -1, 0, 0)": [0.883099378445048, 0.887093299691288, 0.8814562234752256, 0.8864065107952604, 0.8898017540535328, 0.8922471425915153, 0.8940481036670916, 0.8786773877715265, 0.8934267593296352, 0.8843883386243246, 0.88061480375777, 0.8802089779167426, 0.9093395997142018, 0.8940803409998013, 0.7481434492465108], "(-1, -4, 0, 0)": [0.001474712592481428, 0.07652363162015414, 0.0766712085473122, 0.09348673488065734, 0.09105604380338228, 0.08926184154945989, 0.051137926531063395, 0.003376865189801866, 0.0842418087536965, 0.08509222749964768, 0.04582815671721767, 0.09088150969940506, 0.10394520315193831, 0.08352134079239139, 0.04098710329191982], "(1, -1, 0, 0)": [0.7611442530332544, 0.7420757105489522, 0.7563191133009879, 0.7879191198595852, 0.7917150205355713, 0.7962084479181742, 0.7967439387661333, 0.7752200370151219, 0.8077452224356683, 0.8088827983472854, 0.7915615865001396, 0.7021505688964879, 0.7672603267773863, 0.7869834996291405, 0.9157511956335515], "(1, -2, 0, 0)": [0.4921326131965257, 0.4866677766068348, 0.4643440988939338, 0.5251497252703792, 0.47277556776546475, 0.5143109574930735, 0.5040597302904127, 0.47027795304176623, 0.5033238228424134, 0.4636970233897351, 0.5085006729354846, 0.4976316824118182, 0.4936458989144698, 0.4910108328241544, 0.5075534136699801], "(1, -3, 0, 0)": [0.14468962203780913, 0.15596713072877816, 0.14315455595371657, 0.11769059579922549, 0.12056961186437126, 0.07299787686214373, 0.09875544611167417, 0.08202429348162239, 0.06322429929651505, 0.09327446569571478, 0.09276047351340841, 0.1418901005408416, 0.09179154238638174, 0.1503563786241484, 0.12910139409350155], "(-1, 0, 0, 0)": [0.9360568921988341, 0.6893423816562859, 0.6262057094773765, 0.6576267179624151, 0.6320971634294937, 0.7047128642096155, 0.6204974697391844, 0.6300956574514539, 0.6064203247414932, 0.6345147597175769, 0.618756720123129, 0.6160878043235036, 0.6849019039148553, 0.7025760098713679, 0.6650168448232662], "(-1, -1, 0, 0)": [0.6940261079640008, 0.7853076001213746, 0.6705128134463383, 0.7211125719228058, 0.7810869671116278, 0.7338982478380663, 0.6478637684707591, 0.6410384055763791, 0.7074230302745501, 0.7180390594053041, 0.7474211949198286, 0.933212886797039, 0.7589127332699381, 0.6513972263487003, 0.6303419975513838], "(-1, -2, 0, 0)": [0.3684320595700403, 0.06641344377742273, 0.12368894290788249, 0.07318921425373766, 0.25861439222606464, 0.15613816549591675, 0.2080223858083536, 0.12222600241180638, 0.065446674632958, 0.582304688622681, 0.19234135423040366, 0.06575354957222607, 0.07089894791827353, 0.27332240508206146, 0.20232273819353155], "(-1, -3, 0, 0)": [0.24067188219797656, 0.2410426703349302, 0.11154161726670372, 0.24875359281980464, 0.2535449472545805, 0.021159276199206906, 0.24973893618465376, 0.23651121373442163, 0.2486018569542038, 0.2554383517333706, 0.2412418026264706, 0.2533920654344772, 0.1853392432488858, 0.24510193488948795, 0.22321164164326174], "(-1, 1, 0, 0)": [0.46363343885865926, 0.8474640531877089, 0.46293245487700624, 0.4717146482581117, 0.46280829634821213, 0.44014991748582805, 0.5062071129194956, 0.5281703552225189, 0.47272752627566805, 0.4945286696709822, 0.4966814011076849, 0.5066828136047378, 0.47455682958566026, 0.4832095653112403, 0.5006165051939444], "(-1, 3, 0, 0)": [0.09311628670750575, 0.0905840621080793, 0.09490229466788387, 0.09483874832933788, 0.09072353108488304, 0.08719273333665514, 0.09517262367934351, 0.0875634114011211, 0.09374343675889567, 0.08948473007263191, 0.09247598846729022, 0.10036882136021275, 0.08893946858018814, 0.08960289215095942, 0.09178442002444288], "(-1, 4, 0, 0)": [0.010958999434739441, -0.0003179244911806949, -0.003644979667489027, 0.005791327900493557, -0.0060681698025585006, -0.0009321892824547947, -0.0022302461778985518, -0.0018285552135866873, -0.0010508026183061927, -0.005153670181563526, -0.0001647537893061492, 0.008481754054012268, -0.0026015971063527597, -0.0022424817639799576, -0.0035779914011388756], "(-1, 2, 0, 0)": [0.27603675298956376, 0.32425299425603143, 0.2785449362915394, 0.31500451838835936, 0.27143347083069164, 0.30955172059497604, 0.2664911807844669, 0.2672390234758787, 0.27691775076459585, 0.2552010988093773, 0.27598751358722656, 0.27779275705666073, 0.26206310447401027, 0.2623831304238305, 0.2545912483269875], "(1, 0, 0, 0)": [0.9126102454412146, 0.9200060674521056, 0.9046819637947795, 0.9085822535540481, 0.8590910472760329, 0.8976448648667235, 0.9110191249066859, 0.920017226562067, 0.9197426969494172, 0.9100996417421903, 0.9155174572767711, 0.9058883337317083, 0.9175330836525054, 0.8916293417454184, 0.9060393262988009], "(1, -4, 0, 0)": [-0.0052294194999910875, 0.0023399674046240583, 0.0007316539942651681, 0.01684420018125659, 0.009851948735745766, 0.001110343002113102, 0.000994279341229024, 4.3238907917831325e-05, 0.0005456692984859238, -0.005394528792625496, -0.0052090699473481585, 0.010379130205487593, 0.015454557251970907, 0.0006736784231891292, 0.01741672402297731], "(1, 2, 0, 0)": [0.783577320644348, 0.6575502411543565, 0.8704939017532571, 0.7629231852394305, 0.7840890797494512, 0.7173124426681645, 0.728171967370996, 0.7156718569203809, 0.7264118943386308, 0.8310806891759822, 0.8105283811200774, 0.7043631662452347, 0.7762551865515342, 0.7139549903270671, 0.7722144167276386],