{"q_values": {"(0, 0, 0, 0)": [0.9705068837296479, 0.9735761547245709, 0.9766679306878335, 0.9739404308788662, 0.9607242602887872], "(0, 0, 0, 1)": [0.9778418164635762, 0.9749749971478204, 0.9743133485375673, 0.9638042004670583, 0.9382061553462481], "(0, 0, 0, 2)": [0.9758986856570009, 0.9463967093002656, 0.9386542241608266, 0.9180933732724512, 0.8706757565015346], "(0, 1, 0, 2)": [0.8048244793834777, 0.6553876454141401, 0.6017382230904565, 0.40771743061607135, 0.32641886330728015], "(0, 1, 0, 3)": [0.4107486557814544, 0.3243878544336498, 0.31149344597115897, 0.26641503787591303, 0.25094618060962354], "(0, 1, 0, 4)": [0.27331761587535935, 0.2051465162760452, 0.21246484445133085, 0.21225634626160456, 0.19146815896751798], "(0, 1, 0, 5)": [0.13721166486634104, 0.10877721649872131, 0.13192264021293085, 0.10321136154599043, 0.07683153187602865], "(0, 2, 0, 5)": [0.04112204556958894, 0.0389857051473087, 0.0318468934381241, 0.025015823855402665, 0.020491031490763322], "(0, 2, 0, 4)": [0.09393586257504279, 0.07682348615188166, 0.06699591202813222, 0.05297373541843079, 0.03738771165063958], "(0, 2, 0, 6)": [0.011306294946426869, 0.008860174027900661, 0.007001513528619097, 0.007515810345521257, 0.0076871071820663675], "(0, 3, 0, 5)": [-0.013382885056323965, -0.01339084747380374, -0.013393162054699396, -0.013397164289548917, -0.013399653110490484], "(0, -1, 0, 1)": [0.9780419047485002, 0.9771640721218342, 0.9788754106215541, 0.9789255660601981, 0.9788213237473704], "(0, -1, 0, 0)": [0.8993021815810892, 0.9416890042268087, 0.9728170999118508, 0.9767609945047504, 0.9793227606311181], "(0, -1, 0, -1)": [0.7724089756844383, 0.8307958992909346, 0.8838205750584773, 0.8964365643766066, 0.9778096515660376], "(0, -1, 0, -2)": [0.4099597717256486, 0.5576822038802955, 0.6804115847124117, 0.8031655129056743, 0.860940317319752], "(0, -2, 0, -3)": [0.10926817465545002, 0.09966004928326107, 0.139437049508607, 0.14506117005695562, 0.1488716356034038], "(0, -2, 0, -5)": [0.03560744159930695, 0.027949511149093925, 0.042823544135983625, 0.0330733887935393, 0.032545455069428963], "(0, -2, 0, -4)": [0.04146068987491518, 0.07037567566320588, 0.07430977255629839, 0.07468389970233404, 0.08051667249553475], "(0, -2, 0, -6)": [0.008159654097432379, 0.009374480045997556, 0.015684045028356172, 0.02124963649481637, 0.034189684939568636], "(0, -2, 0, -7)": [0.003193326933619206, 0.002678161541328168, 0.0031917510101480613, 0.0026638369431745477, 0.009169773509372196], "(0, -2, 0, -8)": [-0.002531713561585765, -0.0008947345302410623, -0.00293683199765101, -0.0018521284435140165, 0.003125191230600659], "(0, 1, 0, 0)": [0.9778542492358574, 0.9768841228157394, 0.976933015276428, 0.9604310061572665, 0.8786258760842338], "(0, 1, 0, 1)": [0.9644342479619171, 0.9205826354712343, 0.853896993971558, 0.818879143565215, 0.6807254793943042], "(0, 2, 0, 7)": [0.002144031691671651, -0.0036389215574447386, -0.0024230822757085276, -0.0022721303071654864, -0.004055097779793348], "(0, 2, 0, 8)": [-0.00795306831341825, -0.00580670424658831, -0.0071246783012770196, -0.006815518015438933, -0.007816772755623551], "(0, -1, 0, -3)": [0.2843929391213529, 0.3784024165025584, 0.4130972010715736, 0.416523006964029, 0.548813384674563], "(0, -1, 0, -4)": [0.26059407448538807, 0.26737212804936594, 0.26751606322237875, 0.27061586021747425, 0.29414172307594694], "(0, -1, 0, -5)": [0.11862514098047684, 0.18325092170119198, 0.1791212421053661, 0.19263256714289587, 0.18489382280637692], "(0, 0, 0, -1)": [0.9628961601815755, 0.9640443215814163, 0.9662458254392932, 0.9697248109367752, 0.9778169576978905], "(0, 0, 0, -2)": [0.9157705404994391, 0.9139750293425014, 0.9505195455603563, 0.9600555735646888, 0.9764197598836369], "(0, 0, 0, 3)": [0.9025076545290327, 0.4895029030199051, 0.34570064810019646, 0.3401456219082157, 0.24223516198975598], "(0, 2, 0, 3)": [0.13181701586012035, 0.1309816305309498, 0.1325802764643272, 0.1319311445861126, 0.08990179338233414], "(0, 1, 0, -1)": [0.9766568391267176, 0.977497518755034, 0.97665026846478, 0.9764904143371689, 0.9760642556792398], "(0, 1, 0, -2)": [0.011697120923789153, 0.11276972695551238, 0.9715904531323674, 0.10127793452808131, 0.1371231714833462], "(0, -1, 0, 2)": [0.7713474874868225, 0.9805833877377531, 0.8752890903702936, 0.5481381965809806, 0.6807116291932267], "(0, -2, 0, -9)": [-0.0004342014949435967, -0.004947690733395296, -0.006474145175549563, -0.006896897353485374, -0.0052463797427588], "(0, 0, 0, -3)": [0.10841065936541952, 0.3442877417027544, 0.3128120773414283, 0.8816119309511303, 0.32961884318994883], "(0, 3, 0, 7)": [-0.007528524233400822, -0.008965027150642128, -0.007533519924245775, -0.007531887888722122, -0.005940222326666116], "(0, 0, 0, -4)": [0.0067643868353461055, 0.039124251984725626, 0.003213284669203872, 0.04589234726902548, 0.21802504098721204], "(0, -1, 0, -6)": [0.028807746775861464, 0.02127275245942052, 0.03396077943587306, 0.052729255099350184, 0.1712935377635832], "(0, -1, 0, -7)": [0.00902681740626721, 0.0022157731130174833, 0.011731406503417184, 0.03875510017403031, 0.0011375301212523381], "(0, -3, 0, -7)": [-0.00753599199615419, -0.00753515569511801, -0.007532383809052408, -0.007529421495832502, -0.00896398792674765], "(0, 1, 0, 6)": [0.0833905432957832, 0.009550268407119183, 0.035186427644746804, 0.009262819703736122, 0.006443725355041743], "(0, 1, 0, 7)": [0.004110249645329903, 0.005860269582573924, 0.0, 0.0, 0.001894521494023502], "(0, 1, 0, 8)": [0.0010426691776141525, 0.0, 0.0, 0.0, 0.0], "(0, 2, 0, 9)": [-0.008043404196475838, -0.008325811249288623, -0.008437282294965022, -0.008568992220716207, -0.007813182281046317], "(0, -2, 0, -2)": [0.20216018743374237, 0.20831876422829865, 0.24152867334070618, 0.2507133928095896, 0.2492614676614959], "(0, -2, 0, -1)": [0.11010920851695066, 0.2277578642031243, 0.14301194028873984, 0.10113445299465923, 0.1194841060233762], "(0, 2, 0, 2)": [0.27363580562456136, 0.2780093328822004, 0.2655954873804073, 0.2642444122561242, 0.23254756430615797], "(0, 0, 0, 4)": [0.03269470866269185, 0.21091804541797593, 0.06950419525593293, 0.06909783172159717, 0.022264777545761373], "(0, -3, 0, -6)": [-0.01502053981418504, -0.015017284087233108, -0.015702686707350328, -0.015698571016340666, -0.01569544049995045], "(0, 0, 0, 5)": [0.0, 0.0, 0.0, 0.011394351388244026, 0.002474981667448537], "(0, 0, 0, -5)": [0.003045801583348206, 0.0, 0.0, 0.0, 0.0], "(0, -1, 0, 3)": [0.0, 0.001774967615854871, 0.09019487091873425, 0.0009832593612372875, 0.0221980370392151], "(0, -1, 0, 4)": [0.0, 0.005701448720575185, 0.0, 0.0, 0.0], "(0, -3, 0, -9)": [-0.002196987718343735, -0.0021947821602225303, -0.0021954622119665147, -0.004167320542037487, -0.0021944431588053702], "(0, 2, 0, 1)": [0.25842766654626675, 0.3257039175203454, 0.2818021588415843, 0.23828871159613582, 0.28983532017229413], "(0, 3, 0, 8)": [-0.004166531749069691, -0.004165773484855891, -0.00416425408795476, -0.0041668122634291645, -0.004167663305997849], "(0, 3, 0, 6)": [-0.011413137111512199, -0.010249584407296033, -0.010252651111926884, -0.010257291656706483, -0.010256645224787295], "(0, -3, 0, -5)": [-0.011410393283106016, -0.012452295325628929, -0.01245092344191732, -0.01244636749562202, -0.012441149909012095], "(0, -3, 0, -8)": [-0.00594201067276299, -0.005941916920244693, -0.005940558625385166, -0.004165558423846961, -0.004165394194424152], "(0, 2, 0, 10)": [-0.0014348901435732842, -0.0027789052702374755, -0.000731827210634947, -0.0012249591568479579, -0.0021924821659922602], "(0, 3, 0, 4)": [-0.0124328629861434, -0.01139056056825407, -0.011392793486986123, -0.011394429553235694, -0.011398835499997623], "(0, 2, 0, 0)": [0.013967729031014366, 0.004800522147533978, 0.2400747069618334, 0.028214675458062218, 0.001492495091590514], "(0, -3, 0, -4)": [-0.007514184721373021, -0.007511761962622405, -0.00894429954778403, -0.008943322296701372, -0.008937590683270246],