{"q_values": {"(0, 0, 0, 0)": [0.8929213133590006, 0.896493750280216, 0.8872466598523325, 0.903067454196879, 0.9258019345739041, 0.8896753558690168, 0.902102332836618, 0.8903691917082482, 0.8986042767409474, 0.8932543132244088, 0.8369930424013331, 0.9072832675836534, 0.9059039393078465, 0.890750700085426, 0.8994972975131684], "(0, 1, 0, 0)": [0.9121883968885095, 0.6982392708441432, 0.7891710563052963, 0.7982729834309182, 0.7874395745322872, 0.8003775039717276, 0.764835755248586, 0.7989428558860584, 0.7968580507149996, 0.7887868754298989, 0.8138460841790156, 0.7836759575542804, 0.7839209916530628, 0.8140815502153588, 0.8157752829710248], "(0, 2, 0, 0)": [0.7273916544605116, 0.530755029573981, 0.5815379392988609, 0.5201412975815909, 0.543900185976945, 0.5074212757421052, 0.5244813083867954, 0.495300304035168, 0.5127083862119471, 0.5574146739299151, 0.5208852715885396, 0.5091325286683792, 0.5189192578029643, 0.5050532904264415, 0.5486530761581959], "(0, 3, 0, 0)": [0.270447285679675, 0.170395684500258, 0.17087303473444293, 0.17599947589453757, 0.17297815474903752, 0.19566494767661183, 0.20273611985214596, 0.15203641717729638, 0.16717840367143208, 0.1872510277305956, 0.16747910701484559, 0.16369432241513548, 0.16964492695792524, 0.20102645434633856, 0.16701300382162712], "(0, 4, 0, 0)": [0.04274602900793447, 0.014569597144049632, 0.014088329338349114, 0.016357213277751564, 0.04051000326532345, 0.0004708344205949129, 0.01481055451260816, 0.0118104838931257, 0.010877377931096947, 0.01452856962311823, 0.01268779087289324, 0.01697737923050977, 0.016086212034688165, 0.012590156127148195, 0.015219680919382082], "(0, -2, 0, 0)": [0.7657029473730222, 0.7392745625406038, 0.7235507485087911, 0.7522834401508117, 0.726428856883306, 0.7651833021819222, 0.7352688685659108, 0.7297573669568275, 0.7251814013149612, 0.7241722450145865, 0.733958702241875, 0.7623430418745338, 0.7691494263921935, 0.7706530774087117, 0.8051564766607847], "(0, -3, 0, 0)": [0.27691775280065994, 0.3259969765803473, 0.3586257532215701, 0.33320072542879636, 0.3365622637314036, 0.338342989040478, 0.3535728792604677, 0.31259348856043967, 0.33391302787184496, 0.32176871624853365, 0.33918632578284214, 0.3181175621947036, 0.3520562554990442, 0.31506062257488, 0.31223551746873157], "(0, -4, 0, 0)": [0.04107432425326395, 0.050286876428731586, 0.051191798860522525, 0.028575807743025303, 0.04977635228681171, 0.04686628477636008, 0.044326575319525496, 0.041172850472520145, 0.048640935915272396, 0.05103928163224419, 0.03095023852244804, 0.0511308142717605, 0.04560806161858474, 0.049078813493231205, 0.04569000599626259], "(0, -1, 0, 0)": [0.8996240378656606, 0.8914476279016205, 0.8954759850060632, 0.8916008514136864, 0.8968209594892144, 0.8985897049060726, 0.8894816030089844, 0.8878127526115227, 0.8959789324017803, 0.886324617118233, 0.8922366099630952, 0.9045230252676434, 0.824392040646254, 0.9030724312880137, 0.928146195622539], "(-1, -4, 0, 0)": [0.001474712592481428, 0.06181490630669203, 0.06188237294173898, 0.05754245719413217, 0.06057961324849473, 0.0719339899595003, 0.051137926531063395, 0.003376865189801866, 0.06951284984914655, 0.06733819249091877, 0.04582815671721767, 0.06821720758286128, 0.0673496533358913, 0.0629274963283384, 0.04098710329191982], "(1, -1, 0, 0)": [0.777960824432471, 0.7849263975505547, 0.7678390284395034, 0.7649212077648604, 0.7733769708356159, 0.7686384650044041, 0.7545166452945226, 0.7797615933248069, 0.7827849124705467, 0.7822692634188532, 0.7737113992214373, 0.7648223924838284, 0.7688174997402667, 0.9298481202029573, 0.7781668006258118], "(1, -2, 0, 0)": [0.5400511580963989, 0.4866677766068348, 0.4643440988939338, 0.4549490324729994, 0.47277556776546475, 0.44876992842528796, 0.5040597302904127, 0.47027795304176623, 0.5532154797381266, 0.4636970233897351, 0.5631135463986184, 0.5619319552263241, 0.4936458989144698, 0.5273537148885871, 0.5984591462847664], "(1, -3, 0, 0)": [0.14468962203780913, 0.1323753947703109, 0.14315455595371657, 0.11769059579922549, 0.10154325065260145, 0.07299787686214373, 0.09875544611167417, 0.08202429348162239, 0.06322429929651505, 0.09327446569571478, 0.09276047351340841, 0.1418901005408416, 0.09179154238638174, 0.40519596478429815, 0.17741432259288203], "(-1, 0, 0, 0)": [0.6685889999513561, 0.8488416790353304, 0.7124803944318079, 0.7131960412532153, 0.7332616112363084, 0.6786497340108011, 0.7209428533006947, 0.6830728898240018, 0.7496605558817675, 0.7230184130994469, 0.7090098310267565, 0.6923926036787437, 0.7084514497301823, 0.6870960217774439, 0.6913432755094927], "(-1, -1, 0, 0)": [0.7637397974430226, 0.7688703847544265, 0.7872746881748104, 0.7615916442059215, 0.7563370537594524, 0.7352329187654034, 0.7302434174003449, 0.7871962281816879, 0.7781114530433135, 0.7610531169924608, 0.7667348937847472, 0.7715655752417178, 0.7125837780740967, 0.7716441331558797, 0.8364190682926704], "(-1, -2, 0, 0)": [0.4192619067917532, 0.06641344377742273, 0.3204958020899124, 0.18384172576389118, 0.3519351420660525, 0.33485243088706507, 0.2080223858083536, 0.12222600241180638, 0.065446674632958, 0.6382350362708269, 0.19234135423040366, 0.06575354957222607, 0.07089894791827353, 0.27332240508206146, 0.2952818251523546], "(-1, -3, 0, 0)": [0.24067188219797656, 0.2410426703349302, 0.11154161726670372, 0.22052057983385082, 0.2747708426820801, 0.14289848172685204, 0.22671898440143567, 0.23651121373442163, 0.2297981655410708, 0.23914425554717433, 0.2412418026264706, 0.3053445450889697, 0.2743634238895219, 0.4212427458829599, 0.27041154053346383], "(-1, 1, 0, 0)": [0.6700825179506561, 0.43758444374752287, 0.5025941858769911, 0.43223109962813155, 0.46280829634821213, 0.46744402557992204, 0.44120528284053434, 0.45748009704152626, 0.48391860601141656, 0.4610294321474922, 0.48695513873874907, 0.4725087192785181, 0.49213095256000144, 0.4630565494721301, 0.46109475965734337], "(-1, 3, 0, 0)": [0.08291767031560424, 0.07576727733481259, 0.08383772588374093, 0.08238946885620177, 0.08254514694837466, 0.07662379868055098, 0.07790907625324568, 0.07930271447920248, 0.08147561894697214, 0.07721398800785213, 0.07991025413940667, 0.07787305253281872, 0.08136882043683834, 0.08169104789745574, 0.07477556268266347], "(-1, 4, 0, 0)": [0.006615709103399471, -0.0003179244911806949, -0.003644979667489027, 0.0016901720931791738, -0.0060681698025585006, 0.002123761659786182, -0.0022302461778985518, 0.001547169280769858, 0.0022786435784413195, 0.002899744545580618, -0.0001647537893061492, 0.00033880051800262885, -0.0026015971063527597, -0.0022424817639799576, 0.0017527715320732416], "(-1, 2, 0, 0)": [0.27603675298956376, 0.4360456791537219, 0.2928786800830711, 0.26777950102369474, 0.27143347083069164, 0.299645141493366, 0.31794429745753305, 0.29916246180877715, 0.30873227587117297, 0.2552010988093773, 0.27598751358722656, 0.28840398079378016, 0.2719540814878091, 0.2623831304238305, 0.2833761305591382], "(1, 0, 0, 0)": [0.8877071750082565, 0.8802128548600247, 0.8995190335331137, 0.883823776263545, 0.8814880949227017, 0.8865177256899692, 0.8888441551503543, 0.8831558255580179, 0.8916923352516261, 0.8948314653632763, 0.8838310537379113, 0.7809358888094451, 0.8990959699059904, 0.9526898486381474, 0.8542938716245612], "(1, -4, 0, 0)": [-0.0052294194999910875, 0.0023399674046240583, 0.0007316539942651681, 0.013124875068435862, 0.009851948735745766, 0.001110343002113102, 0.000994279341229024, 0.005143585161751043, 0.0005456692984859238, -0.005394528792625496, -0.0052090699473481585, 0.010379130205487593, 0.014571046093813074, 0.0006736784231891292, 0.010907616533707979], "(1, 2, 0, 0)": [0.6942982803354115, 0.7118870113115102, 0.6610594233639535, 0.6921240848004644, 0.7301545906723919, 0.72402987790156, 0.6732545118429699, 0.6864196520118814, 0.6953311200080537, 0.6790493067099032, 0.682867964239535, 0.7123697129697766, 0.6641637379492429, 0.6835521906007801, 0.7273169570907038],