{"q_values": {"(0, 0, 0, 0)": [0.7173861940228065, 0.7774572052545787, 0.8202192685088177, 0.7735929338701251, 0.7828873765699181], "(0, 0, 0, 1)": [0.7903648524727823, 0.8207073240628706, 0.7840040842581586, 0.7978455120584595, 0.7307173857760187], "(0, 0, 0, 2)": [0.8230025509123914, 0.8251964025867107, 0.8025331680778645, 0.8243659507119921, 0.8225978363074806], "(0, 1, 0, 2)": [0.38246386222134726, 0.1817079422316961, 0.16064110366108975, 0.17139945857250344, 0.1329532942235404], "(0, 1, 0, 3)": [0.08991251791975409, 0.10970421885080436, 0.09183378441513876, 0.09098856988401846, 0.09146411176117925], "(0, 1, 0, 4)": [0.07793190662215549, 0.09475669152384475, 0.07728765610034141, 0.07801601236637287, 0.07801458396858271], "(0, 1, 0, 5)": [0.07327034834495495, 0.06491446686810512, 0.06485082336692743, 0.06432736739000132, 0.043457401187585974], "(0, 2, 0, 5)": [0.05471870901368722, 0.02475807337198118, 0.017801175849756615, 0.013367113718606424, 0.0024246643975679378], "(0, 2, 0, 4)": [0.05133759037600393, 0.052691196675684435, 0.059862675347460245, 0.033231767413759876, 0.02133796963030301], "(0, 2, 0, 6)": [0.005762675721334166, -0.0050213068116896475, -0.007055774809680622, -0.007078660761442907, -0.006197463789079917], "(0, 3, 0, 5)": [-0.016297553713805413, -0.015686089250027093, -0.015690484362632817, -0.01569480635177483, -0.015696354886014632], "(0, -1, 0, 1)": [0.8122825666878508, 0.8073227892083762, 0.8159369421431187, 0.8237186143738259, 0.8116160560974988], "(0, -1, 0, 0)": [0.5177304821970687, 0.7820881848417288, 0.8044561021403975, 0.8177938949175694, 0.8324847586468115], "(0, -1, 0, -1)": [0.26051682753855226, 0.347141907019092, 0.577130733876346, 0.7410579929557466, 0.7727352464281246], "(0, -1, 0, -2)": [0.12717475982161502, 0.15032142273010615, 0.1649037879213864, 0.22316080593684973, 0.25490518861267897], "(0, -2, 0, -3)": [0.0737164306216646, 0.07376762599492606, 0.08175404279308734, 0.08128839558485276, 0.09151346392004038], "(0, -2, 0, -5)": [0.013984226153884713, 0.018474253905890758, 0.019056289639693753, 0.021506699175004272, 0.030632102533740525], "(0, -2, 0, -4)": [0.024556439489323945, 0.04922000421943021, 0.04757777573362106, 0.04816547948728381, 0.05377636385700258], "(0, -2, 0, -6)": [-0.007609137850025109, -0.008395422103351874, 0.002864242439282312, -0.007861512347832281, -0.004596862888953214], "(0, -2, 0, -7)": [-0.007552975222819619, -0.007494332186398549, -0.005054203446751502, -0.007210454329873903, -0.00726453713800751], "(0, -2, 0, -8)": [-0.012174108081681075, -0.013411986300394205, -0.013520704025679378, -0.005530742122966236, -0.012904635744876672], "(0, 1, 0, 0)": [0.8336293877840774, 0.8131088210206082, 0.8097776031618342, 0.7246673146261408, 0.5694397314340583], "(0, 1, 0, 1)": [0.7849350351749999, 0.6397563721217417, 0.5049152250286285, 0.39320527285777535, 0.23027987837228228], "(0, 2, 0, 7)": [-0.01386719392014082, -0.014414287440022416, -0.014299383927110894, -0.012280935256748993, -0.01407786604016057], "(0, 2, 0, 8)": [-0.009733161108780622, -0.008197500947860498, -0.008337142542490617, -0.008218453091962518, -0.010494587018617949], "(0, -1, 0, -3)": [0.10047722093871767, 0.1016562241368168, 0.10308964278303966, 0.10230668804472737, 0.1033273723780326], "(0, -1, 0, -4)": [0.06323265455875479, 0.07469836233306387, 0.0726429076493393, 0.0702485262859534, 0.0799373652833516], "(0, -1, 0, -5)": [0.06072547057059874, 0.06110511350717436, 0.059384190179573, 0.06063800796848226, 0.0609950484988142], "(0, 0, 0, -1)": [0.7574573912209934, 0.7051350434955893, 0.7898093351483876, 0.8267109222883535, 0.793160398434926], "(0, 0, 0, -2)": [0.7872560633721788, 0.7825239109611934, 0.7892488494233184, 0.7820205345352886, 0.8115719580929454], "(0, 0, 0, 3)": [0.7868494498371347, 0.4895029030199051, 0.34570064810019646, 0.3401456219082157, 0.24223516198975598], "(0, 2, 0, 3)": [0.1026266890224533, 0.08434962731188538, 0.08466058133464255, 0.08104492895598368, 0.07008677100703092], "(0, 1, 0, -1)": [0.8075642917408314, 0.8267686018471889, 0.8035514106088766, 0.80835440390818, 0.7987352085404437], "(0, 1, 0, -2)": [0.5093512124310439, 0.3862983729674394, 0.8261500473313427, 0.46026184928938507, 0.6069217687193569], "(0, -1, 0, 2)": [0.8320323826884801, 0.825884393262368, 0.8264832098962033, 0.7108620710109471, 0.7615281004385558], "(0, -2, 0, -9)": [-0.004844057934841195, -0.010684708036203064, -0.010651726878978496, -0.01016910053169692, -0.010516280743944008], "(0, 0, 0, -3)": [0.10841065936541952, 0.3442877417027544, 0.3601317378773203, 0.7031071201848182, 0.386660427943544], "(0, 3, 0, 7)": [-0.01142341229376346, -0.011421256409959309, -0.01142849153329935, -0.011427038816748374, -0.01143576714587547], "(0, 0, 0, -4)": [0.0067643868353461055, 0.039124251984725626, 0.003213284669203872, 0.04589234726902548, 0.2755958797617059], "(0, -1, 0, -6)": [0.02893346927760365, 0.02321584920089626, 0.04428666451338316, 0.04109720131059229, 0.04287726198889662], "(0, -1, 0, -7)": [0.00902681740626721, 0.0022157731130174833, 0.011731406503417184, 0.02933282249844227, 0.0011375301212523381], "(0, -3, 0, -7)": [-0.010268901764597745, -0.008974558709356935, -0.010262190140282734, -0.010258947149092331, -0.010257315330302344], "(0, 1, 0, 6)": [0.046632329505524206, 0.010466662925808461, 0.035186427644746804, 0.009262819703736122, 0.00753742626661536], "(0, 1, 0, 7)": [0.004110249645329903, 0.009384882463850719, 0.0, 0.0010410555572764948, 0.001894521494023502], "(0, 1, 0, 8)": [0.0027343954469290343, 0.0, 0.0, 0.0, 0.0], "(0, 2, 0, 9)": [-0.00989877521071411, -0.009683717024868164, -0.009692719822861977, -0.008568992220716207, -0.008408557247183222], "(0, -2, 0, -2)": [0.1352906189219544, 0.1350579106985921, 0.1396581273542155, 0.13877734868079328, 0.13962208688789038], "(0, -2, 0, -1)": [0.11010920851695066, 0.18997489440578555, 0.14301194028873984, 0.10113445299465923, 0.1194841060233762], "(0, 2, 0, 2)": [0.1226861179475455, 0.12333907822553226, 0.11921565170942247, 0.1214544015099699, 0.11820817614869526], "(0, 0, 0, 4)": [0.03269470866269185, 0.21091804541797593, 0.06950419525593293, 0.06909783172159717, 0.022264777545761373], "(0, -3, 0, -6)": [-0.017384682186220794, -0.01737861088497895, -0.017826314836741304, -0.017822314674149135, -0.017821951278151633], "(0, 0, 0, 5)": [0.0, 0.0, 0.0, 0.011394351388244026, 0.002474981667448537], "(0, 0, 0, -5)": [0.003045801583348206, 0.0, 0.0, 0.0, 0.0], "(0, -1, 0, 3)": [0.0, 0.001774967615854871, 0.1747467766182671, 0.0009832593612372875, 0.0221980370392151], "(0, -1, 0, 4)": [0.0, 0.005701448720575185, 0.0, 0.0, 0.0], "(0, -3, 0, -9)": [-0.004172318093478679, -0.004170745667070151, -0.0041698357462883, -0.004167320542037487, -0.004170274790376425], "(0, 2, 0, 1)": [0.24739066826999942, 0.24212499529545917, 0.24646314630058375, 0.22814160097068875, 0.24845611598323322], "(0, 3, 0, 8)": [-0.010272323488574476, -0.010271781336927787, -0.010276599076444284, -0.010276950310040264, -0.008984579661488534], "(0, 3, 0, 6)": [-0.017375211538767574, -0.017374367825260417, -0.016881056120958676, -0.01688426273288869, -0.016886058252963704], "(0, -3, 0, -5)": [-0.01339677132857151, -0.013395617405264388, -0.013393201420370298, -0.013388298454909726, -0.013382595867257633], "(0, -3, 0, -8)": [-0.00898103281499818, -0.008982006904408335, -0.010273031319646166, -0.008979648974444717, -0.008977903405986726], "(0, 2, 0, 10)": [-0.006267195239611678, -0.006467265274402849, -0.005508157790830888, -0.0038647178319984824, -0.005372546042614852], "(0, 3, 0, 4)": [-0.0124328629861434, -0.012434706420493909, -0.012438696597939934, -0.011394429553235694, -0.011398835499997623], "(0, 2, 0, 0)": [0.013967729031014366, 0.004800522147533978, 0.2400747069618334, 0.028214675458062218, 0.001492495091590514], "(0, -3, 0, -4)": [-0.00894819979345426, -0.00894580994926393, -0.00894429954778403, -0.008943322296701372, -0.008937590683270246],