{"q_values": {"(0, 0, 0, 0)": [0.8602577837613036, 0.8516314348602163, 0.8892051780094726, 0.8773644761448434, 0.874876924541244], "(0, 0, 0, 1)": [0.893728834961479, 0.8920738464085773, 0.8645702663016518, 0.8783589183080669, 0.8325657254655077], "(0, 0, 0, 2)": [0.9151181051011874, 0.8917941836275072, 0.9139410626379826, 0.8538276228811214, 0.8945992017920845], "(0, 1, 0, 2)": [0.47999318424813187, 0.4013947414968577, 0.33997886475192923, 0.2277956800904864, 0.184063554861212], "(0, 1, 0, 3)": [0.1446777318589415, 0.14176918883335887, 0.1419397732973569, 0.1413984596089982, 0.13837553160199484], "(0, 1, 0, 4)": [0.10642215733441765, 0.10747303449141041, 0.10626340359960326, 0.10504967468401478, 0.10510436314891079], "(0, 1, 0, 5)": [0.08398131010917893, 0.08316443400833388, 0.08346677729027076, 0.08381424194963168, 0.052578910354630234], "(0, 2, 0, 5)": [0.049334444145717596, 0.020812404168280788, 0.020778992712443434, 0.015149729900653254, 0.007591645349767969], "(0, 2, 0, 4)": [0.08608080607580867, 0.05841362692642129, 0.054971111672844866, 0.041703013439484064, 0.020880342084748853], "(0, 2, 0, 6)": [-0.001488041342635261, 0.010271631621793084, -0.001203476135032775, -0.003653698965121642, -0.0030437200691139773], "(0, 3, 0, 5)": [-0.015678483425121546, -0.015686089250027093, -0.015690484362632817, -0.015007813771029202, -0.015011954975480692], "(0, -1, 0, 1)": [0.902048632889056, 0.9030679638191988, 0.9033678893383251, 0.9045312520766066, 0.9034924689779884], "(0, -1, 0, 0)": [0.7168443346716277, 0.875082941008075, 0.9004134849077747, 0.9022337291041693, 0.9036485618356374], "(0, -1, 0, -1)": [0.4146121273781189, 0.5523832530533245, 0.7424901837788362, 0.7733406099093283, 0.8693476958022245], "(0, -1, 0, -2)": [0.16827085279977616, 0.23868078997781017, 0.34495806925491834, 0.39571724031361855, 0.5721030802203624], "(0, -2, 0, -3)": [0.08794790986584095, 0.08886242183433969, 0.09078658883633638, 0.09048320842728812, 0.09072335716472141], "(0, -2, 0, -5)": [0.025601005911912368, 0.026359844566246373, 0.02585264464187134, 0.03565683108653399, 0.0238659210436455], "(0, -2, 0, -4)": [0.03565717119898847, 0.0529507868959918, 0.05295072792365531, 0.053616836650116316, 0.07205980515839401], "(0, -2, 0, -6)": [0.006070375469446613, 0.012725771737256385, 0.004107177392274697, 0.009126977811858715, 0.006158162505763997], "(0, -2, 0, -7)": [0.0016512076043170734, -0.00012247261848353543, 0.014473211663197089, 0.0037050330887730895, -0.0021245502411252836], "(0, -2, 0, -8)": [0.0074154238816068595, -0.002155285054873189, -0.003914485681897924, -0.006204572222610011, -0.006044663867846], "(0, 1, 0, 0)": [0.9073967987838605, 0.9021671022543762, 0.8946948650329581, 0.8749129567038174, 0.6226687863131386], "(0, 1, 0, 1)": [0.8915249573961826, 0.8105324780718665, 0.6484047787342759, 0.5092075739564332, 0.30713664559438003], "(0, 2, 0, 7)": [-0.008021676316969345, -0.007764679794535436, -0.007214458499951677, 0.0016515255028260096, -0.006938656130210728], "(0, 2, 0, 8)": [-0.009733161108780622, -0.007514916310655378, -0.008337142542490617, 0.003480869051890448, -0.010494587018617949], "(0, -1, 0, -3)": [0.14384313210469876, 0.15269733617721307, 0.15401243152065103, 0.15808329908863664, 0.18481956741707778], "(0, -1, 0, -4)": [0.10677883014130064, 0.10443123685337467, 0.10275165055520821, 0.10201546925837171, 0.10642801178763925], "(0, -1, 0, -5)": [0.07657767718727702, 0.08454648319931628, 0.08626609297880095, 0.08436321765504834, 0.08689815989479564], "(0, 0, 0, -1)": [0.8175915117307386, 0.8226572959964674, 0.890278697169212, 0.890426533192065, 0.8961729133482521], "(0, 0, 0, -2)": [0.8877860865593716, 0.8628115763020575, 0.8876591663201635, 0.8572320608632424, 0.9007354906483407], "(0, 0, 0, 3)": [0.9259551555162779, 0.4895029030199051, 0.34570064810019646, 0.3401456219082157, 0.24223516198975598], "(0, 2, 0, 3)": [0.10123400583445513, 0.10066860967562043, 0.10059071748680656, 0.08855961494623105, 0.07524818146093994], "(0, 1, 0, -1)": [0.9024640938538522, 0.9026767201393081, 0.9031014438777846, 0.8998939725872644, 0.9022946279645979], "(0, 1, 0, -2)": [0.3866094385484465, 0.3319958103794482, 0.9219899842735241, 0.26490116320195956, 0.5187770168014709], "(0, -1, 0, 2)": [0.8398899784676134, 0.9098083262322887, 0.9048894821152783, 0.6223694800019022, 0.7531472348066437], "(0, -2, 0, -9)": [0.0027778230205914973, -0.0034202161575683614, -0.006474145175549563, -0.005543765944150138, -0.0032358039731792613], "(0, 0, 0, -3)": [0.10841065936541952, 0.3442877417027544, 0.3128120773414283, 0.865432935408704, 0.386660427943544], "(0, 3, 0, 7)": [-0.008966148466020823, -0.008965027150642128, -0.007533519924245775, -0.008970038346778602, -0.007539534420147538], "(0, 0, 0, -4)": [0.0067643868353461055, 0.039124251984725626, 0.003213284669203872, 0.04589234726902548, 0.21802504098721204], "(0, -1, 0, -6)": [0.030465491224793053, 0.02321584920089626, 0.045676368376473084, 0.047242777296021755, 0.05487758101962604], "(0, -1, 0, -7)": [0.00902681740626721, 0.0022157731130174833, 0.011731406503417184, 0.0327560811891237, 0.0011375301212523381], "(0, -3, 0, -7)": [-0.008973016415201129, -0.008974558709356935, -0.00897011922409758, -0.008966046100053936, -0.010257315330302344], "(0, 1, 0, 6)": [0.06430374123597606, 0.010466662925808461, 0.035186427644746804, 0.009262819703736122, 0.00753742626661536], "(0, 1, 0, 7)": [0.004110249645329903, 0.007133360174062697, 0.0, 0.0010410555572764948, 0.001894521494023502], "(0, 1, 0, 8)": [0.0027343954469290343, 0.0, 0.0, 0.0, 0.0], "(0, 2, 0, 9)": [-0.00989877521071411, -0.008325811249288623, 0.004277983746805372, -0.008568992220716207, -0.008408557247183222], "(0, -2, 0, -2)": [0.17393799325473072, 0.1728579415054717, 0.17141320329145854, 0.17420898562983353, 0.1762654302117595], "(0, -2, 0, -1)": [0.11010920851695066, 0.20768009046704006, 0.14301194028873984, 0.10113445299465923, 0.1194841060233762], "(0, 2, 0, 2)": [0.17156134551710092, 0.17275527350917938, 0.17081477091152125, 0.1689561918612488, 0.17419337873542337], "(0, 0, 0, 4)": [0.03269470866269185, 0.21091804541797593, 0.06950419525593293, 0.06909783172159717, 0.022264777545761373], "(0, -3, 0, -6)": [-0.01632898287122474, -0.016322893412741835, -0.016319568939661425, -0.016316322655930412, -0.016870444862012952], "(0, 0, 0, 5)": [0.0, 0.0, 0.0, 0.011394351388244026, 0.002474981667448537], "(0, 0, 0, -5)": [0.003045801583348206, 0.0, 0.0, 0.0, 0.0], "(0, -1, 0, 3)": [0.0, 0.001774967615854871, 0.1747467766182671, 0.0009832593612372875, 0.0221980370392151], "(0, -1, 0, 4)": [0.0, 0.005701448720575185, 0.0, 0.0, 0.0], "(0, -3, 0, -9)": [-0.002196987718343735, -0.004170745667070151, -0.0021954622119665147, -0.004167320542037487, -0.004170274790376425], "(0, 2, 0, 1)": [0.25842766654626675, 0.2697819184055911, 0.27721694989320556, 0.22814160097068875, 0.27492088776030765], "(0, 3, 0, 8)": [-0.008976980794779958, -0.008977204383704812, -0.00898123039642349, -0.0089803072841838, -0.008984579661488534], "(0, 3, 0, 6)": [-0.013402238184901449, -0.013401328166907308, -0.013402363809660194, -0.01340673578667528, -0.013410016544024028], "(0, -3, 0, -5)": [-0.012456040500405842, -0.012452295325628929, -0.013393201420370298, -0.013388298454909726, -0.013382595867257633], "(0, -3, 0, -8)": [-0.0075413089619949455, -0.007541581653803586, -0.007539233591966331, -0.007539533770643175, -0.007540135725960136], "(0, 2, 0, 10)": [-0.0045385924146663405, -0.004764770480523896, -0.003939419649723918, -0.004609036006419517, -0.0035418977622783568], "(0, 3, 0, 4)": [-0.0124328629861434, -0.012434706420493909, -0.012438696597939934, -0.011394429553235694, -0.011398835499997623], "(0, 2, 0, 0)": [0.013967729031014366, 0.004800522147533978, 0.2400747069618334, 0.028214675458062218, 0.001492495091590514], "(0, -3, 0, -4)": [-0.00894819979345426, -0.00894580994926393, -0.00894429954778403, -0.008943322296701372, -0.008937590683270246],