{"q_values": {"(0, 0, 0, 0)": [0.7872975074074842, 0.8347764747406952, 0.78489294288289, 0.7958778686795901, 0.7997232260436343], "(0, 1, 0, 0)": [0.6190890447038848, 0.6023735689634315, 0.5489139027647658, 0.5321548821194978, 0.5878161267330921], "(0, 2, 0, 0)": [0.022208942824324458, 0.013275362878220814, 0.020527031916539186, 0.0186815648739823, 0.020274087568759792], "(0, -1, 0, 0)": [0.7846099289578135, 0.7658022515339087, 0.7757256050810953, 0.7066897497595571, 0.8230333908682137], "(0, -2, 0, 0)": [0.06836415105342052, 0.04662073542593613, 0.052925715406419244, 0.05749750069646345, 0.06100470761681975], "(1, 0, 0, 0)": [0.7204004319358108, 0.7221039580620418, 0.7285322758212888, 0.6657417440058967, 0.8360972081203515], "(-1, -1, 0, 0)": [0.56850426400213, 0.6031779683714863, 0.5413017745962541, 0.5548055518801879, 0.7292636942017389], "(-1, -2, 0, 0)": [0.05649741364735941, 0.11360775802531888, 0.13244148765701785, 0.13804475809353295, 0.3127545404977966], "(-1, 0, 0, 0)": [0.49173769394871486, 0.5790821415326861, 0.5061312787079278, 0.5305183340254027, 0.4834359379169547], "(1, 1, 0, 0)": [0.8045452851294183, 0.6274180682495656, 0.6442271662504059, 0.6794601395485277, 0.605621731822944], "(1, 2, 0, 0)": [0.06975070232460831, 0.0785964591596422, 0.07903803454409047, 0.06586604150407815, 0.06609424344762506], "(-1, 1, 0, 0)": [0.3068584597574294, 0.26160721782541896, 0.21281790105846782, 0.1979496070336239, 0.30357610286909353], "(-1, 2, 0, 0)": [0.031218841857781513, 0.010958899209692032, -0.0060068532524619155, 0.007412776495943419, 0.011818414091644225], "(1, -1, 0, 0)": [0.49944669991076107, 0.49754607870748035, 0.594802492611405, 0.5870221103886609, 0.7762738850843219], "(1, -2, 0, 0)": [0.0072099714571327795, 0.013869315063902482, 0.028568105761451915, 0.008375590735821765, 0.003145708673893262], "(-2, 2, 0, 0)": [0.020796144505247957, 0.014821896018758971, 0.0074674918371946414, 0.008446073830522385, 0.012238799597794989], "(-2, 1, 0, 0)": [0.21784802090454103, 0.13789009195410223, 0.1325480233664105, 0.13727711736232426, 0.13739465843778412], "(-2, -2, 0, 0)": [-0.0043562397360801695, 0.011199906513202443, 0.011983581944696385, 0.0, 0.0], "(2, -1, 0, 0)": [0.28860457534910017, 0.32294675692940955, 0.33842597610735575, 0.29765472260340897, 0.3349429229634814], "(2, -2, 0, 0)": [0.0028128070570767353, 0.005152477902101322, 0.01385007953183113, 0.0048503184879618265, 0.004543897648895805], "(-2, 0, 0, 0)": [0.23696607983545986, 0.25311221402178274, 0.22791158086032803, 0.23657238914165915, 0.2306291490087884], "(-3, 1, 0, 0)": [0.017023305216061102, 0.06045938864747019, 0.08955051345021707, 0.053049187022130684, 0.043207089477742926], "(-3, 2, 0, 0)": [0.00012368019089517394, 0.006506167260495213, 5.467818975057968e-05, -0.0006986398300803387, 0.004489768763617222], "(2, 1, 0, 0)": [0.8629649544777735, 0.6505993379909905, 0.65552916681896, 0.7545532964610072, 0.6919457028075497], "(2, 0, 0, 0)": [0.6486726808724427, 0.6802618074837069, 0.6738063008510474, 0.6751458203585006, 0.8682042390702696], "(-3, 0, 0, 0)": [0.06581225453235497, 0.05954925177781596, 0.13468299477930679, 0.0483456909819067, 0.0645135384844811], "(-2, -1, 0, 0)": [0.12437820971122773, 0.08416434476187162, 0.09532532584371436, 0.0689239451788611, 0.07459774752719286], "(-3, -1, 0, 0)": [0.09168581227462347, 0.0, 0.0, 0.010703358506400314, 0.014145150379240341], "(-3, -2, 0, 0)": [0.015221647528506984, 0.0, 0.005564506555544577, 0.0, 0.004610109451953786], "(3, -2, 0, 0)": [-0.005355514858088011, 0.0006442976661740155, 0.012348713065580105, -0.005426782729773712, 0.0018252476479390517], "(3, -1, 0, 0)": [0.11530366796601813, 0.12703792414893084, 0.13165718344887112, 0.1134105699218851, 0.1226194280015533], "(3, 0, 0, 0)": [0.4811643459587639, 0.5107491327567747, 0.5031130837849292, 0.5336847684667493, 0.5413477577807096], "(2, 2, 0, 0)": [0.4002052760010547, 0.12246865844223012, 0.16036297629701987, 0.26273605685706625, 0.12413399862159494], "(3, 1, 0, 0)": [0.6368926608992254, 0.6437718780920637, 0.6216303487916665, 0.6393620010552954, 0.6241426843155674], "(3, 2, 0, 0)": [0.4950891726984166, 0.0, 0.0, 0.1446583119562025, 0.0], "(4, 1, 0, 0)": [0.35565170344465247, 0.0, 0.050549604666024185, 0.0, 0.0], "(4, 0, 0, 0)": [0.34281287202119903, 0.19142156963480336, 0.19749927007271412, 0.046670420940674036, 0.106891495147694], "(4, -1, 0, 0)": [0.12793824960023603, 0.0, 0.03592454055508462, 0.029788877544128498, 0.024280154856356383], "(4, -2, 0, 0)": [-0.004429984006223933, -0.003933982857929806, -0.006549037318262696, -0.004272459301272174, -0.0014192290779378265]}}