{"q_values": {"(0, 1, 0, 0)": [98.8697730650438, 99.25328891457914, 99.00880418441866, 98.97553684065548, 96.87579086592191, 98.69622223740775, 98.92525239406561, 99.02936303589634, 96.71395084824636, 99.03030095934514, 98.89155204910455], "(0, 2, 0, 0)": [97.4845800791378, 98.10036668379875, 95.37669058539133, 97.85940870411052, 98.16190920387862, 97.09344267379153, 98.54312058980088, 97.8895705400799, 97.3473982892853, 97.4659405301209, 98.11581949555176], "(0, 3, 0, 0)": [95.38474176901036, 91.37098839813487, 88.92293802328965, 93.37315263671672, 93.24152278672442, 93.20427214352507, 93.2142940516714, 92.63376342260563, 93.4803622872695, 93.39783682441065, 93.21589712101144], "(0, 4, 0, 0)": [84.59059375480086, 84.27647472470365, 87.14531210928841, 84.78509083125235, 85.2472047806582, 80.04480525431501, 83.49466480552587, 83.38086443791865, 84.78272879609321, 81.12704517622205, 81.80712633759263], "(0, 5, 0, 0)": [71.51548908211167, 53.6015657017782, 57.05086980116868, 58.318108977201796, 59.740380785350354, 59.043504397437715, 61.264946070926676, 60.491316711312834, 60.159642082306526, 57.854498786518604, 55.655369452341425], "(0, 6, 0, 0)": [34.778033938523784, 31.728955973539897, 36.90582339515974, 34.41715988151313, 36.358333151062986, 36.322717463564025, 34.38465435218312, 36.45999483765916, 40.67321149657697, 35.029859533623025, 33.022053659104465], "(0, 7, 0, 0)": [18.45750821363864, 16.495915076787284, 14.92417580461925, 16.644964389304366, 16.88147723137627, 16.357729302021202, 16.603745968948953, 16.274384477884954, 16.33763588959624, 14.956339802266875, 13.723229354926087], "(0, 8, 0, 0)": [3.320161147608193, 1.8724768067906628, 2.0051282136735624, 3.675883641782515, 2.3065926161861428, 1.7075913332840207, 2.1875421336083862, 1.1589996642359983, 2.7738039528482448, 1.8546676379127518, 1.3759773412348486], "(0, -4, 0, 0)": [75.98766519411255, 77.07880834046338, 81.10537986649193, 78.90268276074464, 77.1212634648606, 77.98124809483443, 77.11757318482458, 79.17971079497792, 75.39879653705053, 82.30468940379728, 87.2884151793693], "(0, -5, 0, 0)": [54.154438211882436, 55.33931694586749, 55.3707105602626, 53.36211937529204, 55.7499261985362, 57.962147230303415, 55.311387815913434, 50.98607940677941, 55.60984384148872, 53.1217568532407, 48.93512069507227], "(0, -6, 0, 0)": [34.505192532093105, 37.52204865804431, 37.472185362441046, 34.61871735184502, 35.97359170176871, 35.77175818681844, 39.37773366325989, 36.2795229154664, 36.34206663917329, 33.52327802858119, 46.42184349346605], "(0, -7, 0, 0)": [15.723488737283212, 17.031462802726487, 17.51274504080841, 20.589264067063084, 18.14383320267215, 19.96563410585335, 16.677039498109014, 15.609093727779413, 18.364575257018785, 19.083388623585382, 20.9275608734464], "(0, -8, 0, 0)": [2.4453932738739117, 3.5063126637909416, 1.6411844369522677, 2.4615252897531157, 2.1964512809472128, 2.7487682690971162, 2.198684634315934, 2.5514623841594037, 1.980762759058349, 4.039867125273929, 5.756174231897034], "(0, 0, 0, 0)": [99.22352330804809, 99.22258090791632, 99.21274472356495, 99.1790912329708, 99.22758906880732, 99.2175925255848, 99.21028113705901, 99.24608551903546, 99.03801286767097, 99.2056886580976, 99.23444653823948], "(0, -1, 0, 0)": [97.54870334872379, 98.94800187047095, 99.11890305729031, 99.01016842821267, 99.11173502243163, 98.97932365041873, 98.95884487873008, 98.7486926334851, 99.02622631396575, 98.48428608530531, 99.09245321630107], "(0, -2, 0, 0)": [96.69676499826407, 97.62668653082832, 97.05101401434005, 96.78301777539525, 97.78216976244693, 97.69600215821559, 97.81284230288642, 97.75670726360619, 97.02820563847878, 96.20073793301052, 97.99081299337298], "(0, -3, 0, 0)": [91.53660411172753, 91.56969382481925, 91.52714194826822, 90.68871039727915, 89.9912524515815, 91.5043236303112, 88.57271952989429, 91.26623805004054, 91.26278691625389, 90.06886993846655, 91.43271296272165], "(-1, -6, 0, 0)": [0.5534415825123831, 0.9889163793178813, 5.151222767124821, 1.9273511355697637, 1.2857501342535413, 2.0433429104697014, 1.6336345923213162, 0.8403207332519795, 0.2680999318550144, 3.7389186049467638, 0.40658847302973694], "(-1, -7, 0, 0)": [0.948729989149552, 3.0980222703520544, 0.2174213583796207, 0.33863888590335844, 1.5143197201000689, 1.2378853472185791, 1.2273798198987287, 2.3074921948724456, 0.36956991522312166, 1.7079755955409612, 0.24233056270656939], "(-1, -8, 0, 0)": [0.0, -0.5233952487025424, 0.653790629881656, 0.0, 0.41231674382118283, 0.38736007908239567, -1.0668638591766357, 0.0, -0.4488835877032051, -0.11731496689596832, 1.7683382838699595], "(1, -7, 0, 0)": [4.492897925243199, 4.01963576813941, 4.350954017854955, 6.114794429742766, 6.0039600858261455, 6.476246706040904, 4.993359503751418, 4.432859754357096, 6.113037494829615, 6.398599092072766, 4.733870311788204], "(1, -8, 0, 0)": [-0.01863640060086713, 0.2371835361105764, 0.7169921633827723, -0.5781377440663588, 0.287700671355947, 1.3567449815560484, -0.7872320352618151, 1.1547038061606911, 0.5034462194849484, 1.622950364218255, 0.8998449305595744], "(-1, -3, 0, 0)": [35.27377940259259, 24.7419979680995, 35.593278585009884, 14.018826269749823, 34.96837297696812, 31.86780003362868, 22.002840204371882, 36.33767865454961, 49.000389456266156, 35.84148878081984, 30.943223196891466], "(-1, -4, 0, 0)": [15.805212986713332, 23.631183817404462, 20.503743485469716, 18.411551720411666, 13.489290358558174, 11.854371478036263, 24.531019201467338, 48.89436021575062, 22.89360830852143, 25.498650498569333, 27.806523460964808], "(-1, -5, 0, 0)": [2.450984814968989, 2.080320781222254, 7.248411607282986, 2.118862281930639, 3.7379439306552587, 6.031306676822426, 5.236219276685131, 2.8996832242704, 4.025477788411998, 2.4984512256298785, 3.4523738827505595], "(-1, 3, 0, 0)": [62.06052638298654, 60.886155247893235, 68.80880746288545, 62.96459749238139, 63.25463698262126, 62.55696049154884, 51.747720162607045, 63.54853012238126, 65.10251178234967, 65.18355117593939, 66.29765471906825], "(-1, 4, 0, 0)": [45.41407094226891, 46.006226342664206, 44.874242763725825, 45.908284184010775, 42.42188309539977, 46.64766209472173, 45.344595224057215, 44.89885813062417, 45.29945106502938, 42.08846023383393, 46.917634822130545], "(-1, 5, 0, 0)": [28.16097497399547, 31.160409024778666, 29.910522801815834, 30.300510708931338, 30.178258338083136, 30.697738945911002, 30.997620136967008, 29.48440697105543, 27.93236967858507, 29.257137756699123, 28.009957345791456], "(-1, 6, 0, 0)": [16.9842639183991, 16.060885363233837, 16.110998143798017, 18.051402768435352, 16.932522017947246, 17.783231735974038, 16.523212334242267, 16.297406640237295, 16.143891632882408, 16.93383367342684, 17.098581592078606], "(-1, 7, 0, 0)": [7.439905399488621, 6.6826117390479, 5.83758979628443, 5.230165318055891, 6.5907395198397625, 7.96145755745013, 6.35009284885839, 6.848258329414414, 6.886586427045884, 6.888679189905773, 6.87803373256086], "(-1, 8, 0, 0)": [5.3295221500477075, 2.361628311318557, 1.0711607705521704, 1.0009650078470043, 0.17083596201960594, -0.007734188378832552, -0.9288483860559995, -0.5132543828224443, 0.016409244991501648, -0.8724374678282707, -0.03753861804388792], "(1, -3, 0, 0)": [70.86766217543615, 68.8551211749107, 60.12017044862271, 63.78517080584912, 66.22311514771715, 66.68442574326332, 68.68956673710315, 62.06117830447921, 68.55699418350903, 69.60297390714658, 66.31666963493947], "(1, -2, 0, 0)": [82.76371850505153, 83.70199041776122, 83.34577952002282, 82.5963003223807, 84.33046049698976, 84.83996381067068, 83.66010498954412, 84.36631579078971, 84.61211906803335, 79.9871877653211, 83.72718258457884], "(1, -4, 0, 0)": [42.62517180688405, 42.35299449942035, 37.70525725718572, 38.23786899005991, 38.9397639908955, 32.39956436195305, 35.53059146551077, 46.57434870852962, 42.21508198133318, 38.162796887909714, 42.46816479420169],