{"q_values": {"(0, 0, 0, 0)": [0.818795281236162, 0.8261813718785465, 0.8740046316513889, 0.848819552186315, 0.8550833652361909], "(0, 0, 0, 1)": [0.8820820112912503, 0.8809411710416509, 0.858999072411812, 0.858888671670876, 0.8476712647716378], "(0, 0, 0, 2)": [0.8938792037042592, 0.8917941836275072, 0.8683284916338729, 0.8538276228811214, 0.8991787604687396], "(0, 1, 0, 2)": [0.6104500743733211, 0.3595765665364848, 0.3252727891406481, 0.20757698834395225, 0.17221695521701713], "(0, 1, 0, 3)": [0.2179653630731525, 0.14176918883335887, 0.13284775689381698, 0.1413984596089982, 0.13837553160199484], "(0, 1, 0, 4)": [0.10302840960624386, 0.10318233291481521, 0.09808882583830343, 0.09984327515730172, 0.09618033204880798], "(0, 1, 0, 5)": [0.08040991141871405, 0.08316443400833388, 0.08270278976751105, 0.0761609499191625, 0.052578910354630234], "(0, 2, 0, 5)": [0.03883211163278781, 0.020812404168280788, 0.020233306764163274, 0.01233079684690215, 0.00830502501402222], "(0, 2, 0, 4)": [0.09136735474300202, 0.061029805159606945, 0.05483082295997971, 0.039342910628345995, 0.023634741025850996], "(0, 2, 0, 6)": [0.0007051955254410022, 0.007543406381671498, -0.001203476135032775, -0.003653698965121642, -0.0030437200691139773], "(0, 3, 0, 5)": [-0.015678483425121546, -0.015686089250027093, -0.015690484362632817, -0.015007813771029202, -0.015011954975480692], "(0, -1, 0, 1)": [0.8902503546608984, 0.8905003194948291, 0.8904365289942598, 0.8899918169969718, 0.8912021958788535], "(0, -1, 0, 0)": [0.6593437585242595, 0.8335747682533219, 0.8854199042148361, 0.8890231119727378, 0.8921037430983815], "(0, -1, 0, -1)": [0.4064633565902497, 0.5334995061514981, 0.6673690564070539, 0.7679124570119982, 0.8401760763461668], "(0, -1, 0, -2)": [0.16760398338909502, 0.22634900668104316, 0.29811804376231366, 0.3497219984446337, 0.4145266148514152], "(0, -2, 0, -3)": [0.08266470632202533, 0.08348971404203417, 0.0870490357883738, 0.08760840905772907, 0.085595597813263], "(0, -2, 0, -5)": [0.024723332297213428, 0.02545996576402264, 0.02612031768237815, 0.023838062353176426, 0.0238659210436455], "(0, -2, 0, -4)": [0.03565717119898847, 0.04957805903569736, 0.04955240258091513, 0.049506747988123344, 0.052777970580849494], "(0, -2, 0, -6)": [0.006070375469446613, 0.01891082688987006, 0.00553590535102417, 0.009126977811858715, 0.006158162505763997], "(0, -2, 0, -7)": [0.0016512076043170734, -0.00012247261848353543, 0.014236157326880473, 0.0037050330887730895, -0.0021245502411252836], "(0, -2, 0, -8)": [0.009589660108145548, -0.002155285054873189, -0.003914485681897924, -0.006204572222610011, -0.003822824860028345], "(0, 1, 0, 0)": [0.8935936003982957, 0.8937945501537806, 0.8964688625260072, 0.8476812819372113, 0.6630188466250427], "(0, 1, 0, 1)": [0.8977506880546258, 0.8218144230193394, 0.6001213545669063, 0.48834538260016475, 0.3067020815398107], "(0, 2, 0, 7)": [-0.0099759353381728, -0.00916673587711936, -0.006735615942564523, -0.009436056579686736, -0.008857324841829993], "(0, 2, 0, 8)": [-0.009733161108780622, -0.007514916310655378, -0.008337142542490617, -7.656017579024503e-05, -0.010494587018617949], "(0, -1, 0, -3)": [0.14095075350632785, 0.14261085680192892, 0.14114784411817627, 0.13470246960448626, 0.14516091021562763], "(0, -1, 0, -4)": [0.09667555447807016, 0.10332849318392864, 0.10275165055520821, 0.10201546925837171, 0.1033482096377797], "(0, -1, 0, -5)": [0.07657767718727702, 0.0788197038461002, 0.08020862962920466, 0.08436321765504834, 0.08135164695835216], "(0, 0, 0, -1)": [0.8625166959506847, 0.8659132822477614, 0.847950232584671, 0.882741781073594, 0.888980467879589], "(0, 0, 0, -2)": [0.8877860865593716, 0.8628115763020575, 0.8876591663201635, 0.8572320608632424, 0.8924795716701034], "(0, 0, 0, 3)": [0.9219713709852839, 0.4895029030199051, 0.34570064810019646, 0.3401456219082157, 0.24223516198975598], "(0, 2, 0, 3)": [0.10010946756453715, 0.09839309298609986, 0.09560822094013953, 0.08855961494623105, 0.07338107407773119], "(0, 1, 0, -1)": [0.8942745923624588, 0.8939445713941019, 0.8954459403294903, 0.893852340559676, 0.8913087134428282], "(0, 1, 0, -2)": [0.3866094385484465, 0.3319958103794482, 0.9059034949351323, 0.26490116320195956, 0.5187770168014709], "(0, -1, 0, 2)": [0.8398899784676134, 0.899720401592304, 0.8989290277582179, 0.6502360780152773, 0.7531472348066437], "(0, -2, 0, -9)": [0.00542512282058955, -0.0034202161575683614, -0.006474145175549563, -0.005543765944150138, -0.0032358039731792613], "(0, 0, 0, -3)": [0.10841065936541952, 0.3442877417027544, 0.3128120773414283, 0.865432935408704, 0.386660427943544], "(0, 3, 0, 7)": [-0.010259296696022154, -0.01025764136057906, -0.008969088906552642, -0.008970038346778602, -0.008976490885354578], "(0, 0, 0, -4)": [0.0067643868353461055, 0.039124251984725626, 0.003213284669203872, 0.04589234726902548, 0.21802504098721204], "(0, -1, 0, -6)": [0.030465491224793053, 0.02321584920089626, 0.045676368376473084, 0.047242777296021755, 0.05487758101962604], "(0, -1, 0, -7)": [0.00902681740626721, 0.0022157731130174833, 0.011731406503417184, 0.0327560811891237, 0.0011375301212523381], "(0, -3, 0, -7)": [-0.008973016415201129, -0.008974558709356935, -0.00897011922409758, -0.008966046100053936, -0.010257315330302344], "(0, 1, 0, 6)": [0.062058894050876716, 0.010466662925808461, 0.035186427644746804, 0.009262819703736122, 0.00753742626661536], "(0, 1, 0, 7)": [0.004110249645329903, 0.009384882463850719, 0.0, 0.0010410555572764948, 0.001894521494023502], "(0, 1, 0, 8)": [0.0027343954469290343, 0.0, 0.0, 0.0, 0.0], "(0, 2, 0, 9)": [-0.00989877521071411, -0.008325811249288623, 0.0036283389622057, -0.008568992220716207, -0.008408557247183222], "(0, -2, 0, -2)": [0.17393799325473072, 0.1728579415054717, 0.17141320329145854, 0.1667034791694316, 0.1692342337900333], "(0, -2, 0, -1)": [0.11010920851695066, 0.20768009046704006, 0.14301194028873984, 0.10113445299465923, 0.1194841060233762], "(0, 2, 0, 2)": [0.17156134551710092, 0.17275527350917938, 0.17081477091152125, 0.1689561918612488, 0.16594527892260563], "(0, 0, 0, 4)": [0.03269470866269185, 0.21091804541797593, 0.06950419525593293, 0.06909783172159717, 0.022264777545761373], "(0, -3, 0, -6)": [-0.01632898287122474, -0.016322893412741835, -0.016319568939661425, -0.016316322655930412, -0.016870444862012952], "(0, 0, 0, 5)": [0.0, 0.0, 0.0, 0.011394351388244026, 0.002474981667448537], "(0, 0, 0, -5)": [0.003045801583348206, 0.0, 0.0, 0.0, 0.0], "(0, -1, 0, 3)": [0.0, 0.001774967615854871, 0.1747467766182671, 0.0009832593612372875, 0.0221980370392151], "(0, -1, 0, 4)": [0.0, 0.005701448720575185, 0.0, 0.0, 0.0], "(0, -3, 0, -9)": [-0.002196987718343735, -0.004170745667070151, -0.0021954622119665147, -0.004167320542037487, -0.004170274790376425], "(0, 2, 0, 1)": [0.25842766654626675, 0.2697819184055911, 0.27721694989320556, 0.22814160097068875, 0.27492088776030765], "(0, 3, 0, 8)": [-0.010272323488574476, -0.008977204383704812, -0.00898123039642349, -0.0089803072841838, -0.008984579661488534], "(0, 3, 0, 6)": [-0.013402238184901449, -0.013401328166907308, -0.013402363809660194, -0.01340673578667528, -0.013410016544024028], "(0, -3, 0, -5)": [-0.012456040500405842, -0.012452295325628929, -0.013393201420370298, -0.013388298454909726, -0.013382595867257633], "(0, -3, 0, -8)": [-0.0075413089619949455, -0.007541581653803586, -0.007539233591966331, -0.007539533770643175, -0.007540135725960136], "(0, 2, 0, 10)": [-0.0045385924146663405, -0.004764770480523896, 0.0010532097826662266, -0.004609036006419517, -0.005372546042614852], "(0, 3, 0, 4)": [-0.0124328629861434, -0.012434706420493909, -0.012438696597939934, -0.011394429553235694, -0.011398835499997623], "(0, 2, 0, 0)": [0.013967729031014366, 0.004800522147533978, 0.2400747069618334, 0.028214675458062218, 0.001492495091590514], "(0, -3, 0, -4)": [-0.00894819979345426, -0.00894580994926393, -0.00894429954778403, -0.008943322296701372, -0.008937590683270246],