{"q_values": {"(0, 0, 0, 0)": [0.7989488198847915, 0.7996805675450973, 0.8054931701674213, 0.80306567771542, 0.8036819918430965, 0.8080072744726214, 0.7989208144226176, 0.8008760562477355, 0.8033122668039825, 0.7963286170226342, 0.7919140462957155], "(0, 0, 0, 1)": [0.7995111549217375, 0.7908542908988572, 0.7781072164191536, 0.7532582627304272, 0.7837184559207017, 0.7714372759356807, 0.7707136154221972, 0.7930950143385359, 0.7455198825798302, 0.7563250143072682, 0.7291271208346146], "(0, 0, 0, -1)": [0.7764787684612802, 0.6969528075039093, 0.7800489326971816, 0.7672184227038974, 0.7098918447158344, 0.7933583672112234, 0.7894098035852499, 0.7805178503395134, 0.7741305037001283, 0.8068904652572733, 0.7745726384493288], "(0, 0, 0, 2)": [0.6931995668751652, 0.7420266261974549, 0.5827504409451345, 0.6409188703884515, 0.5617145258795447, 0.6441092531160844, 0.5723585311002181, 0.511933000757131, 0.45244617366961115, 0.4787123719728294, 0.15904440923685376], "(0, 1, 0, 2)": [0.6327480015936638, 0.6128666126023656, 0.6375678520731656, 0.623681049365608, 0.6197380005104931, 0.6250547275269462, 0.6421807893047663, 0.6256925484662574, 0.5654125656160442, 0.5976693465084492, 0.5928716938330448], "(0, 1, 0, 1)": [0.6121969388307875, 0.6283806023012317, 0.6240558818410208, 0.6287421419747905, 0.613327545761351, 0.6296617844711889, 0.6238272800446565, 0.6161538681215771, 0.6432221467114694, 0.568485444526444, 0.6325831366034214], "(0, 1, 0, 3)": [0.5796151613354475, 0.6009070162649606, 0.5824219567423407, 0.4597574132432074, 0.48328130256516466, 0.5474171001201174, 0.6088395596117007, 0.6019573252623395, 0.5988864767893896, 0.45284064099545585, 0.5549157521908488], "(0, 2, 0, 4)": [0.3512480730159837, 0.3239838486998218, 0.32880150065387503, 0.3242325636340826, 0.17350153535564777, 0.2138120100441863, 0.23992497036650928, 0.2841928809892243, 0.2986425440192031, 0.28178096314254114, 0.32528373061870963], "(0, 2, 0, 5)": [0.14701765629609803, 0.12759282932186972, 0.3550017341634115, 0.08665989401789674, 0.22125668880386945, 0.1366475413951625, 0.2142054390105209, 0.020441089993899805, 0.2317176279366525, 0.05992394584503937, 0.0557147996963467], "(0, 2, 1, 5)": [0.048937823963446814, 0.0794334188752514, 0.0, 0.08839911275838454, 0.0, 0.020412527333515708, 0.042602650973684056, 0.0, 0.0, 0.09113432820759676, 0.00834275015576277], "(0, 2, 1, 6)": [0.004144035279750824, 0.15510449635541215, 0.0, 0.0, 0.0, 0.09178915091667297, -0.014276146047050135, 0.009777197866641706, 0.0, 0.010985889976726424, 0.0], "(0, 2, 0, 6)": [0.15567798240703654, 0.015386876073215405, 0.07310888419513817, -0.006958454195128201, -0.016406464856117964, 0.0, 0.014107399413693279, 0.007465209989858786, -0.008538467022099535, 0.015046528896415189, 0.015087525072557848], "(0, -1, 0, 0)": [0.6641419133473203, 0.6285547806982835, 0.6086110809837625, 0.6359864119655421, 0.6427996703771365, 0.6118926631847529, 0.6371854020536838, 0.6208462359336426, 0.6095363363505579, 0.6275756444772822, 0.6153299000990726], "(0, -1, 0, 1)": [0.4988136896698611, 0.6544585717929613, 0.5032141844065338, 0.5309645456131804, 0.47833733406952444, 0.5103839965419582, 0.4821131526290967, 0.20527022459909983, 0.5495104966748752, 0.39389349104534027, 0.5242318453808485], "(0, -1, 0, -1)": [0.527648833540902, 0.6642924884289051, 0.6637676807463639, 0.6745629882943924, 0.5939104618002171, 0.670363331209793, 0.6393912286424379, 0.6678317883965035, 0.6637784960611646, 0.6698212511031627, 0.6534654856992105], "(0, -1, 0, -2)": [0.4996123107290297, 0.6639329100082016, 0.5503331271425661, 0.6627253931859901, 0.6003723367683391, 0.645565599360171, 0.6672982975910687, 0.667820126561687, 0.6568636623717325, 0.6240328905918773, 0.6728957532479705], "(0, -1, 0, -3)": [0.6130731213516774, 0.5613030838954622, 0.3966955342275494, 0.5719555525575124, 0.4934536053713271, 0.6151859633219747, 0.6190177388181348, 0.627225519749592, 0.6294942580163565, 0.6563920857681906, 0.6508783099356981], "(0, -2, 0, -3)": [0.4082622332367226, 0.41038235829623865, 0.3968698148222837, 0.4226913209248424, 0.3908418784342543, 0.38845199790082946, 0.3129215486526848, 0.3996688928259543, 0.3891449731250324, 0.39597971587050507, 0.29516494974710483], "(0, -2, 0, -2)": [0.40853645917794823, 0.34288308357156017, 0.36721415267648094, 0.3450607429858166, 0.3479951725179641, 0.3365982333856965, 0.3280331860450305, 0.33395732783135446, 0.34403022541661377, 0.32873528453930867, 0.3104918093950736], "(0, -2, 0, -4)": [0.30713239431801354, 0.31233283991360916, 0.3461744963868436, 0.27082287357305707, 0.4159298943978515, 0.3549894334850583, 0.40531557456134326, 0.35934083606315315, 0.3967764929170359, 0.2010669255387137, 0.4160053558132288], "(0, -2, 0, -5)": [0.15581622791097982, 0.037629421167605454, 0.10054806389183288, 0.092349044393218, 0.04647053872957416, 0.09629517197165044, 0.20840808597991684, 0.18608925316901376, 0.193944122922109, 0.20439107089957542, 0.11084368299519556], "(0, 1, 0, 0)": [0.5765870375973561, 0.4942110001781731, 0.5881477791978176, 0.5579008519050523, 0.5853829679912153, 0.6081640300505532, 0.6002458634647911, 0.5833687245691611, 0.6093475115051894, 0.6419235291318675, 0.5930722020192991], "(0, 1, 0, -1)": [0.07855053722086815, 0.03253284976652497, 0.16885280053862087, 0.19974624360603857, 0.09258979580043608, 0.1857759003128462, 0.33112065591491335, 0.5470386083436322, 0.2745443968248189, 0.43083800518336923, 0.4041774949184115], "(0, 2, 0, 3)": [0.3649101141465767, 0.3612209265560465, 0.3400460683937263, 0.35895738982123415, 0.362413784988605, 0.36176112478166667, 0.36960532207505015, 0.369664496434412, 0.3518896724559494, 0.3608932693067632, 0.3459310950672234], "(0, 2, 0, 2)": [0.31995051465363433, 0.3183989879266882, 0.27265850486250237, 0.3219198364159308, 0.3292206854119135, 0.31065589205507704, 0.33630584657953577, 0.34946098784964613, 0.32729867836902515, 0.2785423082561021, 0.211011129436801], "(0, -1, -1, -4)": [0.029065067880343274, 0.00474525848403573, 0.09070656124066505, 0.04730559577680625, 0.09447347778548543, 0.25834224658755617, 0.060319149896163826, 0.4199268888741841, 0.024598176937410066, 0.32371317559403534, 0.0], "(0, 2, 0, 7)": [0.0, 0.0, 0.0, 0.0, 0.0, 0.0, 0.0, 0.0, 0.004184766206890345, 0.0, 0.0], "(0, 2, 1, 7)": [-0.010908783413469791, 0.012857298994589766, 0.0, 0.0, 0.0, 0.0, 0.0, 0.0, 0.0, 0.0, 0.0], "(0, 0, 0, -2)": [0.46324788947647844, 0.629588572693671, 0.5145460730154998, 0.6976956760089956, 0.6207867155519557, 0.5666272950364932, 0.5321267810916713, 0.7719088244656445, 0.6081192164161178, 0.5208385606577048, 0.6101839378537357], "(0, -1, -1, -3)": [0.2725948428073816, 0.09572192560825277, 0.23147558620872022, 0.35447729149402585, 0.021737269523262687, 0.036733858055808394, 0.04153944266424783, 0.44256510376737834, 0.0, 0.5298234773481252, 0.2566517047614554], "(0, -1, 0, -4)": [0.3269441955476376, 0.36076547469522496, 0.10129511072381281, 0.149049639774437, 0.3275330026351204, 0.24996104536545818, 0.5270264425170132, 0.34917959027170453, 0.15250913154941198, 0.48368688765613344, 0.09301866183876822], "(0, -2, -1, -6)": [0.0, -0.010899988003075123, -0.01090605091303587, 0.0, 0.0, 0.004323514178395271, 0.04929902027865713, 0.07625617599937135, 0.0, 0.0, 0.0], "(0, 0, -1, -3)": [0.0, 0.0, 0.0, 0.0, 0.0, 0.0, 0.009996272046377475, 0.0, 0.0, 0.0, 0.023992198322933166], "(0, -1, -1, -5)": [0.0, 0.04005460623353368, 0.0, 0.018986899883008307, 0.0, 0.0, 0.0, 0.05443750617697815, 0.0, 0.0, 0.1286928170504617], "(0, -2, -1, -4)": [0.02098011639560918, 0.0, 0.0, 0.07599814584701733, 0.08977734618639147, 0.10664846087982152, 0.0, 0.05056959141815355, 0.0, 0.08621003023900194, 0.21678958725797645], "(0, 2, 0, 1)": [0.0263582210856531, 0.0, 0.01215577874901932, 0.14950769404624614, 0.049808349541689466, 0.13006883658945692, 0.14563545050766205, 0.06086144373342108, 0.13639042583484287, 0.0, 0.29475172279251993], "(0, 2, -1, 2)": [0.0, 0.0, 0.0, 0.004519365727901459, 0.0, 0.0, 0.0, 0.0, 0.0, 0.0, 0.14378155472114496],