{"q_values": {"(0, 0, 0, 0)": [0.8055438938884546, 0.8059433421256696, 0.8292821566514726, 0.7826545649693146, 0.7987598635247581], "(0, 0, 0, 1)": [0.8232613268581751, 0.8117072130551497, 0.8022990382517187, 0.7798914645878021, 0.7103174784824696], "(0, 0, 0, 2)": [0.8285865896642549, 0.8131208606051009, 0.8025331680778645, 0.8212832148346314, 0.8225978363074806], "(0, 1, 0, 2)": [0.2937386347985249, 0.1650137822815455, 0.1509896449630948, 0.14129143841791444, 0.11033687004348774], "(0, 1, 0, 3)": [0.09617836240907074, 0.10431725956262167, 0.09183378441513876, 0.09098856988401846, 0.0899868580429027], "(0, 1, 0, 4)": [0.07793190662215549, 0.07885613864278582, 0.08956106401822317, 0.07801601236637287, 0.07297987120511593], "(0, 1, 0, 5)": [0.08215432825098909, 0.06491446686810512, 0.058774342982815045, 0.05756879976215838, 0.04040930631482504], "(0, 2, 0, 5)": [0.048853813484980024, 0.035349632461758526, 0.017228894915194054, 0.01581524520205747, 6.811650032475212e-05], "(0, 2, 0, 4)": [0.05133759037600393, 0.052691196675684435, 0.06808793652444259, 0.033231767413759876, 0.02133796963030301], "(0, 2, 0, 6)": [0.006968529125835999, -0.002113872583314142, -0.006203136504255865, -0.005852975076080389, -0.006197463789079917], "(0, 3, 0, 5)": [-0.016297553713805413, -0.016305155935209054, -0.016307768383137095, -0.016311532817346364, -0.015696354886014632], "(0, -1, 0, 1)": [0.8137632364336639, 0.8168905118986329, 0.8140970626454316, 0.8190878109147204, 0.8378194543048078], "(0, -1, 0, 0)": [0.4603194959818207, 0.7340008305054393, 0.7771183675411033, 0.8106125454678412, 0.7674674201999107], "(0, -1, 0, -1)": [0.25109350554400706, 0.3505746585009823, 0.6170225060349565, 0.6989549957985244, 0.763861348882225], "(0, -1, 0, -2)": [0.10940622405325323, 0.13510327324641147, 0.13471213721519834, 0.19034970407441307, 0.2976321121966685], "(0, -2, 0, -3)": [0.0737164306216646, 0.07376762599492606, 0.08175404279308734, 0.08128839558485276, 0.10937999462529778], "(0, -2, 0, -5)": [0.013984226153884713, 0.01344327122760441, 0.016410207370241382, 0.021506699175004272, 0.03357835243912434], "(0, -2, 0, -4)": [0.025077605303590024, 0.040861157318882124, 0.04725495328355132, 0.04816547948728381, 0.08298261121239425], "(0, -2, 0, -6)": [-0.007162259023995854, -0.008395422103351874, -0.005195230039946493, -0.0069819950425601416, -0.0071419470122425135], "(0, -2, 0, -7)": [-0.007552975222819619, -0.006815465492898366, -0.008033788377367212, -0.008673337051295445, -0.007940908293155207], "(0, -2, 0, -8)": [-0.012647642869567573, -0.013411986300394205, -0.013520704025679378, -0.013195076251702898, -0.012904635744876672], "(0, 1, 0, 0)": [0.8425538597510904, 0.8272881598552955, 0.8232063226262689, 0.6920292782443039, 0.618430885131725], "(0, 1, 0, 1)": [0.7846434973368467, 0.6582734086860289, 0.5393480797116312, 0.4042092255904246, 0.2761666278009306], "(0, 2, 0, 7)": [-0.014663170729033968, -0.014414287440022416, -0.008869137591599376, -0.014865052723300196, -0.014857454042873067], "(0, 2, 0, 8)": [-0.009733161108780622, -0.008731428190809349, -0.008337142542490617, -0.00628227690295404, -0.010494587018617949], "(0, -1, 0, -3)": [0.09149290943983161, 0.09329317847708218, 0.0928992984148157, 0.08779013978299469, 0.08786560198209777], "(0, -1, 0, -4)": [0.05396807359193935, 0.06941220676418325, 0.06716889141904465, 0.06483235316408206, 0.09623793477715092], "(0, -1, 0, -5)": [0.05887131672741969, 0.05622490414988797, 0.05806065817584406, 0.059076388307886, 0.05869299647501673], "(0, 0, 0, -1)": [0.6305560631605513, 0.740530738702882, 0.7545157785507475, 0.8042816489257987, 0.8229375564967741], "(0, 0, 0, -2)": [0.7872560633721788, 0.7825239109611934, 0.7892488494233184, 0.7820205345352886, 0.8245907123160763], "(0, 0, 0, 3)": [0.7883969170329892, 0.4895029030199051, 0.34570064810019646, 0.3401456219082157, 0.24223516198975598], "(0, 2, 0, 3)": [0.1070942533371735, 0.08434962731188538, 0.08466058133464255, 0.08104492895598368, 0.07008677100703092], "(0, 1, 0, -1)": [0.8148124823511298, 0.8149880387444817, 0.8148228043220812, 0.8344053798575879, 0.817554799366276], "(0, 1, 0, -2)": [0.5728761795956303, 0.43230834120147965, 0.8335699944874971, 0.46026184928938507, 0.689397679658644], "(0, -1, 0, 2)": [0.8274298084994496, 0.8276410457270462, 0.8476285485495773, 0.7655352417498346, 0.7114606433767924], "(0, -2, 0, -9)": [-0.004471841421694715, -0.010684708036203064, -0.010651726878978496, -0.01016910053169692, -0.010516280743944008], "(0, 0, 0, -3)": [0.10841065936541952, 0.3442877417027544, 0.3601317378773203, 0.7031071201848182, 0.386660427943544], "(0, 3, 0, 7)": [-0.012470077348266394, -0.013412894493808163, -0.012475499333888349, -0.012475240371946974, -0.012483404880991616], "(0, 0, 0, -4)": [0.0067643868353461055, 0.039124251984725626, 0.003213284669203872, 0.04589234726902548, 0.2755958797617059], "(0, -1, 0, -6)": [0.02893346927760365, 0.02321584920089626, 0.04009326131295142, 0.04077376505369169, 0.03970127865846974], "(0, -1, 0, -7)": [0.00902681740626721, 0.0022157731130174833, 0.011731406503417184, 0.023722928530111924, 0.0011375301212523381], "(0, -3, 0, -7)": [-0.010268901764597745, -0.010267330086195842, -0.010262190140282734, -0.011422913672185876, -0.011419861600633525], "(0, 1, 0, 6)": [0.036069204135099835, 0.010466662925808461, 0.035186427644746804, 0.009262819703736122, 0.00753742626661536], "(0, 1, 0, 7)": [0.004110249645329903, 0.009384882463850719, 0.0, 0.0010410555572764948, 0.001894521494023502], "(0, 1, 0, 8)": [0.0027343954469290343, 0.0, 0.0, 0.0, 0.0], "(0, 2, 0, 9)": [-0.00989877521071411, -0.009683717024868164, -0.009692719822861977, -0.007570855570715297, -0.009100078606514616], "(0, -2, 0, -2)": [0.1250110496055609, 0.12466204306089902, 0.12471012555951846, 0.12826597894706168, 0.12765358908261804], "(0, -2, 0, -1)": [0.11010920851695066, 0.18997489440578555, 0.14301194028873984, 0.10113445299465923, 0.1194841060233762], "(0, 2, 0, 2)": [0.1476057822157264, 0.12209832472714452, 0.11921565170942247, 0.1214544015099699, 0.11820817614869526], "(0, 0, 0, 4)": [0.03269470866269185, 0.21091804541797593, 0.06950419525593293, 0.06909783172159717, 0.022264777545761373], "(0, -3, 0, -6)": [-0.01860849790522234, -0.018601285206445467, -0.018599509917647302, -0.01892268793247972, -0.018923599025752184], "(0, 0, 0, 5)": [0.0, 0.0, 0.0, 0.011394351388244026, 0.002474981667448537], "(0, 0, 0, -5)": [0.003045801583348206, 0.0, 0.0, 0.0, 0.0], "(0, -1, 0, 3)": [0.0, 0.001774967615854871, 0.24228269637994476, 0.0009832593612372875, 0.0221980370392151], "(0, -1, 0, 4)": [0.0, 0.005701448720575185, 0.0, 0.0, 0.0], "(0, -3, 0, -9)": [-0.004172318093478679, -0.004170745667070151, -0.0041698357462883, -0.004167320542037487, -0.004170274790376425], "(0, 2, 0, 1)": [0.24739066826999942, 0.24212499529545917, 0.24646314630058375, 0.22814160097068875, 0.2355428507673008], "(0, 3, 0, 8)": [-0.010272323488574476, -0.010271781336927787, -0.010276599076444284, -0.010276950310040264, -0.010280259752869607], "(0, 3, 0, 6)": [-0.019726353347054, -0.019729898933219366, -0.01949489937398395, -0.019499157623987292, -0.019503155258150523], "(0, -3, 0, -5)": [-0.01339677132857151, -0.013395617405264388, -0.013393201420370298, -0.013388298454909726, -0.013382595867257633], "(0, -3, 0, -8)": [-0.010277080443279818, -0.008982006904408335, -0.010273031319646166, -0.010275691190576182, -0.010270440709736197], "(0, 2, 0, 10)": [-0.006267195239611678, -0.006467265274402849, -0.004845615184933922, -0.005674337089767529, -0.005984740142608261], "(0, 3, 0, 4)": [-0.0124328629861434, -0.012434706420493909, -0.012438696597939934, -0.011394429553235694, -0.011398835499997623], "(0, 2, 0, 0)": [0.013967729031014366, 0.004800522147533978, 0.2400747069618334, 0.028214675458062218, 0.001492495091590514], "(0, -3, 0, -4)": [-0.00894819979345426, -0.00894580994926393, -0.00894429954778403, -0.008943322296701372, -0.008937590683270246],