{"q_values": {"(0, 0, 0, 0)": [0.8587711184043628, 0.8637527095754417, 0.8576730582135265, 0.8789744785211766, 0.8613435483922631, 0.8562348592296517, 0.8731133780150305, 0.8697097114640907, 0.8843311071300117, 0.8555318001886209, 0.8688592591561118], "(0, 1, 0, 0)": [0.8584692291676917, 0.8235585583542816, 0.867264693802241, 0.8675668995705874, 0.8513987742900808, 0.8758001606124174, 0.806299663470619, 0.812374383906602, 0.8247512901520998, 0.8514386066926967, 0.7975445104729253], "(0, 2, 0, 0)": [0.5279091836641658, 0.5246045153179137, 0.8639709953967059, 0.5557281433883267, 0.5227825601128859, 0.5152881687482139, 0.5271910244976673, 0.5574726406914479, 0.5658259759334544, 0.49979973231376584, 0.5677081660150306], "(0, 3, 0, 0)": [0.19129050033769723, 0.17376004530684935, 0.1826346548980788, 0.1719443729949487, 0.1748334773810346, 0.18838936901558623, 0.1785892225559564, 0.17571422633794845, 0.18242183309261936, 0.1848073862341812, 0.17830410104403713], "(0, 4, 0, 0)": [0.009094900771014065, 0.01715635131526046, 0.008792211193431015, 0.009171384925257858, 0.008534485235069427, -0.003221859452221665, 0.008754050341917383, 0.006808786629589132, 0.006579493232148951, 0.008186872135086416, 0.00870793542970378], "(0, -2, 0, 0)": [0.5682297744616691, 0.5709408493279641, 0.5202399763019652, 0.5472635274060028, 0.5403679722211745, 0.5524941742716096, 0.5725368319473223, 0.6332371082893694, 0.5647231550990519, 0.5659732083500288, 0.5533147919134973], "(0, -3, 0, 0)": [0.13742977182883115, 0.13145356317152654, 0.13311813348159413, 0.140292896642378, 0.13659289274907388, 0.12897897095805277, 0.13087422185789563, 0.15058510944622305, 0.1447679232477982, 0.14076572172759555, 0.2896246588765884], "(0, -4, 0, 0)": [0.00347068651967348, 0.004159944755066439, 0.0021436844810533056, 0.004915181414544796, 0.0010754614765025525, 0.005151063272596664, 0.0055166517071016455, -0.0008277099376436583, 0.002986468237540292, 0.0006768941490027719, 0.01894520156006911], "(0, -1, 0, 0)": [0.7776376267478512, 0.7712323964488486, 0.7905655886247265, 0.8036733791350399, 0.7713930285797684, 0.8016994638185062, 0.7846593077307176, 0.7889508972849403, 0.7926219288883367, 0.7886795281084417, 0.8356987155031798], "(1, 3, 0, 0)": [0.012878097816668155, 0.01968086473420004, 0.039007520696526396, 0.02826910718140041, 0.1009595171804256, 0.02047599733865151, 0.01811125321420266, 0.032745762454488764, 0.00589850418718186, 0.03616380759717979, 0.005701853827496536], "(1, 4, 0, 0)": [0.015821259935765646, 0.027210572869911603, 0.007357209823113281, -0.002216946229359795, 0.008867106775422772, 0.0017810600811709373, 0.0034888241219203746, 0.0028637975909819244, 0.0031617043733734376, 0.002812746879147252, -0.007845253944396974], "(-1, -1, 0, 0)": [0.7224374396829001, 0.6972254370244941, 0.6483813855426661, 0.7056575188092157, 0.7314901430338329, 0.7578541706383438, 0.7163228552037466, 0.7357382691954019, 0.7797134499511675, 0.7479239139488728, 0.8736888713811125], "(-1, -2, 0, 0)": [0.027975281414637128, 0.0629633940788595, 0.028975514552306892, 0.1277426665102006, 0.030301838623091028, 0.020630802171467275, 0.049405213135272574, 0.00905141372429726, 0.021333105214333438, 0.044481827465482335, 0.03787454526679897], "(-1, 3, 0, 0)": [0.06831218279097344, 0.05488814650431431, 0.054743219692764064, 0.0568561509467171, 0.0646870367179655, 0.0713642284914769, 0.06764112836539321, 0.06923138978874607, 0.055954647444907794, 0.0645334618838325, 0.06435775761825044], "(-1, 4, 0, 0)": [-0.0007580742304984867, 0.00048370811459622423, -0.0009145811572645922, 0.000812475979263351, -0.006152025434248557, -0.0018529536290579568, 4.870872175415184e-05, -0.0020266240075394607, 0.0001424410704308392, -0.0011886331762365884, -0.003426154453711445], "(-1, -3, 0, 0)": [0.026954307860235845, 0.012002300057076335, 0.03788415501364953, 0.07311486676596538, 0.034302021144911515, 0.018692513200870228, 0.02817293028707233, 0.023876173478067107, 0.020380158206776695, 0.01779305813678994, 0.011914682833310278], "(-1, -4, 0, 0)": [-0.008061964931269455, 0.010186766696126, 0.0004984837005441219, 0.0001723744746796995, 0.007059563540876361, -0.002107428240931837, 0.007927805897317664, 0.00969058804460794, 0.013129621352499298, 0.012087828009904822, 0.04959346843603646], "(1, 0, 0, 0)": [0.7136768047560509, 0.6498979216991623, 0.6932969233866696, 0.6416128565285223, 0.7874929970206731, 0.7046700885724102, 0.6710618918412681, 0.7113762699562485, 0.6931232245603096, 0.6947866562995173, 0.6679751032782966], "(1, -1, 0, 0)": [0.5708550655340499, 0.6259812598834193, 0.6285430716238843, 0.5933616133888073, 0.5678789461517998, 0.5997521568108595, 0.5206380668500098, 0.5868115846168349, 0.643005509321377, 0.6082639196111068, 0.692558301606695], "(1, -2, 0, 0)": [0.20005820612270603, 0.21221526355866288, 0.22281054371004452, 0.2262225258792412, 0.2167917448952438, 0.21386643325120674, 0.2230392977853674, 0.20753957628207567, 0.2228894206921046, 0.22780235635240503, 0.22462068392549614], "(1, -3, 0, 0)": [0.062078472920387213, 0.0584188986933859, 0.058705957683798785, 0.057161618540921534, 0.05991278085746325, 0.05845207154091592, 0.05961415848528585, 0.06021809597011633, 0.05847168352465289, 0.05639189789596168, 0.06165611696781266], "(1, -4, 0, 0)": [-0.0025318320497727978, -0.0026753993143093695, -0.0014361867050979647, -0.002344898306178682, -0.0025600331288928527, -0.003334762577854749, -0.003796291593877798, -0.005183411447202097, -0.0016057485862388744, -0.001831840950238293, -0.002751144485687777], "(-1, 1, 0, 0)": [0.7314849816851249, 0.5434394853213131, 0.5639009505002229, 0.5967478253258902, 0.5760229992473619, 0.536514720498318, 0.5322244622507892, 0.5679063237673823, 0.5398593847133332, 0.5787619282794999, 0.5271141994394999], "(-1, 2, 0, 0)": [0.23710995772134652, 0.24957811252310308, 0.24283559143317118, 0.2601362156423293, 0.24226313978263483, 0.2328310145657655, 0.22965818487262163, 0.2593546541463738, 0.23926170384236034, 0.2545315898561084, 0.22754120631153085], "(1, 1, 0, 0)": [0.7606906909204291, 0.6617998707413734, 0.7849935302100876, 0.6737285095701413, 0.7269288871252443, 0.7601953395782399, 0.7300971375033575, 0.7506609902398785, 0.682402134390496, 0.7069319556183501, 0.7476442627580556], "(1, 2, 0, 0)": [0.023761659768261743, 0.030647577301955338, 0.07585587143348006, 0.017906970177153012, 0.03670585625837126, 0.06880077698859596, 0.2526960314992887, 0.03228248487292386, 0.03287111485459479, 0.042701275146575526, 0.05417895397896737], "(-1, 0, 0, 0)": [0.7850362089612373, 0.755457968139768, 0.8853434601331684, 0.7462583792698323, 0.7176471500375629, 0.7621558063596331, 0.7715177563211635, 0.781496369695595, 0.7851483516605821, 0.7830212950761353, 0.7808246777451889], "(-2, 1, 0, 0)": [0.013571347817313917, 0.031310196389375745, 0.05656334981432928, 0.03616660122399745, 0.04494841718388683, 0.05939385639022385, 0.056413488985225815, 0.05313966545712889, 0.13688405866575665, 0.07875099803476263, 0.009824620025421088], "(-2, 2, 0, 0)": [0.0, 0.014058662101073533, 0.037813300719549775, 0.058787965658700064, 0.03820968584734916, 0.04926098629268464, 0.03187149858124863, 0.028232331510790916, 0.06699686238938606, 0.03156810956216494, 0.02379973833353869], "(-2, 4, 0, 0)": [-0.004686279725337354, -0.002993345135434526, -0.006601925647976337, -0.004845738655123271, -0.0045515957043481626, -0.006409592090918521, -0.006109179759377543, -0.005704891593813897, -0.006487848247066967, -0.005869780513169657, -0.00472440474140943], "(2, -1, 0, 0)": [0.24413643341142627, 0.2590242550764683, 0.19172893005389247, 0.25344335040389143, 0.24473420544911004, 0.17483113367138986, 0.2607821633379864, 0.19244162122015607, 0.19903460561842948, 0.3317826945734755, 0.28611485376459767], "(2, -2, 0, 0)": [0.053102967580710043, 0.0638228484470015, 0.04087393988764357, 0.0810742501796504, 0.0, 0.030506513602485165, 0.03396896614009301, 0.07106662526013073, 0.02815385880850118, 0.04743447524596807, 0.05953946553788808],