{"q_values": {"(0, 0, 0, 0)": [0.8251768126339851, 0.8291027182051134, 0.8279166204451721, 0.8334034452410842, 0.8180731602530444], "(0, 0, 0, 1)": [0.8114939410284375, 0.8326676684900761, 0.7839130758564647, 0.825501103757855, 0.8177544444683624], "(0, 0, 0, 2)": [0.8270086179738582, 0.764233669281859, 0.6960976441353268, 0.6995053524260553, 0.6193338544120157], "(0, 1, 0, 2)": [0.45320916083175117, 0.46068545492228297, 0.46327339444417537, 0.43170293045927266, 0.44047753438455045], "(0, 1, 0, 3)": [0.43764516667739994, 0.43997997442993014, 0.41684271389656713, 0.3845217462156768, 0.3684901101655301], "(0, 1, 0, 4)": [0.39577093667492524, 0.31958684657105085, 0.29208195665368464, 0.27490746725231274, 0.1950908253337033], "(0, 1, 0, 5)": [0.2806784227098187, 0.07655934234586578, 0.08820739640508915, 0.0639440170543752, 0.06727872328040427], "(0, 2, 0, 5)": [0.13674171882515995, 0.11143390261877953, 0.10948286416335175, 0.11474128103063762, 0.09274414511210821], "(0, 2, 0, 4)": [0.25665386085023295, 0.1908622177509562, 0.17660930821503007, 0.16717340719761664, 0.14496147555003808], "(0, 2, 0, 6)": [0.1025728270882739, 0.08243365293847009, 0.06953255687472747, 0.054892452239851015, 0.03486727498695472], "(0, 3, 0, 5)": [-0.004152440484613181, -0.005923143606632948, -0.0021845880895853043, -0.00895568526012823, -0.007521835097484291], "(0, -1, 0, 1)": [0.6805519263267304, 0.5953172273245783, 0.5704966263126852, 0.4787017272644518, 0.403822249919531], "(0, -1, 0, 0)": [0.6578702491815412, 0.6542882103665834, 0.6635206286096327, 0.6630563120945111, 0.681879430293665], "(0, -1, 0, -1)": [0.6355579518805884, 0.6635230860192811, 0.6641442549506318, 0.6887664341447951, 0.6772673824953944], "(0, -1, 0, -2)": [0.5273980744828445, 0.5614653523782484, 0.6304841145113419, 0.6415407524146981, 0.6375373469967407], "(0, -2, 0, -3)": [0.19838649782008874, 0.21099858307181812, 0.20280371928682647, 0.20907301997565308, 0.20494893226891214], "(0, -2, 0, -5)": [0.134108742052681, 0.14139400823288092, 0.13838298431349785, 0.17642558431478259, 0.1758017172144754], "(0, -2, 0, -4)": [0.174735341452918, 0.20356566609908822, 0.20101995186278449, 0.20162266397373216, 0.19290814276197676], "(0, -2, 0, -6)": [0.09929072242342757, 0.11486298428654587, 0.10807755936876415, 0.09905608664123301, 0.15158335865495812], "(0, -2, 0, -7)": [0.035691705669740004, 0.03828745907209378, 0.06326058093430625, 0.06414556688513674, 0.10408134584229853], "(0, -2, 0, -8)": [0.004572560745874126, 0.010181977913987209, 0.009457991677899916, 0.015891802517930837, 0.05669639385206538], "(0, 1, 0, 0)": [0.3944535727597485, 0.4095024060615761, 0.4535591337121749, 0.42878817931776625, 0.47591538575078945], "(0, 1, 0, 1)": [0.4750589833031481, 0.48364649822752664, 0.4835794250080214, 0.46744672808918664, 0.45078449355895783], "(0, 2, 0, 7)": [0.061810547942596626, 0.024136757048651033, 0.01711358346082562, 0.017094712766955244, 0.007492116337802631], "(0, 2, 0, 8)": [1.475975392165518e-05, 5.1834085755283685e-05, 0.000488348422973889, 0.002491607386515147, -0.0054612475426676155], "(0, -1, 0, -3)": [0.43662082757716175, 0.42687269239431797, 0.5139259818320134, 0.5296159126643366, 0.5859734181109753], "(0, -1, 0, -4)": [0.18293617046303473, 0.26606901252144277, 0.35460468220728425, 0.3471748459183507, 0.46082474582806915], "(0, -1, 0, -5)": [0.07795275733007288, 0.09814468029131762, 0.10884905939510728, 0.2655027108328652, 0.17751553386795754], "(0, 0, 0, -1)": [0.7908234678607812, 0.808404031129091, 0.8023209291952605, 0.8308313665235504, 0.8164537773698187], "(0, 0, 0, -2)": [0.5384246493828974, 0.6904084969284422, 0.7208064637663384, 0.7040529525534556, 0.8170637261175462], "(0, 0, 0, 3)": [0.6658516999851709, 0.34541144020883346, 0.23990288680994878, 0.3401456219082157, 0.12955452523659458], "(0, 2, 0, 3)": [0.26554864855446564, 0.27936037504454403, 0.2469268438457095, 0.21459042975555062, 0.1943007726075608], "(0, 1, 0, -1)": [0.0499005343902939, 0.22164313834123167, 0.18627407218100955, 0.17297604596033775, 0.41734279942239083], "(0, 1, 0, -2)": [0.011913236392307954, 0.0038352109766646683, 0.06301227344481186, 0.0036827377640390457, 0.046242053986416405], "(0, -1, 0, 2)": [0.05953776246831301, 0.42604755903939306, 0.18557118557103078, 0.042144871427897655, 0.04828113462464921], "(0, -2, 0, -9)": [-0.00020501083261954389, -0.0030717341360364555, -0.004290075168358707, -0.0012015244875482672, -0.0019523834542180146], "(0, 0, 0, -3)": [0.10388062078691872, 0.15666322961100831, 0.2613947466045859, 0.5645264564344405, 0.20351598057971348], "(0, 3, 0, 7)": [0.0, -0.007527290952019395, 0.0, -0.004160556551069021, -0.0021922994405031205], "(0, 0, 0, -4)": [0.0067643868353461055, 0.039124251984725626, 0.003213284669203872, 0.04589234726902548, 0.14063389605221333], "(0, -1, 0, -6)": [0.014552688828499435, 0.018908034903798984, 0.030502185776864782, 0.022925654885673462, 0.1058758658256633], "(0, -1, 0, -7)": [0.0023032378700435976, 0.0022157731130174833, 0.0025370067398875276, 0.01588507168114056, 0.0011375301212523381], "(0, -3, 0, -7)": [-0.002191478759050369, -0.00416267329826951, -0.004159293528646231, -0.0021897697821259498, -0.00415852090343833], "(0, 1, 0, 6)": [0.0870934703802109, 0.006171386789609728, 0.023350900209105234, 0.009262819703736122, 0.005331140247193588], "(0, 1, 0, 7)": [0.004110249645329903, 0.004832461837315628, 0.0, 0.0, 0.001894521494023502], "(0, 1, 0, 8)": [0.0010426691776141525, 0.0, 0.0, 0.0, 0.0], "(0, 2, 0, 9)": [0.0, 0.000503917129644876, -0.006313477447707198, -0.0014324119218353157, 0.0], "(0, -2, 0, -2)": [0.21465204637112617, 0.1696151605551146, 0.1358961580728939, 0.13054405263921173, 0.12422683782693054], "(0, -2, 0, -1)": [0.07588374736620501, 0.17002953271862942, 0.022295281337914207, 0.02412222064064492, 0.019475179283608444], "(0, 2, 0, 2)": [0.17359674655040774, 0.20161880884306488, 0.25951222001293806, 0.19570603563105413, 0.20254222106826197], "(0, 0, 0, 4)": [0.03269470866269185, 0.13857626282807406, 0.06950419525593293, 0.06909783172159717, 0.022264777545761373], "(0, -3, 0, -6)": [-0.00896149775745347, -0.008960362675450742, -0.007523052096366883, -0.008956971715632827, -0.008956671285927297], "(0, 0, 0, 5)": [0.0, 0.0, 0.0, 0.011394351388244026, 0.002474981667448537], "(0, 0, 0, -5)": [0.003045801583348206, 0.0, 0.0, 0.0, 0.0], "(0, -1, 0, 3)": [0.0, 0.001774967615854871, 0.0, 0.0009832593612372875, 0.006054398934184509], "(0, -1, 0, 4)": [0.0, 0.0011832151049971861, 0.0, 0.0, 0.0], "(0, -3, 0, -9)": [0.0, 0.0, -0.0021954622119665147, 0.0, 0.0], "(0, 2, 0, 1)": [0.008331551972586, 0.009697301334062648, 0.013315925372124997, 0.03383111672987582, 0.1269566841738059], "(0, 3, 0, 8)": [-0.0021924246102571487, -0.0021918321028351786, -0.00219095703214407, 0.0, 0.0], "(0, 3, 0, 6)": [-0.004154311753809452, -0.0021881096065044406, -0.002188003063201904, -0.004157374165952206, -0.0021875161677598954], "(0, -3, 0, -5)": [-0.004153817929327488, -0.005922399323433638, -0.004153946656733751, -0.004152282606810331, -0.005918627224862576], "(0, -3, 0, -8)": [-0.0021931191906332972, -0.004165285900235176, -0.002190304361283779, 0.0, 0.0], "(0, 2, 0, 10)": [0.0, 0.0, 0.0, 0.0, -0.0021924821659922602], "(0, 3, 0, 4)": [-0.0021821660920977592, -0.002182649075984955, -0.00414788892492652, 0.0, 0.0], "(0, 2, 0, 0)": [0.0033218377836177733, 0.004800522147533978, 0.025272724841575014, 0.0, 0.001492495091590514], "(0, -3, 0, -4)": [-0.0021846642717719077, -0.002184613421559334, -0.002183976024389267, -0.002184855565428734, -0.0021815991029143335], "(0, 3, 0, 3)": [0.0, 0.0, -0.0021827789023518562, 0.0, 0.0], "(0, -2, 0, -10)": [-0.002175535634160042, 0.0, 0.0, 0.0008360994979739189, -0.0021833993494510652], "(0, -2, 0, 0)": [0.0, 0.0, 0.0, 0.01658467985055554, 0.0]}}