{"q_values": {"(0, 0, 0, 0)": [0.9304293404666285, 0.9331509114740981, 0.9331645717593356, 0.9331254841017557, 0.9248242649889177, 0.9275586775889023, 0.9228084660786704, 0.9253389148871127, 0.9290954513092275, 0.9240506667144586, 0.9249499769365862], "(0, 1, 0, 0)": [0.8620908745317174, 0.8569795044316023, 0.8592016369804627, 0.8586922936159144, 0.8519505656561446, 0.8180462116474638, 0.8330517135517421, 0.8500476090622676, 0.8148707500615335, 0.8580922929692844, 0.8616086770539785], "(0, 2, 0, 0)": [0.5373208355085176, 0.528963775557489, 0.5357013682552367, 0.6028102549350548, 0.5540862013664585, 0.5153428352659044, 0.5585322458588355, 0.5682108816149568, 0.5609048604960314, 0.5361287424505676, 0.529883259383546], "(0, 3, 0, 0)": [0.1100070945469115, 0.11240915558533343, 0.10968545234800343, 0.10422145992212564, 0.10307589265340841, 0.10562865009013266, 0.10597153548975513, 0.11231951354296212, 0.10437549954719534, 0.10489156540808392, 0.1053804207412807], "(0, 4, 0, 0)": [0.002959998327482667, 0.001421093776438496, 0.003328390542325573, 0.01420267928422163, 0.0031287706001786536, 0.004172520005777445, 0.0007403611840154818, 0.001892333845506377, 0.00223757040178736, 0.0031053088363845512, 0.0026111613747211992], "(0, -2, 0, 0)": [0.41289977096662467, 0.5032073087813915, 0.4058974690445225, 0.3977366660695816, 0.4087669329736058, 0.5280839640775289, 0.41444762874126995, 0.4114166166973916, 0.40490624406599096, 0.8291207789786861, 0.5066530767381494], "(0, -3, 0, 0)": [0.10767966884979936, 0.08865904527352592, 0.07829986001185885, 0.09450305080661227, 0.08963405067623341, 0.10432880013919393, 0.08859023093398669, 0.07546594114418287, 0.11187107432854985, 0.09273470515270504, 0.18606527314605553], "(0, -4, 0, 0)": [0.0019915981168547614, 0.005926115974855938, -0.002887926936923955, -0.0008436227126060397, -0.0034815600307717704, 0.0025982458829539395, -0.002701832260331818, -0.0008277099376436583, -0.0011947614966842648, 0.01181725899417792, -0.0015489743815524887], "(0, -1, 0, 0)": [0.9121494596523221, 0.9060579320130917, 0.8936416018701729, 0.8990013508434405, 0.8803329286492073, 0.8959008567021252, 0.8990666713993049, 0.8941791812391231, 0.911428838315222, 0.9003450477203707, 0.93151962366977], "(1, 3, 0, 0)": [0.03351944056762057, 0.04783755518088769, 0.11237129412359995, 0.044661350248389804, 0.061103479203278695, 0.05018826781980651, 0.038424784683545835, 0.07085409425661524, 0.00589850418718186, 0.06773386149587092, 0.058006298810217974], "(1, 4, 0, 0)": [0.0045155267666974214, 0.003842525075981384, 0.003466254469950251, 0.009740569154357837, 0.003980080493667357, 0.004720737170231541, 0.004274868523065796, 0.005163332802310076, 0.004092459481355997, 0.003927869759411482, 0.004013644601337821], "(-1, -1, 0, 0)": [0.930449259457066, 0.8783916580873621, 0.8601529833308387, 0.9109199763128972, 0.8577564547435595, 0.9071497503233037, 0.8736522843410279, 0.9044448811020304, 0.9015696313882386, 0.9327359433979711, 0.8984998716053568], "(-1, -2, 0, 0)": [0.4310162365600835, 0.3061144605831394, 0.43068552057031545, 0.38526583289840144, 0.3238144595630713, 0.4308507798202518, 0.309668104974195, 0.4376461174172801, 0.2970360656912161, 0.3396460816787393, 0.5210686762218604], "(-1, 3, 0, 0)": [0.12078082794803452, 0.059153255618877, 0.05357812818799672, 0.05283458818313172, 0.054618036273330055, 0.04689524456068459, 0.059669886032595924, 0.05470329545325893, 0.054185392017465944, 0.05328274922653163, 0.06737326936236114], "(-1, 4, 0, 0)": [0.003920840173360599, 0.0043896093338231645, -0.0025911870957976355, -0.0032985579951601467, -0.006152025434248557, -0.00502352483249792, -0.0023237323164280203, -0.0023350245445995206, -0.0029356794045751985, -0.003787798863197702, 0.0036284604827068823], "(-1, -3, 0, 0)": [0.035402866240576966, 0.022982540979322758, 0.03924366976828741, 0.03921715137708475, 0.0327636307877412, 0.018692513200870228, 0.028160232679865414, 0.07766833684031901, 0.020380158206776695, 0.029041785925682066, 0.011914682833310278], "(-1, -4, 0, 0)": [-0.008240752703958878, -0.008652028067987816, -0.008305685337368907, -0.008042227956804402, -0.008998542838390525, -0.00851048788657735, 0.005639049780249298, -0.00837573158398504, -0.008665861910945614, -0.008503639428563924, -0.008138649764488295], "(1, 0, 0, 0)": [0.8733195160101236, 0.8846304842714766, 0.8767830764999411, 0.8748032258827251, 0.8674785325218379, 0.8667345845575969, 0.857467237974495, 0.8599439850572712, 0.8816493365372895, 0.9288299734316785, 0.8838902972944227], "(1, -1, 0, 0)": [0.6294991591064418, 0.6515632967018214, 0.7223140222442134, 0.6761905902159918, 0.5943214715264665, 0.7196147052278314, 0.7005580077650252, 0.5901286731170571, 0.7656523417887239, 0.6791000947694938, 0.841868245049164], "(1, -2, 0, 0)": [0.23301627296170088, 0.16655321868819817, 0.19077130858364266, 0.20880980091323045, 0.24403038105603803, 0.21042794123619651, 0.21828759582457297, 0.22272337502601272, 0.231249694834385, 0.24888927293051186, 0.38974245521499773], "(1, -3, 0, 0)": [0.06342230443143039, 0.07329327706125563, 0.06233683462127012, 0.061103596386640244, 0.062020096029319224, 0.06255197311234696, 0.0817517136297279, 0.0625235416435024, 0.06314037104983693, 0.0800849922641515, 0.0664269318930927], "(1, -4, 0, 0)": [-0.003670612485608322, -0.002885253043895546, -0.0028184814336786783, -0.0018921146361409041, -0.0029887592521990174, -0.003334762577854749, -0.0016828770879158171, 0.0017063405359334172, -0.002585383015404107, -0.0031751556953124585, 0.009128666044049376], "(-1, 1, 0, 0)": [0.5764205307953949, 0.6647047123976394, 0.5770812974146226, 0.5408174765523142, 0.5224767007890896, 0.5596304651504049, 0.5678745507426987, 0.5249450068524308, 0.5221631905668201, 0.5317579975111608, 0.58231809733147], "(-1, 2, 0, 0)": [0.17842227811009972, 0.31840096378093036, 0.184330154069244, 0.1839575990670609, 0.19669004062365303, 0.1947063908229301, 0.21180358779405467, 0.1899991680075582, 0.17471965999380462, 0.18259096924943785, 0.18522964960417285], "(1, 1, 0, 0)": [0.9247727452662476, 0.8985290962997575, 0.8734668746870704, 0.9043337892065632, 0.8491923099419456, 0.8875602659303455, 0.8728870908818036, 0.8542685234336678, 0.8903884512564222, 0.8684934389631135, 0.8839115465838397], "(1, 2, 0, 0)": [0.24475851318224953, 0.8260584401380474, 0.31753413501517486, 0.18340526442696115, 0.3694781758152884, 0.30898802414091253, 0.35179817502273497, 0.3913794768491368, 0.3903421200464929, 0.4785019246784577, 0.31885416265313976], "(-1, 0, 0, 0)": [0.8702898493649102, 0.8986552332822865, 0.8599773648142308, 0.8907437378065783, 0.849907563071529, 0.8906583231174808, 0.8575911296745129, 0.8862792060212831, 0.8950231847196858, 0.8671761767810805, 0.8493614110837379], "(-2, 1, 0, 0)": [0.03976877409061403, 0.10755154814284877, 0.05656334981432928, 0.09263871912474693, 0.06939430997898353, 0.1852131225796797, 0.10154827593632162, 0.05313966545712889, 0.12722990064109985, 0.1545318974137165, 0.009824620025421088], "(-2, 2, 0, 0)": [0.01799507331375627, 0.07309819516707575, 0.05336918184681549, 0.12186764311053265, 0.06827922509520801, 0.07590766005435429, 0.04322022689431144, 0.028232331510790916, 0.07233861197663732, 0.049566087006373424, 0.046093876765066724], "(-2, 4, 0, 0)": [-0.0040983233702267885, -0.004996604822647363, -0.005574038488425242, -0.006018336842907314, -0.0022128328180772306, 0.0046278981953422095, -0.004788863151367944, -0.005704891593813897, -0.006487848247066967, -0.0026353865397532746, -0.004468903647114209], "(2, -1, 0, 0)": [0.2352740751665775, 0.22418014453711937, 0.32640318669552076, 0.21388310438222288, 0.27236397086055053, 0.2306805658443938, 0.22917923888931047, 0.31549097946697524, 0.22850298260824645, 0.3698736205619222, 0.23950155076438656], "(2, -2, 0, 0)": [0.07820704673587889, 0.07632598532491579, 0.07852086038532882, 0.07334359929239707, 0.0, 0.0889095949501451, 0.07566522241353979, 0.12535354314779518, 0.06331176537098868, 0.058926536673477824, 0.07994262872086488],