{"q_values": {"(0, 0, 0, 0)": [0.9079687664903082, 0.9083902455877172, 0.9029387599989027, 0.9097083255004539, 0.9088132315104951, 0.9099348529638422, 0.8877234601703788, 0.9020471849601174, 0.8985895785810445, 0.904665437847011, 0.8805239941411722], "(0, 1, 0, 0)": [0.9436233685341966, 0.8947017186719792, 0.839934288135253, 0.9185808234567111, 0.9165538983318565, 0.9132444729734, 0.8928346221956243, 0.9107689113339021, 0.8936243259039992, 0.8731565469963771, 0.9248688907920516], "(0, 2, 0, 0)": [0.9162568312079975, 0.6240250241064851, 0.5909117068802147, 0.6359493932143468, 0.6448351042655777, 0.5309670588295093, 0.6567754201397148, 0.6691296582890321, 0.5666872858855343, 0.6260871393939655, 0.6153955546609963], "(0, 3, 0, 0)": [0.16718070100947113, 0.16250478609645105, 0.16047301978889142, 0.1569114531416611, 0.15483598683527205, 0.15839891413722454, 0.15440798494924596, 0.15565230740681624, 0.16046900203086917, 0.15968905974503386, 0.15428008670054605], "(0, 4, 0, 0)": [0.009094900771014065, 0.031196287271031783, 0.0026810596762804947, 0.009171384925257858, 0.008534485235069427, 0.004172520005777445, 0.008754050341917383, 0.009753991701936054, 0.006579493232148951, 0.008186872135086416, 0.0026111613747211992], "(0, -2, 0, 0)": [0.43006304226837266, 0.4758714857670509, 0.47757462140203194, 0.463650172400805, 0.4771196794610522, 0.4514276890284066, 0.4306396739803232, 0.5389734450951469, 0.4666818293078423, 0.5191920391247786, 0.47192909225320656], "(0, -3, 0, 0)": [0.11892793741129806, 0.12256153071214161, 0.11428922996096064, 0.11249128428615437, 0.11710213016945017, 0.11208451640861092, 0.11770429432419577, 0.11731803530114461, 0.11785066831385325, 0.10997494846689802, 0.11881086128318098], "(0, -4, 0, 0)": [0.00347068651967348, 0.004159944755066439, 0.0021436844810533056, 0.003558538944746081, 0.0010754614765025525, 0.0024161526622260843, 0.0026841400891015497, -0.0008277099376436583, 0.002986468237540292, 0.004136361060595691, 0.004793872986080327], "(0, -1, 0, 0)": [0.836293891680655, 0.8247716637861638, 0.8494831994102456, 0.8503679315905295, 0.8319467942817863, 0.8183103580439923, 0.8180493746479478, 0.8581843204329638, 0.8281567655105955, 0.8272284074149745, 0.898900038263183], "(1, 3, 0, 0)": [0.012878097816668155, 0.04783755518088769, 0.08390812554048205, 0.044661350248389804, 0.12826563108573522, 0.05018826781980651, 0.01811125321420266, 0.07845256162813849, 0.00589850418718186, 0.07459868466234258, 0.005701853827496536], "(1, 4, 0, 0)": [0.08435134224795109, 0.010352480581486606, 0.030293678336738822, 0.028581612587480924, 0.026083366647013217, 0.01704742476467052, 0.03652336097843594, 0.022884276956471182, 0.009214961411794481, 0.027497797331574397, 0.032933455024350806], "(-1, -1, 0, 0)": [0.9265134561927875, 0.9045952614139876, 0.9137957972517405, 0.9128189926636835, 0.9455487806126662, 0.9010614866447331, 0.9375400627986085, 0.8992655380312963, 0.9305110718498955, 0.8640443082454023, 0.9730387763982757], "(-1, -2, 0, 0)": [0.05430724630131945, 0.0629633940788595, 0.1685249353367551, 0.11833840246723223, 0.030301838623091028, 0.13063706191840108, 0.1415254196438946, 0.05700261368505082, 0.1900794641539881, 0.044481827465482335, 0.5201150372428514], "(-1, 3, 0, 0)": [0.167898621436596, 0.06186302098087181, 0.06379867821636796, 0.048236350979535284, 0.06601259854814844, 0.07636144527877715, 0.06764112836539321, 0.06251895255299715, 0.08054049430687728, 0.0645334618838325, 0.0725573400626528], "(-1, 4, 0, 0)": [-0.0007580742304984867, -0.0013267794732543213, 0.016722404133674842, -0.0010218067326184712, -0.006152025434248557, -0.0018529536290579568, 0.0027316178870593066, -0.0020266240075394607, -0.0015818504023685596, -0.0011886331762365884, -0.003426154453711445], "(-1, -3, 0, 0)": [0.026954307860235845, 0.022982540979322758, 0.03305221070616509, 0.06980918157639916, 0.0327636307877412, 0.018692513200870228, 0.028160232679865414, 0.019675135172918745, 0.020380158206776695, 0.0228854847101357, 0.011914682833310278], "(-1, -4, 0, 0)": [-0.008240752703958878, -0.007507245623166502, -0.006831553980774582, -0.006806535622800864, -0.0074897582495238625, -0.006880997412376426, -0.007902235845697232, -0.00837573158398504, -0.007433693910005982, -0.006896739598354799, 0.0014396517370268147], "(1, 0, 0, 0)": [0.7309829990826224, 0.713912393581223, 0.6881005004643704, 0.7419705760170113, 0.7153615619735892, 0.720988550167962, 0.6877841434290268, 0.7232712017979951, 0.7302286482813596, 0.7132989414244632, 0.7370778356327381], "(1, -1, 0, 0)": [0.49568377593854035, 0.4684108056732165, 0.49484223611241807, 0.4738538030038032, 0.48646501005526516, 0.4811914425654638, 0.506829369828203, 0.4956265332312409, 0.4940821465294828, 0.4874335536983633, 0.664532394238405], "(1, -2, 0, 0)": [0.18704684287790965, 0.18381881375797884, 0.18068581151627194, 0.17696573846787758, 0.18646088748718453, 0.1883570857669231, 0.18488593708998072, 0.17914680150024131, 0.17700807057489815, 0.2718832740329328, 0.18973054899919978], "(1, -3, 0, 0)": [0.07004847363943749, 0.06390881732195472, 0.06233683462127012, 0.051214602391632606, 0.06269853306898603, 0.055967341790664794, 0.06729640321040922, 0.06286058541738153, 0.05993494234265953, 0.09211336398242159, 0.06924197192821202], "(1, -4, 0, 0)": [-0.003670612485608322, -0.007398824407380075, 0.008966678534083169, -0.004251530712978428, -0.0029887592521990174, -0.003334762577854749, -0.003796291593877798, -0.005183411447202097, -0.0032378124612389247, -0.0031751556953124585, 0.014251970996323688], "(-1, 1, 0, 0)": [0.6392036436212666, 0.9721284305821847, 0.6826975268842537, 0.5859610316355904, 0.5408324382053492, 0.5881048896673969, 0.7013067268780219, 0.6081939293659476, 0.6243176906264996, 0.6880654352994161, 0.7031239728758334], "(-1, 2, 0, 0)": [0.3475054998048197, 0.3379166918785742, 0.2328803083600924, 0.2340239140164509, 0.27790743619655395, 0.2583010614285766, 0.28034659787883787, 0.23492171391863087, 0.31630866484914466, 0.2257503302943833, 0.2894713273267454], "(1, 1, 0, 0)": [0.7448623495573288, 0.7467631731805835, 0.7233802849991756, 0.6599725791317643, 0.6783156620614265, 0.6706120272913941, 0.657781352393679, 0.6964072576709144, 0.6887560239538972, 0.7129205051910407, 0.7360256740933725], "(1, 2, 0, 0)": [0.11663186401377323, 0.06455101140516428, 0.13293484894549726, 0.017906970177153012, 0.08181402430200208, 0.10376036847285808, 0.19536266974163954, 0.12189213326977999, 0.09173105362302762, 0.042701275146575526, 0.0874732974766447], "(-1, 0, 0, 0)": [0.9173922202654434, 0.9773879206418521, 0.937561686195225, 0.9065974621105296, 0.9351797033767362, 0.927994640080984, 0.9334199199095234, 0.9446182928791289, 0.9424115563844083, 0.9274575492219694, 0.9412092194696559], "(-2, 1, 0, 0)": [0.03976877409061403, 0.08762003742693267, 0.05656334981432928, 0.03616660122399745, 0.06939430997898353, 0.1552979445703826, 0.056413488985225815, 0.05313966545712889, 0.1425843190629001, 0.07875099803476263, 0.009824620025421088], "(-2, 2, 0, 0)": [0.0, 0.040508312963812756, 0.037813300719549775, 0.058787965658700064, 0.06827922509520801, 0.061793816278037594, 0.04322022689431144, 0.028232331510790916, 0.07468066031497281, 0.033934219730457064, 0.046093876765066724], "(-2, 4, 0, 0)": [0.0064580926469360546, -0.008835395957696997, -0.009634778415538739, -0.006018336842907314, -0.005818228689832701, -0.004508044847456259, -0.006109179759377543, -0.005704891593813897, -0.006487848247066967, -0.00905616755387965, -0.005993199001754956], "(2, -1, 0, 0)": [0.3182005933260751, 0.3175804396282269, 0.33407659551969254, 0.32051121869619087, 0.3013608458671512, 0.35446792032635455, 0.3262294763372538, 0.2991057929175522, 0.31543861959698394, 0.3229650812466755, 0.38523379773088445], "(2, -2, 0, 0)": [0.053102967580710043, 0.07089481748757145, 0.12767798645962358, 0.0781754381408794, 0.0, 0.0941511796305781, 0.059031084548493304, 0.12386918083603976, 0.04370844729112643, 0.04743447524596807, 0.15062689040957156],