{"q_values": {"(0, 0, 0, 0)": [0.8666047633827533, 0.8599983577657128, 0.8825813466853957, 0.8619780862270657, 0.8428237760681854, 0.8655100569462942, 0.8601601807403993, 0.8662014397194315, 0.862983432042205, 0.8565764919046565, 0.8595871220023777], "(0, 1, 0, 0)": [0.8554043694115319, 0.8448687942997462, 0.86356343444858, 0.8315966724118856, 0.8531869916485131, 0.8247512334604475, 0.8515921864284818, 0.733883105598936, 0.852990925922941, 0.8490493794922792, 0.8440753015802397], "(0, 2, 0, 0)": [0.5114685852885519, 0.5246045153179137, 0.769502841886099, 0.5288540013752046, 0.5738893996921014, 0.563657053015803, 0.5271910244976673, 0.5574726406914479, 0.5658259759334544, 0.49979973231376584, 0.526515493354197], "(0, 3, 0, 0)": [0.19129050033769723, 0.2128173806347289, 0.1826346548980788, 0.20431773761289695, 0.19688326279978963, 0.21081973691972605, 0.20041514947501318, 0.20464567748292933, 0.20769314822961052, 0.1848073862341812, 0.17830410104403713], "(0, 4, 0, 0)": [0.009094900771014065, 0.032470364736323344, 0.008792211193431015, 0.009171384925257858, 0.008534485235069427, -0.003221859452221665, 0.008754050341917383, 0.006808786629589132, 0.006579493232148951, 0.008186872135086416, 0.00870793542970378], "(0, -2, 0, 0)": [0.6484405229794744, 0.6224801099158349, 0.6090675024704564, 0.639035254018724, 0.5818627907113458, 0.6209635168344111, 0.5931111770586891, 0.578076464814711, 0.6304314969026568, 0.6382517136929854, 0.7042490785019045], "(0, -3, 0, 0)": [0.13742977182883115, 0.15473222811010576, 0.15820919012292542, 0.16022609232989152, 0.13659289274907388, 0.12897897095805277, 0.13087422185789563, 0.15058510944622305, 0.1518536466502183, 0.14076572172759555, 0.1610797314321962], "(0, -4, 0, 0)": [0.00347068651967348, 0.004159944755066439, 0.010194061133582455, 0.004915181414544796, 0.0010754614765025525, 0.005151063272596664, 0.0055166517071016455, -0.0008277099376436583, 0.005830012031241022, 0.0006768941490027719, 0.0057909443267006415], "(0, -1, 0, 0)": [0.8288740900187186, 0.8178051007489489, 0.7973413655405487, 0.8089792927825181, 0.8023324543859445, 0.8207841551878318, 0.8255497398184959, 0.818725737739875, 0.8071368847501177, 0.8190916849516394, 0.835568407363558], "(1, 3, 0, 0)": [0.012878097816668155, 0.01968086473420004, 0.039007520696526396, 0.02826910718140041, 0.11540760644523797, 0.02047599733865151, 0.01811125321420266, 0.032745762454488764, 0.00589850418718186, 0.03616380759717979, 0.005701853827496536], "(1, 4, 0, 0)": [0.015821259935765646, 0.043756077631612655, 0.007357209823113281, -0.002216946229359795, 0.008867106775422772, 0.0017810600811709373, 0.0034888241219203746, 0.0028637975909819244, 0.0031617043733734376, 0.002812746879147252, -0.007845253944396974], "(-1, -1, 0, 0)": [0.8022483868019955, 0.7725560263692512, 0.7345292866632162, 0.7733637171409536, 0.7746028724696161, 0.8215095781339138, 0.760319724136112, 0.7885549092845495, 0.7613018887623496, 0.7901343000362405, 0.7449103646666502], "(-1, -2, 0, 0)": [0.027975281414637128, 0.0629633940788595, 0.028975514552306892, 0.1468263726756374, 0.030301838623091028, 0.020630802171467275, 0.049405213135272574, 0.00905141372429726, 0.021333105214333438, 0.044481827465482335, 0.03787454526679897], "(-1, 3, 0, 0)": [0.07115789879390122, 0.05488814650431431, 0.054743219692764064, 0.06861981803837217, 0.0646870367179655, 0.0733848337737752, 0.0719188223743771, 0.06923138978874607, 0.055954647444907794, 0.05740550179223183, 0.07034826113866731], "(-1, 4, 0, 0)": [0.001845036192954467, 0.0010033456969310052, -0.0009145811572645922, 0.0013760128233201996, -0.006152025434248557, -0.0018529536290579568, 0.0021633358016031777, -0.0020266240075394607, 0.0001424410704308392, -0.0011886331762365884, -0.003426154453711445], "(-1, -3, 0, 0)": [0.026954307860235845, 0.012002300057076335, 0.03788415501364953, 0.08098347593443908, 0.034302021144911515, 0.018692513200870228, 0.0124389353716152, 0.023876173478067107, 0.020380158206776695, 0.01779305813678994, 0.011914682833310278], "(-1, -4, 0, 0)": [-0.004626748303795816, 0.020699507375873567, 0.0004984837005441219, 0.0001723744746796995, 0.007059563540876361, -0.002107428240931837, -0.00016898870349597254, 0.00042220060327530576, 0.023942048990607444, 0.02004126566713392, 0.02554985783944322], "(1, 0, 0, 0)": [0.7003125158825944, 0.6818936618484258, 0.6932969233866696, 0.6961144723631294, 0.7008190042349649, 0.6299091463488942, 0.6871318250123644, 0.7118850208447944, 0.6843852236207626, 0.6917190841749757, 0.6824643591557862], "(1, -1, 0, 0)": [0.5708550655340499, 0.5747105470639301, 0.6014287804537979, 0.5638241682701509, 0.5678789461517998, 0.5786774378262718, 0.5206380668500098, 0.5868115846168349, 0.5960331692824768, 0.5980616874161158, 0.6143250519781611], "(1, -2, 0, 0)": [0.2285070539961057, 0.21221526355866288, 0.22281054371004452, 0.2262225258792412, 0.2167917448952438, 0.21386643325120674, 0.2230392977853674, 0.20753957628207567, 0.23133343651949906, 0.22780235635240503, 0.22462068392549614], "(1, -3, 0, 0)": [0.062078472920387213, 0.059184417101374426, 0.06475737335908646, 0.057161618540921534, 0.05991278085746325, 0.06576882206200849, 0.05961415848528585, 0.06021809597011633, 0.06617354273357369, 0.06523439277360625, 0.06165611696781266], "(1, -4, 0, 0)": [-0.001032839942109274, -0.0026753993143093695, -0.0008596922718091208, -0.002344898306178682, -0.0025600331288928527, -0.003334762577854749, -0.0009698949373102917, -0.005183411447202097, -0.0016057485862388744, -0.001831840950238293, -0.0013850027371261134], "(-1, 1, 0, 0)": [0.6967528369463257, 0.48459589916032864, 0.5639009505002229, 0.5714014604565862, 0.5760229992473619, 0.5950026877512299, 0.5933228932713865, 0.5313771604416409, 0.5249063330969507, 0.5362047219119126, 0.5870167091840638], "(-1, 2, 0, 0)": [0.23710995772134652, 0.24957811252310308, 0.2668108982387727, 0.2601362156423293, 0.2659326966454411, 0.26416995013167976, 0.2618032832596346, 0.2593546541463738, 0.23926170384236034, 0.26107797839203617, 0.2633360679195501], "(1, 1, 0, 0)": [0.7981798730152452, 0.6617998707413734, 0.7656026356170045, 0.749863645843854, 0.7269288871252443, 0.743671535714427, 0.7300971375033575, 0.7302584925018313, 0.7745007047382458, 0.6621516454275085, 0.7476442627580556], "(1, 2, 0, 0)": [0.023761659768261743, 0.030647577301955338, 0.07585587143348006, 0.017906970177153012, 0.03670585625837126, 0.06880077698859596, 0.1813487609635849, 0.03228248487292386, 0.03287111485459479, 0.042701275146575526, 0.05417895397896737], "(-1, 0, 0, 0)": [0.7333403246044865, 0.9124076163233983, 0.7555289313662328, 0.7445540082813579, 0.733545369542188, 0.778966098398927, 0.7296240761796006, 0.7498648532242064, 0.740476666771498, 0.7572975490282079, 0.7564389671882943], "(-2, 1, 0, 0)": [0.013571347817313917, 0.031310196389375745, 0.03227728232941669, 0.03616660122399745, 0.04494841718388683, 0.03464515286281945, 0.056413488985225815, 0.05313966545712889, 0.14590002515261505, 0.03411713624583176, 0.009824620025421088], "(-2, 2, 0, 0)": [0.0, 0.014058662101073533, 0.037813300719549775, 0.058787965658700064, 0.0361005985072837, 0.04926098629268464, 0.03187149858124863, 0.028232331510790916, 0.07426556274801208, 0.03156810956216494, 0.02379973833353869], "(-2, 4, 0, 0)": [-0.004373605930815775, -0.0043818637728691105, -0.006601925647976337, -0.004845738655123271, -0.004146052427943316, -0.006409592090918521, -0.006109179759377543, -0.005704891593813897, -0.006487848247066967, -0.005869780513169657, -0.00472440474140943], "(2, -1, 0, 0)": [0.24413643341142627, 0.201168632135438, 0.19172893005389247, 0.21479495962067532, 0.24473420544911004, 0.17483113367138986, 0.2014777137666659, 0.19244162122015607, 0.19903460561842948, 0.19490520066142783, 0.319227432257506], "(2, -2, 0, 0)": [0.053102967580710043, 0.0638228484470015, 0.04087393988764357, 0.09381897342565335, 0.0, 0.030506513602485165, 0.03396896614009301, 0.07106662526013073, 0.02815385880850118, 0.04743447524596807, 0.05953946553788808],