{"q_values": {"(0, 1, 0, 0)": [96.32200736894802, 99.27229260768512, 98.93477176198452, 99.18235349449951, 98.77647152161539, 99.06738886959413, 95.25920970304584, 99.17526128173688, 99.08256872992511, 99.14717616288048, 99.16743307548144], "(0, 2, 0, 0)": [97.99988981301291, 98.0618712855329, 98.37040820540898, 98.24435206481346, 97.97913142684057, 98.21468750551718, 98.0327810044405, 98.11388942985195, 98.2647642640782, 98.24405733256944, 98.02620313252488], "(0, 3, 0, 0)": [95.23253125897823, 92.85573898805194, 93.47144739641645, 89.47899138884301, 93.7718288560522, 94.1808360699619, 94.1568066027175, 93.91513941689757, 93.57951928036655, 92.92486421690178, 93.40098612025314], "(0, 4, 0, 0)": [85.01085836149747, 82.44625867945554, 79.89350408187441, 83.58361773920588, 79.9463530276318, 82.49119535137955, 81.70576362316146, 78.86131118665678, 80.10701308219092, 80.0933780225275, 78.91347709773089], "(0, 5, 0, 0)": [64.29771642327566, 63.598110714965394, 62.584260297487944, 58.02986021764547, 60.61757886143538, 55.30487213048992, 60.372479182623714, 58.7359659085237, 61.82538809160494, 60.28361153724615, 60.88313552883881], "(0, 6, 0, 0)": [39.63555925588518, 32.1769848392335, 38.97751768700543, 40.83129842209583, 34.200666833631146, 34.81155254373648, 35.856146189656386, 32.18334847108125, 34.3115156023238, 35.014379211717134, 35.92910126672513], "(0, 7, 0, 0)": [17.633069036613655, 22.525636840061463, 15.730293774640142, 17.479447655579637, 23.98343691880486, 18.19143405974174, 14.526136822956559, 10.587986516277647, 17.74248808963988, 21.4682832231686, 16.09107778353374], "(0, 8, 0, 0)": [2.198437473530214, 3.3060742430524894, 2.5783472906688463, 2.310197012836674, 1.6613110436203038, 2.087719020493016, 2.793478209506422, 1.8001192358828728, 1.9530645039652803, 2.468042405008755, 1.7844234039863345], "(0, -4, 0, 0)": [82.35163439652729, 84.4792879545197, 82.50593413394618, 83.57085861712153, 83.41264070521315, 83.91594295555123, 85.93715810078339, 82.89414796513236, 83.13241003092539, 81.51812366632015, 84.45873195727819], "(0, -5, 0, 0)": [69.01293530426447, 61.18462061754279, 64.60456037663758, 67.5417822486898, 69.06747450534074, 69.48326869321437, 69.17204329643002, 66.56473243218004, 67.44780459385332, 65.67537181739145, 75.61069225476182], "(0, -6, 0, 0)": [34.041750164024755, 35.454955908143205, 35.02947101337788, 33.8561116899506, 35.817844200647286, 36.34005696615028, 35.659204818560085, 34.8484919582274, 31.36108796729419, 52.82564979458479, 35.40617012685198], "(0, -7, 0, 0)": [18.829719894384986, 20.449394246757024, 22.6978971837142, 21.238793937708188, 24.521044788001127, 21.82829331535213, 25.573602205558654, 22.7128051744158, 21.72247201534864, 25.125257040365145, 21.967950360039218], "(0, -8, 0, 0)": [7.106759606624095, 5.4100801911497225, 3.00071853043284, 6.918779595105059, 6.325116867688653, 6.289340061730482, 7.471856116308349, 5.891620369138673, 6.442481336641927, 5.871059607023411, 7.940284936484454], "(0, 0, 0, 0)": [99.30745996825961, 98.16499618152613, 98.13527208894182, 99.32798295467205, 99.32355704697278, 99.31704928012384, 99.35455953304967, 97.37960092437658, 99.3331670093235, 99.35347814395386, 99.32836461500925], "(0, -1, 0, 0)": [99.05165894215367, 98.87088179312238, 97.57479240563755, 99.17619856592805, 98.70348102211862, 98.38795130256237, 98.82234960933968, 99.35919138186414, 99.01322592561948, 96.85872428823994, 99.21881457521404], "(0, -2, 0, 0)": [97.6191719015108, 97.59798579971154, 97.87576737226375, 97.64586248186943, 96.8183544788424, 98.20608451883774, 94.5248864445727, 98.1348276364771, 97.67082097775985, 96.21377756796905, 97.9681949523898], "(0, -3, 0, 0)": [93.34908606930088, 92.94454695096495, 93.44027738371521, 93.44715420898079, 93.88999411307839, 95.658929957982, 92.37515130029038, 91.28005979304758, 92.63760458334217, 94.05789663490239, 90.3238915587323], "(-1, -6, 0, 0)": [0.5534415825123831, 0.9889163793178813, 4.893823588135814, 1.9273511355697637, 1.2857501342535413, 2.0433429104697014, 1.6336345923213162, 0.8403207332519795, 0.2680999318550144, 3.669074892325492, 0.40658847302973694], "(-1, -7, 0, 0)": [0.948729989149552, 2.4965196298593306, 0.2174213583796207, 0.33863888590335844, 0.857214799775881, 0.7116675843362001, 1.2273798198987287, 2.4435206869088564, 0.36956991522312166, 1.4221910030029374, 0.24233056270656939], "(-1, -8, 0, 0)": [0.0, -0.10996090925159108, -0.4383182663161689, 0.0, 0.0, -0.3051797103881836, -0.7876881217956544, 0.0, -0.014955409597725733, -0.11731496689596832, 0.06609806621000891], "(1, -7, 0, 0)": [3.106697339173469, 4.054554526548743, 3.682582682407615, 4.177114225169412, 2.683174915827992, 3.0573165066814227, 4.601055111838953, 4.619576229195564, 4.365218583326284, 3.8486971567519164, 4.289964416707447], "(1, -8, 0, 0)": [-0.18672413919867836, -0.9324691384031838, -1.1020338979048954, -0.15260076350167373, -0.7488971431185952, -0.23719567113229245, -0.3210081780238595, -0.4234174718184594, -0.786037188769051, -0.3700832040841218, -0.10818083415967406], "(-1, -3, 0, 0)": [28.180612188509762, 24.7419979680995, 30.629089948619193, 4.927082128078508, 24.967791151493984, 24.68217291129863, 10.610447273515835, 25.588062622120052, 38.37267389046064, 27.122416672646224, 27.210161007239016], "(-1, -4, 0, 0)": [6.319633855007897, 22.064451886251153, 18.718319139278616, 10.19601065378044, 13.489290358558174, 7.411702307365372, 30.832534970278335, 25.436813247974396, 17.875166003845287, 20.464654889108633, 24.579721531755414], "(-1, -5, 0, 0)": [2.450984814968989, 0.42093560241946043, 8.01048582888934, 2.118862281930639, 3.7379439306552587, 6.031306676822426, 5.236219276685131, 1.400351668210481, 2.7745050454722455, 2.4984512256298785, 3.4523738827505595], "(-1, 3, 0, 0)": [58.99378638415671, 54.68520584680692, 55.21264341503985, 59.670899956372764, 58.362201434584705, 59.746614764029005, 55.52837238526591, 55.98121764529026, 58.19415474497903, 62.09071486621621, 59.620221557119066], "(-1, 4, 0, 0)": [47.508686335935785, 46.53626933062844, 47.44613721873708, 47.45380815543957, 47.57650267550115, 47.60586304624267, 47.57250450192843, 46.86142074763901, 46.39218781554899, 46.21669610011342, 47.42347882818517], "(-1, 5, 0, 0)": [34.43422721981282, 30.066476677135363, 30.404483710537857, 35.4171330132642, 31.606438959325136, 33.008260206902456, 32.82046318626112, 33.36115344558413, 32.576670375938235, 31.325363170941536, 30.02820745546217], "(-1, 6, 0, 0)": [19.781400605753422, 18.518832625470665, 17.405331759119218, 14.492946952952082, 19.53517953531352, 21.340244417815974, 20.30348260950391, 20.350080600593298, 17.131171540037478, 13.93714667393165, 19.00862889494868], "(-1, 7, 0, 0)": [13.847060829956028, 11.081723035898886, 10.145121327061586, 10.972970475563326, 12.252052651844142, 10.88145799674357, 11.334336504461112, 6.09404288958325, 12.446868056738923, 8.779241142692431, 5.793703873109205], "(-1, 8, 0, 0)": [-0.20199807095275402, -0.513762949198934, -0.7236507401318295, -0.6110981231808131, -1.0686276003485373, -0.571827714480815, -0.6159536543572612, -1.0768423787547101, -0.1936802663638474, -0.595866993773257, -0.5311050310382213], "(1, -3, 0, 0)": [61.8971313008549, 62.27752525344179, 64.54173163872083, 61.5975324731851, 64.25314782168012, 65.14567373887905, 63.11752233925233, 62.731634777219945, 65.17103540407349, 55.94154731276896, 64.48322256335209], "(1, -2, 0, 0)": [78.28176133495151, 78.31886743454993, 76.70701619747868, 78.08962166708693, 78.225779460733, 73.82113380778087, 76.08545576903116, 78.589889456589, 72.5570895049758, 77.6569928728975, 76.48206252649516], "(1, -4, 0, 0)": [28.221418483648634, 36.5912064319463, 33.752649205730144, 41.284552757368104, 32.35888614716118, 33.369730783944355, 38.43949105808247, 32.28289480212008, 40.47487229157612, 25.69298323992936, 43.50534514446716],