{"q_values": {"(0, 0, 0, 0)": [0.9014239931614072, 0.9003731768809468, 0.8981430386860962, 0.8663214004234999, 0.9036744417722167, 0.8193768268840668, 0.8919181479471414, 0.8979887066027474, 0.9030602612471441, 0.9033702788823007, 0.8942783851741756], "(0, 1, 0, 0)": [0.844971180768373, 0.7736255441599387, 0.8292070458739506, 0.8291538428618546, 0.8149438507994281, 0.8244320711045999, 0.7569092273661718, 0.770380743810982, 0.6691123180357761, 0.8548752436945413, 0.8147579756329171], "(0, 2, 0, 0)": [0.08690479535050803, 0.08390187353473708, 0.08203975206002688, 0.08569659984877638, 0.07799200085411737, 0.07598036285394968, 0.08003172880363336, 0.0829781852818123, 0.08097363825050694, 0.07746660878155612, 0.07938191189189217], "(0, -1, 0, 0)": [0.7885688995785298, 0.7846617915078914, 0.8066246801679662, 0.7328501346320263, 0.6392974726684633, 0.8101261669887269, 0.7799698054245253, 0.7763332237653287, 0.7677875595236852, 0.77462777688509, 0.7804527786393411], "(0, -2, 0, 0)": [0.07738622622361897, 0.06729797736048607, 0.07949582154221539, 0.08861305616697503, 0.07756888765001689, 0.08400760300822473, 0.07653932600013573, 0.0884532192424991, 0.09003013506667439, 0.08800031060314738, 0.06656675149718923], "(-1, -1, 0, 0)": [0.1375444393870861, 0.1410511049430527, 0.13158258221414376, 0.16793037851382428, 0.12490845126620165, 0.13032057086533871, 0.08951247907192648, 0.16578615046415895, 0.13970502313128863, 0.4270750019387829, 0.12019798522439104], "(-1, -2, 0, 0)": [0.014389503735203762, 0.01438611712783943, 0.0061477904088296665, 0.020279847586681634, 0.02358009239288523, 0.013374471072652204, 0.013792269672608522, 0.012206858388069787, 0.028820944737622596, 0.010874879616035883, 0.008801488315706915], "(-1, 1, 0, 0)": [0.2361442597290899, 0.24514518747531666, 0.2291039071497498, 0.23387285128638102, 0.21634186694048893, 0.19166638733861407, 0.24646580206586963, 0.24709956870377514, 0.22960372788449426, 0.18531514518900538, 0.3487791571198179], "(-1, 2, 0, 0)": [0.017938212236557532, 0.027412605949834044, 0.026589476189507223, 0.018552647160083303, 0.023933093869568316, 0.025179485774577744, 0.021077095813361757, 0.02390744490891358, 0.018536388650322293, 0.02475980859066374, 0.025779372167598825], "(-1, 0, 0, 0)": [0.2526429814801047, 0.23994709607747078, 0.2532793775791557, 0.27780489253746765, 0.3146245464863118, 0.26630048956727115, 0.26691740055815805, 0.28783795462311945, 0.28151459169720194, 0.2693659620639836, 0.26345801857666284], "(1, -1, 0, 0)": [0.36482940198441444, 0.3023427368800828, 0.3449792554300451, 0.3234926859904897, 0.30205104756043283, 0.3422787273596838, 0.3276370129097359, 0.2972152739488748, 0.3414603887821593, 0.33116108820563017, 0.339152318564776], "(1, -2, 0, 0)": [0.023954350685524206, 0.023643507968259377, 0.03104839261179953, 0.027003452124693905, 0.028290013467214232, 0.02817621909280312, 0.029034771570755374, 0.02546755098360771, 0.0260408948144581, 0.019645546935699774, 0.026523588784797027], "(1, 0, 0, 0)": [0.357823641445423, 0.3775830473180588, 0.4185787809326698, 0.38765709594722564, 0.39242347029248753, 0.36486729614347796, 0.3991352406322424, 0.39859076469223725, 0.4526046580045914, 0.38643575906949323, 0.3811729565303274], "(1, 1, 0, 0)": [0.44370384901361193, 0.35827835424225923, 0.42209341497328734, 0.4284445765833361, 0.42219597458597224, 0.3580266882556536, 0.4232607951127979, 0.40441229721422134, 0.4275825312751468, 0.42165497236268873, 0.3891670122753514], "(1, 2, 0, 0)": [0.0071457342869076425, 0.0017278579662296915, -0.0006251709978141572, 0.03906071796531871, 0.007457842167996686, 0.005669337229867748, 0.007258694481753337, 0.008824515171518749, -0.001444150798767447, 0.015669658700732437, 0.011189508103426515], "(2, 0, 0, 0)": [0.0, 0.005439226866999349, 0.0, 0.02532289368479013, 0.005350698496607694, 0.005442920212933502, 0.0019378985011630806, 0.01208989022322586, 0.0, 0.0, 0.005441177056470594], "(2, -1, 0, 0)": [0.0, 0.016097360558940958, 0.0019119341570425193, 0.0019032771877485674, 0.0, 0.0055732435605714776, 0.0, 0.0, 0.0, 0.0, 0.002956496489862911], "(2, -2, 0, 0)": [0.0, 0.0, 0.0, 0.001838001129445654, 0.0, 0.003920021916862169, 0.0, 0.0, 0.0, -0.0032748945057392118, 0.0], "(-2, 1, 0, 0)": [0.01943112434481295, 0.0, 0.00457358586862869, 0.0023330136903467746, 0.0, 0.0027501738655597474, 0.0014566955622285604, 0.0, 0.006457747198934197, 0.0, 0.0], "(-2, 2, 0, 0)": [0.0013543452601879834, 0.0015476946688955649, 0.0, 0.0018960582750675295, 0.00027338882537644976, 0.0, 0.0, 0.0015586131608663187, 0.001874587610998473, 0.0, 0.0]}}