{"q_values": {"(0, 0, 0, 0)": [0.8448729912709875, 0.8148011304158395, 0.8124771245601342, 0.8097831655068055, 0.8973780084219976, 0.8173452923720684, 0.8035700143398034, 0.8054439520212991, 0.849471317608993, 0.8130204843494133, 0.8209659410049996, 0.8274793599119994, 0.8291857038526629, 0.8312684523782582, 0.8464203223910158], "(0, 1, 0, 0)": [0.715131624093881, 0.717043002519279, 0.9008451610711821, 0.7009950038035044, 0.7172801585126026, 0.7141561298737815, 0.7086050286929494, 0.6759950590171635, 0.695875113728412, 0.7120210591635345, 0.7249068940426796, 0.7093776422297026, 0.7162280102358634, 0.7113388005772082, 0.7096613199299525], "(0, 2, 0, 0)": [0.591335373320811, 0.5623879766729634, 0.5649820272091689, 0.7499841792884268, 0.5736268019335414, 0.5755153345753277, 0.5580152583718122, 0.556374271835747, 0.5585875070080243, 0.5575123200306786, 0.5689778144710292, 0.5746127621788308, 0.5547816680092683, 0.5664610128918848, 0.5619935600439152], "(0, 3, 0, 0)": [0.19625996325131118, 0.21587130084808862, 0.22865832974819078, 0.36946999810917924, 0.22547028616471643, 0.2280025410470293, 0.21870139163127467, 0.2215066270284891, 0.20174164113997223, 0.19495925288383714, 0.21676251853189746, 0.22760331407892373, 0.1993570919304925, 0.20712894369999127, 0.22057377233968511], "(0, 4, 0, 0)": [0.020368844313540017, 0.017733448575147873, 0.019798603010899835, 0.016357213277751564, 0.010434547317901102, 0.00605114294398991, 0.017276853682782964, 0.020772698975209745, 0.017414279566801277, 0.018646852371768368, 0.01684972583696416, 0.01871505794101322, 0.016086212034688165, 0.017964493409060443, 0.015010485771186766], "(0, -2, 0, 0)": [0.6681443579505402, 0.6810521110800165, 0.696832130795487, 0.6906523519502119, 0.7372972069382216, 0.7166526727345389, 0.7066076007759308, 0.7041970952569891, 0.6947934406826118, 0.7171517477942378, 0.7141875024377878, 0.7922594971426663, 0.7212405100832505, 0.6778517849646255, 0.7187307898581505], "(0, -3, 0, 0)": [0.3850299446051243, 0.3485451814378626, 0.3717143907188247, 0.39501091627979895, 0.35345065655521124, 0.342204486069867, 0.32891751648014406, 0.34402930591944764, 0.37155852629214087, 0.3507582319158177, 0.39134939199571717, 0.3672099084015901, 0.3661674685247661, 0.5321902223046212, 0.3634036360818893], "(0, -4, 0, 0)": [0.06572846702499117, 0.02125930239524252, 0.08804656479638286, 0.028575807743025303, 0.06712142039524265, 0.07984105078961047, 0.029920454486373968, 0.04833551514393996, 0.04769484415855898, 0.09105523174078292, 0.03095023852244804, 0.057738108073097455, 0.08856902177588241, 0.07546724509327131, 0.2773979678630807], "(0, -1, 0, 0)": [0.747018879538084, 0.8372758137198391, 0.8624549748613414, 0.829292757566385, 0.8201678770029724, 0.7606036837561684, 0.8282387465439409, 0.7941878540321268, 0.8213483954048708, 0.8243302181830365, 0.8032104846939175, 0.7830494016506879, 0.758976620186458, 0.7578730626662862, 0.7786031859441865], "(-1, -4, 0, 0)": [0.001474712592481428, 0.010714927000857119, 0.0021673060637356035, 0.008993173706418018, 0.003601626017297103, 0.011331487440043034, -0.0026099032631752986, 0.003376865189801866, 0.013044167498695702, 0.0030818642831705627, 0.015926391552437608, -0.00044675790973112885, -0.002694606156489405, 0.003951403829680485, 0.0031486996667134236], "(1, -1, 0, 0)": [0.7362790983566121, 0.7044512078402945, 0.731720302105016, 0.734942528982387, 0.6864385678491676, 0.7299648738090969, 0.6989961278572403, 0.6995591131581504, 0.7218932625645162, 0.7044491373775635, 0.6994938968627203, 0.714085619587338, 0.7684531137030789, 0.6962273321012128, 0.7320980976573315], "(1, -2, 0, 0)": [0.4905550377796232, 0.4882111562905615, 0.4609673021472166, 0.4509855812027349, 0.4594895182192891, 0.5292461721323432, 0.5086292133268716, 0.5140892094852383, 0.4819159071945362, 0.47434129698291055, 0.46592973936662757, 0.4711889765173691, 0.5098510548250095, 0.5332639440014537, 0.6249958092733736], "(1, -3, 0, 0)": [0.09671675561790588, 0.08943701455659488, 0.08861815034150636, 0.0969698766645552, 0.09008385005500276, 0.04590220143498811, 0.09640288263770032, 0.096611997991953, 0.06322429929651505, 0.21699653982836925, 0.09641299717292091, 0.08398542474992982, 0.09179154238638174, 0.09478461761713897, 0.07377853036346692], "(-1, 0, 0, 0)": [0.4456620595739134, 0.3507369785550935, 0.4308318149648833, 0.34840133328171574, 0.28003711153516586, 0.382737418737758, 0.19238621373055503, 0.28153338058847366, 0.4119325904530222, 0.36757184680789706, 0.36023053855738374, 0.3553714049356014, 0.6023428181429925, 0.40673746747674777, 0.4152132806742187], "(-1, -1, 0, 0)": [0.10047562719775102, 0.15101620131928054, 0.08853999111816768, 0.13337133429067644, 0.14895116896657823, 0.18905702284300382, 0.26472276128079747, 0.17972874337966613, 0.10268949210309283, 0.12180242141165305, 0.07137431532678902, 0.1559258534361053, 0.0917022607686365, 0.1151583540936229, 0.19151715461194416], "(-1, -2, 0, 0)": [0.1172813340291929, 0.06641344377742273, 0.06673587623518466, 0.04969075341624822, 0.06627385375391918, 0.03527640320521916, 0.08347491180246257, 0.04738506509330245, 0.05235814845886295, 0.059530133270438976, 0.07467182205221709, 0.06575354957222607, 0.07089894791827353, 0.07675679471544351, 0.07316496239957311], "(-1, -3, 0, 0)": [0.042288250052495875, 0.0137071292753479, 0.03877163031095392, 0.041111772986210014, 0.04099481225444959, 0.021159276199206906, 0.029502977869914793, 0.03846009021571459, 0.019157584096389024, 0.04230615327686209, 0.06304689920346727, 0.040898031353472586, 0.037105250995361896, 0.01820654812031218, 0.03180567885451614], "(-1, 1, 0, 0)": [0.42340516922240273, 0.423354983207904, 0.4268124762603503, 0.42744432874814514, 0.42256578831053476, 0.37772469092678684, 0.406495067109577, 0.4220608380085303, 0.4278295551586044, 0.4094576683445872, 0.37051886989553173, 0.4775817777596377, 0.4273726722714061, 0.42150158812549054, 0.4163002390042986], "(-1, 3, 0, 0)": [0.1276256834140224, 0.13443313843440233, 0.1540375304722368, 0.13542282345656687, 0.12641735190999756, 0.13052742260897335, 0.13683073470077517, 0.13690506551497147, 0.14003716462261642, 0.1290025100065557, 0.12611432729609862, 0.12941331734185033, 0.13232011828649554, 0.12866520040572618, 0.12441784654463721], "(-1, 4, 0, 0)": [0.008730218441936846, 0.012798086920426329, 0.01022179970517724, 0.008071332744383482, 0.009523291303927513, 0.007398252535546404, 0.016079316530683434, 0.011392684724521207, 0.008822744709132881, 0.010444536889888027, 0.011173382099370651, 0.011863118922876715, 0.008521474907806617, 0.010304417727417402, 0.006297006086148951], "(-1, 2, 0, 0)": [0.4435795345957958, 0.32397594805938174, 0.3441555792591245, 0.307308364183641, 0.3030772090800829, 0.31206583758278383, 0.304708594387301, 0.31270139267236224, 0.3294513290904235, 0.3170136004177996, 0.30271030584228864, 0.3183205080243566, 0.3058322391884987, 0.30064256918967186, 0.3021297989616596], "(1, 0, 0, 0)": [0.7956020407554676, 0.7602688452428932, 0.8066280508553696, 0.7963260418455477, 0.796186431091376, 0.7911677602003973, 0.7837890467634497, 0.7961630325684393, 0.7647709434609399, 0.7753821225178464, 0.7807799771403092, 0.7921698024076604, 0.7967313544722846, 0.7954127664326096, 0.7904213260791766], "(1, -4, 0, 0)": [-0.0052294194999910875, 0.0023399674046240583, 0.0007316539942651681, 0.0029690644806034975, -0.0004622124197772486, 0.001110343002113102, 0.000994279341229024, 4.3238907917831325e-05, 0.0005456692984859238, -0.005394528792625496, -0.0010622738238996775, 0.0013569558057746215, -0.0003750985920141503, 0.0006736784231891292, 0.009488835717626093], "(1, 2, 0, 0)": [0.6770790930967148, 0.6362588356352935, 0.6701893497967373, 0.6183849131774778, 0.5342975894546892, 0.6256686774186768, 0.5851470836999265, 0.6278931217766978, 0.5627748581542902, 0.5803016562221743, 0.6491930958380796, 0.5400517263522117, 0.6673788384074585, 0.6311641689668926, 0.6759536091427208],