{"q_values": {"(0, 0, 0, 0)": [0.9887115720601648, 0.9888414065277542, 0.9879698244024, 0.9895157950439633, 0.988937741318606, 0.989257605914627, 0.9887786954322624, 0.9892807693341987, 0.9888329855575451, 0.9892678673561315, 0.9892686744174557], "(0, 0, 0, 1)": [0.9867860812375557, 0.9884640588286915, 0.9874709633996575, 0.9885536689981007, 0.9866094528034459, 0.9147789365925306, 0.9877257288438468, 0.9855819329114197, 0.9830267154729614, 0.9832775269861003, 0.9851715902871145], "(0, 0, 0, -1)": [0.9872530581437561, 0.986306889692558, 0.9890737898331845, 0.9882568371358531, 0.9887261689323139, 0.9583723590617251, 0.9893020802167325, 0.9856797548395659, 0.9886035006098054, 0.9894843751728319, 0.9727337330216463], "(0, 0, 0, 2)": [0.9836555958951, 0.9642310874601607, 0.9690177756752216, 0.9678554717016146, 0.905472514307146, 0.9103614818153377, 0.9441499059496974, 0.9499167461295039, 0.8967497865234717, 0.7881677446842015, 0.7873628509906445], "(0, 1, 0, 2)": [0.9009845930696878, 0.8578098006222166, 0.8864439671944429, 0.8870834961106226, 0.818129417822369, 0.8865739546580083, 0.8871891802074433, 0.8918369635737142, 0.8028113721469488, 0.8766041208733587, 0.8164745258765271], "(0, 1, 0, 1)": [0.8483891286351475, 0.7452271139117167, 0.8855894844873357, 0.8960942021637472, 0.9011271628623363, 0.8996161343918451, 0.8968935959051481, 0.8976362576123309, 0.8958221076863897, 0.8931699248067146, 0.7691571034399929], "(0, 1, 0, 3)": [0.7539725166163533, 0.7060914454088065, 0.7153901687953117, 0.7456390753698616, 0.765773238052996, 0.7850134520883494, 0.7791965294696002, 0.7658532265411511, 0.6514207533363268, 0.6474895644552665, 0.70563430476779], "(0, 2, 0, 4)": [0.6159766397267705, 0.6390108020504351, 0.04922772015843044, 0.26039586479876387, 0.4073497281549024, 0.47520038837041484, 0.5368920618734527, 0.5627722010685683, 0.19627447264880396, 0.5744411277295425, 0.4349689957154458], "(0, 2, 0, 5)": [0.23976035263228257, 0.34157326008767197, 0.2349140289493588, 0.20886131491985976, 0.17715523820644968, 0.27398566789317946, 0.02269737931840473, 0.32437495503040786, 0.215091464438649, 0.24646960042769084, 0.340953432601826], "(0, 2, 1, 5)": [0.3467574724684508, 0.0794334188752514, 0.0, 0.08839911275838454, 0.0, 0.020412527333515708, 0.1831583868590234, 0.0, 0.0, 0.09113432820759676, 0.00834275015576277], "(0, 2, 1, 6)": [0.004144035279750824, 0.19875442973369506, 0.0, -0.0108846640214324, 0.0, 0.1268715035671688, -0.014276146047050135, 0.009777197866641706, 0.12195441078789693, 0.010985889976726424, 0.0810587042844803], "(0, 2, 0, 6)": [0.12314768458374487, -0.003231840962303679, 0.34626521736815397, -0.012477858609019012, 0.025598086807529348, 0.23608893091813593, 0.014107399413693279, 0.008791093172596395, -0.008538467022099535, -0.003387417931991838, 0.17407392709018604], "(0, -1, 0, 0)": [0.9376018049625249, 0.937887885541508, 0.9399564004758354, 0.9363619184215253, 0.9396079105267283, 0.9397084879660718, 0.936905468753316, 0.9404646462273855, 0.9368267529136907, 0.9383665563277441, 0.936420742923382], "(0, -1, 0, 1)": [0.8692456245068372, 0.8093129502798657, 0.934709773038142, 0.8269239076392716, 0.8925683664374764, 0.8731316496732856, 0.8807883076425767, 0.8782283154677839, 0.8305882039862222, 0.8827094651268076, 0.8556528890141089], "(0, -1, 0, -1)": [0.9330780253106736, 0.9384367068674777, 0.9379451022780803, 0.9404422736956626, 0.9399013866152306, 0.9386594316684465, 0.9413270204321118, 0.9400860939342219, 0.9301728657871096, 0.850295544818044, 0.94019372064296], "(0, -1, 0, -2)": [0.9141365176895337, 0.9233199610794554, 0.9249092150626427, 0.9366898014733914, 0.9280595354207161, 0.8679440234017893, 0.9271258682872696, 0.7969305052419324, 0.9301217653911533, 0.9392725259058734, 0.6761999013969697], "(0, -1, 0, -3)": [0.8641391285472926, 0.7968400222709369, 0.7510069941552358, 0.8377657315005578, 0.899835591329083, 0.9113805914264335, 0.7622829241783009, 0.7918121868086585, 0.92946653460605, 0.8578234394828803, 0.8801000674464039], "(0, -2, 0, -3)": [0.6562156876997172, 0.645032409904599, 0.6511327185473352, 0.6461802213359451, 0.6599463204724713, 0.6539592908946825, 0.6650551329929903, 0.6606086754054936, 0.6627221789457243, 0.49295378856958777, 0.6597345043954481], "(0, -2, 0, -2)": [0.6344724242293012, 0.6134153364081019, 0.6610278937649039, 0.6576154323496014, 0.6560137659205569, 0.621843591675089, 0.6496924683508543, 0.6039790554831486, 0.6051651965271053, 0.6038649380345201, 0.5848745985523967], "(0, -2, 0, -4)": [0.541909644122043, 0.564340641512892, 0.15438784966133728, 0.5737530240064019, 0.642824371572409, 0.5645856184002612, 0.5605018986150186, 0.6383555438497608, 0.48178145611747947, 0.49219683534958547, 0.3206118870403729], "(0, -2, 0, -5)": [0.28675595341193016, 0.28872091079879975, 0.4966357837129433, 0.3504531265860552, 0.5231065536137481, 0.3946008509471697, 0.25236299169483545, 0.23232761118248957, 0.4690311789917866, 0.18626163223911693, 0.13851629147442088], "(0, 1, 0, 0)": [0.8769005666705745, 0.8858664318300997, 0.8752047351966865, 0.8851562886618908, 0.8762775628662067, 0.8774394476837284, 0.8827379638380817, 0.8933181685365905, 0.891927315843424, 0.8980544968544415, 0.8875079450909447], "(0, 1, 0, -1)": [0.8347233570686035, 0.8040697695098249, 0.7730158762127046, 0.828615139659481, 0.7998979647531865, 0.7523856061813791, 0.7660416580245739, 0.854792857277067, 0.8376006060314316, 0.7747182422361223, 0.8785957247104024], "(0, 2, 0, 3)": [0.32407551614921015, 0.5573400023506884, 0.6142347870537638, 0.6360896453813882, 0.637604546297929, 0.469618956270009, 0.6153769621548117, 0.4563788286717355, 0.5943481843903459, 0.6259173365375443, 0.6223367861700161], "(0, 2, 0, 2)": [0.6162390048655946, 0.5510150038196532, 0.6282006757090359, 0.6097811727783722, 0.6266022454517863, 0.6384059131589499, 0.6219230952687884, 0.6187630858863842, 0.6282075849236615, 0.45926065328126625, 0.5824849764686968], "(0, -1, -1, -4)": [0.029065067880343274, 0.00474525848403573, 0.09070656124066505, 0.04730559577680625, 0.09447347778548543, 0.25834224658755617, 0.060319149896163826, 0.4749592618538504, 0.024598176937410066, 0.32371317559403534, 0.0], "(0, 2, 0, 7)": [0.0, 0.1755839677638336, 0.0, 0.0, 0.0, 0.0, 0.0, 0.0, 0.004184766206890345, 0.0, 0.0], "(0, 2, 1, 7)": [-0.010908783413469791, 0.012857298994589766, 0.0, 0.0, 0.0, 0.0, 0.0, 0.0, 0.0, 0.0, 0.0], "(0, 0, 0, -2)": [0.9286979079353949, 0.8344213576562618, 0.8954811677877144, 0.9203012052885123, 0.940763632885225, 0.9140723911426801, 0.9485503053786557, 0.9594101561165274, 0.97469158591885, 0.857979053477655, 0.8850867889803373], "(0, -1, -1, -3)": [0.2725948428073816, 0.09572192560825277, 0.23147558620872022, 0.35447729149402585, 0.021737269523262687, 0.28552301481717335, 0.5259460014775013, 0.44256510376737834, 0.0, 0.8173324798467683, 0.4752642929371388], "(0, -1, 0, -4)": [0.5236298957246752, 0.5935730781458582, 0.389868053103059, 0.17010698373295124, 0.5145134817275112, 0.24996104536545818, 0.4585957923839887, 0.34917959027170453, 0.33786224657374453, 0.5081091498300232, 0.7179734332836487], "(0, -2, -1, -6)": [0.0, -0.010899988003075123, -0.01090605091303587, 0.0, 0.0, 0.004323514178395271, 0.04929902027865713, 0.07625617599937135, 0.0, 0.0, 0.0], "(0, 0, -1, -3)": [0.0, 0.0, 0.0, 0.0, 0.0, 0.7623732208523206, 0.009996272046377475, 0.0, 0.0, 0.0, 0.023992198322933166], "(0, -1, -1, -5)": [0.0, 0.04005460623353368, 0.0, 0.018986899883008307, 0.0, 0.0, 0.0, 0.05443750617697815, 0.0, 0.0, 0.1286928170504617], "(0, -2, -1, -4)": [0.174190458283277, 0.0, 0.0, 0.07599814584701733, 0.08977734618639147, 0.10664846087982152, 0.0, 0.05056959141815355, 0.23077590060335842, 0.08621003023900194, 0.21678958725797645], "(0, 2, 0, 1)": [0.17749813085926486, 0.0, 0.38434445831948716, 0.14950769404624614, 0.17547834898397427, 0.33385856998870145, 0.48513500540468657, 0.41647990961878234, 0.44494791155313096, 0.0, 0.6194580179878466],