{"q_values": {"(0, 0, 0, 0)": [0.7909214404187319, 0.8197386678682808, 0.7935173634405098, 0.7747466692115147, 0.789065688459024], "(0, 1, 0, 0)": [0.6407723466061443, 0.5059521775163105, 0.4752885195849128, 0.4076970808328001, 0.45948549017329177], "(0, 2, 0, 0)": [0.03499468446777071, 0.026595271977256932, 0.02020745879049508, 0.030247763157501873, 0.02584414808453042], "(0, -1, 0, 0)": [0.705499277906205, 0.824634368994189, 0.6981613279492759, 0.805552599043113, 0.8236953586962639], "(0, -2, 0, 0)": [0.040251855686553456, 0.09868225254387371, 0.11613460936191981, 0.041643742675529366, 0.11885091568840536], "(1, 0, 0, 0)": [0.8099322961700823, 0.8102211902696383, 0.8008073897661118, 0.809136809369525, 0.8351078885617486], "(-1, -1, 0, 0)": [0.5814642170575484, 0.6334799772281035, 0.6273548140754867, 0.7499922558645936, 0.6253305513424713], "(-1, -2, 0, 0)": [0.05649741364735941, 0.11360775802531888, 0.13244148765701785, 0.14342463948228115, 0.23758304266551283], "(-1, 0, 0, 0)": [0.6996458088461247, 0.4405498592226436, 0.5409151721066119, 0.47664240027720145, 0.4553035719334992], "(1, 1, 0, 0)": [0.8130388310308869, 0.7412836908384055, 0.6698277861703787, 0.7273740555253576, 0.7078042620144547], "(1, 2, 0, 0)": [0.08196011890631634, 0.06809361619902314, 0.11072124584879811, 0.07748955960536587, 0.05897631006229603], "(-1, 1, 0, 0)": [0.12958495673953072, 0.13191740963086618, 0.12717225596647214, 0.1353433435649549, 0.11902434078950001], "(-1, 2, 0, 0)": [-0.0004764811683336855, 0.011674102310662725, 0.006961108907622003, 0.007735905144848646, 0.004581079481463258], "(1, -1, 0, 0)": [0.5132372029094184, 0.5994801988086492, 0.5942519408285374, 0.6334299935893184, 0.7838903300528409], "(1, -2, 0, 0)": [0.006848623033299881, 0.008184098085687166, 0.008162066841442911, 0.012052117721701594, 0.003145708673893262], "(-2, 2, 0, 0)": [0.030331712574108077, 0.014333427303241986, 0.0046506425393704545, -0.0024629446295358114, 0.015845833943881716], "(-2, 1, 0, 0)": [0.2614161599471824, 0.16984170905162416, 0.16642464534253482, 0.17321625036633317, 0.16112523911184226], "(-2, -2, 0, 0)": [-0.0043562397360801695, 0.010255834493387106, 0.03902081602226044, 0.0, 0.0059502656754170866], "(2, -1, 0, 0)": [0.37212961603704753, 0.37088609209583645, 0.3394524423401066, 0.3364761522568791, 0.5432575450432097], "(2, -2, 0, 0)": [0.0028128070570767353, 0.013423532095344092, 0.016715595234035097, 0.020025271992291448, 0.05440817501806763], "(-2, 0, 0, 0)": [0.24341576265476242, 0.247580579293906, 0.23088157394506872, 0.36124397328799474, 0.2459332728197986], "(-3, 1, 0, 0)": [0.07042655831574432, 0.11170287485021922, 0.05738722391751995, 0.061491625110810605, 0.06384903198166006], "(-3, 2, 0, 0)": [0.0049295933202676955, 0.013503230545332352, 0.006470740385599237, -0.0006986398300803387, 0.0033870122234695207], "(2, 1, 0, 0)": [0.8673350472463501, 0.7738920795707007, 0.7580403565560863, 0.781341725301864, 0.7545450486141586], "(2, 0, 0, 0)": [0.725352305172814, 0.7542015892706303, 0.7461908996144442, 0.7664568206566714, 0.8590892016598468], "(-3, 0, 0, 0)": [0.06581225453235497, 0.05954925177781596, 0.14727386602823164, 0.0483456909819067, 0.0645135384844811], "(-2, -1, 0, 0)": [0.1703436766160293, 0.0966700743129482, 0.09532532584371436, 0.0689239451788611, 0.07459774752719286], "(-3, -1, 0, 0)": [0.09168581227462347, 0.0, 0.0, 0.010703358506400314, 0.014145150379240341], "(-3, -2, 0, 0)": [0.009135829837904192, 0.0, 0.005564506555544577, 0.0, 0.004610109451953786], "(3, -2, 0, 0)": [-0.0006215408009760254, 0.008128973400096336, 0.010434509684153473, 0.005925672704686493, 0.020324223043667378], "(3, -1, 0, 0)": [0.12290579079672974, 0.12758046760070726, 0.11955807676531051, 0.11135963309498575, 0.12119944634514124], "(3, 0, 0, 0)": [0.529357714989876, 0.4837418908821295, 0.5263972031410196, 0.5185040070793737, 0.6498817845718776], "(2, 2, 0, 0)": [0.21282342463090434, 0.24156845671700183, 0.20752582044662948, 0.21729504478211847, 0.19342659068112397], "(3, 1, 0, 0)": [0.6925171346878656, 0.5602920552496276, 0.5632799355913679, 0.5762444470593624, 0.6371397439519098], "(3, 2, 0, 0)": [0.36229835731805726, 0.0, 0.09669206964488004, 0.21123174718979948, 0.09570310017633328], "(4, 1, 0, 0)": [0.31676964086893966, 0.0, 0.050549604666024185, 0.0, 0.0], "(4, 0, 0, 0)": [0.23428385629272158, 0.20267695212935116, 0.2512227503240824, 0.13546718029640195, 0.1752543837856543], "(4, -1, 0, 0)": [0.059360089867024464, 0.09305408476314021, 0.03592454055508462, 0.052116782550603875, 0.024280154856356383], "(4, -2, 0, 0)": [-0.00446656220062441, -0.008207266466524445, -0.006549037318262696, 0.0030624910728372177, -0.0065489437811392754], "(4, 2, 0, 0)": [0.10535321129351348, 0.0, 0.0, 0.0, 0.0]}}