{"q_values": {"(0, 0, 0, 0)": [0.9701036079404242, 0.9705303947529623, 0.9705090664640385, 0.969990991836096, 0.9691829272916794, 0.9712862309961006, 0.969751467903887, 0.9694605734332369, 0.9691109428273119, 0.9572314896255758, 0.9702917947655076], "(0, 0, 0, 1)": [0.9689968469977305, 0.8810785079798762, 0.9679184301311281, 0.969800507093852, 0.9691978219689124, 0.9641717915662609, 0.9653908572204123, 0.9694081840482864, 0.9660486694214452, 0.9523284973942605, 0.9234245705914148], "(0, 0, 0, -1)": [0.898435833758044, 0.952189688396499, 0.958908686169735, 0.9437927112708012, 0.9651187498535194, 0.9523056510441984, 0.9118550751923391, 0.9697217598138346, 0.958624456502319, 0.9706872633457917, 0.9603745037018976], "(0, 0, 0, 2)": [0.9087213637857221, 0.9561594850189534, 0.850399740819086, 0.8464513620628804, 0.8043138073108038, 0.8883893021595372, 0.7804448352969231, 0.8115215151992801, 0.8392851883848954, 0.6184750861976253, 0.768325647965814], "(0, 1, 0, 2)": [0.7694676864935003, 0.7699872741259242, 0.6384739956456333, 0.7956312865786603, 0.718701850154217, 0.7812537960088778, 0.7961119934049978, 0.7792599123629096, 0.7122784000022041, 0.7918364884774951, 0.780249116019277], "(0, 1, 0, 1)": [0.7795585026759597, 0.7811834443093341, 0.7836002824770623, 0.6857098137491391, 0.7863910216283039, 0.7860646307006265, 0.7895325928822482, 0.7778700122007922, 0.7890848354090672, 0.7877871289048997, 0.7940661131101492], "(0, 1, 0, 3)": [0.6843892152478445, 0.7130434856210239, 0.7961008987951954, 0.5592844238153042, 0.6440726740161318, 0.6604902844066565, 0.6023070933809553, 0.7314571003700836, 0.6192897325136997, 0.6176468334342131, 0.5339423648263255], "(0, 2, 0, 4)": [0.4080518606209668, 0.15343818986577362, 0.3348371479580755, 0.33055201665724443, 0.4304877408202442, 0.2006007570518974, 0.3663087452442347, 0.39973912500552833, 0.3114455693027386, 0.3736365367762218, 0.35887732041407017], "(0, 2, 0, 5)": [0.28534035694718685, 0.18954052024784304, 0.11804626177350025, 0.2923296570085987, 0.17715523820644968, 0.2972797043748632, 0.2739584369164986, 0.24660654732357884, 0.23571234937503008, 0.1276244894407802, 0.025211361666204135], "(0, 2, 1, 5)": [0.20295385480662953, 0.0794334188752514, 0.0, 0.08839911275838454, 0.0, 0.020412527333515708, 0.1027011909255329, 0.0, 0.0, 0.09113432820759676, 0.00834275015576277], "(0, 2, 1, 6)": [0.004144035279750824, 0.19875442973369506, 0.0, -0.0108846640214324, 0.0, 0.1268715035671688, -0.014276146047050135, 0.009777197866641706, 0.12195441078789693, 0.010985889976726424, 0.0810587042844803], "(0, 2, 0, 6)": [0.2680660848809907, -0.003231840962303679, 0.1878742436691198, -0.003078264486905515, 0.025598086807529348, 0.1209673257513966, 0.014107399413693279, 0.03155939638837278, -0.008538467022099535, 0.015046528896415189, -0.0033557225526059057], "(0, -1, 0, 0)": [0.846478445704113, 0.828549790739724, 0.8567986923703546, 0.8492596759187239, 0.8533421821484524, 0.8538520330742813, 0.8526542081794741, 0.8507169462813069, 0.797990676912982, 0.7352055796000228, 0.5992251397545589], "(0, -1, 0, 1)": [0.804080407097546, 0.6973132767889233, 0.857145843357328, 0.7856850742555983, 0.824853878269499, 0.7954876321508686, 0.6992028261571694, 0.83523039456048, 0.6474861718066713, 0.7786789980927344, 0.6615638473062815], "(0, -1, 0, -1)": [0.8183562706432588, 0.8209347476206098, 0.8428018742523145, 0.8325251029799173, 0.8403528858793059, 0.8501294969764585, 0.8468815941046575, 0.8511574531995625, 0.8404185055771263, 0.8576330704016611, 0.8531599115741411], "(0, -1, 0, -2)": [0.8117962236624776, 0.809178144241027, 0.6811692137708346, 0.8157462018215782, 0.8070087222891631, 0.7524322699612576, 0.8137396140459725, 0.7772062771566753, 0.8052197833073365, 0.7549338289861183, 0.813376024787075], "(0, -1, 0, -3)": [0.47719266668009463, 0.7049450402205433, 0.7858344610415029, 0.7700108735175426, 0.8057246278835586, 0.7880589817128855, 0.6853301236777283, 0.7385733171352762, 0.8179109522764281, 0.8050825276622979, 0.7860229240112347], "(0, -2, 0, -3)": [0.5397294205514741, 0.5328018833135847, 0.5546528334861149, 0.5401169989951115, 0.5527676236119934, 0.558440476056385, 0.5475111128873787, 0.5525844516968275, 0.5411463004183867, 0.47131285014537583, 0.5512356861734744], "(0, -2, 0, -2)": [0.5345234643350232, 0.5326071527068944, 0.5513672750630532, 0.5425813840445891, 0.5334174071321265, 0.531703901492139, 0.5194807993892823, 0.5347064422895174, 0.5124031600631447, 0.48930592381057214, 0.46449211495472487], "(0, -2, 0, -4)": [0.49420668269331935, 0.5055292852242824, 0.37405628886700304, 0.2473265753252501, 0.5187767080499065, 0.4785004229138381, 0.4885844532127126, 0.40905099271799555, 0.5190709969942645, 0.4045270866289797, 0.2690639238047536], "(0, -2, 0, -5)": [0.30269762507260556, 0.2640946891190178, 0.1103664206964626, 0.19527770353802482, 0.16259154231991768, 0.25659782723057994, 0.25347930655083, 0.4339309677605604, 0.24958272780677754, 0.26248474281560474, 0.4702858127961176], "(0, 1, 0, 0)": [0.6851824883950528, 0.7085826512773461, 0.737399794339132, 0.7312685483899758, 0.7679524282337213, 0.7674568173927259, 0.7747459219082832, 0.7199669410399734, 0.782766524472998, 0.7617101235719039, 0.7875712815122496], "(0, 1, 0, -1)": [0.31837220640419356, 0.03253284976652497, 0.16885280053862087, 0.5538134959074543, 0.3253973966210706, 0.1857759003128462, 0.5366344042532281, 0.5470386083436322, 0.2745443968248189, 0.5530487735456721, 0.7315566682964618], "(0, 2, 0, 3)": [0.4916059005991895, 0.49529316239088805, 0.3721320688065072, 0.5103443916767321, 0.49691946443669166, 0.47202257029765693, 0.49833348296319463, 0.4612106084626707, 0.4735306831480287, 0.457833463072221, 0.22351333322356076], "(0, 2, 0, 2)": [0.466187874896012, 0.44598359066205734, 0.48182701913044196, 0.483854379836804, 0.41731419900608463, 0.47593420617177457, 0.45070707745982297, 0.5022312548830298, 0.48402483043973155, 0.4963856782115217, 0.4601178671860795], "(0, -1, -1, -4)": [0.029065067880343274, 0.00474525848403573, 0.09070656124066505, 0.04730559577680625, 0.09447347778548543, 0.25834224658755617, 0.060319149896163826, 0.4749592618538504, 0.024598176937410066, 0.32371317559403534, 0.0], "(0, 2, 0, 7)": [0.0, 0.0, 0.0, 0.0, 0.0, 0.0, 0.0, 0.0, 0.004184766206890345, 0.0, 0.0], "(0, 2, 1, 7)": [-0.010908783413469791, 0.012857298994589766, 0.0, 0.0, 0.0, 0.0, 0.0, 0.0, 0.0, 0.0, 0.0], "(0, 0, 0, -2)": [0.7864269716014185, 0.7238018614521671, 0.8038110318112939, 0.7490988071198432, 0.737190843358104, 0.8155503223669567, 0.8368116836256636, 0.9120067422866369, 0.9153240484109151, 0.8038159667992555, 0.8220282629758158], "(0, -1, -1, -3)": [0.2725948428073816, 0.09572192560825277, 0.23147558620872022, 0.35447729149402585, 0.021737269523262687, 0.28552301481717335, 0.5259460014775013, 0.44256510376737834, 0.0, 0.6179823507247917, 0.4752642929371388], "(0, -1, 0, -4)": [0.3269441955476376, 0.39294322245094193, 0.389868053103059, 0.3307588184039246, 0.43845763159064044, 0.24996104536545818, 0.4585957923839887, 0.34917959027170453, 0.15250913154941198, 0.5081091498300232, 0.45330800246807595], "(0, -2, -1, -6)": [0.0, -0.010899988003075123, -0.01090605091303587, 0.0, 0.0, 0.004323514178395271, 0.04929902027865713, 0.07625617599937135, 0.0, 0.0, 0.0], "(0, 0, -1, -3)": [0.0, 0.0, 0.0, 0.0, 0.0, 0.0, 0.009996272046377475, 0.0, 0.0, 0.0, 0.023992198322933166], "(0, -1, -1, -5)": [0.0, 0.04005460623353368, 0.0, 0.018986899883008307, 0.0, 0.0, 0.0, 0.05443750617697815, 0.0, 0.0, 0.1286928170504617], "(0, -2, -1, -4)": [0.174190458283277, 0.0, 0.0, 0.07599814584701733, 0.08977734618639147, 0.10664846087982152, 0.0, 0.05056959141815355, 0.23077590060335842, 0.08621003023900194, 0.21678958725797645], "(0, 2, 0, 1)": [0.0263582210856531, 0.0, 0.22587864297387816, 0.14950769404624614, 0.17547834898397427, 0.13006883658945692, 0.41155505952435456, 0.06086144373342108, 0.13639042583484287, 0.0, 0.48030911871902804],