{"q_values": {"(0, 0, 0, 0)": [0.9826543260824842, 0.9826161558939959, 0.9835976793086088, 0.9846703847741095, 0.9806525573930305], "(0, 0, 0, 1)": [0.9823703468821593, 0.9847576811114401, 0.9816823222797374, 0.9794022502991322, 0.9687838271973969], "(0, 0, 0, 2)": [0.9843821408210184, 0.934428743784742, 0.9338434029650454, 0.910915102797301, 0.8556507980173108], "(0, 1, 0, 2)": [0.9241567382715659, 0.8345263005421326, 0.668975595701267, 0.5462405069217676, 0.4467177562203492], "(0, 1, 0, 3)": [0.6139579853495643, 0.4687313823372685, 0.39606297476009145, 0.36908240766613154, 0.3354897393580481], "(0, 1, 0, 4)": [0.31534674466538154, 0.29374342005124665, 0.27311264669742147, 0.2827391851412293, 0.2150889959265477], "(0, 1, 0, 5)": [0.15078778537428889, 0.11032429011961513, 0.14832079933989364, 0.10097605364612938, 0.08166369908569143], "(0, 2, 0, 5)": [0.045683848379881334, 0.03952403491547084, 0.0410689723025896, 0.028664409746069604, 0.02379715677783165], "(0, 2, 0, 4)": [0.10434560657730661, 0.09961550405707886, 0.07504769353968893, 0.054368357577034634, 0.04058347655000292], "(0, 2, 0, 6)": [0.007727022588054916, 0.014266973378457455, 0.008538436852329311, 0.007515810345521257, 0.0076871071820663675], "(0, 3, 0, 5)": [-0.013382885056323965, -0.01339084747380374, -0.012451272099527755, -0.012455545801139455, -0.012457485592018943], "(0, -1, 0, 1)": [0.9835492742940799, 0.9835342241094955, 0.9838815718354169, 0.9842985704511594, 0.9839723077012823], "(0, -1, 0, 0)": [0.9468861022240319, 0.9506466148143276, 0.9790308451198724, 0.9822155637725632, 0.9840076611011515], "(0, -1, 0, -1)": [0.7509694265368694, 0.8222865008760233, 0.9012191241186502, 0.9474773259049161, 0.9763909465180141], "(0, -1, 0, -2)": [0.47753467374786707, 0.5500869278060037, 0.6719831699433448, 0.7823623407502844, 0.8509744226622615], "(0, -2, 0, -3)": [0.11740657231895095, 0.1385329251753497, 0.15238814108528595, 0.14613547032313012, 0.15521980137230942], "(0, -2, 0, -5)": [0.03560744159930695, 0.029179358661850393, 0.04179392481933872, 0.04727788777166196, 0.05470474253369303], "(0, -2, 0, -4)": [0.04403508253632021, 0.07416935881568365, 0.0951258187283255, 0.09985837440310859, 0.10273892104351519], "(0, -2, 0, -6)": [0.009443341830481358, 0.015705669045586082, 0.013876733013669013, 0.01597875526995346, 0.02231886220123688], "(0, -2, 0, -7)": [0.005965843494536117, 0.007529224276064944, 0.0059255709604691675, 0.0026638369431745477, 0.006531664378888049], "(0, -2, 0, -8)": [-0.002531713561585765, -0.0008947345302410623, -0.00293683199765101, 0.0014167281074093261, -0.0003314104529661434], "(0, 1, 0, 0)": [0.9850243299790482, 0.983534091534188, 0.9832665010843213, 0.9757244340763622, 0.9658870569248369], "(0, 1, 0, 1)": [0.9848577204638458, 0.9178802568567807, 0.9333967560585191, 0.9206246443851853, 0.749977485055152], "(0, 2, 0, 7)": [-0.0011293613848803296, 0.003411555465997718, 0.0007270039430899052, 0.0005645260381434681, -0.0009329934112593296], "(0, 2, 0, 8)": [-0.003648983577139748, -0.0026859930262136626, -0.003663084337081264, -0.003847429216839963, -0.006251499922342535], "(0, -1, 0, -3)": [0.36212764011910126, 0.43123454304570763, 0.4370382207955734, 0.4189206110400645, 0.532890645669102], "(0, -1, 0, -4)": [0.31260614709601353, 0.30914725340187665, 0.3098092020727886, 0.3097251012455579, 0.3054400425622191], "(0, -1, 0, -5)": [0.11862514098047684, 0.20192602423056633, 0.2299630929721452, 0.23178643910056268, 0.2363202853527062], "(0, 0, 0, -1)": [0.9428537704123113, 0.960611775306077, 0.9818290543549034, 0.9823034003909016, 0.9848452678079763], "(0, 0, 0, -2)": [0.9156188535162637, 0.9139750293425014, 0.9505195455603563, 0.9747307829549632, 0.9818842031371364], "(0, 0, 0, 3)": [0.8844226654549724, 0.4895029030199051, 0.34570064810019646, 0.3401456219082157, 0.24223516198975598], "(0, 2, 0, 3)": [0.18063677091918115, 0.16479421499234387, 0.15688157988237716, 0.15827424811826216, 0.10356131229001261], "(0, 1, 0, -1)": [0.9806880745160704, 0.98410054164643, 0.9840605832116569, 0.9848038020323764, 0.9841117974691864], "(0, 1, 0, -2)": [0.011697120923789153, 0.11276972695551238, 0.9507592558452305, 0.10127793452808131, 0.1371231714833462], "(0, -1, 0, 2)": [0.6244915779170315, 0.9846811964129843, 0.780774697107919, 0.49974146364028477, 0.39897703007262864], "(0, -2, 0, -9)": [-0.0036765266657769816, -0.004947690733395296, -0.006474145175549563, -0.006896897353485374, -0.0052463797427588], "(0, 0, 0, -3)": [0.10841065936541952, 0.3442877417027544, 0.3128120773414283, 0.9090581864211066, 0.32961884318994883], "(0, 3, 0, 7)": [-0.005932178288698197, -0.008965027150642128, -0.005936455627903342, -0.005934825001284481, -0.004165046699345112], "(0, 0, 0, -4)": [0.0067643868353461055, 0.039124251984725626, 0.003213284669203872, 0.04589234726902548, 0.21802504098721204], "(0, -1, 0, -6)": [0.028807746775861464, 0.018908034903798984, 0.03273983091225006, 0.052729255099350184, 0.23946139428943683], "(0, -1, 0, -7)": [0.00902681740626721, 0.0022157731130174833, 0.011731406503417184, 0.04116310276210458, 0.0011375301212523381], "(0, -3, 0, -7)": [-0.00753599199615419, -0.00753515569511801, -0.007532383809052408, -0.007529421495832502, -0.007528632203303277], "(0, 1, 0, 6)": [0.11748495977570152, 0.009550268407119183, 0.035186427644746804, 0.009262819703736122, 0.005331140247193588], "(0, 1, 0, 7)": [0.004110249645329903, 0.005860269582573924, 0.0, 0.0, 0.001894521494023502], "(0, 1, 0, 8)": [0.0010426691776141525, 0.0, 0.0, 0.0, 0.0], "(0, 2, 0, 9)": [-0.006102716651509545, -0.006817631379070883, -0.006947940299286041, -0.00891789025483709, -0.007813182281046317], "(0, -2, 0, -2)": [0.21291718094203838, 0.2414570877561697, 0.26736097032230366, 0.2697127441130187, 0.2631486108675517], "(0, -2, 0, -1)": [0.11010920851695066, 0.26710693103319083, 0.14301194028873984, 0.10113445299465923, 0.1194841060233762], "(0, 2, 0, 2)": [0.3270338274225468, 0.3204444232386372, 0.313620883147574, 0.30556590123304367, 0.2664592921426107], "(0, 0, 0, 4)": [0.03269470866269185, 0.21091804541797593, 0.06950419525593293, 0.06909783172159717, 0.022264777545761373], "(0, -3, 0, -6)": [-0.014255805373137679, -0.014254343393105447, -0.015015939526726486, -0.015010548421574095, -0.015008167581943453], "(0, 0, 0, 5)": [0.0, 0.0, 0.0, 0.011394351388244026, 0.002474981667448537], "(0, 0, 0, -5)": [0.003045801583348206, 0.0, 0.0, 0.0, 0.0], "(0, -1, 0, 3)": [0.0, 0.001774967615854871, 0.0018258947697597006, 0.0009832593612372875, 0.022289934649672556], "(0, -1, 0, 4)": [0.0, 0.0027904182791315987, 0.0, 0.0, 0.0], "(0, -3, 0, -9)": [-0.002196987718343735, -0.0021947821602225303, -0.0021954622119665147, -0.0021937046200037, -0.0021944431588053702], "(0, 2, 0, 1)": [0.25018805860165466, 0.30185415363913065, 0.277329089458356, 0.23828871159613582, 0.31380576473023325], "(0, 3, 0, 8)": [-0.004166531749069691, -0.004165773484855891, -0.00416425408795476, -0.0041668122634291645, -0.004167663305997849], "(0, 3, 0, 6)": [-0.008955829328037799, -0.008957799996696414, -0.010252651111926884, -0.0089640845573321, -0.010256645224787295], "(0, -3, 0, -5)": [-0.011410393283106016, -0.012452295325628929, -0.01245092344191732, -0.01244636749562202, -0.012441149909012095], "(0, -3, 0, -8)": [-0.00594201067276299, -0.005941916920244693, -0.005940558625385166, -0.004165558423846961, -0.004165394194424152], "(0, 2, 0, 10)": [-0.0014348901435732842, -0.0027789052702374755, -0.000731827210634947, 0.0010780604355457052, -0.0021924821659922602], "(0, 3, 0, 4)": [-0.011390069479209373, -0.01139056056825407, -0.011392793486986123, -0.010233692795794457, -0.010237820675434545], "(0, 2, 0, 0)": [0.013967729031014366, 0.004800522147533978, 0.2400747069618334, 0.028214675458062218, 0.001492495091590514], "(0, -3, 0, -4)": [-0.007514184721373021, -0.007511761962622405, -0.007510008819028735, -0.0075104331757873295, -0.008937590683270246],