{"q_values": {"(0, 0, 0, 0)": [0.7574145221293107, 0.770532070534606, 0.770732659786179, 0.780179209703623, 0.7367604532601493, 0.7589935143029127, 0.7636226057319841, 0.8147841834426748, 0.7712394279066564, 0.7766306589098299, 0.7352882769893402, 0.7752800393062439, 0.7299107922960515, 0.7735114639972196, 0.789400696336775], "(0, 1, 0, 0)": [0.7618292385693973, 0.6918470921387592, 0.7174076687818048, 0.6925614844786648, 0.6957675362882231, 0.6897635730963829, 0.6967996728528412, 0.6994647259111133, 0.6996218300203239, 0.6960434509317586, 0.6940474381325794, 0.6733409877449738, 0.698696627244731, 0.65832097134516, 0.7013837203444465], "(0, 2, 0, 0)": [0.48191897648540827, 0.46044872454529034, 0.7031251475371969, 0.44783784430875, 0.4640168198380303, 0.5115808472771536, 0.4764737639897548, 0.4536888650938351, 0.498015813326025, 0.47778964605217866, 0.47159909850328374, 0.4611725170090133, 0.4982832489455683, 0.5205165212157727, 0.46280569049626374], "(0, 3, 0, 0)": [0.17320887101276067, 0.17430132086131367, 0.1923542476741566, 0.19413641453833103, 0.18493394885224967, 0.19249073523665555, 0.17411740805983011, 0.19128909214294426, 0.1877314268313123, 0.16638789516541977, 0.19317822008317176, 0.18439479318208213, 0.1947189626740348, 0.18961881141601358, 0.1852339333808061], "(0, 4, 0, 0)": [0.027597881380015878, 0.03248847387353226, 0.019798603010899835, 0.016357213277751564, 0.010434547317901102, 0.00605114294398991, 0.017276853682782964, 0.020208107444606035, 0.017414279566801277, 0.018646852371768368, 0.028827189970441456, 0.01871505794101322, 0.016086212034688165, 0.017964493409060443, 0.015219680919382082], "(0, -2, 0, 0)": [0.6380912343837233, 0.681124490177815, 0.6449854135655425, 0.6318915997293931, 0.6438546068541178, 0.6264786014757889, 0.6571222775273172, 0.637129526494308, 0.6525739152747347, 0.6780667037612238, 0.6763209545821633, 0.6420331798397829, 0.6482454878462136, 0.6369006301745002, 0.6756516486461149], "(0, -3, 0, 0)": [0.3306640421090487, 0.34902022909913827, 0.33480897210419547, 0.33362914513704883, 0.3303011950189837, 0.3395084143498486, 0.33413010285698097, 0.34402930591944764, 0.37155852629214087, 0.3507582319158177, 0.36116549445689416, 0.3672099084015901, 0.3661674685247661, 0.37467955609941445, 0.3540674940263832], "(0, -4, 0, 0)": [0.06572846702499117, 0.02125930239524252, 0.09413767590922513, 0.028575807743025303, 0.06712142039524265, 0.07984105078961047, 0.029920454486373968, 0.04833551514393996, 0.04769484415855898, 0.07326614688801511, 0.03095023852244804, 0.057738108073097455, 0.06892548945443149, 0.07546724509327131, 0.07135668550450008], "(0, -1, 0, 0)": [0.7587537476298934, 0.7341408214274593, 0.7785982855244922, 0.7817998833983274, 0.6985842320217869, 0.7655931102922751, 0.7587758496299188, 0.683008600789196, 0.7498974530621315, 0.7451365903552232, 0.7682773829654437, 0.7756993977216162, 0.7130926776477218, 0.7521040209046529, 0.7769037438796309], "(-1, -4, 0, 0)": [0.001474712592481428, 0.010714927000857119, 0.0021673060637356035, 0.01823791054487057, 0.003601626017297103, 0.011331487440043034, -0.0026099032631752986, 0.003376865189801866, 0.012752507956782478, 0.0030818642831705627, 0.016729796621642506, 0.018213755445041377, -0.002694606156489405, 0.07973267894840538, 0.0031486996667134236], "(1, -1, 0, 0)": [0.6802522083181582, 0.6358026779266666, 0.6772349153361767, 0.6910389710835273, 0.6434680980117553, 0.6588487920265046, 0.6625212513239039, 0.6362143260358226, 0.6398890316529853, 0.7230748569758008, 0.675389549563986, 0.6592768331451119, 0.6623653015454267, 0.6573668744153112, 0.6686143886233729], "(1, -2, 0, 0)": [0.5243930679968181, 0.5963912090867944, 0.6009885989162356, 0.5334578882199655, 0.48940242309800897, 0.6001370500674779, 0.5729865822134382, 0.5140892094852383, 0.5167475060788027, 0.4794249172066317, 0.5192130870111021, 0.4711889765173691, 0.5690478451549227, 0.5590940832789318, 0.6237366581400277], "(1, -3, 0, 0)": [0.09452905487100426, 0.08943701455659488, 0.09622288120653413, 0.0920359551294683, 0.09008385005500276, 0.04590220143498811, 0.09105648371146637, 0.08202429348162239, 0.06322429929651505, 0.09327446569571478, 0.222214056097506, 0.08398542474992982, 0.09179154238638174, 0.09478461761713897, 0.07377853036346692], "(-1, 0, 0, 0)": [0.40623213644122125, 0.3507369785550935, 0.40332050949414233, 0.40943692808547866, 0.28003711153516586, 0.382737418737758, 0.25423383955263135, 0.28153338058847366, 0.4265814588425357, 0.36757184680789706, 0.3849875329671311, 0.3704555147537835, 0.40171054615242363, 0.40673746747674777, 0.41008507776625835], "(-1, -1, 0, 0)": [0.10047562719775102, 0.15101620131928054, 0.08853999111816768, 0.17401337734887734, 0.14895116896657823, 0.18905702284300382, 0.26381620715782605, 0.17972874337966613, 0.14232522238257067, 0.12180242141165305, 0.12208700947135476, 0.1559258534361053, 0.0917022607686365, 0.1151583540936229, 0.22083037547196063], "(-1, -2, 0, 0)": [0.17794040281767518, 0.06641344377742273, 0.07354937340091879, 0.07318921425373766, 0.06627385375391918, 0.03527640320521916, 0.08347491180246257, 0.04738506509330245, 0.065446674632958, 0.09123412412870566, 0.09340972985500844, 0.06575354957222607, 0.07089894791827353, 0.09762776882605713, 0.11022269352128378], "(-1, -3, 0, 0)": [0.042288250052495875, 0.0137071292753479, 0.03877163031095392, 0.041111772986210014, 0.06389880402542086, 0.021159276199206906, 0.029502977869914793, 0.07137527096061341, 0.019157584096389024, 0.062048777436096283, 0.23001408906903925, 0.040898031353472586, 0.037105250995361896, 0.01820654812031218, 0.03180567885451614], "(-1, 1, 0, 0)": [0.3919438648998949, 0.41105280670617245, 0.41177838159091157, 0.3772266817833859, 0.40509327870886647, 0.4028440027318583, 0.3626116862770849, 0.4005241956403346, 0.38926887015721834, 0.40466806987178827, 0.37051886989553173, 0.40020964818409205, 0.4085659787645885, 0.400163856053267, 0.4415929891588826], "(-1, 3, 0, 0)": [0.1647239934308371, 0.10439227024724619, 0.10174231559487276, 0.10696116424274674, 0.12198562408033341, 0.10017993693749501, 0.10177275378067077, 0.09770649898053474, 0.09374343675889567, 0.10352168052705006, 0.10022405462581929, 0.09790435418879707, 0.10513815329159301, 0.10200237163321443, 0.09560052102869199], "(-1, 4, 0, 0)": [0.003955631012034551, 0.03176523641677955, 0.00616555914724803, 0.006657488444929586, 0.004615467014023766, 0.004206285476159443, 0.0063297116145449046, 0.006063653806009598, 0.005511508257087024, 0.005315008102954693, 0.0019243320777982712, 0.006433449981121272, 0.0065172388255432655, 0.003869340781789345, 0.006252032474762916], "(-1, 2, 0, 0)": [0.27285820441489755, 0.26141059584786813, 0.3118584869683545, 0.26238418680800135, 0.23382568162156242, 0.2748007234989856, 0.26836969523150156, 0.25917486359333713, 0.27808070715605526, 0.27384521144501156, 0.25829977293560236, 0.2667505959358556, 0.2769748537187481, 0.2719458962286185, 0.25179572914467463], "(1, 0, 0, 0)": [0.7526078507514863, 0.7268728725321911, 0.7270637732308253, 0.7321593720815337, 0.7463321159815524, 0.7383097765973623, 0.7233444234012024, 0.7226846355163313, 0.6706454477928233, 0.7298735396725284, 0.7043293725536462, 0.8450711068446546, 0.7576125911925908, 0.7366753071533949, 0.7209603049567764], "(1, -4, 0, 0)": [-0.0052294194999910875, 0.0023399674046240583, 0.0007316539942651681, 0.0029690644806034975, -0.0004622124197772486, 0.001110343002113102, 0.000994279341229024, 4.3238907917831325e-05, 0.0005456692984859238, -0.005394528792625496, -0.0010622738238996775, 0.0013569558057746215, 0.02831880798054663, 0.0006736784231891292, 0.12089318499062635], "(1, 2, 0, 0)": [0.7676229653423577, 0.8155756338575295, 0.7836448951734785, 0.7241806734500881, 0.7620058706399868, 0.6593709774388277, 0.6781655283300433, 0.7090194156650588, 0.6572094710436679, 0.6688171257709115, 0.6491930958380796, 0.6433813922521603, 0.72861849263225, 0.7669745179172204, 0.7074917010671236],