{"q_values": {"(0, 0, 0, 0)": [0.8178814414766534, 0.7853601305268517, 0.7806405366257789, 0.7889367526455686, 0.7888649116352427], "(0, 1, 0, 0)": [0.5425993687671142, 0.49793937272898825, 0.5184334817278953, 0.5181378317648744, 0.5275363939428465], "(0, 2, 0, 0)": [0.028489615573832602, 0.010720055904619216, 0.016891265078228787, 0.0186815648739823, 0.016789925041575803], "(0, -1, 0, 0)": [0.7710743937152312, 0.686366098994556, 0.7781076616650523, 0.7838734141219691, 0.8199604543037796], "(0, -2, 0, 0)": [0.06128487135535644, 0.04662073542593613, 0.07156773481285326, 0.03791502871088518, 0.07170043175809396], "(1, 0, 0, 0)": [0.7558775654750406, 0.7677057392410289, 0.7431681088792312, 0.7592032237035866, 0.8247493440717154], "(-1, -1, 0, 0)": [0.610111380803182, 0.6125738284888277, 0.6619050651640109, 0.7428415790684347, 0.5601078209147611], "(-1, -2, 0, 0)": [0.07607031983905262, 0.09129074773390422, 0.1883227907994106, 0.17400561210828985, 0.22748051322741908], "(-1, 0, 0, 0)": [0.5031705375852288, 0.5268292739079018, 0.5389060212625398, 0.5286693814111082, 0.5450939114271056], "(1, 1, 0, 0)": [0.7917907883043857, 0.673908610412766, 0.7038193110445886, 0.6099339106054481, 0.6461193061236459], "(1, 2, 0, 0)": [0.07598785608129685, 0.0951970822510268, 0.06707616951517079, 0.07415219416551745, 0.0734074982943835], "(-1, 1, 0, 0)": [0.34703642814097996, 0.20609472495437864, 0.23828997400217536, 0.24449307962536831, 0.2377797429097478], "(-1, 2, 0, 0)": [0.025237569129958157, 0.005873496274471006, 0.002931088605257117, 0.018467409459259627, 0.004505701696156076], "(1, -1, 0, 0)": [0.5333569929616595, 0.48787728152889864, 0.5199074963916633, 0.5633922955909071, 0.7936393754690899], "(1, -2, 0, 0)": [0.007921793086337343, 0.006936337027530272, 0.01842902119384871, 0.0029219325822504357, 0.003145708673893262], "(-2, 2, 0, 0)": [0.02557861041030597, 0.008934285840143844, 0.0074674918371946414, 0.008446073830522385, 0.016342848234403393], "(-2, 1, 0, 0)": [0.14231577062278458, 0.15797970935952385, 0.12449023312002323, 0.12355510260296275, 0.15915548211059868], "(-2, -2, 0, 0)": [-0.0043562397360801695, 0.019943643600629835, 0.007389304493249187, 0.0, 0.0], "(2, -1, 0, 0)": [0.2775386232589948, 0.2652747558870077, 0.2533285504295951, 0.2747791251446585, 0.550274208800932], "(2, -2, 0, 0)": [0.0028128070570767353, 0.005152477902101322, 0.009487686237016993, 0.0004634909824689313, -0.002115559580047553], "(-2, 0, 0, 0)": [0.24177299229080274, 0.22037103918084694, 0.26049908353938056, 0.2578279792544049, 0.2906470951106022], "(-3, 1, 0, 0)": [0.017023305216061102, 0.06045938864747019, 0.07405287050085063, 0.04418182919220112, 0.043207089477742926], "(-3, 2, 0, 0)": [0.00012368019089517394, 0.007880672932521121, 5.467818975057968e-05, -0.0006986398300803387, 0.0035768198183737947], "(2, 1, 0, 0)": [0.8639928857831418, 0.7420140225117554, 0.7620822227179024, 0.7538774510558552, 0.7272079746631445], "(2, 0, 0, 0)": [0.743137239498926, 0.7384477824332699, 0.7382581415381428, 0.7484906350996028, 0.8743180470885897], "(-3, 0, 0, 0)": [0.06581225453235497, 0.05954925177781596, 0.12335983773407767, 0.0483456909819067, 0.0645135384844811], "(-2, -1, 0, 0)": [0.12526059580934956, 0.08416434476187162, 0.09532532584371436, 0.04328167892513018, 0.07459774752719286], "(-3, -1, 0, 0)": [0.09168581227462347, 0.0, 0.0, 0.010703358506400314, 0.014145150379240341], "(-3, -2, 0, 0)": [0.015221647528506984, 0.0, 0.005564506555544577, 0.0, 0.004610109451953786], "(3, -2, 0, 0)": [-0.005355514858088011, -0.010552711364767873, -0.008179753532071423, -0.005426782729773712, 0.01845890722680802], "(3, -1, 0, 0)": [0.11152539544099346, 0.02601826944510531, 0.09895244158693978, 0.09535997907242773, 0.1817613932365787], "(3, 0, 0, 0)": [0.5924050140281419, 0.5537320803983782, 0.5468101508751434, 0.5854882297433428, 0.7738403358009702], "(2, 2, 0, 0)": [0.2938344477868967, 0.12149171259283817, 0.1665841663573471, 0.050610146556495476, 0.08837202208084662], "(3, 1, 0, 0)": [0.7897510553163528, 0.6293698931111791, 0.658036389785273, 0.6381550579837914, 0.6911995032710738], "(3, 2, 0, 0)": [0.22563578157501518, 0.0, 0.0, 0.05028236853604448, 0.0], "(4, 1, 0, 0)": [0.5664931297970196, 0.0, 0.050549604666024185, 0.0, 0.0], "(4, 0, 0, 0)": [0.400272679195755, 0.19968016754685483, 0.0, 0.0, 0.0], "(4, -1, 0, 0)": [0.09847992651318109, 0.0, 0.013852568328926042, 0.0, 0.02835252100568176], "(4, -2, 0, 0)": [0.007796768305532107, -0.005652423988461494, -0.0027266406402404603, -0.003227809954384136, 0.03132046998680241]}}