{"q_values": {"(0, 1, 0, 0)": [14.414917379981937, 13.421150147484902, 14.745631244770248, 13.345704837543206, 14.258382335837153, 14.556286094351922, 13.581137527833762, 13.572017619665287, 13.060039856937037, 14.268858291996168, 13.633338134107092], "(0, 2, 0, 0)": [14.297165389663089, 12.04473777262841, 12.475113855826216, 12.383600330005068, 14.01263118595665, 12.370901551154503, 13.707470594637996, 12.157537519089722, 13.019945505010776, 12.146771507407715, 13.084064147960467], "(0, 3, 0, 0)": [7.492097083495361, 8.159820212243448, 6.227048210577615, 7.754735255485606, 7.2037747291609024, 8.323111580813904, 7.046200388985507, 5.977403538454841, 7.844869011491128, 9.074199192041942, 8.52577622285596], "(0, 4, 0, 0)": [6.8561881537606295, 6.458340263654074, 5.553349818736141, 6.37092581524062, 6.445559906619168, 6.333092881991123, 7.220360061023626, 6.129914515882651, 6.762753825711124, 6.608696420202391, 4.847158914431459], "(0, 5, 0, 0)": [4.983025383690485, 5.122042240430682, 5.632130794659156, 5.465516406974713, 5.1152748243904345, 4.912887084163135, 4.363446518086819, 5.7488451097931135, 4.750788585633245, 5.5017221785308426, 5.942667039609028], "(0, 6, 0, 0)": [3.293673776786151, 3.112139675583463, 3.1355798899361624, 3.741339427942628, 3.1805431567477824, 3.660819891549582, 2.3385535442108583, 3.849978167455674, 3.8314068681816336, 3.498800304607157, 3.411662588562003], "(0, 7, 0, 0)": [2.3304765489254793, 2.02166917723785, 2.8616419105208295, 2.259367891815139, 2.603996131141619, 2.402030406220511, 2.0525913925818227, 1.817399585480631, 2.686528100646303, 2.6868457366536136, 2.8705908864020118], "(0, 8, 0, 0)": [0.8252483949847254, -0.7659089789492762, 0.3914957107982141, -0.46723268599961987, 0.11187722199128247, -0.7816711571702324, 0.2963565135748231, -0.6919551850237671, 0.22385513122663975, 0.06222345850807043, 1.227828822270932], "(0, -4, 0, 0)": [11.151514629516901, 10.374697191804769, 12.07385026722208, 11.854439154266913, 10.454569610859485, 11.04420928280762, 11.61655388874976, 9.998357944342969, 10.374595765508474, 11.384043756591199, 10.46930775911071], "(0, -5, 0, 0)": [5.19931584809394, 6.858850489929303, 7.234117685455501, 6.002792741743613, 6.553810300677455, 6.426310898153677, 6.992825959751233, 6.306355203382351, 6.856208101847087, 6.858439614781137, 5.7718866974873055], "(0, -6, 0, 0)": [5.18057855791426, 4.881462887667505, 5.22950411766074, 4.974236862875733, 5.2157986163630445, 5.037170907479329, 4.236478835119276, 5.8595082112397066, 5.608149055311937, 5.090515196131114, 5.031292197348031], "(0, -7, 0, 0)": [3.2741848966913354, 3.419669192533943, 3.6587992081766276, 2.358715123830582, 3.151923438551637, 3.55512350697333, 3.7070613622224036, 4.10120924935611, 3.2218196878594236, 3.6049559009659995, 2.5922478151731863], "(0, -8, 0, 0)": [0.36678550349145883, -0.12115489596136919, 0.3543710466300953, 0.3459681717001603, 0.20597535266432726, 0.22174586229428317, -0.15478959677224874, 1.2243098471770966, 0.9852596605668609, 0.06890369913364325, -0.2743197725864453], "(0, 0, 0, 0)": [14.096202025941649, 13.500445893486221, 13.903243146118896, 12.787978410603987, 13.98992690260873, 13.43697958562744, 13.35209032851324, 13.824054081962233, 14.479953369625022, 13.533124806947598, 14.035156871722503], "(0, -1, 0, 0)": [13.448462726848492, 12.683754850005165, 13.311319284651475, 13.163349220577418, 11.913662631690036, 12.453576626936336, 13.026684397004184, 13.468219244594152, 12.998613627135358, 14.62143982869197, 12.845730003901258], "(0, -2, 0, 0)": [12.579611838902895, 11.993832557400108, 13.58115334946553, 11.394316384593687, 12.998346915016848, 11.20730540205356, 13.147523186810728, 12.70451671930267, 12.762721883266634, 12.871210498015873, 12.844144955846817], "(0, -3, 0, 0)": [13.145673042342716, 13.503930688781754, 13.42826994741627, 13.858072184963891, 12.663243384983252, 12.88099573321444, 12.246380274902627, 13.449318893258754, 13.223151532252038, 12.950391799789037, 13.624768622752423], "(-1, -6, 0, 0)": [0.2595784951302859, 0.2609484006020876, 0.4622718438968064, 0.4484103312794398, 0.177295982837677, 0.4433494825305533, 0.17904367446899416, 0.0, 0.2680999318550144, 0.4375213467309329, 0.40658847302973694], "(-1, -7, 0, 0)": [0.43211739161920615, 0.21519471958567538, 0.2174213583796207, 0.33863888590335844, 0.26334419938039844, 0.0, 0.17548352479934692, 0.4489112729231548, 0.36956991522312166, 0.21805952671450377, 0.0], "(-1, -8, 0, 0)": [0.0, -0.43610873222351076, 0.0855947861796856, 0.0, 0.0, 0.16657189130783082, -0.43758244514465333, 0.0, 0.0, 0.20073171226978304, 0.0], "(1, -7, 0, 0)": [0.0, 0.0, 0.17175499200820923, 0.0, 0.0, 0.0, 0.0, 0.0, 0.0, 0.17330993413925172, 0.0], "(1, -8, 0, 0)": [-0.2724125500991058, 0.0, 0.0, 0.0, 0.0, 0.0, 0.0, 0.16985037326812746, 0.0, 0.0, 0.2018288402080536], "(-1, -3, 0, 0)": [0.19352160692214967, 0.24188812949509622, 0.0, 0.28963522189098984, 0.43712667126425064, 0.0, 0.2341393859624863, 0.28077126619016785, 0.0, 0.0, 0.0], "(-1, -4, 0, 0)": [0.7460297892992609, 0.8025670548018868, 0.6125329607377599, 0.5469522043933925, 0.5119635265758727, 0.44661120721521147, 0.7046384486077334, 0.6623458928234754, 0.0, 1.1386591221827072, 0.3858751295089722], "(-1, -5, 0, 0)": [0.22018123693466185, 0.42093560241946043, 0.0, 0.2843765771642805, 0.6788702651421678, 0.45148836167147877, 0.0, 0.0, 0.4155682397935244, 0.23144150060958865, 0.0]}}