{"q_values": {"(0, 1, 0, 0)": [98.53368232033769, 99.14816409196884, 97.6706963663066, 98.85128006228577, 97.80682114717372, 98.877357008628, 98.89249957441541, 98.86872198923061, 98.91790560220952, 98.77506769423488, 99.00026000670361], "(0, 2, 0, 0)": [95.2288168359283, 92.34124982830308, 97.71777040866294, 96.36025938776038, 98.08230757426145, 97.39232689942322, 97.51988947241416, 97.17691475420118, 95.66217590852287, 97.20908449920772, 97.53412183361925], "(0, 3, 0, 0)": [91.23593014836264, 97.18800582616285, 92.89674534017122, 92.43557561569743, 91.96008750190714, 89.21436618817839, 94.58451815415735, 92.48609274620813, 94.3631487477919, 91.51007135423043, 91.99125653015352], "(0, 4, 0, 0)": [86.32030420921238, 88.29033296151837, 86.8311438864051, 92.48971187506163, 84.55706696672986, 86.90968143177993, 85.20488034947502, 85.76503900728578, 85.105062039737, 86.73661350398721, 83.7415580213661], "(0, 5, 0, 0)": [67.9313930100779, 65.13615699036058, 59.78140582861174, 56.858047560845066, 61.029958414239715, 66.26737440724725, 70.9165582052565, 56.84799518488168, 71.12287521819476, 58.64088546664891, 53.02052530094714], "(0, 6, 0, 0)": [29.301243713121554, 33.76877323938429, 29.28948222382033, 30.736216760142764, 26.137804357591147, 28.494514702751474, 30.548402794950317, 30.7222569357966, 30.417446897986864, 29.17543986162046, 30.82218458038877], "(0, 7, 0, 0)": [10.845900304463532, 11.138246543496676, 15.216277142541045, 10.743833239945783, 10.175461678561168, 11.644456933987383, 11.940796337704178, 11.703912244054239, 11.231068254868372, 10.987543161994358, 11.872087173927955], "(0, 8, 0, 0)": [6.719566989374694, 0.8350736932604451, 1.1652814935920481, 1.8373184802912133, 2.7435046720441685, 1.3721322366883113, 1.5375049640331073, 0.7353036844326567, 1.2937278957726306, 0.9723538213848865, 1.9166334162998715], "(0, -4, 0, 0)": [87.73504533014982, 85.30883461622601, 83.02578420979945, 87.44999210607477, 82.38660017053449, 88.57185003529646, 88.60270457111775, 83.71477705730557, 89.16738033555333, 87.22384611834111, 87.46204122415601], "(0, -5, 0, 0)": [65.20014548702864, 64.40790757442706, 56.883619796642975, 61.793192744679395, 57.94643933992079, 57.27585928443836, 55.99078360422256, 56.427387468219614, 56.67274683738545, 62.08291232829804, 67.14362813530593], "(0, -6, 0, 0)": [34.505192532093105, 37.68786868755902, 39.91707188565995, 34.75482054470311, 32.823430174125164, 36.14669659768965, 37.30004457498774, 39.1813096496743, 41.01665691929877, 39.10826584103434, 37.93700231628008], "(0, -7, 0, 0)": [15.018611664355406, 20.69833697651564, 17.959451166042193, 20.589264067063084, 16.8112111169327, 23.72755403810958, 21.2017718957208, 15.609093727779413, 19.778116144056206, 19.083388623585382, 21.633415356993403], "(0, -8, 0, 0)": [2.4453932738739117, 2.8146932791718533, 1.6411844369522677, 2.4615252897531157, 2.1964512809472128, 1.7621025554937573, 2.198684634315934, 2.5514623841594037, 1.980762759058349, 2.569360648942248, 3.0962462655332805], "(0, 0, 0, 0)": [99.23349197245126, 99.22601369479499, 99.22486753636018, 99.20337967875498, 99.22455562235187, 99.2238889785313, 99.21985427464814, 97.75905134499465, 99.2201821220744, 99.06233045927955, 99.2247047259462], "(0, -1, 0, 0)": [98.97278176707913, 97.44898419846193, 99.04359070318615, 99.04386589974429, 97.73384886845759, 99.00485508013342, 99.10457447239538, 98.98999135708638, 99.0255100263881, 98.93109881407035, 98.66353453265329], "(0, -2, 0, 0)": [98.08916469415128, 98.27263062848259, 98.3457349639461, 98.39721278512211, 98.04799226878868, 98.3202892739738, 97.98399201204023, 98.2111977132646, 98.20207627855567, 96.93635747717684, 97.28412638284959], "(0, -3, 0, 0)": [94.07406831527906, 94.21505390159818, 94.53101661197732, 92.41843175675382, 94.35555255966676, 94.11350164964324, 92.17860140940655, 94.52061279283221, 92.07022819301189, 91.35816863674098, 94.13184898218167], "(-1, -6, 0, 0)": [0.5534415825123831, 0.9889163793178813, 4.4861088363307395, 1.9273511355697637, 1.2857501342535413, 2.7830643425991255, 1.6336345923213162, 0.8403207332519795, 0.2680999318550144, 3.7389186049467638, 0.40658847302973694], "(-1, -7, 0, 0)": [0.9452383979638675, 2.7340789921980386, 0.2174213583796207, 0.33863888590335844, 1.5143197201000689, 1.2378853472185791, 1.2273798198987287, 2.3074921948724456, 0.36956991522312166, 1.7079755955409612, 0.24233056270656939], "(-1, -8, 0, 0)": [0.0, -0.5233952487025424, -0.36954185042188276, 0.0, -0.10708055155255086, 0.0025097021631883543, -1.0668638591766357, 0.0, -0.4488835877032051, -0.11731496689596832, -0.16029679566785815], "(1, -7, 0, 0)": [5.034898794539996, 5.988535339233166, 4.544750792636384, 5.581438059130214, 3.7777877199229732, 6.469856833094775, 5.579287164598976, 5.140519107144132, 5.868312166568058, 5.487876663161403, 6.56178098440136], "(1, -8, 0, 0)": [-0.2913602432265382, -0.24882686534066484, 0.27091747906633856, -1.3622895449815071, 0.8489654739905538, 0.28830758401059997, -0.7788159813451996, 0.32779020976823614, 0.9951258770153891, 0.737893418834972, 2.2657684171462042], "(-1, -3, 0, 0)": [57.262501070883054, 57.35158562548301, 64.09329938184993, 49.86321486988842, 64.26207339247725, 64.9291836851302, 46.16146682321279, 62.34584611101988, 71.56930549847212, 57.004992259334344, 55.39151286945227], "(-1, -4, 0, 0)": [24.651016137597658, 33.237047169709946, 38.99988873994137, 22.74203687092281, 36.04800206549679, 34.82272980606827, 45.054777552307925, 38.95875811512652, 22.89360830852143, 29.272585442058105, 56.4138965983459], "(-1, -5, 0, 0)": [2.450984814968989, 2.080320781222254, 7.287641305834013, 2.118862281930639, 4.699563195737075, 5.993232350870934, 5.236219276685131, 2.8996832242704, 4.025477788411998, 2.4984512256298785, 3.4523738827505595], "(-1, 3, 0, 0)": [67.62869831808919, 76.28820831368373, 62.165160910365216, 68.71073043686538, 58.268422552390774, 66.02405560725694, 67.34571261517435, 63.492318452880774, 66.2288010237507, 67.64394053442827, 67.29788023234606], "(-1, 4, 0, 0)": [55.007448875241174, 47.380544406475416, 49.774924016605226, 46.3897965738889, 49.4350061156223, 47.52572754861988, 48.625046317296565, 44.03758834643847, 48.07635130301189, 49.47909008929867, 48.44392338666018], "(-1, 5, 0, 0)": [35.382739914431184, 39.0240032455276, 33.31566916255356, 35.2950610031419, 33.436831880457476, 35.30985552453981, 31.51654836535997, 32.34363780768699, 24.170688276226926, 29.32551886000509, 33.50498591604691], "(-1, 6, 0, 0)": [27.465131761898675, 19.57580778833753, 19.907099231687106, 22.86755989944345, 20.414909183895773, 16.588383167972108, 17.26686559325733, 17.25431849244166, 19.842071302405287, 14.137759291657494, 17.105307290841832], "(-1, 7, 0, 0)": [8.875380029746792, 16.80399987648816, 10.770897552199738, 9.728371951421012, 7.462510954819747, 9.370962300426685, 5.767102741652286, 6.733425423152981, 7.418690284767282, 7.016285709619814, 8.33845340742746], "(-1, 8, 0, 0)": [0.3505218504145614, 0.41783258038073345, 0.7901023191054019, 0.26547903467081246, 0.3984638926708001, -0.007734188378832552, -1.380234584965244, -0.251551752675363, 0.21440675268937037, -0.8724374678282707, -0.4675212623245147], "(1, -3, 0, 0)": [63.49600213879465, 59.52542182585494, 61.33895812721566, 59.3558504894711, 64.0976741846448, 63.086438009124834, 63.59380638160345, 77.34273155829392, 64.87961454814187, 61.35705714447908, 64.10812942430461], "(1, -2, 0, 0)": [83.25746948756708, 80.91400314633367, 83.5999290514366, 86.10232886723715, 84.70946377420434, 83.79070273929707, 79.99659331823472, 83.52340150643349, 91.28611436625054, 75.69716099267738, 84.35862227224213], "(1, -4, 0, 0)": [40.03120543248859, 37.574716197864994, 42.731341912767896, 37.479016981305975, 44.80934365588509, 44.956191553116156, 40.74942022403901, 41.92811711141273, 45.513319044456125, 45.190997894326635, 51.43867633554168],