{"q_values": {"(0, 0, 0, 0)": [0.931665732966163, 0.9112733534133072, 0.9303904235132865, 0.9322004167111693, 0.932059217846864, 0.9306188148994607, 0.9278750000420819, 0.946497851758791, 0.9302621003715236, 0.9316749746225885, 0.9244157173977873], "(0, 1, 0, 0)": [0.9483008219002245, 0.8725066989596747, 0.8775197477249801, 0.8749392715664824, 0.8666904220004455, 0.8560414578301706, 0.857785733591568, 0.8679493235619624, 0.8705850453616268, 0.8281360784594073, 0.8727909825942807], "(0, 2, 0, 0)": [0.8631745794070532, 0.48712564388098634, 0.6136701725528311, 0.5195429398913154, 0.5013389676591842, 0.5795356929590597, 0.5302547937725378, 0.5682108816149568, 0.5136850127497135, 0.5376115316765527, 0.4853727590137892], "(0, 3, 0, 0)": [0.1397041755315874, 0.1213272568259547, 0.13151056994904128, 0.12818480471718613, 0.12897021115657475, 0.12558930247318512, 0.13584230599473684, 0.11231951354296212, 0.1279054288007494, 0.1275150327697079, 0.12724524434437257], "(0, 4, 0, 0)": [0.006412195923758266, 0.0025929631523593536, 0.003328390542325573, 0.005728064226583479, 0.004519816477419806, 0.004172520005777445, 0.00580284274531108, 0.006056551080217792, 0.004967518563309107, 0.005741765705455222, 0.0026111613747211992], "(0, -2, 0, 0)": [0.40237605820097905, 0.49375918940605257, 0.5205777776280494, 0.4949989295614399, 0.48119078827893114, 0.4354796467006369, 0.47998300710398945, 0.4114166166973916, 0.40490624406599096, 0.49558563098132635, 0.6124705025756224], "(0, -3, 0, 0)": [0.09061259308968878, 0.08865904527352592, 0.07829986001185885, 0.0826772850284048, 0.08050045251303725, 0.08279900016240722, 0.08859023093398669, 0.07546594114418287, 0.08279013551808158, 0.09273470515270504, 0.09367733631525332], "(0, -4, 0, 0)": [0.0019915981168547614, 0.0026535331852019783, -0.002887926936923955, -0.0008436227126060397, 0.0011137572375517612, 0.0025982458829539395, -0.002701832260331818, -0.0008277099376436583, -0.0011947614966842648, 0.006938780315471145, -0.0015489743815524887], "(0, -1, 0, 0)": [0.8733167089137823, 0.8349675071396114, 0.8954198097895425, 0.8849675962933009, 0.8864361222823168, 0.8819309170234796, 0.8681044037479653, 0.8837595528439357, 0.9244348651374003, 0.8725718766543964, 0.7549069818983292], "(1, 3, 0, 0)": [0.012878097816668155, 0.04783755518088769, 0.07881483232149858, 0.044661350248389804, 0.0807269589451392, 0.05018826781980651, 0.01811125321420266, 0.07085409425661524, 0.00589850418718186, 0.07423177047617907, 0.02571300838719537], "(1, 4, 0, 0)": [0.006776016422367954, 0.009687397808245684, 0.0067965180922826786, 0.007326757830722548, 0.007349233148119369, 0.0067427788074973126, 0.0057637991512638, 0.007354025247586033, 0.007220087498460962, 0.0062522742351807025, 0.007317585036725862], "(-1, -1, 0, 0)": [0.9247475926086421, 0.9136178227243953, 0.9371341759668255, 0.9253680622872459, 0.9249508402047679, 0.8436126920876655, 0.9172573949448412, 0.8510186335049128, 0.9036426775172117, 0.9492360772338448, 0.8669486381182716], "(-1, -2, 0, 0)": [0.33532237819182836, 0.3061144605831394, 0.42639124873143674, 0.3674086671379631, 0.21193097680347275, 0.3777262795782114, 0.37324380123305645, 0.4755747093509741, 0.1900794641539881, 0.044481827465482335, 0.6969811158739214], "(-1, 3, 0, 0)": [0.06299926422163497, 0.054270191706051366, 0.05357812818799672, 0.05283458818313172, 0.054618036273330055, 0.0540684115613968, 0.05111153391955299, 0.06218172467626084, 0.054185392017465944, 0.05328274922653163, 0.05580492887789736], "(-1, 4, 0, 0)": [0.00024017700247006652, -0.004398887659048577, -0.0025911870957976355, -0.0032985579951601467, -0.006152025434248557, -0.00502352483249792, -0.0023237323164280203, -0.0023350245445995206, -0.0029356794045751985, -0.003787798863197702, -0.002735441487587465], "(-1, -3, 0, 0)": [0.035402866240576966, 0.022982540979322758, 0.040316709553437316, 0.04647734698903092, 0.0327636307877412, 0.018692513200870228, 0.028160232679865414, 0.03932133899528098, 0.020380158206776695, 0.029041785925682066, 0.011914682833310278], "(-1, -4, 0, 0)": [-0.008240752703958878, -0.008652028067987816, -0.008489473746424331, -0.005516561770931374, -0.008998542838390525, -0.00851048788657735, -0.007902235845697232, -0.00837573158398504, -0.008665861910945614, -0.008503639428563924, -0.005896715728771522], "(1, 0, 0, 0)": [0.8743633531791795, 0.8745488754359281, 0.8660520955165306, 0.8759619005922209, 0.8479564444255475, 0.8834611813782972, 0.8591670556023825, 0.8498748533281908, 0.8631700286413938, 0.8880430035401979, 0.9461505733514302], "(1, -1, 0, 0)": [0.6937674068224176, 0.7750599441467937, 0.7226145906251801, 0.6950046456237311, 0.6723029968473513, 0.7287505204473252, 0.7087975636507396, 0.6937430816211233, 0.7026891292456061, 0.7164141872863995, 0.8083296033359195], "(1, -2, 0, 0)": [0.24799585197147223, 0.16655321868819817, 0.19077130858364266, 0.2511649530420258, 0.18646088748718453, 0.19499013815363603, 0.2057417024524939, 0.25656191313425986, 0.2069191139491092, 0.23510968819537748, 0.3712767651319059], "(1, -3, 0, 0)": [0.06342230443143039, 0.06390881732195472, 0.06233683462127012, 0.061103596386640244, 0.062020096029319224, 0.06255197311234696, 0.06284361293338185, 0.0625235416435024, 0.06314037104983693, 0.06821843731310592, 0.06246140912682467], "(1, -4, 0, 0)": [-0.003670612485608322, -0.007398824407380075, -0.0028184814336786783, -0.0018921146361409041, -0.0029887592521990174, -0.003334762577854749, -0.0016828770879158171, -0.005183411447202097, -0.002585383015404107, -0.0031751556953124585, 0.003399656247014278], "(-1, 1, 0, 0)": [0.9130430995035372, 0.574579531000706, 0.5488905723448707, 0.6090722755289173, 0.5224767007890896, 0.5525436671994786, 0.5524494255313516, 0.5503693004052577, 0.5113399943709325, 0.5684029966673786, 0.6196779683030517], "(-1, 2, 0, 0)": [0.2662208696716647, 0.2006328530044493, 0.184330154069244, 0.1839575990670609, 0.19000957051771977, 0.1947063908229301, 0.1983382901070012, 0.1981460376623878, 0.19972404538256747, 0.18259096924943785, 0.18522964960417285], "(1, 1, 0, 0)": [0.892973996573688, 0.9487175586516301, 0.883869211955455, 0.886330158863459, 0.853996786055001, 0.8688068567887074, 0.8956399750216552, 0.8773334172386664, 0.8594634070036006, 0.8979127264667078, 0.8669901252884908], "(1, 2, 0, 0)": [0.20671917385207794, 0.363431461090653, 0.6847167423157783, 0.18340526442696115, 0.3764746011398707, 0.38168846912227966, 0.12876312487463332, 0.22344731311236993, 0.2827569107749498, 0.3071093540070146, 0.23961812326070062], "(-1, 0, 0, 0)": [0.9554753454144407, 0.9122429415178509, 0.9021450657116148, 0.9254960525809693, 0.9294023014403033, 0.914837155310568, 0.9067062526232161, 0.9156000028642131, 0.9104358978540201, 0.9032976460384828, 0.9159585575501595], "(-2, 1, 0, 0)": [0.03976877409061403, 0.08762003742693267, 0.05656334981432928, 0.09263871912474693, 0.06939430997898353, 0.1645992046045815, 0.10154827593632162, 0.05313966545712889, 0.12722990064109985, 0.12160628946110233, 0.009824620025421088], "(-2, 2, 0, 0)": [0.0, 0.05172642723613754, 0.05336918184681549, 0.06615392206001958, 0.06827922509520801, 0.06616187802498899, 0.04322022689431144, 0.028232331510790916, 0.07998738266539475, 0.049566087006373424, 0.046093876765066724], "(-2, 4, 0, 0)": [-0.0014407045824904163, -0.004996604822647363, -0.005574038488425242, -0.006018336842907314, -0.0029420078639241865, -0.004508044847456259, -0.002765252689993263, -0.005704891593813897, -0.006487848247066967, -0.004913279561299718, -0.0035221148595514003], "(2, -1, 0, 0)": [0.23071671878011685, 0.2511262434914226, 0.26527245748277356, 0.2663327522799902, 0.3253971712145978, 0.3912480518067237, 0.2505602939993775, 0.25709989028922864, 0.24913341895903213, 0.32417785500351204, 0.3605726356286998], "(2, -2, 0, 0)": [0.07820704673587889, 0.07632598532491579, 0.0848578362774302, 0.07334359929239707, 0.0, 0.07625935363754796, 0.07566522241353979, 0.09807644587832592, 0.06331176537098868, 0.04743447524596807, 0.08852625926235581],