{"q_values": {"(0, 0, 0, 0)": [0.7952957773906276, 0.7599742175476408, 0.8043540530642879, 0.7593326047297565, 0.7963658222463633], "(0, 0, 0, 1)": [0.8018078927322576, 0.8152673601378858, 0.7649975381642382, 0.7798914645878021, 0.7500754466557953], "(0, 0, 0, 2)": [0.8210992123567087, 0.8131208606051009, 0.8025331680778645, 0.8192556098369801, 0.8195389152840078], "(0, 1, 0, 2)": [0.2760496267363426, 0.18300272207707063, 0.1509896449630948, 0.13554738420511275, 0.11033687004348774], "(0, 1, 0, 3)": [0.09802793217548669, 0.09962500619697644, 0.09183378441513876, 0.09098856988401846, 0.0899868580429027], "(0, 1, 0, 4)": [0.07793190662215549, 0.07885613864278582, 0.08628121817393333, 0.07801601236637287, 0.07297987120511593], "(0, 1, 0, 5)": [0.08642276194217098, 0.06331863653315749, 0.058774342982815045, 0.05395211361886236, 0.04088233842787915], "(0, 2, 0, 5)": [0.06265187020092661, 0.03356146857287022, 0.016546183501952586, 0.01619633212577318, 6.811650032475212e-05], "(0, 2, 0, 4)": [0.05133759037600393, 0.052691196675684435, 0.05869761382714778, 0.033231767413759876, 0.02133796963030301], "(0, 2, 0, 6)": [-0.0029522494814266443, 0.010904721268086061, -0.006203136504255865, -0.005852975076080389, -0.006197463789079917], "(0, 3, 0, 5)": [-0.016297553713805413, -0.016305155935209054, -0.016307768383137095, -0.016311532817346364, -0.015696354886014632], "(0, -1, 0, 1)": [0.8106419762848712, 0.8132251350757972, 0.8146679207704924, 0.8233700544582757, 0.8141117445463956], "(0, -1, 0, 0)": [0.4181326553277821, 0.681407165463156, 0.7930951287971344, 0.8003592761359182, 0.831674632387843], "(0, -1, 0, -1)": [0.25516242594794314, 0.3486595297914853, 0.6411579264969879, 0.6927562056797993, 0.7626940198160518], "(0, -1, 0, -2)": [0.10694681592711591, 0.12833958345998953, 0.1688466372029792, 0.20323506661796265, 0.2950234461825895], "(0, -2, 0, -3)": [0.0737164306216646, 0.07376762599492606, 0.08175404279308734, 0.0810973348644592, 0.11573890797917437], "(0, -2, 0, -5)": [0.013984226153884713, 0.01344327122760441, 0.014917304967924497, 0.018095316737122252, 0.022688674133623642], "(0, -2, 0, -4)": [0.025077605303590024, 0.040861157318882124, 0.04725495328355132, 0.044998579699316324, 0.049582270991663055], "(0, -2, 0, -6)": [-0.0022582291954679748, -0.010418166064144543, -0.010441119514446508, -0.010624207600108501, -0.010778592076607798], "(0, -2, 0, -7)": [-0.0025063714384483187, -0.008078757153502834, -0.008033788377367212, -0.008673337051295445, -0.007940908293155207], "(0, -2, 0, -8)": [-0.013574995111360282, -0.013411986300394205, -0.013520704025679378, -0.013195076251702898, -0.008256838532841218], "(0, 1, 0, 0)": [0.8348067975017351, 0.7783757566164051, 0.797406094542515, 0.7026244895090465, 0.6189379436230168], "(0, 1, 0, 1)": [0.7674136630369943, 0.6563515841756026, 0.5890180526291507, 0.38048141855752604, 0.24327073365151308], "(0, 2, 0, 7)": [-0.014663170729033968, -0.014414287440022416, 0.0008248340835386712, -0.014865052723300196, -0.014857454042873067], "(0, 2, 0, 8)": [-0.009733161108780622, -0.010048399370677941, -0.009674118809839418, -0.006096004809347198, -0.010494587018617949], "(0, -1, 0, -3)": [0.09149290943983161, 0.09275696328756368, 0.09425653528698413, 0.08779013978299469, 0.08786560198209777], "(0, -1, 0, -4)": [0.05396807359193935, 0.06744511531489443, 0.06716889141904465, 0.06483235316408206, 0.08435397583365013], "(0, -1, 0, -5)": [0.05887131672741969, 0.05622490414988797, 0.05806065817584406, 0.05939980481508601, 0.05869299647501673], "(0, 0, 0, -1)": [0.6985905394544683, 0.7700115178891994, 0.775244506989617, 0.8052657095159064, 0.8165307246915078], "(0, 0, 0, -2)": [0.7872560633721788, 0.7825239109611934, 0.7892488494233184, 0.7820205345352886, 0.8238333102504329], "(0, 0, 0, 3)": [0.794204128418694, 0.4895029030199051, 0.34570064810019646, 0.3401456219082157, 0.24223516198975598], "(0, 2, 0, 3)": [0.10800705271626178, 0.08434962731188538, 0.08466058133464255, 0.08104492895598368, 0.07008677100703092], "(0, 1, 0, -1)": [0.8179505452982561, 0.8145904921375275, 0.8333401934262856, 0.8137641232814651, 0.8124723404398139], "(0, 1, 0, -2)": [0.5728761795956303, 0.473023578090965, 0.8301891768868931, 0.46026184928938507, 0.7039377085448401], "(0, -1, 0, 2)": [0.8274298084994496, 0.8275210093189382, 0.82799099158693, 0.7655352417498346, 0.6296459735628199], "(0, -2, 0, -9)": [-0.00832719522072729, -0.010684708036203064, -0.010651726878978496, -0.01016910053169692, -0.010516280743944008], "(0, 0, 0, -3)": [0.10841065936541952, 0.3442877417027544, 0.3601317378773203, 0.7031071201848182, 0.386660427943544], "(0, 3, 0, 7)": [-0.013412894529862123, -0.013412894493808163, -0.012475499333888349, -0.012475240371946974, -0.012483404880991616], "(0, 0, 0, -4)": [0.0067643868353461055, 0.039124251984725626, 0.003213284669203872, 0.04589234726902548, 0.2755958797617059], "(0, -1, 0, -6)": [0.02893346927760365, 0.02321584920089626, 0.03938107717181858, 0.036859935190787355, 0.03890877045301842], "(0, -1, 0, -7)": [0.00902681740626721, 0.0022157731130174833, 0.011731406503417184, 0.022559161211946958, 0.0011375301212523381], "(0, -3, 0, -7)": [-0.011433761920851097, -0.01143092006531153, -0.012472321703251656, -0.011422913672185876, -0.011419861600633525], "(0, 1, 0, 6)": [0.03395951289904373, 0.010466662925808461, 0.035186427644746804, 0.009262819703736122, 0.00753742626661536], "(0, 1, 0, 7)": [0.004110249645329903, 0.009384882463850719, 0.0, 0.0010410555572764948, 0.001894521494023502], "(0, 1, 0, 8)": [0.0027343954469290343, 0.0, 0.0, 0.0, 0.0], "(0, 2, 0, 9)": [-0.010333676616708963, -0.010908346607576698, -0.008761293112815021, -0.010292154027605175, -0.010381528829552367], "(0, -2, 0, -2)": [0.1250110496055609, 0.12466204306089902, 0.12471012555951846, 0.12664007779999956, 0.12877125522294916], "(0, -2, 0, -1)": [0.11010920851695066, 0.18997489440578555, 0.14301194028873984, 0.10113445299465923, 0.1194841060233762], "(0, 2, 0, 2)": [0.14161545564127248, 0.12209832472714452, 0.11921565170942247, 0.1214544015099699, 0.11820817614869526], "(0, 0, 0, 4)": [0.03269470866269185, 0.21091804541797593, 0.06950419525593293, 0.06909783172159717, 0.022264777545761373], "(0, -3, 0, -6)": [-0.01860849790522234, -0.01892869799927033, -0.01892652281935572, -0.01892268793247972, -0.018923599025752184], "(0, 0, 0, 5)": [0.0, 0.0, 0.0, 0.011394351388244026, 0.002474981667448537], "(0, 0, 0, -5)": [0.003045801583348206, 0.0, 0.0, 0.0, 0.0], "(0, -1, 0, 3)": [0.0, 0.001774967615854871, 0.3560109350828933, 0.0009832593612372875, 0.0221980370392151], "(0, -1, 0, 4)": [0.0, 0.005701448720575185, 0.0, 0.0, 0.0], "(0, -3, 0, -9)": [-0.004172318093478679, -0.004170745667070151, -0.0041698357462883, -0.004167320542037487, -0.004170274790376425], "(0, 2, 0, 1)": [0.24006819702766527, 0.24212499529545917, 0.24646314630058375, 0.22814160097068875, 0.2355428507673008], "(0, 3, 0, 8)": [-0.010272323488574476, -0.011436619894204475, -0.010276599076444284, -0.010276950310040264, -0.010280259752869607], "(0, 3, 0, 6)": [-0.019726353347054, -0.019729898933219366, -0.01949489937398395, -0.019499157623987292, -0.019503155258150523], "(0, -3, 0, -5)": [-0.01339677132857151, -0.013395617405264388, -0.013393201420370298, -0.013388298454909726, -0.014231627068228708], "(0, -3, 0, -8)": [-0.010277080443279818, -0.008982006904408335, -0.010273031319646166, -0.010275691190576182, -0.010270440709736197], "(0, 2, 0, 10)": [-0.006267195239611678, -0.006467265274402849, -0.005791407090283349, -0.005006540952872276, -0.005984740142608261], "(0, 3, 0, 4)": [-0.0124328629861434, -0.012434706420493909, -0.012438696597939934, -0.011394429553235694, -0.011398835499997623], "(0, 2, 0, 0)": [0.013967729031014366, 0.004800522147533978, 0.2400747069618334, 0.028214675458062218, 0.001492495091590514], "(0, -3, 0, -4)": [-0.00894819979345426, -0.00894580994926393, -0.00894429954778403, -0.008943322296701372, -0.008937590683270246],