{"q_values": {"(0, 0, 0, 0)": [0.9520789010106051, 0.8914702423000104, 0.9072472614152286, 0.9096916291805621, 0.9049426944200111, 0.9067095269728406, 0.9139941683707034, 0.9070729262233493, 0.9094291699891335, 0.9072557059240185, 0.9077130726263171], "(0, 1, 0, 0)": [0.7514324415389083, 0.9016541639324828, 0.8428436904313591, 0.8300740762258318, 0.8335968415858421, 0.8177224739610204, 0.8342751170823004, 0.8355398200072346, 0.8254156538082341, 0.8389308861819398, 0.8497088657034386], "(0, 2, 0, 0)": [0.6524596219376914, 0.5138650512973311, 0.5286873919541605, 0.6063071598130996, 0.5484793343989348, 0.5592682834603506, 0.5287414807605983, 0.5752192884004991, 0.5103073219761947, 0.5735642629087551, 0.52565078421006], "(0, 3, 0, 0)": [0.3395232129304758, 0.16250478609645105, 0.16047301978889142, 0.1569114531416611, 0.15483598683527205, 0.15839891413722454, 0.15440798494924596, 0.15565230740681624, 0.16046900203086917, 0.15968905974503386, 0.15428008670054605], "(0, 4, 0, 0)": [0.009094900771014065, 0.06701648001627661, 0.0026810596762804947, 0.009171384925257858, 0.008534485235069427, 0.004172520005777445, 0.008754050341917383, 0.009753991701936054, 0.006579493232148951, 0.008186872135086416, 0.0026111613747211992], "(0, -2, 0, 0)": [0.4750905440627888, 0.4651906892363421, 0.4557016051188018, 0.40306205337898826, 0.4101549121227471, 0.4256713840007946, 0.4648827073766067, 0.48078521678405667, 0.5150819921329303, 0.7887334600530542, 0.46915960441714366], "(0, -3, 0, 0)": [0.10428559242087666, 0.09151217553076864, 0.08900804142142087, 0.09295801640775334, 0.09045596353714988, 0.08844815074056578, 0.09679794123535386, 0.09063456737090658, 0.09613110667199404, 0.12272290960881088, 0.0926140665109173], "(0, -4, 0, 0)": [0.0020711110962094324, 0.00032756243326230537, 0.0005883741305300373, 0.0013083740737829322, 0.0010754614765025525, 0.0015966647716701716, 0.0008609805881794226, -0.0008277099376436583, 0.0005587333749631999, -0.0007854007786483666, 0.002114265483565271], "(0, -1, 0, 0)": [0.8485394340320677, 0.794884201555919, 0.813003056656067, 0.8072420743751244, 0.8050927059750356, 0.8282818578259354, 0.8108846372418802, 0.8074749918782737, 0.8164713684217755, 0.8033753719035356, 0.942577265463506], "(1, 3, 0, 0)": [0.012878097816668155, 0.04783755518088769, 0.07145766467762665, 0.044661350248389804, 0.06619718701612587, 0.05018826781980651, 0.01811125321420266, 0.06701901595744524, 0.00589850418718186, 0.06721084266005709, 0.005701853827496536], "(1, 4, 0, 0)": [0.011072410861529443, 0.010352480581486606, 0.0067965180922826786, 0.011839109121881903, 0.010269926363653658, 0.010206464869152413, 0.010071960175158356, 0.009588168664527667, 0.009214961411794481, 0.01069189330053745, 0.012408095576503145], "(-1, -1, 0, 0)": [0.9124021753315704, 0.935690993472934, 0.8912400349371898, 0.92285319637883, 0.9334064874392687, 0.9112951208213972, 0.9072418201239895, 0.9554706221337266, 0.7993484768657838, 0.8446273706454054, 0.9658630740372125], "(-1, -2, 0, 0)": [0.19810010949416068, 0.3061144605831394, 0.2909260988303578, 0.32929734593748977, 0.1491152205063108, 0.345806924477417, 0.3240663920938683, 0.25543015910050765, 0.1900794641539881, 0.044481827465482335, 0.46237171569283053], "(-1, 3, 0, 0)": [0.07005175117581192, 0.06974085695887419, 0.06379867821636796, 0.048236350979535284, 0.06601259854814844, 0.07111710974663935, 0.06764112836539321, 0.06251895255299715, 0.07404201305247116, 0.06719372902360718, 0.0725573400626528], "(-1, 4, 0, 0)": [-0.0007580742304984867, -0.0013267794732543213, 0.0011838587905495133, -0.0010218067326184712, -0.006152025434248557, 0.0028167784829755188, 0.003440709275175268, 0.00182611073333726, -0.0015818504023685596, -0.0011886331762365884, -0.003426154453711445], "(-1, -3, 0, 0)": [0.026954307860235845, 0.022982540979322758, 0.03305221070616509, 0.04306159902362644, 0.0327636307877412, 0.018692513200870228, 0.028160232679865414, 0.019675135172918745, 0.020380158206776695, 0.0228854847101357, 0.011914682833310278], "(-1, -4, 0, 0)": [-0.008240752703958878, -0.007507245623166502, -0.008489473746424331, -0.008465302326379478, -0.008998542838390525, -0.00851048788657735, -0.007902235845697232, -0.00837573158398504, -0.007597336428782192, -0.008503639428563924, -0.0075634064564201655], "(1, 0, 0, 0)": [0.906294512380496, 0.9132631196170481, 0.9099268607643098, 0.914304571574664, 0.8983305848924246, 0.8873556818130707, 0.9071149986142696, 0.907407188143677, 0.9010030626632619, 0.8957845766396629, 0.892992450363099], "(1, -1, 0, 0)": [0.5146613937192114, 0.5958226963882655, 0.523033360126943, 0.6623562714610868, 0.5734453712135634, 0.5463401873917304, 0.565012184103129, 0.4956265332312409, 0.520275927636141, 0.4874335536983633, 0.9069336354395062], "(1, -2, 0, 0)": [0.20058071724226817, 0.16655321868819817, 0.23691834894136715, 0.17696573846787758, 0.18646088748718453, 0.1883570857669231, 0.18488593708998072, 0.17914680150024131, 0.19489956661517346, 0.18672375541162303, 0.47280457578921714], "(1, -3, 0, 0)": [0.07004847363943749, 0.06390881732195472, 0.06233683462127012, 0.051214602391632606, 0.06269853306898603, 0.055967341790664794, 0.06729640321040922, 0.06929800698837388, 0.05993494234265953, 0.09459873870524091, 0.06924197192821202], "(1, -4, 0, 0)": [-0.003670612485608322, -0.007398824407380075, 0.003424901916783409, 0.0015415148860594688, -0.0029887592521990174, -0.003334762577854749, -0.003796291593877798, -0.005183411447202097, -0.0032378124612389247, -0.0031751556953124585, 0.013680445643637015], "(-1, 1, 0, 0)": [0.6392036436212666, 0.6236438375435905, 0.6423947856212329, 0.5895278573770802, 0.6120258417377094, 0.6028134770480098, 0.5985995973087284, 0.6230505307935689, 0.6402526861399493, 0.5861868062319322, 0.5973334643069729], "(-1, 2, 0, 0)": [0.3279524881991987, 0.25103163836947084, 0.2328803083600924, 0.2340239140164509, 0.2498378844092216, 0.23109678349613796, 0.2437962924771782, 0.23492171391863087, 0.2489673497657658, 0.2257503302943833, 0.229855149518844], "(1, 1, 0, 0)": [0.9445747567884453, 0.9086791699576238, 0.8813065567577323, 0.9180225548439119, 0.9042998775659016, 0.9009257605868087, 0.9046028899085319, 0.8845290831640192, 0.7245985213960638, 0.8197508839607088, 0.9158441520327592], "(1, 2, 0, 0)": [0.11663186401377323, 0.08888499775394745, 0.3052739316669728, 0.046598031460447074, 0.08181402430200208, 0.10376036847285808, 0.12876312487463332, 0.12871783202666914, 0.09173105362302762, 0.042701275146575526, 0.0874732974766447], "(-1, 0, 0, 0)": [0.9211888467471947, 0.9700979807571126, 0.9048497854230217, 0.9546671561088163, 0.9385678508052987, 0.9082656064109219, 0.934862133520733, 0.9565217487209061, 0.9447126498936191, 0.9305325828805187, 0.9506275586767873], "(-2, 1, 0, 0)": [0.03976877409061403, 0.08762003742693267, 0.05656334981432928, 0.03616660122399745, 0.06939430997898353, 0.131784666370688, 0.0801563984450154, 0.05313966545712889, 0.12722990064109985, 0.07875099803476263, 0.009824620025421088], "(-2, 2, 0, 0)": [0.0, 0.040508312963812756, 0.037813300719549775, 0.058787965658700064, 0.06827922509520801, 0.06616187802498899, 0.04322022689431144, 0.028232331510790916, 0.10401926678945132, 0.033934219730457064, 0.046093876765066724], "(-2, 4, 0, 0)": [0.004972353251962626, -0.008835395957696997, -0.009634778415538739, -0.006018336842907314, -0.005818228689832701, -0.004508044847456259, -0.006109179759377543, -0.005704891593813897, -0.006487848247066967, -0.00905616755387965, -0.009157593866988528], "(2, -1, 0, 0)": [0.23071671878011685, 0.24061247367413346, 0.230598337980764, 0.22503739317432653, 0.22921369483114065, 0.23157390661825686, 0.2368007623022035, 0.1981075060109318, 0.2190267620265411, 0.23416999078413786, 0.33291615314499906], "(2, -2, 0, 0)": [0.053102967580710043, 0.07089481748757145, 0.07238127670939035, 0.07334359929239707, 0.0, 0.07625935363754796, 0.07186537368733752, 0.07008685489162875, 0.04370844729112643, 0.04743447524596807, 0.09271706384982699],