{"q_values": {"(0, 0, 0, 0)": [0.8328616437593322, 0.8430616172611264, 0.8465435120247475, 0.8513119382238652, 0.858628846787173, 0.8333635800361373, 0.8579186403500062, 0.8599541153608125, 0.8601664774567441, 0.8816704707686793, 0.8560674028030456], "(0, 1, 0, 0)": [0.7743127433485184, 0.7953764062422821, 0.8262927143322174, 0.7754795322788538, 0.7908780987256967, 0.7678701852024861, 0.7511159584013463, 0.7916305641863296, 0.739441999313993, 0.7557038053942697, 0.7678117156352396], "(0, 2, 0, 0)": [0.5114685852885519, 0.5246045153179137, 0.7353939061294886, 0.5020334576714568, 0.5243521287811823, 0.5099113717907539, 0.48690279635047445, 0.4877485867751149, 0.4945400186308771, 0.49979973231376584, 0.5012342647737933], "(0, 3, 0, 0)": [0.2525830091479364, 0.2128173806347289, 0.1826346548980788, 0.20431773761289695, 0.19688326279978963, 0.2120040163837619, 0.20041514947501318, 0.20464567748292933, 0.20769314822961052, 0.1848073862341812, 0.17830410104403713], "(0, 4, 0, 0)": [0.009094900771014065, 0.03257270656265288, 0.008792211193431015, 0.009171384925257858, 0.008534485235069427, -0.003221859452221665, 0.008754050341917383, 0.006808786629589132, 0.006579493232148951, 0.008186872135086416, 0.00870793542970378], "(0, -2, 0, 0)": [0.5595152858011043, 0.6422990767409401, 0.6090675024704564, 0.6341118094713399, 0.6041080195689857, 0.5751982871773087, 0.6236300061284713, 0.5986854370465707, 0.6135753817141284, 0.5866382425855968, 0.8047989462732933], "(0, -3, 0, 0)": [0.13742977182883115, 0.21728897293966415, 0.15820919012292542, 0.14942129289404268, 0.13659289274907388, 0.12897897095805277, 0.13087422185789563, 0.15058510944622305, 0.17045215730787242, 0.14076572172759555, 0.2552700263750111], "(0, -4, 0, 0)": [0.00347068651967348, 0.004159944755066439, 0.00981596207525012, 0.004915181414544796, 0.0010754614765025525, 0.010075148484241965, 0.0055166517071016455, -0.0008277099376436583, 0.005830012031241022, 0.0006768941490027719, 0.0057909443267006415], "(0, -1, 0, 0)": [0.8437537845179816, 0.8136588545008925, 0.8318714141067485, 0.8319244674499829, 0.8355533185142484, 0.8364190481336168, 0.8262955038066411, 0.8401004233343, 0.8098629264584795, 0.8687120587632361, 0.8222130592426009], "(1, 3, 0, 0)": [0.012878097816668155, 0.01968086473420004, 0.039007520696526396, 0.02826910718140041, 0.0709847921363843, 0.02047599733865151, 0.01811125321420266, 0.032745762454488764, 0.00589850418718186, 0.03616380759717979, 0.005701853827496536], "(1, 4, 0, 0)": [0.0028234591923985857, 0.02352861756275875, -0.0007710239557320447, -0.002216946229359795, 0.008867106775422772, 0.0017810600811709373, 0.0034888241219203746, 0.0028637975909819244, 0.0031617043733734376, 0.002812746879147252, -0.007845253944396974], "(-1, -1, 0, 0)": [0.6048860961161754, 0.48814617262976107, 0.7235163200861664, 0.7282436605938902, 0.6943133622782596, 0.5976320288777044, 0.7059362574970639, 0.748246214353888, 0.7696577664533212, 0.7363667346265417, 0.8449030096736694], "(-1, -2, 0, 0)": [0.027975281414637128, 0.02777717230796487, 0.028975514552306892, 0.1421376738846447, 0.030301838623091028, 0.020630802171467275, 0.049405213135272574, 0.00905141372429726, 0.021333105214333438, 0.044481827465482335, 0.03787454526679897], "(-1, 3, 0, 0)": [0.14081828061173313, 0.05488814650431431, 0.054743219692764064, 0.07382496617348579, 0.0646870367179655, 0.0832058343879665, 0.0719188223743771, 0.07627370199421495, 0.055954647444907794, 0.05740550179223183, 0.08062784163936418], "(-1, 4, 0, 0)": [0.0035451301801971502, 0.0010033456969310052, 0.0058089237013311795, 0.005662820722851856, -0.006152025434248557, -0.0018529536290579568, 0.003081535897592149, -0.0020266240075394607, 0.0032049816554227985, -0.0011886331762365884, -0.003426154453711445], "(-1, -3, 0, 0)": [0.026954307860235845, 0.012002300057076335, 0.03788415501364953, 0.09194277804463113, 0.034302021144911515, 0.018692513200870228, 0.0124389353716152, 0.023876173478067107, 0.020380158206776695, 0.01779305813678994, 0.011914682833310278], "(-1, -4, 0, 0)": [-0.004626748303795816, -0.00012062242108714337, 0.0004984837005441219, 0.0001723744746796995, 0.007059563540876361, -0.002107428240931837, -0.00016898870349597254, 0.00042220060327530576, 0.03055363482523916, 0.02004126566713392, 0.031301434460322186], "(1, 0, 0, 0)": [0.7493025963740865, 0.7501229843239118, 0.7438689567817253, 0.7511243658028733, 0.7021787119211409, 0.6930689119826781, 0.7491898248278664, 0.6818372048777491, 0.7403752284952951, 0.6927140819447961, 0.7423229206011625], "(1, -1, 0, 0)": [0.6044801184882564, 0.5382306290294442, 0.5534962903270964, 0.49351635873377087, 0.5757671423946069, 0.540785865581622, 0.4871770203630761, 0.5533842260991146, 0.5444703698217224, 0.5294514265195142, 0.7573202569011139], "(1, -2, 0, 0)": [0.2945129921993792, 0.2681966817024013, 0.2902162640900087, 0.2757541236223544, 0.27396049818861146, 0.2700262894205628, 0.2747681820529621, 0.267060102175971, 0.277629110689507, 0.2786475824699292, 0.2769424199455551], "(1, -3, 0, 0)": [0.06869280698855337, 0.06879445006066673, 0.07499042710241913, 0.07862741205168013, 0.0688967291408466, 0.07607903323950059, 0.06835744922667467, 0.06800154961502633, 0.07057417308716299, 0.07175473669295211, 0.08462410272268268], "(1, -4, 0, 0)": [-0.001032839942109274, 0.0016531259734244427, -0.0008596922718091208, -0.0005927932176408007, 0.0010385136225455355, 0.0016097484808012298, -0.0009698949373102917, -0.005183411447202097, 9.917346555970725e-05, -0.001831840950238293, 0.0015336319834758482], "(-1, 1, 0, 0)": [0.5845014509726825, 0.5423378000077568, 0.5456522607207628, 0.5431060724328536, 0.5320298972143225, 0.5239569356836055, 0.5224638295369366, 0.49684298161248036, 0.5249063330969507, 0.5299648234877783, 0.5468352588263741], "(-1, 2, 0, 0)": [0.2744474462643875, 0.24957811252310308, 0.2668108982387727, 0.2601362156423293, 0.2659326966454411, 0.26416995013167976, 0.2618032832596346, 0.2593546541463738, 0.2695966603612456, 0.26107797839203617, 0.2760624861639177], "(1, 1, 0, 0)": [0.8327941260373783, 0.6976805042036152, 0.7442859348199531, 0.7272230003171845, 0.7537862928318724, 0.744777866484706, 0.7427659049624629, 0.7380994031799747, 0.65986422187998, 0.6621516454275085, 0.7441340706101968], "(1, 2, 0, 0)": [0.023761659768261743, 0.030647577301955338, 0.01786100518604548, 0.017906970177153012, 0.03670585625837126, 0.06880077698859596, 0.17249622794774633, 0.03228248487292386, 0.03287111485459479, 0.042701275146575526, 0.05417895397896737], "(-1, 0, 0, 0)": [0.6569618519093016, 0.648362287153165, 0.7035306998273189, 0.6989274505131249, 0.6382778795499029, 0.6791550148767542, 0.7087011225781453, 0.7101678798219385, 0.670079341425951, 0.6754727486177285, 0.6706705612943448], "(-2, 1, 0, 0)": [0.013571347817313917, 0.031310196389375745, 0.03227728232941669, 0.03616660122399745, 0.04494841718388683, 0.03464515286281945, 0.056413488985225815, 0.05313966545712889, 0.14120625319644278, 0.03411713624583176, 0.009824620025421088], "(-2, 2, 0, 0)": [0.0, 0.014058662101073533, 0.037813300719549775, 0.058787965658700064, 0.0361005985072837, 0.04926098629268464, 0.03187149858124863, 0.028232331510790916, 0.06812333764464078, 0.03156810956216494, 0.02379973833353869], "(-2, 4, 0, 0)": [-0.0003269428963061224, -0.0043818637728691105, -0.006601925647976337, -0.00016831783586841254, -0.003144884283137499, -0.006409592090918521, -0.002763904266655445, -0.005704891593813897, -0.006487848247066967, -0.0035885076082987698, -0.0026975985950461654], "(2, -1, 0, 0)": [0.1806491788727508, 0.15327500579667275, 0.16227994790398387, 0.1142105217907476, 0.19366967039694283, 0.1352773529214403, 0.2014777137666659, 0.2591565130468574, 0.19860142603463887, 0.1622193746473539, 0.187224967405607], "(2, -2, 0, 0)": [0.04092446806363106, 0.0638228484470015, 0.04087393988764357, 0.09283018654827743, 0.0, 0.025980337306486474, 0.03396896614009301, 0.05918360355806215, 0.02815385880850118, 0.04743447524596807, 0.05953946553788808],