{"q_values": {"(0, 1, 0, 0)": [77.29012142963451, 77.78933945002746, 67.53290486951772, 78.60568788957026, 77.19213971201427, 74.9614021234276, 78.65540964168997, 77.65536399554838, 78.79973489838628, 78.10861744844426, 75.39310152769995], "(0, 2, 0, 0)": [71.84920085252143, 77.60090974170254, 73.09164496364487, 75.36790823464423, 69.62818812455326, 72.8792871913385, 70.8141056691581, 72.18928845929197, 70.35935617164432, 71.14523265139982, 72.49801088383674], "(0, 3, 0, 0)": [64.04621513916267, 66.34659358717, 62.60956249725338, 65.50044970511524, 65.43900639654841, 63.93286819325598, 63.2715597984078, 61.98285795870685, 64.04280378776026, 62.67753618001784, 63.05579170004643], "(0, 4, 0, 0)": [52.60867684801454, 58.94259771006805, 54.19429576326376, 51.84971832165857, 53.00904507612961, 51.075082322752635, 52.341106968517266, 52.27179737556467, 53.61619041733014, 54.21112228471073, 50.75648425834681], "(0, 5, 0, 0)": [33.591607261683905, 34.95964319577446, 33.293226904539345, 31.72383476566971, 33.46810966324844, 31.321868076190317, 34.07497565768073, 34.80725944660218, 36.46974588786286, 31.260347211307696, 31.431736785075902], "(0, 6, 0, 0)": [25.219711870994335, 19.60576213793775, 25.288522429633026, 21.440791120355218, 23.01629898447992, 18.028501369738635, 22.080614105694693, 21.15258443853898, 20.47662820452108, 19.516359848770943, 15.406016000179312], "(0, 7, 0, 0)": [8.307063189375237, 11.743647600534057, 6.216579092782156, 8.69084775628271, 6.900886185407976, 7.3888591016952905, 5.31072227516159, 5.5198634205619435, 5.311935862867427, 6.282442314764923, 5.193720100232799], "(0, 8, 0, 0)": [1.9480377050870101, 2.3966962294522833, 0.02235074860518438, 0.3041403553437696, 0.4533906653987261, 0.33154283990634675, -0.14420248977124245, 0.34718585890900466, 0.20138084626556846, -0.31749843783661597, -1.2122926272919083], "(0, -4, 0, 0)": [45.973377907958806, 49.416123637084986, 58.27727238632404, 42.649241826470025, 54.90818725350802, 43.36435443506717, 57.185063711269635, 55.26961443199239, 45.498014595394665, 52.0665547808118, 48.55569224495789], "(0, -5, 0, 0)": [21.58778430010503, 23.569006687753035, 21.54201018535351, 21.679740247412994, 24.040026705492895, 24.575282421491625, 24.39712891592579, 22.391034175074072, 23.046341421711595, 24.951931152203688, 23.40892084952781], "(0, -6, 0, 0)": [11.312755936146958, 11.669286223333327, 12.914188041665525, 11.840680659030278, 11.009774774496513, 12.71522425618296, 8.87178993655931, 12.222499059884107, 12.363995456942513, 12.186785131944166, 12.745936148081782], "(0, -7, 0, 0)": [3.902470185349751, 5.510548556745813, 5.31805198125961, 5.206078281431119, 4.217508224337422, 4.776665439061151, 4.418869358438775, 5.127164228535956, 5.785242933799763, 5.06561338548503, 5.462866346751847], "(0, -8, 0, 0)": [0.04266846062139573, 0.2428891781754644, -0.2638415892715448, -0.9934554653445797, 0.19714433016931215, 0.10374427468368774, 0.06436454188458579, -0.32465124468012835, -0.24689425522392228, 0.3744026610954513, 0.10339206498814635], "(0, 0, 0, 0)": [81.6144234539086, 82.67375544061206, 81.9178210586352, 81.85143688514599, 81.8176446037473, 75.86156987419096, 81.39841322399903, 81.43731996303357, 81.33717330268475, 80.63194135456199, 81.5977780060307], "(0, -1, 0, 0)": [82.20418879286905, 81.81990780158492, 82.18768514794148, 82.12885454700492, 82.32826839336363, 82.21234445213076, 81.1420817303402, 82.07053637333516, 69.74926215705509, 81.3020079603551, 82.56875391785029], "(0, -2, 0, 0)": [79.06532884333647, 79.45377044306147, 79.90444266691483, 79.51603617073715, 78.45921326810073, 79.3899133143845, 79.00635121785129, 79.66029259604349, 79.5984437937568, 80.0192444829753, 80.43687246156436], "(0, -3, 0, 0)": [71.82732386249674, 71.07720886454543, 70.93369699296979, 71.23753792836533, 70.7227233875603, 61.67529118568777, 70.2474345731197, 72.69467299514224, 72.38744837989404, 71.30143166710994, 72.23435497956953], "(-1, -6, 0, 0)": [0.2595784951302859, 0.2609484006020876, 0.4622718438968064, 0.4484103312794398, 0.177295982837677, 0.4433494825305533, 0.17904367446899416, 0.0, 0.2680999318550144, 0.4375213467309329, 0.40658847302973694], "(-1, -7, 0, 0)": [0.43211739161920615, 0.21519471958567538, 0.2174213583796207, 0.33863888590335844, 0.26334419938039844, 0.0, 0.17548352479934692, 0.4489112729231548, 0.36956991522312166, 0.21805952671450377, 0.0], "(-1, -8, 0, 0)": [0.0, -0.43610873222351076, 0.0855947861796856, 0.0, 0.0, 0.16657189130783082, -0.43758244514465333, 0.0, 0.0, 0.20073171226978304, 0.0], "(1, -7, 0, 0)": [1.1151792914891459, 0.44510975154405197, 1.4770931427613367, 1.1573177136094221, 0.5301795460816813, 0.6887119259649368, 1.2187644561213598, 0.0, 0.48162862924313843, 1.8100598894372883, 1.485763847637133], "(1, -8, 0, 0)": [-0.24709369951605586, -0.42674562125205995, -0.29544632714906627, 0.2728102848426725, -0.43567562103271484, -0.436513614654541, 0.2806562691351758, -0.6784407653808594, 0.5638599143980361, 0.9533747057268966, -0.27422919048309324], "(-1, -3, 0, 0)": [0.19352160692214967, 0.24188812949509622, 0.5550584903063294, 0.28963522189098984, 0.6737302412078958, 0.2826923119703497, 0.4685510409704413, 0.28077126619016785, 0.9620249907395579, 0.0, 0.323304004427666], "(-1, -4, 0, 0)": [0.7460297892992609, 0.8025670548018868, 0.6125329607377599, 0.5469522043933925, 0.5119635265758727, 0.44661120721521147, 0.7046384486077334, 1.1780854259847955, 0.4269477095796697, 1.1386591221827072, 0.6312655826442187], "(-1, -5, 0, 0)": [0.22018123693466185, 0.42093560241946043, 0.0, 0.2843765771642805, 0.6788702651421678, 0.45148836167147877, 0.0, 0.0, 0.4155682397935244, 0.23144150060958865, 0.0], "(-1, 3, 0, 0)": [0.19533696174621584, 0.7768347212104261, 0.7011122404310431, 0.0, 0.0, 0.0, 0.7730689689787387, 0.4169703525918845, 13.057766552966314, 0.4292299767900467, 1.7634201893295722], "(-1, 4, 0, 0)": [1.0797933535079207, 0.824655299225117, 0.6848416922317768, 0.7516656388846211, 1.0013140772299203, 0.823576152363087, 0.7493267407027058, 1.9565021718458173, 0.6368178950031622, 0.9696475445749505, 0.0], "(-1, 5, 0, 0)": [0.4348179643226443, 0.5113676946845436, 1.1333780199501695, 0.39595301166333857, 0.7551420361496656, 0.0, 0.9452268830767008, 0.6655597609530155, 0.0, 1.6738449318995052, 1.3124886816472503], "(-1, 6, 0, 0)": [0.32228373428755325, 0.0, 0.322056902851396, 0.4176846978795894, 5.651818739848729, 0.8779114628471714, 0.5193976387480244, 0.4282534858049629, 0.46238682886534255, 0.0, 0.21235738391876222], "(-1, 7, 0, 0)": [2.4099336454092626, 1.7774786609141227, 0.17138237953186036, 1.1574056904890622, 0.38291343257633637, 0.21122881099979823, 1.2626257755556762, 0.5354198555173424, 0.6251349382198808, 0.6697666039814419, 1.3234604072792837], "(-1, 8, 0, 0)": [0.3816788809351474, -0.02176728890795332, 0.5385959692313371, 0.3051580111739324, 0.3669468944230405, -0.1591706682411771, -0.4359782695770264, 0.7186737866040152, -0.7860660552978516, -0.1452409950626305, 0.1247914607090746], "(1, -3, 0, 0)": [5.63714856580623, 7.663938748608713, 5.0126139354301475, 8.732796129644026, 7.790021416476474, 6.08376205793934, 6.7102216994612975, 9.057186520120549, 13.6644993624352, 8.002849558674798, 4.249011558909627], "(1, -2, 0, 0)": [5.892249901655902, 18.776991553361764, 5.116694018366379, 3.163830961077286, 7.988269116951438, 6.785924182559705, 6.812547225348604, 7.296061810443833, 3.0096026651960877, 8.822140005039783, 5.211393699926971], "(1, -4, 0, 0)": [3.1573551491227843, 3.8149037084003092, 4.106743224616544, 1.5474009862962008, 4.523138512050239, 6.9451037168757885, 3.1190921699624523, 3.907748680908292, 5.377255887698846, 4.436404595421268, 0.1930708885192871], "(1, -5, 0, 0)": [0.3570902303593439, 2.0170665830217347, 0.4132313124960771, 1.0011627887525598, 1.7153475257750834, 3.286123677469752, 5.04102458508131, 2.4188215561798354, 2.0835106989964602, 0.0, 2.6301022464543076],