{"q_values": {"(0, 0, 0, 0)": [0.7800855491911213, 0.7742826914439759, 0.7405865131489046, 0.7601690027609953, 0.7707904729186053], "(0, 1, 0, 0)": [0.6366093695723404, 0.5033950389080678, 0.4795434195896458, 0.5363532482878657, 0.5110649348001473], "(0, 2, 0, 0)": [0.061134519732071554, 0.04392736463294, 0.051112527431685005, 0.040399465513519625, 0.043945611830668925], "(0, -1, 0, 0)": [0.7563452987610862, 0.7495765156178266, 0.7143522179253462, 0.7843777456959853, 0.8518529580369529], "(0, -2, 0, 0)": [0.05630507274655287, 0.04836535190217238, 0.06751976459780665, 0.059213878388416005, 0.06765549834876378], "(1, 0, 0, 0)": [0.6196422948315078, 0.7038535713148423, 0.6316079338244165, 0.7091564412016104, 0.8276597679759943], "(-1, -1, 0, 0)": [0.48443615493458536, 0.340471869862759, 0.5161865957372452, 0.48318479717463597, 0.6366595646766654], "(-1, -2, 0, 0)": [0.07607031983905262, 0.09129074773390422, 0.115865999151428, 0.08754239831007309, 0.22659332772837873], "(-1, 0, 0, 0)": [0.47644757897607987, 0.47878515003085165, 0.49425172321878785, 0.520114675486658, 0.4697857866469277], "(1, 1, 0, 0)": [0.7887435748649317, 0.7134100596236903, 0.7715896648986882, 0.6974536937409518, 0.7334238340991153], "(1, 2, 0, 0)": [0.241808225459731, 0.09775983951515882, 0.09801484326762769, 0.09850542732878845, 0.04538205878389459], "(-1, 1, 0, 0)": [0.4502055203966945, 0.27063902698776937, 0.24500212610037644, 0.2651342155039258, 0.26902239703377967], "(-1, 2, 0, 0)": [0.011004312708373654, 0.01098947243302735, 0.010039990148735804, 0.011376643292001125, 0.010858952811425867], "(1, -1, 0, 0)": [0.5780143953337478, 0.5433923492927072, 0.4891085017750846, 0.46661870183253307, 0.8323980302149026], "(1, -2, 0, 0)": [0.005954824096412203, 0.006469644695329949, 0.029063985037493016, 0.0029219325822504357, 0.004190473577276611], "(-2, 2, 0, 0)": [0.012752137792790275, 0.01251662764363488, 0.014503246029067943, 0.014159214591150956, 0.011137086286486252], "(-2, 1, 0, 0)": [0.23491893518143958, 0.2375593462986185, 0.21564383289197023, 0.22584472617372248, 0.20528141063202218], "(-2, -2, 0, 0)": [-0.0043562397360801695, 0.012879633847379529, 0.007389304493249187, 0.0, 0.0], "(2, -1, 0, 0)": [0.1925393136551524, 0.21383195641967032, 0.23064670180740693, 0.2412146066488172, 0.31604822617196554], "(2, -2, 0, 0)": [0.003994692261063755, 0.003859169126662952, 0.004708815760009835, 0.0004634909824689313, 0.005566159048746259], "(-2, 0, 0, 0)": [0.2534643396925105, 0.24527247077624303, 0.2524662256875034, 0.30854252809714394, 0.21656442461136868], "(-3, 1, 0, 0)": [0.017023305216061102, 0.037724155558207975, 0.06233416442724601, 0.04418182919220112, 0.043207089477742926], "(-3, 2, 0, 0)": [-0.0007802785562202475, 0.004803960559925272, -3.039132882878999e-05, -0.004571176956051375, 0.0009783403586210142], "(2, 1, 0, 0)": [0.7721843878065706, 0.5094871134308191, 0.38920526494839486, 0.5705567554567468, 0.46782285988906014], "(2, 0, 0, 0)": [0.584545627330545, 0.5939210783905011, 0.6099165639269302, 0.6282474197816925, 0.6390869547724688], "(-3, 0, 0, 0)": [0.06581225453235497, 0.05954925177781596, 0.11811034945409021, 0.0483456909819067, 0.0645135384844811], "(-2, -1, 0, 0)": [0.11199276183234277, 0.06784020377956057, 0.08357039425769175, 0.04328167892513018, 0.054708699475361604], "(-3, -1, 0, 0)": [0.0832993331274887, 0.0, 0.0, 0.010703358506400314, 0.014145150379240341], "(-3, -2, 0, 0)": [0.01377213297605539, 0.0, 0.005564506555544577, 0.0, 0.004610109451953786], "(3, -2, 0, 0)": [-0.007909389957785607, -0.004158680718612428, -0.004027063283478505, -0.004134390076019575, 0.016534635675694225], "(3, -1, 0, 0)": [0.1174566509201866, 0.012244383093256699, 0.023513484954055964, 0.03279716233802548, 0.015201986861616532], "(3, 0, 0, 0)": [0.3634075583853509, 0.0, 0.06249794717014639, 0.08577890621666591, 0.037823669217688066], "(2, 2, 0, 0)": [0.001786985993385315, 0.2197068584348958, 0.0, 0.050610146556495476, 0.0], "(3, 1, 0, 0)": [0.29933243259309905, 0.0, 0.0, 0.0, 0.0]}}