{"q_values": {"(0, 0, 0, 0)": [0.9964489214813803, 0.9963611222547328, 0.9963232721817784, 0.9962574978101381, 0.9913986635417023, 0.996043998578477, 0.9963038757931815, 0.9962805326324946, 0.9962492696055065, 0.9961257223069185, 0.9958744333445724], "(0, 0, 0, 1)": [0.9959776313113404, 0.9963524231693965, 0.9959468252744053, 0.9960760317308777, 0.992001643647711, 0.9962210320252471, 0.9942913773620149, 0.9910589511486736, 0.9956371798904272, 0.9664199358703801, 0.9955947689839149], "(0, 0, 0, -1)": [0.9844397091612836, 0.9918418836266445, 0.9955484378717108, 0.9961158267131378, 0.9963023604684471, 0.9964872584490356, 0.9879852179058002, 0.9962130275349601, 0.9939989741801305, 0.9796065177751458, 0.9964121486101989], "(0, 0, 0, 2)": [0.9959117356402943, 0.9876128720071465, 0.9889740347304217, 0.9917176031209256, 0.9892056937972808, 0.9740005542877166, 0.9690053739065743, 0.9623167421282887, 0.8545167307041829, 0.943554256954809, 0.891444398847216], "(0, 1, 0, 2)": [0.9443202306400276, 0.7998283282765791, 0.8365756290115697, 0.8272027424612192, 0.9353053023637103, 0.8353527705375936, 0.9291105688237178, 0.9392448856123943, 0.9156176764470857, 0.7852155372927997, 0.9159124195908674], "(0, 1, 0, 1)": [0.9345458187578766, 0.9438866407722875, 0.9441378154751333, 0.9430554263450666, 0.9444215755195646, 0.8398783166462995, 0.9433012930144917, 0.9413026871629033, 0.9423019337530714, 0.9433057841284821, 0.9427512181277189], "(0, 1, 0, 3)": [0.8800601425964465, 0.9138564250578947, 0.9368310931406465, 0.8362533482321157, 0.8080377008232053, 0.8819884216624367, 0.8409179714304378, 0.8292089377465359, 0.7563366674455938, 0.7906406861139577, 0.7580928247298981], "(0, 2, 0, 4)": [0.2990982915763515, 0.17935851172135198, 0.6452244771265265, 0.6838673667718604, 0.5805865932001075, 0.6555939427918708, 0.6533250778743626, 0.3129933721081811, 0.4693698585427817, 0.48608433592253114, 0.4604058178310769], "(0, 2, 0, 5)": [0.264366770154398, 0.44835203034319293, 0.22812217024377957, 0.33033838307081875, 0.2685745298043491, 0.2586667340581675, 0.40988115691277893, 0.27053758796622235, 0.037412023486845684, 0.29939327121818327, 0.39531650216762426], "(0, 2, 1, 5)": [0.3467574724684508, 0.0794334188752514, 0.0, 0.08839911275838454, 0.0, 0.020412527333515708, 0.1831583868590234, 0.0, 0.0, 0.09113432820759676, 0.00834275015576277], "(0, 2, 1, 6)": [0.004144035279750824, 0.19875442973369506, 0.0, -0.0108846640214324, 0.0, 0.1268715035671688, -0.014276146047050135, 0.009777197866641706, 0.12195441078789693, 0.010985889976726424, 0.0810587042844803], "(0, 2, 0, 6)": [0.2373710922652259, 0.1203393145768942, 0.16463961369238972, -0.017164967331319197, 0.0018510280268392056, 0.10709590805240407, 0.1287099112087647, 0.07910340652845085, -0.015172437370975038, -0.003387417931991838, 0.17407392709018604], "(0, -1, 0, 0)": [0.9628989656219864, 0.958068410652946, 0.9615783742650803, 0.9571837569031687, 0.9620043140586609, 0.9623088288890561, 0.9489814237630392, 0.9558249525171827, 0.9619977139541188, 0.960857423926979, 0.9571897298221488], "(0, -1, 0, 1)": [0.8692456245068372, 0.8093129502798657, 0.9562618873157633, 0.891604454636941, 0.9227679981947472, 0.8731316496732856, 0.921548612542785, 0.8782283154677839, 0.8305882039862222, 0.8827094651268076, 0.8979963274259826], "(0, -1, 0, -1)": [0.9539646158964866, 0.9584070828974713, 0.9609922212739049, 0.9346107990236957, 0.9603013299931971, 0.9597571908753207, 0.9625565534476028, 0.9630094729326477, 0.9618232707488423, 0.95513397884032, 0.9617526916763582], "(0, -1, 0, -2)": [0.8755827492571819, 0.9369797763236567, 0.926299531084229, 0.9530312984305969, 0.9504966102242869, 0.9299011680472893, 0.8499580258968973, 0.9550297698031343, 0.9301687130759624, 0.7999138928180557, 0.8554288254058303], "(0, -1, 0, -3)": [0.7978516546523281, 0.8557262085554405, 0.8582112140797369, 0.8619091350179104, 0.8183796371083946, 0.8915293930811659, 0.8912192081522856, 0.8399700296356969, 0.9131365385092688, 0.8959244866868076, 0.8223375272900475], "(0, -2, 0, -3)": [0.6143534165341147, 0.7040694584444716, 0.625508700331963, 0.6533450229718776, 0.6679471484247128, 0.6725070684539023, 0.6891727388044543, 0.6443956524099825, 0.3596295057350913, 0.6995886231068973, 0.6868892444710155], "(0, -2, 0, -2)": [0.7242573267075592, 0.5446448578670087, 0.7174857629896643, 0.708082439681289, 0.7185740824619813, 0.7385395708858641, 0.7284532704773183, 0.735157097084745, 0.7406867139813917, 0.6997695131207167, 0.7360253345260052], "(0, -2, 0, -4)": [0.5599298300838167, 0.550497341609238, 0.5708088397522336, 0.45660318415136114, 0.6118980338805453, 0.4121321774396438, 0.5989932249460591, 0.3299801177918893, 0.5538252445679432, 0.28152255259864156, 0.5294724877599573], "(0, -2, 0, -5)": [0.32888855045461085, 0.2324391159681046, 0.3331792233240374, 0.2038463846724505, 0.41131051237852606, 0.1187283179928938, 0.2012911021633617, 0.3633914610983012, 0.5494118575664971, 0.215465946376518, 0.6122380768305007], "(0, 1, 0, 0)": [0.92990890598535, 0.7317514429270897, 0.9421428402286467, 0.9396419014096085, 0.9429687559549822, 0.9426971061831728, 0.9302213232073268, 0.9444122956578731, 0.9414353339042938, 0.8684723615266557, 0.9249411903971184], "(0, 1, 0, -1)": [0.8347233570686035, 0.8040697695098249, 0.7730158762127046, 0.828615139659481, 0.7998979647531865, 0.7523856061813791, 0.8777969539389631, 0.854792857277067, 0.8750189710937853, 0.7747182422361223, 0.9115961612697214], "(0, 2, 0, 3)": [0.6147367628552067, 0.6548045819738112, 0.6077096514869482, 0.521942850927885, 0.5630176739076604, 0.6869772671114305, 0.618615071930975, 0.688750216867241, 0.6189063891355521, 0.63394524352187, 0.6742964215372453], "(0, 2, 0, 2)": [0.7203722641974089, 0.695732674218256, 0.7142141622210633, 0.7255682888526098, 0.7024715829675223, 0.7184142358525287, 0.7211026039263579, 0.6694740490759152, 0.7133360033794136, 0.6889842293644395, 0.6901745144911715], "(0, -1, -1, -4)": [0.029065067880343274, 0.00474525848403573, 0.09070656124066505, 0.26367442244754874, 0.09447347778548543, 0.25834224658755617, 0.060319149896163826, 0.6984301871438787, 0.3627408968385187, 0.32371317559403534, 0.45030130380403194], "(0, 2, 0, 7)": [0.0, 0.1755839677638336, 0.0, 0.0, 0.0, 0.0, 0.0, 0.0, 0.004184766206890345, 0.0, 0.0], "(0, 2, 1, 7)": [-0.010908783413469791, 0.012857298994589766, 0.0, 0.0, 0.0, 0.0, 0.0, 0.0, 0.0, 0.0, 0.0], "(0, 0, 0, -2)": [0.9286979079353949, 0.9431738749248864, 0.9392064389422331, 0.9203012052885123, 0.9677000791490319, 0.9553042460046877, 0.9688108462720177, 0.9594101561165274, 0.9874873612767524, 0.9615313601527924, 0.9403326823960259], "(0, -1, -1, -3)": [0.48676909821979497, 0.09572192560825277, 0.23147558620872022, 0.35447729149402585, 0.021737269523262687, 0.28552301481717335, 0.5259460014775013, 0.44256510376737834, 0.0, 0.8173324798467683, 0.4752642929371388], "(0, -1, 0, -4)": [0.4447895300536988, 0.5935730781458582, 0.389868053103059, 0.5726749358160546, 0.6698405664976674, 0.24996104536545818, 0.6417690299317326, 0.34917959027170453, 0.6445924061171857, 0.7249517055352501, 0.8102013650522026], "(0, -2, -1, -6)": [0.0, -0.010899988003075123, -0.01090605091303587, 0.0, 0.0, 0.004323514178395271, 0.04929902027865713, 0.07625617599937135, 0.0, 0.0, 0.0], "(0, 0, -1, -3)": [0.0, 0.0, 0.0, 0.0, 0.0, 0.7623732208523206, 0.009996272046377475, 0.0, 0.0, 0.0, 0.023992198322933166], "(0, -1, -1, -5)": [0.0, 0.04005460623353368, 0.0, 0.018986899883008307, 0.0, 0.0, 0.0, 0.05443750617697815, 0.0, 0.0, 0.1286928170504617], "(0, -2, -1, -4)": [0.174190458283277, 0.0, 0.0, 0.07599814584701733, 0.08977734618639147, 0.10664846087982152, 0.0, 0.05056959141815355, 0.23077590060335842, 0.08621003023900194, 0.21678958725797645], "(0, 2, 0, 1)": [0.4189168897402422, 0.0, 0.6190747891479564, 0.14950769404624614, 0.17547834898397427, 0.5179814280493013, 0.6401106237662533, 0.41647990961878234, 0.6568730061289885, 0.6345625488577777, 0.7199496471558071],