{"q_values": {"(0, 0, 0, 0)": [0.9028000929203898, 0.879614614614022, 0.8894693443045227, 0.8991808615681933, 0.8978094055602073, 0.9281925009393821, 0.9043703447387716, 0.8814155322881505, 0.9008063728537249, 0.9073796254021175, 0.9037589010259152, 0.9031120256042411, 0.9046201422821677, 0.897172871123062, 0.9017040224880134], "(0, 1, 0, 0)": [0.7956113368246569, 0.802555110462017, 0.7867529795481185, 0.7947760474004841, 0.826111333679707, 0.7726289786892183, 0.8088179657760125, 0.7989428558860584, 0.8040911954313006, 0.8093640742615269, 0.8066694860429439, 0.827469897746456, 0.8195201941323498, 0.8330967640201826, 0.809297152073557], "(0, 2, 0, 0)": [0.5624373100596708, 0.715212936460197, 0.5246830701112154, 0.5201412975815909, 0.543900185976945, 0.5074212757421052, 0.5244813083867954, 0.495300304035168, 0.5645704404524973, 0.5574146739299151, 0.5665971195789021, 0.5091325286683792, 0.52409891066092, 0.5050532904264415, 0.5486530761581959], "(0, 3, 0, 0)": [0.34179451103235414, 0.170395684500258, 0.17087303473444293, 0.17599947589453757, 0.17297815474903752, 0.19566494767661183, 0.20273611985214596, 0.15203641717729638, 0.16717840367143208, 0.1872510277305956, 0.16747910701484559, 0.16369432241513548, 0.16964492695792524, 0.20102645434633856, 0.16701300382162712], "(0, 4, 0, 0)": [0.04177370599626048, 0.014569597144049632, 0.014088329338349114, 0.016357213277751564, 0.04051000326532345, 0.0004708344205949129, 0.01481055451260816, 0.0118104838931257, 0.010877377931096947, 0.01452856962311823, 0.01268779087289324, 0.01697737923050977, 0.016086212034688165, 0.012590156127148195, 0.015219680919382082], "(0, -2, 0, 0)": [0.7657029473730222, 0.8093700052672227, 0.7865094670247471, 0.7993086613073886, 0.7752557886637486, 0.8022555783922779, 0.7742222182157594, 0.77548853812125, 0.7410110682141494, 0.791151338177015, 0.796844559649529, 0.7744851983838125, 0.7380847531811042, 0.8254127283247958, 0.9001821046119088], "(0, -3, 0, 0)": [0.27691775280065994, 0.3875523246058257, 0.3586257532215701, 0.3920487701949189, 0.3365622637314036, 0.3801691747342533, 0.42038024056296697, 0.31259348856043967, 0.3986514766273475, 0.32176871624853365, 0.4032858948738509, 0.37777677980540597, 0.3684569190390592, 0.4324975587572821, 0.3697297550403989], "(0, -4, 0, 0)": [0.05201097240855654, 0.0636541004233633, 0.051191798860522525, 0.028575807743025303, 0.06297636016587677, 0.052861131058969044, 0.05293689760808109, 0.053802263839292055, 0.0631043237454545, 0.05103928163224419, 0.03095023852244804, 0.06306320094675405, 0.05939094912268279, 0.06054579761055214, 0.05474856830706479], "(0, -1, 0, 0)": [0.9082051797412652, 0.9072320157341496, 0.9090320052676024, 0.908097732675745, 0.9002691968943259, 0.9073344265972754, 0.9089219487505809, 0.8978953332674747, 0.8888215060621355, 0.9044527099473425, 0.922324928386416, 0.9005528164040316, 0.7973030162119001, 0.9049758036502874, 0.8941303403436975], "(-1, -4, 0, 0)": [0.001474712592481428, 0.07652363162015414, 0.0766712085473122, 0.0728104803372235, 0.07337320812774437, 0.0719339899595003, 0.051137926531063395, 0.003376865189801866, 0.06670631015634473, 0.06733819249091877, 0.04582815671721767, 0.07683737697137291, 0.0673496533358913, 0.0629274963283384, 0.04098710329191982], "(1, -1, 0, 0)": [0.8014362614824831, 0.8104650166580384, 0.7778605191588643, 0.7879191198595852, 0.7864291078882685, 0.7686384650044041, 0.7545166452945226, 0.7948433722383837, 0.7827849124705467, 0.7804744042868998, 0.7737113992214373, 0.7648223924838284, 0.7688174997402667, 0.9029304341414129, 0.72587609739099], "(1, -2, 0, 0)": [0.4921326131965257, 0.4866677766068348, 0.4643440988939338, 0.4549490324729994, 0.47277556776546475, 0.44876992842528796, 0.5040597302904127, 0.47027795304176623, 0.5033238228424134, 0.4636970233897351, 0.5348105636722411, 0.4976316824118182, 0.4936458989144698, 0.4910108328241544, 0.8467016983677771], "(1, -3, 0, 0)": [0.14468962203780913, 0.1323753947703109, 0.14315455595371657, 0.11769059579922549, 0.10154325065260145, 0.07299787686214373, 0.09875544611167417, 0.08202429348162239, 0.06322429929651505, 0.09327446569571478, 0.09276047351340841, 0.1418901005408416, 0.09179154238638174, 0.15886604998863593, 0.12910139409350155], "(-1, 0, 0, 0)": [0.7176611213060566, 0.7158543558412276, 0.701460788243744, 0.7810058809691016, 0.7133939416887691, 0.7020232247687684, 0.6864849899885609, 0.6701950256502451, 0.7054688438010963, 0.7317381294967147, 0.702253909564509, 0.7048233285273652, 0.7242370522486806, 0.699008715674583, 0.7080494093410898], "(-1, -1, 0, 0)": [0.7825477612540924, 0.7551655105327683, 0.769204064820082, 0.7773019426490659, 0.733662266406642, 0.7144659578811371, 0.7178727329686234, 0.7641304192326813, 0.7870185683167636, 0.7610531169924608, 0.7278721821494948, 0.7832729789534113, 0.7744921565593675, 0.7865966302127013, 0.778740812177833], "(-1, -2, 0, 0)": [0.4192619067917532, 0.06641344377742273, 0.3204958020899124, 0.07318921425373766, 0.3519351420660525, 0.242101741722377, 0.2080223858083536, 0.12222600241180638, 0.065446674632958, 0.7283242579206112, 0.19234135423040366, 0.06575354957222607, 0.07089894791827353, 0.27332240508206146, 0.20232273819353155], "(-1, -3, 0, 0)": [0.24067188219797656, 0.2410426703349302, 0.11154161726670372, 0.22052057983385082, 0.2747708426820801, 0.14289848172685204, 0.22671898440143567, 0.23651121373442163, 0.2297981655410708, 0.23914425554717433, 0.2412418026264706, 0.3053445450889697, 0.2743634238895219, 0.5502547591062249, 0.27041154053346383], "(-1, 1, 0, 0)": [0.690411465848827, 0.43758444374752287, 0.46293245487700624, 0.43223109962813155, 0.46280829634821213, 0.46744402557992204, 0.44120528284053434, 0.45748009704152626, 0.45516488472546945, 0.4610294321474922, 0.504493182218577, 0.4725087192785181, 0.46433026739592864, 0.4630565494721301, 0.43870738260734643], "(-1, 3, 0, 0)": [0.08291767031560424, 0.07576727733481259, 0.08517376666486758, 0.08505605070295585, 0.08254514694837466, 0.08719273333665514, 0.08489654073719455, 0.0875634114011211, 0.08692820750057062, 0.08948473007263191, 0.07991025413940667, 0.08544605999281052, 0.08893946858018814, 0.08169104789745574, 0.08628385303196909], "(-1, 4, 0, 0)": [0.004147864457950186, -0.0003179244911806949, -0.003644979667489027, 0.005791327900493557, -0.0060681698025585006, -0.0009321892824547947, -0.0022302461778985518, -0.0018285552135866873, 0.007126978673214035, 0.006357050702532605, -0.0001647537893061492, 0.005913716608393341, -0.0026015971063527597, -0.0022424817639799576, 0.005979175408181819], "(-1, 2, 0, 0)": [0.27603675298956376, 0.33549702937805553, 0.2928786800830711, 0.3003566010801978, 0.27143347083069164, 0.299645141493366, 0.2664911807844669, 0.29916246180877715, 0.29548036241887243, 0.2552010988093773, 0.27598751358722656, 0.28840398079378016, 0.2719540814878091, 0.2623831304238305, 0.2833761305591382], "(1, 0, 0, 0)": [0.8953553508686016, 0.8883337709749177, 0.8886450255276991, 0.8919334060557942, 0.8980102350770242, 0.8673354609149505, 0.8914688296612646, 0.8397778734156082, 0.8822459153640961, 0.9004275918698221, 0.8868965709404435, 0.7809358888094451, 0.955053770691141, 0.8974175371431293, 0.8403591315030269], "(1, -4, 0, 0)": [-0.0052294194999910875, 0.0023399674046240583, 0.0007316539942651681, 0.013124875068435862, 0.009851948735745766, 0.001110343002113102, 0.000994279341229024, 4.3238907917831325e-05, 0.0005456692984859238, -0.005394528792625496, -0.0052090699473481585, 0.010379130205487593, 0.015360256559884515, 0.0006736784231891292, 0.010907616533707979], "(1, 2, 0, 0)": [0.6920938285323724, 0.6575502411543565, 0.6610594233639535, 0.7792730846292988, 0.6888217290755597, 0.7071481438308591, 0.6732545118429699, 0.6864196520118814, 0.7004008120193875, 0.7062237566476305, 0.6701372950216183, 0.6654104197708727, 0.700748665939707, 0.6835521906007801, 0.7171284550199954],