{"q_values": {"(0, 0, 0, 0)": [0.8874333076519612, 0.9304524412836501, 0.9298450230228084, 0.9302280266430748, 0.9334348320872191], "(0, 0, 0, 1)": [0.9355440886929995, 0.9338401189320842, 0.9344452796678082, 0.9322798947734477, 0.9115657937796711], "(0, 0, 0, 2)": [0.9442725761628049, 0.9258876184122605, 0.9448739527973067, 0.9264339133053561, 0.8864795952367085], "(0, 1, 0, 2)": [0.6155649358175783, 0.5222359939006975, 0.4476836434491763, 0.3272924699668397, 0.2346235823848434], "(0, 1, 0, 3)": [0.2717906174770116, 0.21356313447371697, 0.2253613626535014, 0.19135469461276253, 0.17095552020992455], "(0, 1, 0, 4)": [0.1512244210824853, 0.1409444899694432, 0.13904172304510082, 0.12897891744771597, 0.140677094257422], "(0, 1, 0, 5)": [0.09834285004213054, 0.09618824215528268, 0.09847176581508126, 0.09258846733394273, 0.052578910354630234], "(0, 2, 0, 5)": [0.04796279700636796, 0.032654476484556015, 0.0290582416667632, 0.01934647966306335, 0.009242477032235203], "(0, 2, 0, 4)": [0.07163063307285049, 0.060064202933445665, 0.06413479634591987, 0.04525149723684963, 0.029593026487646782], "(0, 2, 0, 6)": [0.003485600729804694, 0.00460522679033596, 0.0069989845078916695, 0.0019468647860762032, 0.00397925737367684], "(0, 3, 0, 5)": [-0.014229308319914782, -0.014236920412895305, -0.01424199680645621, -0.014243272374029389, -0.014248386560606577], "(0, -1, 0, 1)": [0.9438598569835452, 0.9431501996393399, 0.9445776922498992, 0.944346414568989, 0.9438963728753107], "(0, -1, 0, 0)": [0.8599834504496202, 0.9366007925530859, 0.9395745350426437, 0.9425252107062517, 0.9436277255593213], "(0, -1, 0, -1)": [0.6058725846740395, 0.6801282942167588, 0.7815380725722052, 0.876470126487587, 0.9162388159250512], "(0, -1, 0, -2)": [0.2611499408050697, 0.33994709990582994, 0.4146973256283523, 0.5330920383365125, 0.7458758886388249], "(0, -2, 0, -3)": [0.09921046295859653, 0.09733404085895589, 0.1094672468124484, 0.10992734705379402, 0.12714666240531525], "(0, -2, 0, -5)": [0.03279785656190612, 0.02601041760985512, 0.028779531389491353, 0.03366982796970143, 0.05061514734019474], "(0, -2, 0, -4)": [0.03922468567837122, 0.05869049183266079, 0.061066223847373514, 0.07025377258395324, 0.09896932089148405], "(0, -2, 0, -6)": [0.009167762296200277, 0.011996254988109993, 0.013458531160394374, 0.013921194196783108, 0.011260629137153727], "(0, -2, 0, -7)": [0.0016512076043170734, 0.005977774458552414, 0.0020318051297376558, 0.0010289528506826425, 1.8097407406504704e-05], "(0, -2, 0, -8)": [0.005926899991175761, -0.004065006377685168, -0.003914485681897924, -0.006204572222610011, -0.0023470769635503524], "(0, 1, 0, 0)": [0.9417693553879075, 0.9362289994830717, 0.9314902006032797, 0.874395844200306, 0.8320137542586566], "(0, 1, 0, 1)": [0.9253807534192655, 0.7747208244553808, 0.7513836725664697, 0.6964994804348235, 0.5580783957955563], "(0, 2, 0, 7)": [-0.0028873117046819934, -0.0035083773000003666, -0.0017753570675537907, -0.0026564364772231892, -0.003136673328357837], "(0, 2, 0, 8)": [-0.007035017899597168, -0.00802202176432392, -0.008109494151401369, -0.008941676111286233, -0.010494587018617949], "(0, -1, 0, -3)": [0.21285459452139102, 0.21007679872531004, 0.2163136088835568, 0.21385002072175713, 0.21531947724604125], "(0, -1, 0, -4)": [0.16638396914257886, 0.1674860711258025, 0.16537518907124144, 0.1649027706899846, 0.15541815001394876], "(0, -1, 0, -5)": [0.10733868443617757, 0.10522452206717302, 0.11189346072576328, 0.11517757360736602, 0.11956613869264128], "(0, 0, 0, -1)": [0.8817360340724388, 0.9299400299482372, 0.9322305227989929, 0.9330992833884707, 0.9359185873216694], "(0, 0, 0, -2)": [0.9157705404994391, 0.9139750293425014, 0.9355849291804164, 0.9389777089079513, 0.9396913136555649], "(0, 0, 0, 3)": [0.9072994007777938, 0.4895029030199051, 0.34570064810019646, 0.3401456219082157, 0.24223516198975598], "(0, 2, 0, 3)": [0.10500731716987967, 0.10492249228608694, 0.10659501862712169, 0.09705810431230848, 0.08333521351457804], "(0, 1, 0, -1)": [0.9420928691532443, 0.9425911785968791, 0.942238266666675, 0.9424648489438907, 0.9313454016509488], "(0, 1, 0, -2)": [0.2587171161276837, 0.11276972695551238, 0.946485305943714, 0.26490116320195956, 0.4217296012200953], "(0, -1, 0, 2)": [0.8398899784676134, 0.9488790572104007, 0.9018554538379517, 0.5481381965809806, 0.7996914948757288], "(0, -2, 0, -9)": [-0.001210439740282143, -0.004947690733395296, -0.006474145175549563, -0.006896897353485374, -0.0052463797427588], "(0, 0, 0, -3)": [0.10841065936541952, 0.3442877417027544, 0.3128120773414283, 0.8133799749645031, 0.32961884318994883], "(0, 3, 0, 7)": [-0.008966148466020823, -0.008965027150642128, -0.007533519924245775, -0.007531887888722122, -0.007539534420147538], "(0, 0, 0, -4)": [0.0067643868353461055, 0.039124251984725626, 0.003213284669203872, 0.04589234726902548, 0.21802504098721204], "(0, -1, 0, -6)": [0.030465491224793053, 0.02127275245942052, 0.045676368376473084, 0.05924045712216605, 0.08061702423752914], "(0, -1, 0, -7)": [0.00902681740626721, 0.0022157731130174833, 0.011731406503417184, 0.031623739559005284, 0.0011375301212523381], "(0, -3, 0, -7)": [-0.008973016415201129, -0.008974558709356935, -0.00897011922409758, -0.008966046100053936, -0.00896398792674765], "(0, 1, 0, 6)": [0.07470979150222208, 0.009550268407119183, 0.035186427644746804, 0.009262819703736122, 0.00753742626661536], "(0, 1, 0, 7)": [0.004110249645329903, 0.007515117457485541, 0.0, 0.0010410555572764948, 0.001894521494023502], "(0, 1, 0, 8)": [0.0027343954469290343, 0.0, 0.0, 0.0, 0.0], "(0, 2, 0, 9)": [-0.008043404196475838, -0.008325811249288623, -0.006773499566842161, -0.008568992220716207, -0.005046992469297905], "(0, -2, 0, -2)": [0.18111657087339583, 0.19922941922678625, 0.1975947593563338, 0.19804631342666246, 0.20169536397991852], "(0, -2, 0, -1)": [0.11010920851695066, 0.21932796171666225, 0.14301194028873984, 0.10113445299465923, 0.1194841060233762], "(0, 2, 0, 2)": [0.272913492335524, 0.2172422697986089, 0.2100776617521964, 0.20241300408218368, 0.1931795211345246], "(0, 0, 0, 4)": [0.03269470866269185, 0.21091804541797593, 0.06950419525593293, 0.06909783172159717, 0.022264777545761373], "(0, -3, 0, -6)": [-0.01632898287122474, -0.016322893412741835, -0.016319568939661425, -0.016316322655930412, -0.016870444862012952], "(0, 0, 0, 5)": [0.0, 0.0, 0.0, 0.011394351388244026, 0.002474981667448537], "(0, 0, 0, -5)": [0.003045801583348206, 0.0, 0.0, 0.0, 0.0], "(0, -1, 0, 3)": [0.0, 0.001774967615854871, 0.09019487091873425, 0.0009832593612372875, 0.0221980370392151], "(0, -1, 0, 4)": [0.0, 0.005701448720575185, 0.0, 0.0, 0.0], "(0, -3, 0, -9)": [-0.002196987718343735, -0.0021947821602225303, -0.0021954622119665147, -0.004167320542037487, -0.0021944431588053702], "(0, 2, 0, 1)": [0.25842766654626675, 0.27733721627584124, 0.27721694989320556, 0.22814160097068875, 0.27492088776030765], "(0, 3, 0, 8)": [-0.008976980794779958, -0.008977204383704812, -0.007541980912722648, -0.007541983412578702, -0.007544217169284821], "(0, 3, 0, 6)": [-0.011413137111512199, -0.011413142188506947, -0.011415651324373112, -0.011419763739681617, -0.011420415580836684], "(0, -3, 0, -5)": [-0.012456040500405842, -0.012452295325628929, -0.01245092344191732, -0.013388298454909726, -0.013382595867257633], "(0, -3, 0, -8)": [-0.00594201067276299, -0.007541581653803586, -0.007539233591966331, -0.007539533770643175, -0.007540135725960136], "(0, 2, 0, 10)": [-0.002617407898228616, -0.004764770480523896, -0.003939419649723918, -0.004609036006419517, -0.003127040329389274], "(0, 3, 0, 4)": [-0.0124328629861434, -0.012434706420493909, -0.011392793486986123, -0.011394429553235694, -0.011398835499997623], "(0, 2, 0, 0)": [0.013967729031014366, 0.004800522147533978, 0.2400747069618334, 0.028214675458062218, 0.001492495091590514], "(0, -3, 0, -4)": [-0.00894819979345426, -0.00894580994926393, -0.00894429954778403, -0.008943322296701372, -0.008937590683270246],