{"q_values": {"(0, 0, 0, 0)": [0.8032593864029959, 0.801403210763554, 0.7917012808084727, 0.8022532700778496, 0.7971268400902781, 0.8444461654902736, 0.7941085809626061, 0.7777900973325937, 0.7811743435397391, 0.8001538537457058, 0.7755188868220518, 0.7730394560474337, 0.7778406951493233, 0.781736918871338, 0.7946300204915064], "(0, 1, 0, 0)": [0.6877489522101942, 0.8438040532410871, 0.7121971937898567, 0.726843370566307, 0.6944199363815791, 0.6601695052621803, 0.7282122005520698, 0.708945951917479, 0.7017674371157776, 0.7074534170494983, 0.7307761527006765, 0.7627174686152342, 0.6932930575735814, 0.7041855713688591, 0.7345209250442393], "(0, 2, 0, 0)": [0.4219902704901566, 0.8144060239486143, 0.5653573471313496, 0.5008120555942659, 0.4679806140502333, 0.4683071482231156, 0.516886297321196, 0.44014716352257793, 0.49983626707780926, 0.4630438390406627, 0.5113763137632104, 0.5155803657097212, 0.43923985258492554, 0.53786575930381, 0.515338550241351], "(0, 3, 0, 0)": [0.26970379768652686, 0.170395684500258, 0.17087303473444293, 0.16435541673791607, 0.17297815474903752, 0.15384294510868907, 0.16415445162899764, 0.15203641717729638, 0.16717840367143208, 0.16638789516541977, 0.16747910701484559, 0.16369432241513548, 0.16964492695792524, 0.1686170878850291, 0.16701300382162712], "(0, 4, 0, 0)": [0.017227584871998367, 0.014569597144049632, 0.014088329338349114, 0.016357213277751564, 0.010434547317901102, 0.0004708344205949129, 0.017276853682782964, 0.0118104838931257, 0.017414279566801277, 0.018646852371768368, 0.01268779087289324, 0.01871505794101322, 0.016086212034688165, 0.017964493409060443, 0.015219680919382082], "(0, -2, 0, 0)": [0.6980878997635355, 0.7351649259431415, 0.7266519543121737, 0.7432232622249276, 0.6700767552382779, 0.7406028359239736, 0.7281214297225017, 0.7239389924835264, 0.7192643580451975, 0.7180066336449024, 0.7290172991363227, 0.7151855526382588, 0.7293372175673979, 0.7131855466668183, 0.6978911497388862], "(0, -3, 0, 0)": [0.27691775280065994, 0.3528095892144179, 0.3170922573518517, 0.4117327054566547, 0.2859285620763219, 0.41613393565244255, 0.42038024056296697, 0.31259348856043967, 0.3986514766273475, 0.32176871624853365, 0.3175607176905655, 0.3782745005932676, 0.30971749803320453, 0.35423287335057885, 0.5490928293079461], "(0, -4, 0, 0)": [0.06572846702499117, 0.09954494112819864, 0.05991628374211534, 0.028575807743025303, 0.08109116099618902, 0.09916419819619242, 0.08969598746740368, 0.04833551514393996, 0.10143057711316847, 0.07326614688801511, 0.03095023852244804, 0.10371184623098045, 0.06892548945443149, 0.10540475822968735, 0.07135668550450008], "(0, -1, 0, 0)": [0.7865228913212596, 0.8192062739313863, 0.8198135599282237, 0.816520279838583, 0.8151089494454353, 0.7951102885988264, 0.8175069182737494, 0.8173298442832416, 0.8001260722565838, 0.7861547969596913, 0.7888912766892923, 0.8074343068734071, 0.8181909083946057, 0.7590940781016581, 0.8002167229587801], "(-1, -4, 0, 0)": [0.001474712592481428, 0.15831495884717328, 0.13435519110272404, 0.23347160457427388, 0.12734202325950672, 0.0941291202007451, 0.051137926531063395, 0.003376865189801866, 0.08319226477255875, 0.08509222749964768, 0.04582815671721767, 0.15775526423333974, 0.0803460299662419, 0.3978797504564283, 0.0031486996667134236], "(1, -1, 0, 0)": [0.7044932907670312, 0.7025548603504759, 0.6520726920243143, 0.6911163590088708, 0.7003129998186977, 0.6724497698877736, 0.7051109931768429, 0.70423508004455, 0.6856015670068789, 0.6656290002088049, 0.8158426610093347, 0.7026883408813166, 0.6832543817493267, 0.7039311953010426, 0.6749433611929956], "(1, -2, 0, 0)": [0.5243930679968181, 0.5150365050283336, 0.5303801683585444, 0.49132929538322245, 0.5371316437711156, 0.5550188804213707, 0.4968094334244824, 0.5340539490738203, 0.5608979513351972, 0.526643173213227, 0.5085006729354846, 0.5379485021873346, 0.4936458989144698, 0.558985381417279, 0.5722686744491636], "(1, -3, 0, 0)": [0.09472262734404888, 0.08943701455659488, 0.14315455595371657, 0.0920359551294683, 0.09008385005500276, 0.07826828515614638, 0.09875544611167417, 0.08202429348162239, 0.06322429929651505, 0.09327446569571478, 0.09276047351340841, 0.1418901005408416, 0.09179154238638174, 0.20348005039051398, 0.07377853036346692], "(-1, 0, 0, 0)": [0.5473695476250785, 0.3507369785550935, 0.4426796626518656, 0.4274467987291954, 0.3539750999807888, 0.4127917051788989, 0.3016625683584467, 0.28153338058847366, 0.45784563707035697, 0.438434868664912, 0.4254873755747754, 0.3853480588712547, 0.40171054615242363, 0.40673746747674777, 0.41898803378595045], "(-1, -1, 0, 0)": [0.18135087002115127, 0.15101620131928054, 0.16427684349145416, 0.17401337734887734, 0.2464361393590292, 0.18905702284300382, 0.5063709103170049, 0.17972874337966613, 0.22642931165330604, 0.3888321048074247, 0.24399746876611994, 0.24305130904179367, 0.18607666013555985, 0.1151583540936229, 0.22083037547196063], "(-1, -2, 0, 0)": [0.4600064955327272, 0.06641344377742273, 0.07354937340091879, 0.07318921425373766, 0.06627385375391918, 0.03527640320521916, 0.2080223858083536, 0.04738506509330245, 0.065446674632958, 0.2296177746284056, 0.09340972985500844, 0.06575354957222607, 0.07089894791827353, 0.09762776882605713, 0.11022269352128378], "(-1, -3, 0, 0)": [0.3113413880258178, 0.08889299973099374, 0.03877163031095392, 0.15424943320174647, 0.20796970785456445, 0.021159276199206906, 0.2894504014444014, 0.35289236968234594, 0.23782496637908052, 0.14627489229834723, 0.47196794939340136, 0.36501014343685734, 0.12641784139783807, 0.3408708481569855, 0.19206362687236256], "(-1, 1, 0, 0)": [0.5590195584251128, 0.3842996754099289, 0.40511787707912883, 0.3947336853184339, 0.40231757869494933, 0.35001177139696826, 0.3841757301969997, 0.39217367553747723, 0.39317507279174235, 0.39032167068224105, 0.38366544272884917, 0.37541117796409573, 0.3877335082878389, 0.40528086802420515, 0.34015658349918065], "(-1, 3, 0, 0)": [0.1314668319925773, 0.0958754218209794, 0.10174231559487276, 0.10696116424274674, 0.1074749347320369, 0.10530439198576884, 0.10302511417594248, 0.1019012391827517, 0.09374343675889567, 0.101341637078989, 0.10022405462581929, 0.0953313112111702, 0.10513815329159301, 0.10090396766495899, 0.09621249435736438], "(-1, 4, 0, 0)": [0.00016472801939925417, 0.0002969160424981217, 0.0008941647636092022, 0.0012257802970689364, 0.0011155950575356538, 0.0025036059679043408, 0.001013352824223602, -0.0018285552135866873, 0.0008160536052357788, 1.5242228920852273e-05, -0.0001647537893061492, 0.0010664472720527465, -0.0026015971063527597, 0.001636223810583222, 0.0010065699306838543], "(-1, 2, 0, 0)": [0.3644562820277925, 0.264018656913964, 0.2752721965151261, 0.2771667607040305, 0.27240576996384513, 0.28216748847318335, 0.2659249297049212, 0.2672390234758787, 0.26621742751040206, 0.2622257818243532, 0.2607454115149129, 0.27347393237407447, 0.2778112824408812, 0.28632104305822276, 0.3010370132284751], "(1, 0, 0, 0)": [0.7660343733634155, 0.767154176914425, 0.7878718864634416, 0.8048513356473246, 0.7882827471907119, 0.7654163290251729, 0.7892988377079466, 0.7689462668580832, 0.7987906665461367, 0.7866642847001136, 0.7560279264372656, 0.7988471798832156, 0.7284902688020275, 0.9076343980449517, 0.7442018161329392], "(1, -4, 0, 0)": [-0.0052294194999910875, 0.0023399674046240583, 0.0007316539942651681, 0.01684420018125659, 0.009851948735745766, 0.001110343002113102, 0.000994279341229024, 4.3238907917831325e-05, 0.0005456692984859238, -0.005394528792625496, -0.0052090699473481585, 0.0013569558057746215, 0.015454557251970907, 0.0006736784231891292, 0.04253312008869976], "(1, 2, 0, 0)": [0.8345550412484012, 0.6575502411543565, 0.682690506910065, 0.7241806734500881, 0.6576252819014714, 0.7515077562532397, 0.7351146087370558, 0.6637138017672125, 0.6213194438626137, 0.7322649400418985, 0.7115215318485058, 0.735718391425272, 0.6956044247189354, 0.6659866360106548, 0.6902736962350046],