{"q_values": {"(0, 0, 0, 0)": [0.9177619145504935, 0.9134431130772039, 0.9186183891155398, 0.9153924574299449, 0.9170997596345328, 0.9078350496328932, 0.9118491477553674, 0.9159754655082671, 0.9078869056599089, 0.9108723356986802, 0.8770683217624416], "(0, 1, 0, 0)": [0.8087541523724742, 0.7750173012234407, 0.7923260573211557, 0.8007010959635212, 0.7965202602100314, 0.7900811874249245, 0.8158485460420307, 0.7794732919051357, 0.7888303011813069, 0.7991366541130475, 0.7938102091911637], "(0, 2, 0, 0)": [0.45587336774722625, 0.6370681441270287, 0.4472178648628639, 0.4661334488344352, 0.4531026494645702, 0.45620233535434357, 0.5553454070924957, 0.4642507356449375, 0.40371155100667044, 0.45873130474607454, 0.4497787579582926], "(0, 3, 0, 0)": [0.17088160716139275, 0.08929509804102351, 0.09597288495540565, 0.10362168960782919, 0.08737241563835373, 0.09484745441981339, 0.08812444232924938, 0.08254803441951801, 0.09224217878596248, 0.09282488382768793, 0.11616258561768991], "(0, 4, 0, 0)": [0.013700759051463207, 0.001421093776438496, 0.001430638776109762, 0.0018389488288964194, -0.0013021812923183981, 0.0017469046854532494, 0.0007403611840154818, 0.001892333845506377, -0.0012214912632893885, 0.0008368466947723261, 0.0017782792526933556], "(0, -2, 0, 0)": [0.47408200513525706, 0.5324321023900606, 0.4593942558030644, 0.3977366660695816, 0.5098275714197471, 0.49398993604822694, 0.4498988713922756, 0.5344322196663469, 0.40490624406599096, 0.517657392995759, 0.6690433220834808], "(0, -3, 0, 0)": [0.10767966884979936, 0.1104177932650344, 0.07829986001185885, 0.09450305080661227, 0.08963405067623341, 0.10432880013919393, 0.08859023093398669, 0.07546594114418287, 0.11187107432854985, 0.14720342251811738, 0.1426789565596785], "(0, -4, 0, 0)": [0.0019915981168547614, 0.005926115974855938, -0.002887926936923955, -0.0008436227126060397, -0.0034815600307717704, 0.0025982458829539395, -0.002701832260331818, -0.0008277099376436583, -0.0011947614966842648, 0.011278207642023091, -0.0015489743815524887], "(0, -1, 0, 0)": [0.8655046091773967, 0.8532472844205883, 0.8970345331325843, 0.8350622272418692, 0.8949904184226594, 0.8864753930128937, 0.8793706527219964, 0.8983563065283161, 0.8955748612099524, 0.9319071098435537, 0.8782584875975064], "(1, 3, 0, 0)": [0.03351944056762057, 0.04783755518088769, 0.07737579735956886, 0.044661350248389804, 0.061103479203278695, 0.05018826781980651, 0.038424784683545835, 0.059608425695466344, 0.00589850418718186, 0.0689077767764244, 0.06978477228019572], "(1, 4, 0, 0)": [0.003385930617047823, 0.007159978230086577, 0.003466254469950251, 0.003245516685546526, 0.001445766933632654, 0.0034898311946173636, 0.001871545302573753, 0.003819984727085908, 0.0028941372608879776, 0.003655387266865177, 0.002894988929912903], "(-1, -1, 0, 0)": [0.881317402533077, 0.9021665108049912, 0.8844563302579189, 0.897946936212419, 0.8644609893999139, 0.8936830242978642, 0.8914513049302143, 0.8860342861838849, 0.8892895306390394, 0.9119791171852151, 0.8758554180066249], "(-1, -2, 0, 0)": [0.4310162365600835, 0.3061144605831394, 0.4998111851235838, 0.38526583289840144, 0.4177470019299132, 0.4308507798202518, 0.309668104974195, 0.5099066115824941, 0.39387360610254896, 0.3396460816787393, 0.7840707781431526], "(-1, 3, 0, 0)": [0.11675257660981, 0.059153255618877, 0.05357812818799672, 0.05283458818313172, 0.054618036273330055, 0.05944821744008767, 0.06924281382005144, 0.05470329545325893, 0.054185392017465944, 0.05328274922653163, 0.07630112674725309], "(-1, 4, 0, 0)": [0.003920840173360599, 0.018492703710888028, -0.0025911870957976355, -0.0032985579951601467, -0.009283183895844548, -0.00502352483249792, -0.0023237323164280203, -0.0023350245445995206, -0.0029356794045751985, -0.003787798863197702, 0.0036284604827068823], "(-1, -3, 0, 0)": [0.035402866240576966, 0.022982540979322758, 0.03924366976828741, 0.03921715137708475, 0.0327636307877412, 0.018692513200870228, 0.028160232679865414, 0.08401458620482095, 0.020380158206776695, 0.029041785925682066, 0.011914682833310278], "(-1, -4, 0, 0)": [-0.008240752703958878, -0.008652028067987816, -0.008305685337368907, -0.008042227956804402, -0.008998542838390525, -0.00851048788657735, -0.00019771533388906852, -0.00837573158398504, -0.008665861910945614, -0.008503639428563924, -0.008138649764488295], "(1, 0, 0, 0)": [0.8902497469680919, 0.8764394499719965, 0.8797435008740032, 0.865171600620043, 0.8819177423944974, 0.8741460199542038, 0.82621417007045, 0.8748747221163562, 0.9385110990913927, 0.8776107478303161, 0.8796870747732319], "(1, -1, 0, 0)": [0.6778255474994102, 0.7524070099309237, 0.6671844266958966, 0.7072792380857265, 0.7314489576191323, 0.7302955771540994, 0.7099728763748888, 0.7302969727645117, 0.8362898408588227, 0.6915652878099162, 0.6945332236027689], "(1, -2, 0, 0)": [0.23301627296170088, 0.16655321868819817, 0.19077130858364266, 0.30869742537625416, 0.24403038105603803, 0.2917899995377925, 0.21828759582457297, 0.2916670351806892, 0.231249694834385, 0.24888927293051186, 0.3709134150994189], "(1, -3, 0, 0)": [0.06342230443143039, 0.07329327706125563, 0.06233683462127012, 0.061103596386640244, 0.062020096029319224, 0.06255197311234696, 0.08123475339862181, 0.0625235416435024, 0.06314037104983693, 0.07277673612469551, 0.0664269318930927], "(1, -4, 0, 0)": [-0.003670612485608322, -0.002885253043895546, -0.0028184814336786783, -0.0018921146361409041, -0.0029887592521990174, -0.003334762577854749, -0.0016828770879158171, 0.0017063405359334172, -0.002585383015404107, -0.0031751556953124585, 0.008270749459308464], "(-1, 1, 0, 0)": [0.508542158374825, 0.5680781954050302, 0.4981978060434871, 0.48991950562965025, 0.5224767007890896, 0.5252887223666052, 0.5183680498997751, 0.508532086375695, 0.48001123680565616, 0.47551128958219513, 0.47376705878580516], "(-1, 2, 0, 0)": [0.1840484220861383, 0.17753238887914186, 0.184330154069244, 0.2528361714314908, 0.17647288764128907, 0.17709480421019239, 0.17731550295072507, 0.17934381531903337, 0.17471965999380462, 0.18259096924943785, 0.18522964960417285], "(1, 1, 0, 0)": [0.8834308577083917, 0.8836744818397725, 0.9415813331247395, 0.8621686176042099, 0.8299297153400303, 0.8465551633206562, 0.8949710921419255, 0.8698046623519657, 0.8996025210483048, 0.8945965105425953, 0.8859366813135428], "(1, 2, 0, 0)": [0.24475851318224953, 0.4270220507883392, 0.42693535098263935, 0.18340526442696115, 0.4286928970542384, 0.4366424968713069, 0.35179817502273497, 0.4113815433284258, 0.41372676631078265, 0.42823353528343644, 0.31885416265313976], "(-1, 0, 0, 0)": [0.9110786438068983, 0.8717683149961278, 0.8474542897482459, 0.8794711715258299, 0.909577683005078, 0.8861499529529347, 0.913767378810338, 0.8871419927717034, 0.8814819777049416, 0.9030576488320119, 0.9001800745040514], "(-2, 1, 0, 0)": [0.03976877409061403, 0.10755154814284877, 0.05656334981432928, 0.09263871912474693, 0.06939430997898353, 0.2503594574596457, 0.10154827593632162, 0.05313966545712889, 0.12722990064109985, 0.1545318974137165, 0.009824620025421088], "(-2, 2, 0, 0)": [0.01799507331375627, 0.07309819516707575, 0.05336918184681549, 0.15661843585870142, 0.06827922509520801, 0.07590766005435429, 0.04322022689431144, 0.028232331510790916, 0.07233861197663732, 0.049566087006373424, 0.046093876765066724], "(-2, 4, 0, 0)": [-0.0040983233702267885, -0.004996604822647363, -0.005574038488425242, -0.006018336842907314, -0.0022128328180772306, 0.0060532800695265974, -0.004788863151367944, -0.005704891593813897, -0.006487848247066967, -0.0026353865397532746, -0.004468903647114209], "(2, -1, 0, 0)": [0.2833995025812729, 0.22418014453711937, 0.2763885546342951, 0.21388310438222288, 0.27236397086055053, 0.2306805658443938, 0.27557706638950435, 0.24389663156638697, 0.22850298260824645, 0.5770956486377538, 0.2826145257852195],