{"q_values": {"(0, 0, 0, 0)": [0.6359815630301942, 0.631276111079922, 0.6393993572269682, 0.6361266830623057, 0.6399269911134788, 0.6350937230012585, 0.6404268756909216, 0.6407668627580525, 0.633342717841631, 0.6400209857305489, 0.6400806254327289], "(0, 1, 0, 0)": [0.43810183001854885, 0.4464890602106317, 0.4350205300512617, 0.4380181387910985, 0.4031222102453425, 0.4344721710318047, 0.3951220431034178, 0.4240118181415676, 0.44271296596825627, 0.44122727084616575, 0.415209020000277], "(0, 2, 0, 0)": [0.0762688949060758, 0.0691039684101045, 0.07259840578354577, 0.077833424035299, 0.0659061291021528, 0.04130848867183946, 0.07195841657999745, 0.07194372979806085, 0.06282081218415378, 0.0719264426360966, 0.05723861956917754], "(0, -1, 0, 0)": [0.5645307727508341, 0.5672829107567194, 0.5286834419033106, 0.5726412227185608, 0.4910772708204638, 0.5101620643743204, 0.51584339086386, 0.5665242057999953, 0.49847496673803005, 0.5513197675464673, 0.5256363058751219], "(0, -2, 0, 0)": [0.09726784005146455, 0.10220584286045499, 0.11105555498525951, 0.10725679764377911, 0.09542174724762761, 0.12173360721360098, 0.10517124368589988, 0.11501920074671662, 0.09234881570703897, 0.09174582412776021, 0.11220652991941693], "(-1, -1, 0, 0)": [0.04297514604333319, 0.03150382095224606, 0.053197071037128674, 0.043351514369786015, 0.01873709360289772, 0.040675291738927886, 0.033208667225067726, 0.027182646514328897, 0.008476701125426717, 0.08098431632389469, 0.040645064984693335], "(-1, -2, 0, 0)": [-0.0020025438627460854, 0.002780270865482182, -0.0025341814136009425, 0.0, 0.0018687343606390756, 0.001522368109691888, 0.0017430044960994825, 0.0, 0.004146997493651449, 0.0015179166983100999, 0.0018850339492448372], "(-1, 1, 0, 0)": [0.0, 0.0, 0.0025330498558469115, 0.0, 0.0, 0.0, 0.0, 0.0, 0.0, 0.0, 0.0], "(-1, 2, 0, 0)": [0.0, 0.0013555088080465794, 0.0, 0.0027913168375630583, 0.0015352009632130684, -0.0019581328807747917, 0.0015511582907726587, 0.001663484111828953, 0.0, 0.001563249917537556, 0.0], "(-1, 0, 0, 0)": [0.0, 0.001485983608290553, 0.0, 0.0, 0.0018598537291924001, 0.0, 0.0, 0.0, 0.0, 0.0, 0.0]}}