{"q_values": {"(0, 0, 0, 0)": [0.9343052332422142, 0.9350391481503325, 0.9355601177839642, 0.9456328038954883, 0.9328108463916375, 0.9365704781325566, 0.9367754545436365, 0.9320017542620684, 0.9338855749231506, 0.9360416828828032, 0.9349420212700392], "(0, 1, 0, 0)": [0.9424640844614446, 0.7396331685956858, 0.8434447915508199, 0.8054566160382051, 0.8341603282521733, 0.8180462116474638, 0.820377665220274, 0.8364517406348315, 0.7941602417184361, 0.7821902016478348, 0.7931631118024267], "(0, 2, 0, 0)": [0.45587336774722625, 0.5688550950058369, 0.4472178648628639, 0.4661334488344352, 0.4531026494645702, 0.45620233535434357, 0.47232822314432726, 0.4642507356449375, 0.40371155100667044, 0.45873130474607454, 0.4497787579582926], "(0, 3, 0, 0)": [0.1523407203155409, 0.08929509804102351, 0.09597288495540565, 0.08851318968033688, 0.08737241563835373, 0.09484745441981339, 0.08812444232924938, 0.08254803441951801, 0.09224217878596248, 0.09282488382768793, 0.11616258561768991], "(0, 4, 0, 0)": [0.0020501331842497778, 0.001421093776438496, 0.001430638776109762, 0.0018389488288964194, -0.0013021812923183981, 0.0017469046854532494, 0.0007403611840154818, 0.001892333845506377, -0.0012214912632893885, 0.0008368466947723261, 0.0017782792526933556], "(0, -2, 0, 0)": [0.41289977096662467, 0.5032073087813915, 0.4058974690445225, 0.3977366660695816, 0.5098275714197471, 0.5280839640775289, 0.41444762874126995, 0.4114166166973916, 0.40490624406599096, 0.8664674630834467, 0.5066530767381494], "(0, -3, 0, 0)": [0.10767966884979936, 0.08865904527352592, 0.07829986001185885, 0.09450305080661227, 0.08963405067623341, 0.10432880013919393, 0.08859023093398669, 0.07546594114418287, 0.11187107432854985, 0.09273470515270504, 0.40842755912778833], "(0, -4, 0, 0)": [0.0019915981168547614, 0.005926115974855938, -0.002887926936923955, -0.0008436227126060397, -0.0034815600307717704, 0.0025982458829539395, -0.002701832260331818, -0.0008277099376436583, -0.0011947614966842648, 0.010433796664470385, -0.0015489743815524887], "(0, -1, 0, 0)": [0.9120441136949907, 0.918472903814875, 0.9267263043260369, 0.9090778451146272, 0.9159544762878576, 0.9206268274920556, 0.9263496512038035, 0.9240917884354223, 0.9224977043299145, 0.9184905501517782, 0.9279451982335093], "(1, 3, 0, 0)": [0.03351944056762057, 0.04783755518088769, 0.09102710121761284, 0.044661350248389804, 0.061103479203278695, 0.05018826781980651, 0.038424784683545835, 0.059608425695466344, 0.00589850418718186, 0.07466296012751786, 0.06978477228019572], "(1, 4, 0, 0)": [0.003385930617047823, 0.003842525075981384, 0.003466254469950251, 0.003245516685546526, 0.003980080493667357, 0.0034898311946173636, 0.00588228500004326, 0.003819984727085908, 0.004092459481355997, 0.003655387266865177, 0.004013644601337821], "(-1, -1, 0, 0)": [0.9043945159083991, 0.8963380177588034, 0.9179920730113663, 0.9159860827242553, 0.9008899155323887, 0.9196791275360657, 0.897748981051942, 0.9281157802894837, 0.9090178782406515, 0.9650353296823855, 0.8022580651832794], "(-1, -2, 0, 0)": [0.4310162365600835, 0.3061144605831394, 0.43068552057031545, 0.38526583289840144, 0.3238144595630713, 0.4308507798202518, 0.309668104974195, 0.4376461174172801, 0.2970360656912161, 0.3396460816787393, 0.6492243318057365], "(-1, 3, 0, 0)": [0.11634300285902066, 0.059153255618877, 0.05357812818799672, 0.05283458818313172, 0.054618036273330055, 0.05944821744008767, 0.06924281382005144, 0.05470329545325893, 0.054185392017465944, 0.05328274922653163, 0.06737326936236114], "(-1, 4, 0, 0)": [0.003920840173360599, 0.014664417452254105, -0.0025911870957976355, -0.0032985579951601467, -0.006152025434248557, -0.00502352483249792, -0.0023237323164280203, -0.0023350245445995206, -0.0029356794045751985, -0.003787798863197702, 0.0036284604827068823], "(-1, -3, 0, 0)": [0.035402866240576966, 0.022982540979322758, 0.03924366976828741, 0.03921715137708475, 0.0327636307877412, 0.018692513200870228, 0.028160232679865414, 0.10588868190166151, 0.020380158206776695, 0.029041785925682066, 0.011914682833310278], "(-1, -4, 0, 0)": [-0.008240752703958878, -0.008652028067987816, -0.008305685337368907, -0.008042227956804402, -0.008998542838390525, -0.00851048788657735, 0.005639049780249298, -0.00837573158398504, -0.008665861910945614, -0.008503639428563924, -0.008138649764488295], "(1, 0, 0, 0)": [0.8538132885134043, 0.85443145193136, 0.8554801456561926, 0.839320968913828, 0.8287431224380134, 0.8154346703677134, 0.8444893576219262, 0.8367577581847925, 0.8533364591372424, 0.9011707075461615, 0.851740719811443], "(1, -1, 0, 0)": [0.6778255474994102, 0.7297728789608846, 0.7425083834926496, 0.7474957138297063, 0.6973512067479404, 0.768671787447323, 0.6888642871703206, 0.6352904931486701, 0.7466377919077753, 0.705614160079222, 0.8357101418516946], "(1, -2, 0, 0)": [0.23301627296170088, 0.16655321868819817, 0.19077130858364266, 0.20880980091323045, 0.24403038105603803, 0.21042794123619651, 0.21828759582457297, 0.22272337502601272, 0.231249694834385, 0.24888927293051186, 0.4002716154491827], "(1, -3, 0, 0)": [0.06342230443143039, 0.07329327706125563, 0.06233683462127012, 0.061103596386640244, 0.062020096029319224, 0.06255197311234696, 0.0782951945303782, 0.0625235416435024, 0.06314037104983693, 0.0800849922641515, 0.0664269318930927], "(1, -4, 0, 0)": [-0.003670612485608322, -0.002885253043895546, -0.0028184814336786783, -0.0018921146361409041, -0.0029887592521990174, -0.003334762577854749, -0.0016828770879158171, 0.0017063405359334172, -0.002585383015404107, -0.0031751556953124585, 0.003830534861930083], "(-1, 1, 0, 0)": [0.508542158374825, 0.5338255797667241, 0.5676347278000635, 0.5408174765523142, 0.5224767007890896, 0.5596304651504049, 0.5183680498997751, 0.508532086375695, 0.5448708951835431, 0.5317579975111608, 0.569712008072446], "(-1, 2, 0, 0)": [0.17842227811009972, 0.1885480584344147, 0.184330154069244, 0.18991291823621137, 0.19669004062365303, 0.1947063908229301, 0.19569542712026805, 0.1899991680075582, 0.17471965999380462, 0.18259096924943785, 0.18522964960417285], "(1, 1, 0, 0)": [0.8907846267382933, 0.8619780574772752, 0.8593803953821306, 0.8815161335073134, 0.8316606620048042, 0.8731535590095124, 0.8762788056018588, 0.857586760860911, 0.8565323492276993, 0.8584702166618853, 0.8594218182275016], "(1, 2, 0, 0)": [0.24475851318224953, 0.4946823121280977, 0.4697795574253746, 0.18340526442696115, 0.4286928970542384, 0.42329779288131597, 0.35179817502273497, 0.48284328662303827, 0.4849552756962672, 0.4469417272288206, 0.31885416265313976], "(-1, 0, 0, 0)": [0.9705602406636515, 0.7902145561075634, 0.9123005587375511, 0.8642308452008177, 0.8888819015665476, 0.9174098277747839, 0.9029116602562451, 0.8730907433380485, 0.8937664734994649, 0.9061157011132662, 0.8493614110837379], "(-2, 1, 0, 0)": [0.03976877409061403, 0.10755154814284877, 0.05656334981432928, 0.09263871912474693, 0.06939430997898353, 0.1927495306947599, 0.10154827593632162, 0.05313966545712889, 0.12722990064109985, 0.1545318974137165, 0.009824620025421088], "(-2, 2, 0, 0)": [0.01799507331375627, 0.07309819516707575, 0.05336918184681549, 0.12790921322812493, 0.06827922509520801, 0.07590766005435429, 0.04322022689431144, 0.028232331510790916, 0.07233861197663732, 0.049566087006373424, 0.046093876765066724], "(-2, 4, 0, 0)": [-0.0040983233702267885, -0.004996604822647363, -0.005574038488425242, -0.006018336842907314, -0.0022128328180772306, 0.002182753847610402, -0.004788863151367944, -0.005704891593813897, -0.006487848247066967, -0.0026353865397532746, -0.004468903647114209], "(2, -1, 0, 0)": [0.2352740751665775, 0.22418014453711937, 0.34653982835534075, 0.21388310438222288, 0.27236397086055053, 0.2306805658443938, 0.22917923888931047, 0.27713883391209615, 0.22850298260824645, 0.402777570636171, 0.3169959549550848], "(2, -2, 0, 0)": [0.07820704673587889, 0.07632598532491579, 0.07852086038532882, 0.07334359929239707, 0.0, 0.0889095949501451, 0.07566522241353979, 0.11268016519170891, 0.06331176537098868, 0.058926536673477824, 0.07994262872086488],