{"q_values": {"(0, 1, 0, 0)": [99.42691195995923, 99.35216977164893, 98.71350460461069, 98.0011110227749, 99.30704915465, 99.30936926161321, 99.32166332381377, 99.33151526301617, 99.24083744283578, 99.3332440351986, 99.30178621963493], "(0, 2, 0, 0)": [98.48137276695863, 94.54754588290663, 98.53945568950016, 98.55436488490385, 98.09671277515251, 98.47807249101376, 97.88030183598892, 98.29607325429606, 98.40774760591519, 98.27372067533283, 98.10340421060364], "(0, 3, 0, 0)": [88.63022108530349, 91.73241593148494, 95.0728657315296, 94.37717904885359, 94.08659411316779, 94.20050394235346, 93.21279456444849, 94.04840819951782, 93.85195466812235, 93.52884034629632, 94.76028834591607], "(0, 4, 0, 0)": [85.66028928495344, 83.15361210768256, 81.93966903312769, 80.08309098902436, 84.06427026798478, 81.74293985041854, 80.6796362805912, 84.2160730964877, 84.19019530051105, 80.52089693229375, 81.93425457717628], "(0, 5, 0, 0)": [55.33360788699187, 62.55856593832505, 60.930895675435536, 58.283327005041016, 59.304049500343304, 61.94992984113742, 59.584965781505204, 63.485381873500046, 62.76133843096829, 62.295339381841686, 58.60488619241279], "(0, 6, 0, 0)": [33.26611887264918, 34.335426689334206, 31.965714458168843, 32.270003261051194, 35.11179001831523, 33.88642535981048, 30.495830077923355, 32.93329703120998, 31.613605892555935, 31.194682030798344, 32.58568957309845], "(0, 7, 0, 0)": [16.483729403116854, 15.377902365377086, 18.921501025130564, 14.717299984439594, 15.386977223398981, 15.66863566517585, 15.832605277537017, 15.048780947840926, 16.279471029221817, 15.4416576610867, 15.737424022088216], "(0, 8, 0, 0)": [3.2965676453643056, 5.3925503374160035, 2.5783472906688463, 4.635971708939508, 4.1166058509117605, 2.087719020493016, 3.0782114840955437, 2.047648897481129, 3.13594270980163, 3.629934230893207, 1.7844234039863345], "(0, -4, 0, 0)": [84.7926521579053, 85.53803874750814, 82.75571277470243, 83.78314789877773, 84.60733752462353, 86.08653847212923, 86.13923890804433, 85.31454046604502, 82.02868060738295, 83.42163649502544, 82.11704473134196], "(0, -5, 0, 0)": [60.540555663603946, 57.25077019286368, 57.466576432148976, 58.82519287491804, 62.56400925115614, 56.429358725690584, 55.57149532517433, 56.12272397623645, 62.065281687173936, 54.249144220267, 62.23208415230739], "(0, -6, 0, 0)": [32.171126159218375, 37.52328222249135, 38.76796787350832, 38.296869003993486, 35.755386288685514, 35.03037923161569, 36.32655683679931, 36.70763234715685, 38.195727595650396, 32.84774340098353, 33.979148824177805], "(0, -7, 0, 0)": [17.001262188565157, 15.646939717702002, 20.136910724231697, 18.69329478236241, 21.99924184202286, 21.321611805327457, 20.577314862250017, 20.804803100583705, 21.716337901685744, 21.838265988767468, 20.171457618701197], "(0, -8, 0, 0)": [-0.2552705511778437, 3.962956567180748, 4.300162951668675, 3.6465467574600687, 4.679944930721028, 2.332953343250684, 3.786815711403706, 4.156634466736132, 5.432400963007714, 4.718426070011723, 7.466460646965054], "(0, 0, 0, 0)": [99.41321351050465, 99.40711205294905, 99.38472073665251, 98.29204780150145, 98.81384360977191, 99.16636201106262, 99.40044804824663, 99.38508974988474, 99.02834150973102, 98.70676538311531, 99.42607941433482], "(0, -1, 0, 0)": [99.18224358952311, 99.14423338663792, 99.06189130584994, 99.10710096134538, 99.20135324621633, 97.1516988705787, 98.2956265110521, 99.12609734714569, 98.4737669924928, 97.23391421546671, 99.25675219083558], "(0, -2, 0, 0)": [97.9834594197633, 98.3940183036391, 98.27555535700643, 98.45684886811102, 97.66032555103862, 98.52025961402303, 95.3028868194569, 98.3495459422163, 97.63906089996036, 98.68436725389019, 98.29703633728059], "(0, -3, 0, 0)": [94.54633985117442, 95.43209200801172, 95.64608157207684, 93.06587558958151, 93.6155249172639, 94.52833867398657, 94.43789084203982, 95.66105795313693, 94.63239394920568, 96.62767795275406, 93.9343137768936], "(-1, -6, 0, 0)": [0.5534415825123831, 0.9889163793178813, 4.807295488400084, 0.4484103312794398, 1.2857501342535413, 2.0433429104697014, 1.6336345923213162, 0.8403207332519795, 0.2680999318550144, 3.669074892325492, 0.40658847302973694], "(-1, -7, 0, 0)": [0.948729989149552, 3.145763530063461, 0.2174213583796207, 0.33863888590335844, 0.857214799775881, 0.7116675843362001, 1.2273798198987287, 2.4435206869088564, 0.36956991522312166, 1.4221910030029374, 0.24233056270656939], "(-1, -8, 0, 0)": [0.0, -0.10996090925159108, -0.4383182663161689, 0.0, 0.0, 0.16657189130783082, -0.7876881217956544, 0.0, -0.014955409597725733, 0.2371653780336288, 0.629350597708495], "(1, -7, 0, 0)": [2.9214045801689967, 4.835439518779636, 3.818876815734547, 4.96665508633326, 3.744934765069355, 5.379785174103076, 4.795517269478279, 4.320798726068775, 5.456796509646612, 4.735580670669281, 3.8036889259626396], "(1, -8, 0, 0)": [-0.8379044183349122, -0.9878966724921423, -1.151852266643263, -1.054149272185384, -0.48771672134541166, -0.49189453874302674, -0.5986684803920977, -0.9310324179804397, -0.12994936841250454, -0.6510939049557423, -0.662700094876083], "(-1, -3, 0, 0)": [22.33845600402092, 17.921487421603516, 20.686192012591906, 4.927082128078508, 12.820720925798398, 17.203852979950508, 10.610447273515835, 12.569892298758042, 32.88145677160794, 22.324266583261412, 13.213186528064679], "(-1, -4, 0, 0)": [6.319633855007897, 16.87927447782586, 14.306169275285201, 10.19601065378044, 14.534415106848693, 7.411702307365372, 41.955555357363735, 25.436813247974396, 17.875166003845287, 20.464654889108633, 16.338238598322317], "(-1, -5, 0, 0)": [2.450984814968989, 0.42093560241946043, 8.864599545645095, 0.2843765771642805, 3.7379439306552587, 6.031306676822426, 4.1310023210872275, 1.400351668210481, 2.7745050454722455, 2.4984512256298785, 3.4523738827505595], "(-1, 3, 0, 0)": [62.068349494208604, 51.6244811003154, 49.95863488283035, 55.615167580437884, 53.42992500963089, 57.40204892711956, 54.73142341352375, 54.78323604515594, 53.8225084294129, 58.58471042504127, 56.058190545526834], "(-1, 4, 0, 0)": [49.438363518287716, 50.72931647004577, 45.17250500136857, 46.020412696188025, 50.53468363021319, 50.643095925048144, 50.320349971229966, 49.31890886944066, 48.91155691120123, 49.981655886890145, 51.34803008827269], "(-1, 5, 0, 0)": [36.35407315320806, 32.57544809635749, 32.27404566162892, 36.31261007754252, 34.84621161806941, 33.50173896122638, 37.03380463124348, 35.75381143303115, 28.626532225600492, 29.618785402006733, 32.42310291228274], "(-1, 6, 0, 0)": [15.962886152622499, 13.944652726878525, 14.15241719373816, 14.059321919904923, 14.934243426263912, 15.902744015087642, 13.125807875964572, 15.723267628364955, 15.494905158628928, 15.151064137471755, 15.339322481871118], "(-1, 7, 0, 0)": [6.81735848484281, 6.006973213021366, 7.90855039309453, 6.290345237067468, 6.894580989972589, 4.803902443132151, 4.3583777937062, 4.760496760909498, 7.543716340215517, 6.626632482529613, 6.13590923137538], "(-1, 8, 0, 0)": [-0.33173144792192233, -0.09791976001169841, -0.25408690900933234, -0.6110981231808131, -0.1736377462249522, -0.30586551631447145, -0.4881456902438413, -0.4561778070704622, -0.835589600717108, -0.20001331432197894, -0.7864901162088499], "(1, -3, 0, 0)": [66.38100826920616, 60.658066475681366, 63.84386002392381, 57.397439642740146, 57.33475721726742, 63.68896249499981, 60.3736653879285, 61.41321459751076, 59.90399622074366, 68.31564249056977, 67.59786509524538], "(1, -2, 0, 0)": [77.27762591198707, 74.04162278367517, 77.11784640256415, 73.83603908556893, 76.41033861877698, 78.5928512940591, 76.25523706297582, 76.0206453906948, 72.8216413570922, 78.91548765903362, 82.57626491683602], "(1, -4, 0, 0)": [25.27857525327735, 30.188397551894184, 30.916391246368832, 33.753754641892904, 26.146567735734067, 30.93867065528838, 21.69465041047627, 43.04942256479687, 30.66930161124812, 31.335468020164985, 33.21868763881571],