{"q_values": {"(0, 0, 0, 0)": [0.10681417681308522, 0.11224290587065808, 0.12114570776157713, 0.12402339702202218, 0.11411273917770437], "(0, 0, 0, 1)": [0.11776716342745552, 0.11861595347299257, 0.11265282668039513, 0.10624230918579687, 0.09994667330583532], "(0, 0, 0, 2)": [0.10541343217243002, 0.07168353513795594, 0.064747231257377, 0.05781858943430979, 0.04413263679810021], "(0, 1, 0, 2)": [0.056119800533729176, 0.045632712145624525, 0.057301753014010165, 0.06916174271931576, 0.05889359482882868], "(0, 1, 0, 3)": [0.061904207586961274, 0.06471579114205056, 0.06987721121245373, 0.05989831279703445, 0.053730746237793996], "(0, 1, 0, 4)": [0.05037794448555513, 0.05478552323054667, 0.046021879716020425, 0.04598726461475577, 0.033934277961981965], "(0, 1, 0, 5)": [0.031162722373674713, 0.027655431510761917, 0.026183091794676098, 0.019100592865066716, 0.018043822446337714], "(0, 2, 0, 5)": [0.04011763132499718, 0.03715799956386281, 0.03547636780214201, 0.03304416371530472, 0.026249384700238357], "(0, 2, 0, 4)": [0.03035500157201416, 0.028444492393813116, 0.029544623616082472, 0.030293299703261663, 0.03226778066162488], "(0, 2, 0, 6)": [0.029438257039898816, 0.020263785054647966, 0.015368660328035065, 0.01838624346717191, 0.014215965473058582], "(0, 3, 0, 5)": [0.0, -0.0021863169968128204, 0.0, -0.002186884917318821, -0.005926040453836322], "(0, -1, 0, 1)": [0.027151120043071932, 0.04251156439042526, 0.038969764893872785, 0.028920412583608807, 0.018635115216377823], "(0, -1, 0, 0)": [0.07051590572565031, 0.054800503094347565, 0.05375906637124371, 0.05031431830345179, 0.03869128605241737], "(0, -1, 0, -1)": [0.07131899718393508, 0.07604233937039051, 0.07729340171233229, 0.0654459853064676, 0.06570995593215292], "(0, -1, 0, -2)": [0.06922466794260251, 0.06604433453644262, 0.06810002940495243, 0.07676176667221504, 0.06951465536231592], "(0, -2, 0, -3)": [0.02077929483931331, 0.022698518168163748, 0.021138795785810103, 0.011988041098857974, 0.015645443895532688], "(0, -2, 0, -5)": [0.01826392006910324, 0.02463978802222657, 0.022512493211355226, 0.03299865489003968, 0.03268605345621903], "(0, -2, 0, -4)": [0.02616954275126046, 0.03475498200491109, 0.029800000136247874, 0.02877588891787148, 0.02564040147179434], "(0, -2, 0, -6)": [0.019160453040862963, 0.020907515846842313, 0.021398505487810013, 0.02591948527433841, 0.022632965339647967], "(0, -2, 0, -7)": [0.007751858286434543, 0.012470782478833299, 0.009492220800082572, 0.01053610903876788, 0.02109109258178249], "(0, -2, 0, -8)": [0.0014273742716759442, 0.0006778917949594025, 0.0027272136211777195, 0.003539579937260431, 0.0059149530880548955], "(0, 1, 0, 0)": [0.01914103856850019, 0.020702256389941616, 0.027529491302491632, 0.03373990846179962, 0.04695974286834236], "(0, 1, 0, 1)": [0.04467524888298454, 0.04643921505233953, 0.0412614979758339, 0.05391464906482615, 0.06253397212765635], "(0, 2, 0, 7)": [0.010034818518285707, 0.009811877554127999, 0.0007184737894756154, -0.0012756975933896073, 0.002473696271340972], "(0, 2, 0, 8)": [-0.001884501422909652, -0.001001762431675753, 0.004024461866205698, 0.0016521384215466837, 0.00023819058209489084], "(0, -1, 0, -3)": [0.056622682112345724, 0.05486830396342377, 0.06314930444696913, 0.06727638707861665, 0.07175053730687138], "(0, -1, 0, -4)": [0.033877911483945394, 0.031366646836414935, 0.03709484265560436, 0.05175588976700208, 0.06155696280846626], "(0, -1, 0, -5)": [0.021524403690358032, 0.01700006019738299, 0.024820190242024278, 0.03017100078190455, 0.03431489052406494], "(0, 0, 0, -1)": [0.06450286998106301, 0.06134897159272198, 0.0950818328045005, 0.10183214169246917, 0.11382665066628077], "(0, 0, 0, -2)": [0.034872112034198856, 0.04372300520446957, 0.042460538900526305, 0.06779078943379888, 0.06573659478313199], "(0, 0, 0, 3)": [0.033748667343543995, 0.048130703020852546, 0.02743832278822881, 0.014188692720264628, 0.016882786671896435], "(0, 2, 0, 3)": [0.008625446750100161, 0.00970540680424535, 0.019435211306763615, 0.018131720969049678, 0.027140977483299977], "(0, 1, 0, -1)": [0.009653831767326586, 0.010809875947357056, 0.01516369612014781, 0.021600068874272266, 0.016319808893151953], "(0, 1, 0, -2)": [0.010295068793080682, 0.0038352109766646683, 0.005381591712911119, 0.0036827377640390457, 0.009188060383610468], "(0, -1, 0, 2)": [0.007044435561914326, 0.010487204456764949, 0.0031246544611284437, 0.00632434418894324, 0.003664492771562187], "(0, -2, 0, -9)": [0.0, -0.0014445304498076441, -0.005882378865629434, 0.0, 0.0014440500356691025], "(0, 0, 0, -3)": [0.01143841221738719, 0.02505602177910724, 0.014181379405690862, 0.026624653924743124, 0.020303095277042504], "(0, 3, 0, 7)": [0.0, 0.0, 0.0, -0.004160556551069021, -0.0021922994405031205], "(0, 0, 0, -4)": [0.00394721299935951, 0.0, 0.0, 0.0076997924550649055, 0.006513825983445987], "(0, -1, 0, -6)": [0.00611045235775518, 0.005605236655861603, 0.0012286480203050057, 0.0014703755341429901, 0.01197740446360928], "(0, -1, 0, -7)": [0.0023032378700435976, 0.0022157731130174833, 0.0025370067398875276, 0.0036176607987097853, 0.0011375301212523381], "(0, -3, 0, -7)": [0.0, -0.002191083319485188, -0.0021897422149777415, -0.0021897697821259498, 0.0], "(0, 1, 0, 6)": [0.008741742396596969, 0.006171386789609728, 0.007533431600173744, 0.003848061987899964, 0.0035582970760006548], "(0, 1, 0, 7)": [0.0015162589444140094, 0.0, 0.0, 0.0, 0.001894521494023502], "(0, 1, 0, 8)": [0.0010426691776141525, 0.0, 0.0, 0.0, 0.0], "(0, 2, 0, 9)": [0.0, -0.0007912203645364742, -0.004588460539864989, 0.0017084752736022698, 0.0], "(0, -2, 0, -2)": [0.01072857661070257, 0.008654955067767959, 0.008324337187298064, 0.007749018623100558, 0.012459648812365592], "(0, -2, 0, -1)": [0.0015387461714253957, 0.0029433251124212625, 0.0034478739374634863, 0.0010645925982871486, 0.0020165729495749845], "(0, 2, 0, 2)": [0.002258017777191314, 0.0, 0.012176477689393337, 0.004005985714922288, 0.005562375779782686], "(0, 0, 0, 4)": [0.0046259925654784295, 0.007073399578094245, 0.012391942535353306, 0.004542415020091683, 0.002171611183181069], "(0, -3, 0, -6)": [0.0, 0.0, -0.002188710495829582, -0.0041569403745234015, 0.0], "(0, 0, 0, 5)": [0.0, 0.0, 0.0, 0.0009947099722921848, 0.002474981667448537], "(0, 0, 0, -5)": [0.003045801583348206, 0.0, 0.0, 0.0, 0.0], "(0, -1, 0, 3)": [0.0, 0.001774967615854871, 0.0, 0.0009832593612372875, 0.006054398934184509], "(0, -1, 0, 4)": [0.0, 0.0011832151049971861, 0.0, 0.0, 0.0], "(0, -3, 0, -9)": [0.0, 0.0, -0.0021954622119665147, 0.0, 0.0], "(0, 2, 0, 1)": [0.0, 0.0009288206696510316, 0.0, 0.0, 0.002226565887231443], "(0, 3, 0, 8)": [-0.0021924246102571487, 0.0, 0.0, 0.0, 0.0]}}