{"q_values": {"(0, 0, 0, 0)": [0.8174411254648662, 0.8266696534762815, 0.872589084517943, 0.8266327013855788, 0.8237720774583591], "(0, 0, 0, 1)": [0.8790234853415531, 0.8601362181186529, 0.8363703954631426, 0.7599459366725064, 0.8150584371126176], "(0, 0, 0, 2)": [0.8760735002834359, 0.875579331596345, 0.8683284916338729, 0.8538276228811214, 0.8357463327711099], "(0, 1, 0, 2)": [0.32120783834618966, 0.3057449778850895, 0.2923824969633262, 0.2016794691803218, 0.16737219847868906], "(0, 1, 0, 3)": [0.16088083222616995, 0.13779599850318705, 0.12671075010807636, 0.13089928437537313, 0.12274981987957108], "(0, 1, 0, 4)": [0.07892321630504265, 0.08481331640147277, 0.08487429585233898, 0.0830354775514729, 0.08275903971394565], "(0, 1, 0, 5)": [0.07252714382733248, 0.07316238150135673, 0.07215529522707044, 0.07151129976488978, 0.052578910354630234], "(0, 2, 0, 5)": [0.06024426095521937, 0.021718029971856085, 0.02049057550911225, 0.01402916699510701, 0.0032663623405670954], "(0, 2, 0, 4)": [0.05133759037600393, 0.052691196675684435, 0.062801288028061, 0.033231767413759876, 0.023304825749428687], "(0, 2, 0, 6)": [0.02011038997327655, 0.0025387184459083065, -0.001203476135032775, -0.003653698965121642, -0.0018041079737506], "(0, 3, 0, 5)": [-0.015678483425121546, -0.015686089250027093, -0.015690484362632817, -0.01569480635177483, -0.015011954975480692], "(0, -1, 0, 1)": [0.8653683505412787, 0.8695074862646408, 0.8689647796727511, 0.8692638110901276, 0.873713567742979], "(0, -1, 0, 0)": [0.6521596743152753, 0.7847053861020338, 0.8654156199697403, 0.8614816404257081, 0.8794838276576001], "(0, -1, 0, -1)": [0.30573931339982574, 0.529570278368698, 0.6851750533044658, 0.7621398320637247, 0.8302297584671933], "(0, -1, 0, -2)": [0.13661851589952775, 0.21636965030310848, 0.2822527307652841, 0.29784504257799926, 0.4482297526067665], "(0, -2, 0, -3)": [0.07802727544228995, 0.0787435956768358, 0.08175404279308734, 0.08128839558485276, 0.08463018898090799], "(0, -2, 0, -5)": [0.021332960010745958, 0.023599047926524907, 0.02171831276677162, 0.023838062353176426, 0.04227391352231871], "(0, -2, 0, -4)": [0.033990274896707265, 0.04957805903569736, 0.04691192428895314, 0.049506747988123344, 0.07131301775825541], "(0, -2, 0, -6)": [0.007193527628486862, 0.019187671370656988, 0.00553590535102417, 0.009126977811858715, 0.006158162505763997], "(0, -2, 0, -7)": [0.0016512076043170734, -0.00012247261848353543, 0.005427775647600365, 0.0037050330887730895, -0.0021245502411252836], "(0, -2, 0, -8)": [-0.0025191955348669226, -0.002155285054873189, -0.003914485681897924, -0.003805247636895648, -0.0017950787848123846], "(0, 1, 0, 0)": [0.8825914603122846, 0.865104359185585, 0.861394657622424, 0.8467756490319872, 0.6314982340708193], "(0, 1, 0, 1)": [0.8244627182117767, 0.7465324272146181, 0.5264142080520028, 0.5768886518273981, 0.28218507763314193], "(0, 2, 0, 7)": [-0.00858115456781548, -0.011233426099138601, -0.011297921471386545, -0.011328239971198431, -0.011590323850976771], "(0, 2, 0, 8)": [-0.009733161108780622, -0.007514916310655378, -0.008337142542490617, 0.00037730214423137157, -0.010494587018617949], "(0, -1, 0, -3)": [0.1357381620586241, 0.12933492506857094, 0.13290221652450102, 0.1350871611934103, 0.1901060926778244], "(0, -1, 0, -4)": [0.08126930333194346, 0.0852974187185104, 0.08331122752327252, 0.08525945923997111, 0.08511677514753514], "(0, -1, 0, -5)": [0.0723423664014982, 0.07201962668178213, 0.0693367884904301, 0.0730333659993162, 0.07161145509818936], "(0, 0, 0, -1)": [0.8349302269343033, 0.8315134562179421, 0.8573675978749078, 0.8600965409797315, 0.8777884846075232], "(0, 0, 0, -2)": [0.7972468995454968, 0.855131787714035, 0.8524229384008156, 0.8702006135212995, 0.8006251897592175], "(0, 0, 0, 3)": [0.9169403641274394, 0.4895029030199051, 0.34570064810019646, 0.3401456219082157, 0.24223516198975598], "(0, 2, 0, 3)": [0.08750420340204908, 0.08762016565908949, 0.08660952914514712, 0.08595940454034068, 0.06993281604326265], "(0, 1, 0, -1)": [0.8794146859340626, 0.8664090350694168, 0.8661935349193969, 0.8664151424803535, 0.8657359772303005], "(0, 1, 0, -2)": [0.3866094385484465, 0.3862983729674394, 0.8769980159799569, 0.32656645101121656, 0.5187770168014709], "(0, -1, 0, 2)": [0.8376684381438879, 0.8779776192283932, 0.8781856358842481, 0.6726557151773856, 0.7531472348066437], "(0, -2, 0, -9)": [0.002859937671106403, -0.005271466469347059, -0.006474145175549563, -0.00405406389582432, -0.0032358039731792613], "(0, 0, 0, -3)": [0.10841065936541952, 0.3442877417027544, 0.3601317378773203, 0.759279996845518, 0.386660427943544], "(0, 3, 0, 7)": [-0.010259296696022154, -0.01025764136057906, -0.008969088906552642, -0.008970038346778602, -0.008976490885354578], "(0, 0, 0, -4)": [0.0067643868353461055, 0.039124251984725626, 0.003213284669203872, 0.04589234726902548, 0.2755958797617059], "(0, -1, 0, -6)": [0.030465491224793053, 0.02321584920089626, 0.04384322579845359, 0.047242777296021755, 0.056305322735110755], "(0, -1, 0, -7)": [0.00902681740626721, 0.0022157731130174833, 0.011731406503417184, 0.03188638445495141, 0.0011375301212523381], "(0, -3, 0, -7)": [-0.008973016415201129, -0.008974558709356935, -0.00897011922409758, -0.008966046100053936, -0.010257315330302344], "(0, 1, 0, 6)": [0.047555108703512226, 0.010466662925808461, 0.035186427644746804, 0.009262819703736122, 0.00753742626661536], "(0, 1, 0, 7)": [0.004110249645329903, 0.009384882463850719, 0.0, 0.0010410555572764948, 0.001894521494023502], "(0, 1, 0, 8)": [0.0027343954469290343, 0.0, 0.0, 0.0, 0.0], "(0, 2, 0, 9)": [-0.00989877521071411, -0.009683717024868164, -0.00039094877294381324, -0.008568992220716207, -0.008408557247183222], "(0, -2, 0, -2)": [0.162597121562602, 0.16469626563666143, 0.16406414542396852, 0.1667034791694316, 0.16573140618316073], "(0, -2, 0, -1)": [0.11010920851695066, 0.1936735183460417, 0.14301194028873984, 0.10113445299465923, 0.1194841060233762], "(0, 2, 0, 2)": [0.1652622017785083, 0.16632256577067794, 0.1599050483791016, 0.15630888476031762, 0.16594527892260563], "(0, 0, 0, 4)": [0.03269470866269185, 0.21091804541797593, 0.06950419525593293, 0.06909783172159717, 0.022264777545761373], "(0, -3, 0, -6)": [-0.01632898287122474, -0.016322893412741835, -0.016319568939661425, -0.016316322655930412, -0.016870444862012952], "(0, 0, 0, 5)": [0.0, 0.0, 0.0, 0.011394351388244026, 0.002474981667448537], "(0, 0, 0, -5)": [0.003045801583348206, 0.0, 0.0, 0.0, 0.0], "(0, -1, 0, 3)": [0.0, 0.001774967615854871, 0.1747467766182671, 0.0009832593612372875, 0.0221980370392151], "(0, -1, 0, 4)": [0.0, 0.005701448720575185, 0.0, 0.0, 0.0], "(0, -3, 0, -9)": [-0.002196987718343735, -0.004170745667070151, -0.0021954622119665147, -0.004167320542037487, -0.004170274790376425], "(0, 2, 0, 1)": [0.25842766654626675, 0.26046540194081946, 0.2675331296079751, 0.22814160097068875, 0.25907480739624783], "(0, 3, 0, 8)": [-0.010272323488574476, -0.008977204383704812, -0.00898123039642349, -0.0089803072841838, -0.008984579661488534], "(0, 3, 0, 6)": [-0.014249584178351498, -0.01501222137870796, -0.014252465503855154, -0.014255581650625645, -0.014259107281887421], "(0, -3, 0, -5)": [-0.012456040500405842, -0.012452295325628929, -0.013393201420370298, -0.013388298454909726, -0.013382595867257633], "(0, -3, 0, -8)": [-0.0075413089619949455, -0.007541581653803586, -0.008977873237561435, -0.007539533770643175, -0.007540135725960136], "(0, 2, 0, 10)": [-0.0045385924146663405, -0.004764770480523896, -0.0033082842562285357, -0.004609036006419517, -0.005372546042614852], "(0, 3, 0, 4)": [-0.0124328629861434, -0.012434706420493909, -0.012438696597939934, -0.011394429553235694, -0.011398835499997623], "(0, 2, 0, 0)": [0.013967729031014366, 0.004800522147533978, 0.2400747069618334, 0.028214675458062218, 0.001492495091590514], "(0, -3, 0, -4)": [-0.00894819979345426, -0.00894580994926393, -0.00894429954778403, -0.008943322296701372, -0.008937590683270246],