{"q_values": {"(0, 0, 0, 0)": [0.9133639819153802, 0.9023964926564202, 0.9077224223241882, 0.9033176516025658, 0.9310564394902937, 0.9063097867907848, 0.9104550635910539, 0.908512811392513, 0.9068288064796576, 0.9047045524624283, 0.9112560643924502], "(0, 1, 0, 0)": [0.8670382690424138, 0.7857511530213012, 0.827135936629939, 0.8199201041023726, 0.8169316055153513, 0.813402894495625, 0.8249723135745571, 0.8030704578110155, 0.816122853439248, 0.8288481983739424, 0.8194054108093399], "(0, 2, 0, 0)": [0.5889336016995574, 0.5138650512973311, 0.5286873919541605, 0.6672425945115075, 0.5484793343989348, 0.5923483066711289, 0.5287414807605983, 0.5752192884004991, 0.5103073219761947, 0.5507569840408257, 0.52565078421006], "(0, 3, 0, 0)": [0.2585480644364163, 0.16250478609645105, 0.16047301978889142, 0.1569114531416611, 0.15483598683527205, 0.15839891413722454, 0.15440798494924596, 0.15565230740681624, 0.16046900203086917, 0.15968905974503386, 0.15428008670054605], "(0, 4, 0, 0)": [0.009094900771014065, 0.048844474610410214, 0.01487342575256708, 0.009171384925257858, 0.008534485235069427, 0.004172520005777445, 0.008754050341917383, 0.009753991701936054, 0.006579493232148951, 0.008186872135086416, 0.0026111613747211992], "(0, -2, 0, 0)": [0.5330341445236821, 0.4651906892363421, 0.4557016051188018, 0.5097284375252806, 0.4879788716555521, 0.4256713840007946, 0.5382562586516914, 0.5543116794812045, 0.5150819921329303, 0.8770763978237659, 0.46915960441714366], "(0, -3, 0, 0)": [0.10428559242087666, 0.09151217553076864, 0.08900804142142087, 0.09295801640775334, 0.09045596353714988, 0.08844815074056578, 0.09679794123535386, 0.09063456737090658, 0.09613110667199404, 0.10785221401016411, 0.0926140665109173], "(0, -4, 0, 0)": [0.0020711110962094324, 0.00032756243326230537, 0.0005883741305300373, 0.0013083740737829322, 0.0010754614765025525, 0.0015966647716701716, 0.0008609805881794226, -0.0008277099376436583, 0.0005587333749631999, -0.0007854007786483666, 0.0027135415894994058], "(0, -1, 0, 0)": [0.8876325347291153, 0.8818395279173734, 0.8742552628323506, 0.885610938874871, 0.8908626476991884, 0.8825212275432776, 0.88553046720164, 0.8858455713884041, 0.8778855566072846, 0.8919236149800417, 0.9145634029190229], "(1, 3, 0, 0)": [0.012878097816668155, 0.04783755518088769, 0.08366902534395869, 0.044661350248389804, 0.06619718701612587, 0.05018826781980651, 0.01811125321420266, 0.06701901595744524, 0.00589850418718186, 0.06721084266005709, 0.005701853827496536], "(1, 4, 0, 0)": [0.009965042710193014, 0.009437133240201623, 0.0067965180922826786, 0.009253359932156402, 0.009237801841174963, 0.009115218711893972, 0.009009703201457657, 0.009588168664527667, 0.009214961411794481, 0.008197869387535733, 0.009550429653144272], "(-1, -1, 0, 0)": [0.9430088992198832, 0.9546848191386755, 0.9315751242621254, 0.9421919470649306, 0.9407201770072525, 0.9237599295813879, 0.9398802483932105, 0.9540993477406621, 0.9154454159256301, 0.8446273706454054, 0.8723674245775361], "(-1, -2, 0, 0)": [0.19810010949416068, 0.3061144605831394, 0.2909260988303578, 0.32929734593748977, 0.1491152205063108, 0.345806924477417, 0.3240663920938683, 0.25543015910050765, 0.1900794641539881, 0.044481827465482335, 0.4777273300674919], "(-1, 3, 0, 0)": [0.1217961256898463, 0.06974085695887419, 0.06379867821636796, 0.048236350979535284, 0.06601259854814844, 0.06936052446879551, 0.08090187085222511, 0.06251895255299715, 0.0683609058985931, 0.06719372902360718, 0.06699723008227358], "(-1, 4, 0, 0)": [-0.0007580742304984867, -0.0013267794732543213, 0.009800605937216893, -0.0010218067326184712, -0.006152025434248557, -0.000788009628369021, 0.0010635338214802, 0.0011242886379333981, -0.0015818504023685596, -0.0011886331762365884, -0.003426154453711445], "(-1, -3, 0, 0)": [0.026954307860235845, 0.022982540979322758, 0.03305221070616509, 0.060613441117441894, 0.0327636307877412, 0.018692513200870228, 0.028160232679865414, 0.019675135172918745, 0.020380158206776695, 0.0228854847101357, 0.011914682833310278], "(-1, -4, 0, 0)": [-0.008240752703958878, -0.007507245623166502, -0.008489473746424331, -0.008465302326379478, -0.008998542838390525, -0.00851048788657735, -0.007902235845697232, -0.00837573158398504, -0.007597336428782192, -0.008503639428563924, -0.0075634064564201655], "(1, 0, 0, 0)": [0.8611632567013099, 0.822563138063604, 0.8379720881839465, 0.8213235442245505, 0.8131532930779053, 0.828408642207946, 0.8372511514276072, 0.8285826808675697, 0.8101704448399548, 0.7983892227034839, 0.8281381039379823], "(1, -1, 0, 0)": [0.6958669655427474, 0.6364103189835016, 0.523033360126943, 0.7045985859477017, 0.7142731024714937, 0.5989508655035836, 0.702721151118874, 0.634563580715763, 0.520275927636141, 0.5569278626483389, 0.8307172564530267], "(1, -2, 0, 0)": [0.20058071724226817, 0.16655321868819817, 0.23691834894136715, 0.17696573846787758, 0.18646088748718453, 0.1883570857669231, 0.18488593708998072, 0.17914680150024131, 0.19489956661517346, 0.18672375541162303, 0.6438108309533767], "(1, -3, 0, 0)": [0.07004847363943749, 0.06390881732195472, 0.06233683462127012, 0.051214602391632606, 0.06269853306898603, 0.055967341790664794, 0.06729640321040922, 0.06929800698837388, 0.05993494234265953, 0.09642594912132552, 0.06924197192821202], "(1, -4, 0, 0)": [-0.003670612485608322, -0.007398824407380075, 0.003424901916783409, 0.0015415148860594688, -0.0029887592521990174, -0.003334762577854749, -0.003796291593877798, -0.005183411447202097, -0.0032378124612389247, -0.0031751556953124585, 0.013680445643637015], "(-1, 1, 0, 0)": [0.5443787987723958, 0.6009281013236422, 0.5508393266130924, 0.5449418937925232, 0.5237651640052979, 0.5345944905572844, 0.528313971525098, 0.5322323787616324, 0.5293355865512632, 0.5422172164620171, 0.5445858527647884], "(-1, 2, 0, 0)": [0.4061526515784461, 0.2611352254331187, 0.2328803083600924, 0.2340239140164509, 0.2498378844092216, 0.2624816277540193, 0.26966284474365626, 0.2808310344108327, 0.2489673497657658, 0.2257503302943833, 0.229855149518844], "(1, 1, 0, 0)": [0.8244381538851329, 0.8835115163939731, 0.876021238768186, 0.859113776733467, 0.8153605276645712, 0.8027149548313027, 0.7783125240658751, 0.8062060382400474, 0.7781466800999413, 0.7850974314573063, 0.7702089592051486], "(1, 2, 0, 0)": [0.11663186401377323, 0.23468659758304805, 0.5875306918731773, 0.046598031460447074, 0.08181402430200208, 0.167125107727067, 0.12876312487463332, 0.12871783202666914, 0.1951284130277563, 0.042701275146575526, 0.18020178309325133], "(-1, 0, 0, 0)": [0.9481554766166761, 0.8872359418492997, 0.9454708596092948, 0.9109297255877762, 0.9593132863558884, 0.9457698292138543, 0.9420050475539612, 0.9222151323076694, 0.8984689885811563, 0.9180043342890306, 0.9118391785816029], "(-2, 1, 0, 0)": [0.03976877409061403, 0.08762003742693267, 0.05656334981432928, 0.03616660122399745, 0.06939430997898353, 0.20267633187907258, 0.0801563984450154, 0.05313966545712889, 0.12722990064109985, 0.07875099803476263, 0.009824620025421088], "(-2, 2, 0, 0)": [0.0, 0.040508312963812756, 0.05336918184681549, 0.058787965658700064, 0.06827922509520801, 0.06616187802498899, 0.04322022689431144, 0.028232331510790916, 0.12189729896234713, 0.049566087006373424, 0.046093876765066724], "(-2, 4, 0, 0)": [0.002307870787673024, -0.008835395957696997, -0.009634778415538739, -0.006018336842907314, 0.0001415109824688442, -0.004508044847456259, -0.0013430526599772256, -0.005704891593813897, -0.006487848247066967, -0.00905616755387965, -0.009157593866988528], "(2, -1, 0, 0)": [0.23071671878011685, 0.24061247367413346, 0.230598337980764, 0.2941190499208381, 0.22921369483114065, 0.23157390661825686, 0.2612143712286057, 0.43711406284774984, 0.2190267620265411, 0.23416999078413786, 0.5726390052865035], "(2, -2, 0, 0)": [0.09137074849872147, 0.07089481748757145, 0.07238127670939035, 0.07334359929239707, 0.0, 0.07625935363754796, 0.08556581928709539, 0.07008685489162875, 0.04370844729112643, 0.04743447524596807, 0.08922068283813517],