{"q_values": {"(0, 0, 0, 0)": [0.7374931138153988, 0.8062788458761432, 0.7050287176609162, 0.7513152612698816, 0.7543485548915628], "(0, 1, 0, 0)": [0.6476055276083488, 0.4671299645943017, 0.49820929469352304, 0.5033753968689072, 0.5284246061130017], "(0, 2, 0, 0)": [0.03237208547746167, 0.02207819692688378, 0.024492060580302517, 0.0186815648739823, 0.016789925041575803], "(0, -1, 0, 0)": [0.7087785862498223, 0.7357139972568697, 0.7242359763606524, 0.7012626311480084, 0.8188805274792825], "(0, -2, 0, 0)": [0.0533888399107227, 0.04662073542593613, 0.05328608485910123, 0.05749750069646345, 0.22615484948259001], "(1, 0, 0, 0)": [0.790370101518917, 0.7812418313032129, 0.7668214452092441, 0.7943170284123805, 0.8465807450567097], "(-1, -1, 0, 0)": [0.476955555762702, 0.46236753573852035, 0.48728050896918373, 0.5084581199130774, 0.5525674858252648], "(-1, -2, 0, 0)": [0.05649741364735941, 0.11360775802531888, 0.13244148765701785, 0.13804475809353295, 0.35890383787221636], "(-1, 0, 0, 0)": [0.47018229485349905, 0.5929023660280733, 0.4912473388097933, 0.4761381580352387, 0.47662635173204654], "(1, 1, 0, 0)": [0.6895133003934019, 0.6762819077975808, 0.70377378685854, 0.715706243159077, 0.6840085979997788], "(1, 2, 0, 0)": [0.16497134473914427, 0.07007308100642763, 0.06707616951517079, 0.06586604150407815, 0.10001951742670898], "(-1, 1, 0, 0)": [0.3375462335837595, 0.2332622440036402, 0.1560747117872285, 0.2543735720433776, 0.2540110913745718], "(-1, 2, 0, 0)": [0.009178741457047376, 0.005873496274471006, -0.0020473957618218717, 0.008936763958883397, 0.012488393790233348], "(1, -1, 0, 0)": [0.5560372851633347, 0.5079044942970338, 0.5823631150149895, 0.5192335251962116, 0.8188452908547708], "(1, -2, 0, 0)": [0.0072099714571327795, 0.006936337027530272, 0.00849648613926001, 0.008375590735821765, 0.003145708673893262], "(-2, 2, 0, 0)": [0.033210470185052736, 0.014821896018758971, 0.0074674918371946414, 0.008446073830522385, 0.012238799597794989], "(-2, 1, 0, 0)": [0.14455887934049605, 0.1241201344605388, 0.1671380086766976, 0.1209623877307471, 0.12221430410145982], "(-2, -2, 0, 0)": [-0.0043562397360801695, 0.014506686472758263, 0.011999781368520777, 0.0, 0.0], "(2, -1, 0, 0)": [0.2589469514486173, 0.29674764911237644, 0.27849757180821244, 0.26188028200312086, 0.2823391424585467], "(2, -2, 0, 0)": [0.0028128070570767353, 0.005152477902101322, 0.00920970350436856, 0.0004634909824689313, 0.004543897648895805], "(-2, 0, 0, 0)": [0.24177299229080274, 0.23724022079863424, 0.24577178989996287, 0.24154698590497536, 0.34418653883458483], "(-3, 1, 0, 0)": [0.017023305216061102, 0.06045938864747019, 0.0830695191932387, 0.053049187022130684, 0.043207089477742926], "(-3, 2, 0, 0)": [0.00012368019089517394, 0.007161163609426199, 5.467818975057968e-05, -0.0006986398300803387, 0.004742127976649627], "(2, 1, 0, 0)": [0.8719415577975903, 0.7892772810673129, 0.787821430928388, 0.8272222443848581, 0.8054953929783412], "(2, 0, 0, 0)": [0.8182257961196443, 0.7768619218190657, 0.8274117221155205, 0.8011861867256592, 0.8936525748808861], "(-3, 0, 0, 0)": [0.06581225453235497, 0.05954925177781596, 0.12335983773407767, 0.0483456909819067, 0.0645135384844811], "(-2, -1, 0, 0)": [0.14319323485981106, 0.08416434476187162, 0.09532532584371436, 0.0689239451788611, 0.07459774752719286], "(-3, -1, 0, 0)": [0.09168581227462347, 0.0, 0.0, 0.010703358506400314, 0.014145150379240341], "(-3, -2, 0, 0)": [0.015221647528506984, 0.0, 0.005564506555544577, 0.0, 0.004610109451953786], "(3, -2, 0, 0)": [-0.005355514858088011, 0.0006442976661740155, 0.014129135004668785, -0.005426782729773712, 0.0018252476479390517], "(3, -1, 0, 0)": [0.15624852983660417, 0.1347541567327022, 0.13489083683637382, 0.14895826312654775, 0.14930250705410889], "(3, 0, 0, 0)": [0.45780536147757084, 0.49978182993636255, 0.5292041685263884, 0.5323606304846734, 0.8764369239981272], "(2, 2, 0, 0)": [0.3060118053619544, 0.192828878453571, 0.1665841663573471, 0.2095928413470829, 0.12413399862159494], "(3, 1, 0, 0)": [0.8819680509007596, 0.6684219231087982, 0.6081470172546913, 0.6393620010552954, 0.6403125254508952], "(3, 2, 0, 0)": [0.5158901316408551, 0.0, 0.0, 0.05028236853604448, 0.0], "(4, 1, 0, 0)": [0.34974186478180486, 0.0, 0.050549604666024185, 0.0, 0.0], "(4, 0, 0, 0)": [0.2515570750130258, 0.19142156963480336, 0.19749927007271412, 0.046670420940674036, 0.04546263029573441], "(4, -1, 0, 0)": [0.15979564378065844, 0.0, 0.03592454055508462, 0.029788877544128498, 0.024280154856356383], "(4, -2, 0, 0)": [-0.0035143276119191233, -0.003933982857929806, -0.006549037318262696, -0.003227809954384136, -0.0036133266304337643]}}