{"q_values": {"(0, 0, 0, 0)": [0.7210070940536519, 0.7113678940578506, 0.7241141731135008, 0.7248439217611578, 0.728898421423407], "(0, 1, 0, 0)": [0.7215330254437409, 0.6136638096263104, 0.6299151310702064, 0.6530833910814676, 0.6638362418696289], "(0, 2, 0, 0)": [0.13371269026932942, 0.06640220442721642, 0.08855121933899844, 0.06505882254654356, 0.08368554649420033], "(0, -1, 0, 0)": [0.6057429088028302, 0.5974428297858941, 0.6030703669466921, 0.6481122492170465, 0.7102118425658999], "(0, -2, 0, 0)": [0.03934488721531183, 0.06589954762002505, 0.06683404921944783, 0.058416431093780606, 0.06681221344224149], "(1, 0, 0, 0)": [0.44685243447069106, 0.5398761195393248, 0.6179841639906893, 0.7127476423065168, 0.5878031438281011], "(-1, -1, 0, 0)": [0.5134349206236677, 0.340471869862759, 0.5238010884245851, 0.5723048413073674, 0.4468824767259644], "(-1, -2, 0, 0)": [0.07607031983905262, 0.09129074773390422, 0.115865999151428, 0.08754239831007309, 0.26739591299360316], "(-1, 0, 0, 0)": [0.5377199354607163, 0.5156386961332231, 0.5510265126600951, 0.5422602631068799, 0.5325948649009307], "(1, 1, 0, 0)": [0.7216226629223468, 0.5603006785599267, 0.6077827704104823, 0.6152351882698148, 0.5416800471719427], "(1, 2, 0, 0)": [0.06880984238941422, 0.06539592068380781, 0.07654461105970348, 0.06524458637381532, 0.04538205878389459], "(-1, 1, 0, 0)": [0.4004783557829142, 0.4174808317251021, 0.3792588891476233, 0.43135550086880425, 0.43173405506336426], "(-1, 2, 0, 0)": [0.014515411762312165, 0.02075403365483917, 0.015165193619783246, 0.020501953267493277, 0.01794330815386975], "(1, -1, 0, 0)": [0.3675884095808848, 0.3495492510322241, 0.37418532730798326, 0.33073558386176505, 0.49812221954452324], "(1, -2, 0, 0)": [0.011250824453440748, 0.024838063722365668, 0.01152405501599391, 0.01182491902920696, 0.011373941987878071], "(-2, 2, 0, 0)": [0.018256255490761368, 0.015357635243639216, 0.023066423779806586, 0.014730150648101991, 0.01602332438175655], "(-2, 1, 0, 0)": [0.2215397640365917, 0.20325725150196602, 0.19743256103747062, 0.18036624915163282, 0.1878956566055449], "(-2, -2, 0, 0)": [-0.0043562397360801695, 0.008788049515483367, 0.007389304493249187, 0.0, 0.0], "(2, -1, 0, 0)": [0.1769423419903544, 0.18878716050034897, 0.19602128759470258, 0.1661280271848876, 0.2373726935716295], "(2, -2, 0, 0)": [-0.00011398164147165182, 0.01773101645772685, 0.003536434684076095, 0.0005338000964799413, 0.0007192420904764555], "(-2, 0, 0, 0)": [0.24912556481293363, 0.12923083429000948, 0.14615005153312266, 0.15844689059479844, 0.15730535015780486], "(-3, 1, 0, 0)": [0.0, 0.025637616068817363, 0.04410115735809214, 0.06620953023906483, 0.03314162563683488], "(-3, 2, 0, 0)": [0.010261114978178781, 0.001783211414355436, -0.0002834575323951245, -0.0036759856355050753, 0.000807024513294197], "(2, 1, 0, 0)": [0.15390373065933652, 0.0, 0.0, 0.0, 0.028871650469497467], "(2, 0, 0, 0)": [0.2246505219405005, 0.05203297166531248, 0.1386608335696818, 0.13846333467463678, 0.12825412828578617], "(-3, 0, 0, 0)": [0.03005089399895009, 0.05954925177781596, 0.1216941209352008, 0.0483456909819067, 0.0], "(-2, -1, 0, 0)": [0.09696319344929957, 0.05042229750211618, 0.04315410001818141, 0.04328167892513018, 0.041927073147042755], "(-3, -1, 0, 0)": [0.06978852681526979, 0.0, 0.0, 0.010703358506400314, 0.014145150379240341], "(-3, -2, 0, 0)": [0.011340708455383904, 0.0, 0.0, 0.0, 0.0], "(3, -2, 0, 0)": [-0.004398506134748459, -0.0009422953449612177, 0.0004793471012750081, -0.0002145948049694299, 0.004695418720278406], "(3, -1, 0, 0)": [0.048718262477180835, 0.0, 0.0, 0.009857819850717223, 0.0]}}