{"q_values": {"(0, 0, 0, 0)": [0.9942684898832064, 0.998013047241519, 0.9980181945626463, 0.9980004669404388, 0.9980273202600585, 0.9980178500382504, 0.99800919858681, 0.997989362321227, 0.9980046737128333, 0.9980106072074068, 0.9979472734264472], "(0, 0, 0, 1)": [0.9937965077213766, 0.9978686743437968, 0.9818163542351127, 0.9956106389408954, 0.9974973575514816, 0.998008480783638, 0.9979234701144756, 0.9973821455637328, 0.9959129859229099, 0.9954024126944734, 0.9967135855007156], "(0, 0, 0, -1)": [0.997471937171339, 0.9974877936409464, 0.9975298428753541, 0.9901777027585928, 0.9977500985033979, 0.9971430406355306, 0.9980020736394415, 0.996473222861469, 0.9979713970095372, 0.9960091825227756, 0.9830992433710468], "(0, 0, 0, 2)": [0.9784134990068747, 0.9876128720071465, 0.9851082207936652, 0.9917176031209256, 0.9936219654714964, 0.9937527996566895, 0.989558655958601, 0.9877543445093933, 0.9649662789679514, 0.9606679874565472, 0.9703057101468875], "(0, 1, 0, 2)": [0.943409545888184, 0.8290419979962438, 0.9413169399396311, 0.8553565731968372, 0.9458550400230132, 0.9436971502321189, 0.9469814975367945, 0.9414449291109341, 0.9333668763882218, 0.8699151623466455, 0.8835628754924498], "(0, 1, 0, 1)": [0.9654939951675754, 0.964242969333758, 0.9626769047687999, 0.9643513036321598, 0.9643422024907325, 0.9626859431966099, 0.9621462290064212, 0.9649612171727111, 0.9642440260448433, 0.964304652462949, 0.9505482997836379], "(0, 1, 0, 3)": [0.8922747719560848, 0.8475404191034424, 0.7936702969838547, 0.8660405070770547, 0.8130526274845729, 0.8942579603529192, 0.8045804586650217, 0.7771851843567225, 0.8199277029341571, 0.8930849506302725, 0.7580928247298981], "(0, 2, 0, 4)": [0.30456755714456174, 0.3168851267486209, 0.32794831646213235, 0.5281145840577652, 0.3359605728010042, 0.1931305030739009, 0.4569251957223647, 0.2191528258249916, 0.46452885701813346, 0.3972861119829767, 0.39286056659312674], "(0, 2, 0, 5)": [0.10631296435176132, 0.1701692226426624, 0.1339522276144575, 0.3196311813679831, 0.30315513788746784, 0.2586667340581675, 0.16432903372953767, 0.23875132620973794, 0.18282611864423717, 0.23569230076334136, 0.0359198285899241], "(0, 2, 1, 5)": [0.3467574724684508, 0.0794334188752514, 0.0, 0.08839911275838454, 0.0, 0.020412527333515708, 0.1831583868590234, 0.0, 0.0, 0.09113432820759676, 0.00834275015576277], "(0, 2, 1, 6)": [0.004144035279750824, 0.19875442973369506, 0.0, -0.0108846640214324, 0.0, 0.1268715035671688, -0.014276146047050135, 0.009777197866641706, 0.12195441078789693, 0.010985889976726424, 0.0810587042844803], "(0, 2, 0, 6)": [0.05046121999009884, 0.1203393145768942, 0.2422875676163876, -0.017164967331319197, 0.0018510280268392056, 0.1391768308229555, 0.08212367089143388, 0.07910340652845085, 0.08186016326079083, -0.003387417931991838, 0.07613924796909996], "(0, -1, 0, 0)": [0.9673538253990837, 0.9676466479756722, 0.9669827943160213, 0.9681309920017076, 0.96780767703067, 0.9679357264103365, 0.9677556080448453, 0.9679705448021766, 0.9619826576654369, 0.9672075408708058, 0.968369426678663], "(0, -1, 0, 1)": [0.918141542455599, 0.8093129502798657, 0.9684367200337656, 0.891604454636941, 0.95586599061461, 0.8731316496732856, 0.9547654187284049, 0.921806808074757, 0.8990574242112592, 0.9240420985799804, 0.8979963274259826], "(0, -1, 0, -1)": [0.9659921896304685, 0.9672284766295398, 0.9680223224158055, 0.9639125998541114, 0.8541132173018859, 0.9685065786135462, 0.9677119094747897, 0.9679329492819684, 0.9676227799417989, 0.9673844510797738, 0.9672484931075116], "(0, -1, 0, -2)": [0.9414213241593521, 0.9280043513971138, 0.9375994070555211, 0.9468671062319061, 0.9629180642169098, 0.8344645979651901, 0.852946703606963, 0.9383907491411637, 0.9113847544513263, 0.9529765330067713, 0.9503544812032607], "(0, -1, 0, -3)": [0.7974187183157218, 0.7263989185680518, 0.8554846339843958, 0.8571218713399178, 0.8769804531818497, 0.8197854666374162, 0.7760356894063021, 0.9580601952160173, 0.8343591290340502, 0.9259145050407978, 0.9025626404769327], "(0, -2, 0, -3)": [0.4769584308253917, 0.6178629470188557, 0.6769833672192797, 0.694890267347408, 0.653636903436755, 0.6718037404330267, 0.6779113072761775, 0.6975965436500227, 0.6313440404925917, 0.7329716310767512, 0.7001172795268471], "(0, -2, 0, -2)": [0.723114649477449, 0.7153345990992166, 0.7267647136436084, 0.7304314478932876, 0.7305987958998399, 0.7281813437864377, 0.7334555694734419, 0.7328056389873687, 0.732397907808283, 0.7258236308957318, 0.7158920590057751], "(0, -2, 0, -4)": [0.18175977881387886, 0.5238610251181461, 0.5544758813880728, 0.523296607816532, 0.26932376252475726, 0.48666799575155006, 0.1206150321795526, 0.6082300007356445, 0.336705069925882, 0.2630246906875324, 0.33143003110743946], "(0, -2, 0, -5)": [0.26380407446949694, 0.15093633896965541, 0.27266960343746727, 0.14519599459981672, 0.12543694080287507, 0.31780964885079444, 0.3174334980068737, 0.1511998586475672, 0.2503577011404757, 0.23486055079473964, 0.21552993963687445], "(0, 1, 0, 0)": [0.9609980481001417, 0.9645471275142374, 0.9624625189954801, 0.9619654329731242, 0.9638892509214834, 0.9615950571633792, 0.9598072151611461, 0.9614444822742242, 0.9656017043295892, 0.9640498457114783, 0.9627002201038865], "(0, 1, 0, -1)": [0.8347233570686035, 0.8749414799568047, 0.7730158762127046, 0.8710489229893442, 0.7998979647531865, 0.7523856061813791, 0.8777969539389631, 0.9083003686775888, 0.9598782121237834, 0.9109773995923631, 0.937083346681822], "(0, 2, 0, 3)": [0.6315538042634095, 0.7174709870316047, 0.6519474982903559, 0.3468854182240789, 0.655089857725144, 0.5273225786356045, 0.6685560215398785, 0.686401701714798, 0.69525211157095, 0.5169980671029051, 0.5659509774999956], "(0, 2, 0, 2)": [0.7270416806983381, 0.6938155902987491, 0.7298450746630072, 0.7376903121452959, 0.7449857231425032, 0.7331726008768459, 0.7300971915260929, 0.7199733329900209, 0.7301168121336613, 0.7249852153418657, 0.7354483823201161], "(0, -1, -1, -4)": [0.029065067880343274, 0.00474525848403573, 0.09070656124066505, 0.26367442244754874, 0.09447347778548543, 0.25834224658755617, 0.060319149896163826, 0.6984301871438787, 0.3627408968385187, 0.32371317559403534, 0.45030130380403194], "(0, 2, 0, 7)": [0.0, 0.07689228924545267, 0.0, 0.0, 0.0, 0.0, 0.0, 0.0, 0.004184766206890345, 0.0, 0.0], "(0, 2, 1, 7)": [-0.010908783413469791, 0.012857298994589766, 0.0, 0.0, 0.0, 0.0, 0.0, 0.0, 0.0, 0.0, 0.0], "(0, 0, 0, -2)": [0.8867256352058119, 0.9702115337844068, 0.9677333198322764, 0.9573332168917493, 0.9720554086913242, 0.9553042460046877, 0.9688108462720177, 0.9783262806155792, 0.9896354215690379, 0.9615313601527924, 0.9403326823960259], "(0, -1, -1, -3)": [0.48676909821979497, 0.48781859922591597, 0.23147558620872022, 0.35447729149402585, 0.4666855417779565, 0.28552301481717335, 0.5259460014775013, 0.44256510376737834, 0.0, 0.9403147703093774, 0.4752642929371388], "(0, -1, 0, -4)": [0.4447895300536988, 0.7370121890438677, 0.6154240613996101, 0.6119650510584951, 0.6698405664976674, 0.545671495549819, 0.7414024433907179, 0.44451739053212397, 0.7283894788152803, 0.840395445449341, 0.8108407082602844], "(0, -2, -1, -6)": [0.0, -0.010899988003075123, -0.01090605091303587, 0.0, 0.0, 0.004323514178395271, 0.04929902027865713, 0.07625617599937135, 0.0, 0.0, 0.1646488763696078], "(0, 0, -1, -3)": [0.0, 0.0, 0.0, 0.0, 0.0, 0.7623732208523206, 0.009996272046377475, 0.0, 0.0, 0.0, 0.023992198322933166], "(0, -1, -1, -5)": [0.0, 0.04005460623353368, 0.0, 0.018986899883008307, 0.0, 0.0, 0.0, 0.05443750617697815, 0.0, 0.0, 0.1286928170504617], "(0, -2, -1, -4)": [0.174190458283277, 0.0, 0.0, 0.07599814584701733, 0.08977734618639147, 0.10664846087982152, 0.0, 0.05056959141815355, 0.48356069670058144, 0.08621003023900194, 0.21678958725797645], "(0, 2, 0, 1)": [0.5808186180905208, 0.0, 0.6705794921815966, 0.14950769404624614, 0.46138144346989785, 0.5179814280493013, 0.6819335910604745, 0.41647990961878234, 0.6568730061289885, 0.680972398138435, 0.7433945147777334],