{"q_values": {"(0, 0, 0, 0)": [0.953319116068214, 0.937827159882004, 0.9576203294387668, 0.9538109123838243, 0.9584413290025063], "(0, 0, 0, 1)": [0.9616884358501376, 0.9625938188224257, 0.9606065870012053, 0.9425004273646654, 0.9439079553013838], "(0, 0, 0, 2)": [0.9671181966060697, 0.9495319283013499, 0.9506135465729153, 0.9238737218324224, 0.8706757565015346], "(0, 1, 0, 2)": [0.8507205924316619, 0.6703180893276264, 0.46178421051475366, 0.36423091093450594, 0.20930379345807185], "(0, 1, 0, 3)": [0.314366613435512, 0.23810333537804002, 0.2271488210878846, 0.2098777676357764, 0.21324935674116946], "(0, 1, 0, 4)": [0.15884232911113533, 0.15076993902438965, 0.15390836232103347, 0.15293272566948776, 0.15341867121986824], "(0, 1, 0, 5)": [0.12732609902057343, 0.10877721649872131, 0.10700369823520343, 0.10153290617002805, 0.05655857586231111], "(0, 2, 0, 5)": [0.04500811016753971, 0.034433405822493456, 0.031056937811022645, 0.021749232901576186, 0.016096310877494902], "(0, 2, 0, 4)": [0.09273249162026145, 0.07916793581436193, 0.06729167924503417, 0.04976663608445074, 0.03270584122044234], "(0, 2, 0, 6)": [0.004264062938806501, 0.004991263581337615, 0.009458725469984526, 0.004583293309727924, 0.004770720682728368], "(0, 3, 0, 5)": [-0.014229308319914782, -0.01339084747380374, -0.013393162054699396, -0.013397164289548917, -0.014248386560606577], "(0, -1, 0, 1)": [0.9617160504515372, 0.9667468112892669, 0.9668253680153536, 0.9666986967700445, 0.968423632806506], "(0, -1, 0, 0)": [0.8272982566707923, 0.925501282519597, 0.962322891999558, 0.9644941956783505, 0.9657796385288134], "(0, -1, 0, -1)": [0.5522555646949336, 0.7770882520364054, 0.8334548703066795, 0.9113182343837926, 0.9375780925490121], "(0, -1, 0, -2)": [0.3541314921670517, 0.39488944736276227, 0.5744461840091469, 0.6694063678512394, 0.7104257188682946], "(0, -2, 0, -3)": [0.10311455675743368, 0.09622187505982249, 0.11416467564227126, 0.11947111690221823, 0.1181945523053542], "(0, -2, 0, -5)": [0.03279785656190612, 0.027818851615732415, 0.028779531389491353, 0.04070515273764931, 0.032545455069428963], "(0, -2, 0, -4)": [0.039432673817350175, 0.06248277126597767, 0.06387762651339679, 0.07721747611566261, 0.07239755285469594], "(0, -2, 0, -6)": [0.008935579957093655, 0.011920878850889369, 0.015865841317539753, 0.028583574477744466, 0.023924625378286938], "(0, -2, 0, -7)": [0.00207332441576446, 0.00385836138847212, 0.008370401124807433, 0.0026638369431745477, 1.8097407406504704e-05], "(0, -2, 0, -8)": [-0.002531713561585765, -0.0020878395298985406, -0.0019300062582962218, -0.006204572222610011, 0.0008791037462105048], "(0, 1, 0, 0)": [0.9680974207682004, 0.9676785222248406, 0.9649839040611635, 0.9625295025558916, 0.8747207439291896], "(0, 1, 0, 1)": [0.8451297199159311, 0.9034113885831928, 0.9013598055323024, 0.8294932233166783, 0.6913075101072583], "(0, 2, 0, 7)": [-0.001123664390223714, 0.00045457709069928994, 0.00043807566430888265, -0.0026564364772231892, -0.004055097779793348], "(0, 2, 0, 8)": [-0.006068069894052793, 0.0005135731245018045, -0.006590089493579167, -0.007501592049737054, -0.010494587018617949], "(0, -1, 0, -3)": [0.2783770482575452, 0.2924510927647707, 0.27330285724441894, 0.29702652328337614, 0.29057088674056464], "(0, -1, 0, -4)": [0.22623933048651648, 0.2250361471298649, 0.2257003870921908, 0.21537385632637895, 0.22245954257119677], "(0, -1, 0, -5)": [0.11097964476946524, 0.1542189590360735, 0.14897299002476413, 0.14350738863812465, 0.15456920928309553], "(0, 0, 0, -1)": [0.9300733979738348, 0.9465953546131592, 0.95753329594068, 0.9627509520440168, 0.9627864247104726], "(0, 0, 0, -2)": [0.9157705404994391, 0.9139750293425014, 0.9550866366347782, 0.9374576927320493, 0.9417126322629675], "(0, 0, 0, 3)": [0.9025076545290327, 0.4895029030199051, 0.34570064810019646, 0.3401456219082157, 0.24223516198975598], "(0, 2, 0, 3)": [0.15017914873197385, 0.11631673180935212, 0.11546362373586062, 0.11416984246814701, 0.08990179338233414], "(0, 1, 0, -1)": [0.9666109641616014, 0.9679705840014321, 0.9677256458245463, 0.9681186710871535, 0.9643320490788989], "(0, 1, 0, -2)": [0.1813527075566848, 0.11276972695551238, 0.9717407995056153, 0.18850050193450119, 0.3633407253959624], "(0, -1, 0, 2)": [0.8262393104566549, 0.9685059434814504, 0.8946509724501702, 0.5481381965809806, 0.7611763455185933], "(0, -2, 0, -9)": [-0.0005673564565523109, -0.004947690733395296, -0.006474145175549563, -0.006896897353485374, -0.0052463797427588], "(0, 0, 0, -3)": [0.10841065936541952, 0.3442877417027544, 0.3128120773414283, 0.8539587965589315, 0.32961884318994883], "(0, 3, 0, 7)": [-0.007528524233400822, -0.008965027150642128, -0.007533519924245775, -0.007531887888722122, -0.007539534420147538], "(0, 0, 0, -4)": [0.0067643868353461055, 0.039124251984725626, 0.003213284669203872, 0.04589234726902548, 0.21802504098721204], "(0, -1, 0, -6)": [0.030465491224793053, 0.02127275245942052, 0.045676368376473084, 0.052729255099350184, 0.12601342622903525], "(0, -1, 0, -7)": [0.00902681740626721, 0.0022157731130174833, 0.011731406503417184, 0.03340872571170454, 0.0011375301212523381], "(0, -3, 0, -7)": [-0.00753599199615419, -0.008974558709356935, -0.00897011922409758, -0.008966046100053936, -0.00896398792674765], "(0, 1, 0, 6)": [0.09614008446061718, 0.009550268407119183, 0.035186427644746804, 0.009262819703736122, 0.00753742626661536], "(0, 1, 0, 7)": [0.004110249645329903, 0.006405398866933361, 0.0, 0.0010410555572764948, 0.001894521494023502], "(0, 1, 0, 8)": [0.0027343954469290343, 0.0, 0.0, 0.0, 0.0], "(0, 2, 0, 9)": [-0.008043404196475838, -0.008325811249288623, -0.006773499566842161, -0.008568992220716207, -0.0021376558154364003], "(0, -2, 0, -2)": [0.20216018743374237, 0.19922941922678625, 0.22336614824044657, 0.22972457087834092, 0.23059440225939917], "(0, -2, 0, -1)": [0.11010920851695066, 0.22912013809044435, 0.14301194028873984, 0.10113445299465923, 0.1194841060233762], "(0, 2, 0, 2)": [0.2375399787865614, 0.23513326889920497, 0.24244487027769232, 0.23247423672304698, 0.2192768498005335], "(0, 0, 0, 4)": [0.03269470866269185, 0.21091804541797593, 0.06950419525593293, 0.06909783172159717, 0.022264777545761373], "(0, -3, 0, -6)": [-0.015708818878785613, -0.015703281952642527, -0.015702686707350328, -0.016316322655930412, -0.016312982719214858], "(0, 0, 0, 5)": [0.0, 0.0, 0.0, 0.011394351388244026, 0.002474981667448537], "(0, 0, 0, -5)": [0.003045801583348206, 0.0, 0.0, 0.0, 0.0], "(0, -1, 0, 3)": [0.0, 0.001774967615854871, 0.09019487091873425, 0.0009832593612372875, 0.0221980370392151], "(0, -1, 0, 4)": [0.0, 0.005701448720575185, 0.0, 0.0, 0.0], "(0, -3, 0, -9)": [-0.002196987718343735, -0.0021947821602225303, -0.0021954622119665147, -0.004167320542037487, -0.0021944431588053702], "(0, 2, 0, 1)": [0.25842766654626675, 0.302765098059974, 0.2818021588415843, 0.23828871159613582, 0.28983532017229413], "(0, 3, 0, 8)": [-0.005942581649869681, -0.0075392981881275785, -0.007541980912722648, -0.00594408543780446, -0.005945610404014588], "(0, 3, 0, 6)": [-0.011413137111512199, -0.011413142188506947, -0.011415651324373112, -0.011419763739681617, -0.011420415580836684], "(0, -3, 0, -5)": [-0.011410393283106016, -0.012452295325628929, -0.01245092344191732, -0.01244636749562202, -0.012441149909012095], "(0, -3, 0, -8)": [-0.00594201067276299, -0.005941916920244693, -0.007539233591966331, -0.007539533770643175, -0.007540135725960136], "(0, 2, 0, 10)": [-0.003469058502465487, -0.004764770480523896, -0.003939419649723918, -0.004609036006419517, -0.004152743723243475], "(0, 3, 0, 4)": [-0.0124328629861434, -0.01139056056825407, -0.011392793486986123, -0.011394429553235694, -0.011398835499997623], "(0, 2, 0, 0)": [0.013967729031014366, 0.004800522147533978, 0.2400747069618334, 0.028214675458062218, 0.001492495091590514], "(0, -3, 0, -4)": [-0.007514184721373021, -0.007511761962622405, -0.00894429954778403, -0.008943322296701372, -0.008937590683270246],