{"q_values": {"(0, 1, 0, 0)": [99.36847551805616, 99.48094663814202, 99.38085262873723, 98.40201938763424, 94.54279352396624, 99.36050457907149, 99.40512266114816, 99.3728031833888, 99.35665711982858, 99.38376601283674, 99.37899714890133], "(0, 2, 0, 0)": [98.7861985952937, 98.6600209605126, 95.59632279239054, 99.0155805383728, 97.71762984505172, 98.22648319449571, 98.4324502950836, 98.78804358733244, 98.72367162084485, 98.32708044890137, 98.77927308858779], "(0, 3, 0, 0)": [92.42074274706408, 95.2068951202169, 89.03866003239551, 95.35073998032732, 95.69828453633829, 94.25865923246039, 95.84350006749985, 95.40966994434532, 94.33786912635952, 95.40892794469487, 95.55171786305314], "(0, 4, 0, 0)": [81.23809524168564, 81.96869540964747, 85.05480826213149, 82.87241446222366, 82.30815320219016, 85.08523278769664, 81.7298135418061, 81.45682315169365, 81.09001423982455, 83.37927774616462, 82.07353243846758], "(0, 5, 0, 0)": [62.30271133109981, 63.9593782044779, 59.854770908498836, 63.911723299223, 61.223727956029855, 60.64600502042383, 63.196777639650634, 61.02155352019368, 59.625429683926484, 63.386747320345165, 58.01951244215495], "(0, 6, 0, 0)": [40.288200369442094, 38.47966894801085, 37.3118483958668, 38.93241923105557, 39.95561158444651, 37.108335558195925, 38.870898124046974, 35.681172143522176, 37.813235557275966, 39.025835819926385, 30.24139673346771], "(0, 7, 0, 0)": [19.035679764441138, 17.480822815396394, 15.603085912221424, 17.85623029918479, 16.915985869656765, 17.87004461591761, 16.27817229386245, 18.25943394722052, 18.147899732894032, 18.360343051655192, 17.842029439959884], "(0, 8, 0, 0)": [4.14827752001418, 11.44840526578201, 3.0593111513599185, 1.0789539488190765, 4.75224670505119, 5.883126931067263, 3.650479359957215, 1.958822587818163, 3.903015049739344, 5.5261594493504225, 4.014402039734088], "(0, -4, 0, 0)": [87.77057110082376, 85.57974064380362, 87.81936386247222, 87.94564857745337, 87.95490193644137, 87.96692425992586, 87.3429149573938, 77.51580039057072, 85.80869853726364, 84.95088770554085, 86.6105793135328], "(0, -5, 0, 0)": [64.38425596299626, 72.55482900365107, 64.80513685170988, 62.806607062076, 75.39402725697035, 60.219773609857754, 64.56516199566191, 66.19745947812872, 69.33992210008573, 62.45422878711741, 73.94404716484368], "(0, -6, 0, 0)": [29.394399826349, 29.12969898384135, 28.165870926153115, 27.890499773080986, 28.913461791375816, 29.795561673572216, 31.397279017531332, 30.47194775771449, 26.370815501093418, 27.30092528808046, 29.59909071089291], "(0, -7, 0, 0)": [16.615581005632123, 15.059589014353277, 16.97662957144259, 13.604484029372859, 16.582580846627554, 16.0658490278036, 14.527712479351415, 17.188604575057507, 16.04041885511691, 17.40638364231164, 14.475378781763204], "(0, -8, 0, 0)": [-0.2552705511778437, 2.252539616615201, 5.982148495638702, 2.099221292358334, 3.973645237132613, 2.478773461823563, 5.018200922071376, 8.342916030101913, 2.0196465165572173, 4.6187967309685884, 7.440972921882043], "(0, 0, 0, 0)": [99.51307716844477, 98.00121976594846, 99.483978045292, 99.28788365269264, 99.4877740336593, 99.50099434427571, 99.37579501907842, 99.27136883518656, 98.99349430426159, 99.49081645377201, 99.48865394337082], "(0, -1, 0, 0)": [99.46706073187147, 99.17030665207736, 99.48046783975266, 99.46668700048632, 99.48204714987062, 99.4376435966748, 99.48568811370419, 99.51199573584064, 97.27614332557785, 98.26427716121928, 93.72860844248298], "(0, -2, 0, 0)": [98.71077102348971, 98.36216329688722, 98.86201210089494, 98.78731931288189, 99.1086961557948, 98.60407264884657, 98.77114405040936, 99.19949554080836, 98.6106575772255, 96.7361176422613, 99.16894754680003], "(0, -3, 0, 0)": [94.48274406522197, 95.87534155045873, 94.92387274858253, 95.79318654604417, 94.53548700355685, 95.55925495375926, 95.49459226989758, 95.30153416242145, 95.97660211578965, 95.94968026234108, 95.5373527148202], "(-1, -6, 0, 0)": [0.5534415825123831, 0.9889163793178813, 4.80235479410303, 0.4484103312794398, 1.2857501342535413, 1.1405779809159808, 0.625877601650719, 0.8403207332519795, 0.2680999318550144, 3.669074892325492, 0.40658847302973694], "(-1, -7, 0, 0)": [0.948729989149552, 4.142917700686056, 0.2174213583796207, 0.33863888590335844, 0.857214799775881, 0.7116675843362001, 1.2273798198987287, 2.4435206869088564, 0.36956991522312166, 0.6212492437330775, 0.24233056270656939], "(-1, -8, 0, 0)": [0.0, -0.10996090925159108, 0.5501307481218233, 0.0, 0.0, 0.16657189130783082, -0.7876881217956544, 0.0, -0.43633313179016114, 0.84085079841255, 0.2387136098104512], "(1, -7, 0, 0)": [6.166271586917182, 4.190136943748243, 3.048411127568344, 3.7724007845691006, 3.744934765069355, 4.327233710048071, 5.521944706738979, 5.648826399762696, 4.317315251645002, 4.103940627142464, 4.488217856036853], "(1, -8, 0, 0)": [-1.1846727640745778, -1.0717067523156074, -0.3323086836931965, -1.054149272185384, -0.28762987284297903, -1.1859156793197725, -0.2905660845910458, -0.3479638998066669, -0.23559741961956385, -0.43724811445361433, -0.46357162139330543], "(-1, -3, 0, 0)": [14.74259253432864, 11.834370263133897, 8.90629706390801, 4.927082128078508, 12.820720925798398, 13.496655706608589, 4.737200810164154, 12.569892298758042, 27.464083390201004, 9.446176676647331, 8.776384234558062], "(-1, -4, 0, 0)": [6.319633855007897, 9.782576603714203, 6.960447126749513, 5.2510927331428485, 6.373784203695038, 7.411702307365372, 33.45749084566066, 24.736952618235332, 4.815364494755304, 11.10661058862156, 4.755255472342526], "(-1, -5, 0, 0)": [2.450984814968989, 0.42093560241946043, 8.471916425942105, 0.2843765771642805, 3.7379439306552587, 6.031306676822426, 2.901899827961266, 0.3237394874516099, 2.7745050454722455, 2.4984512256298785, 2.0534226213051556], "(-1, 3, 0, 0)": [52.76254949914227, 53.33683618109467, 49.95863488283035, 50.82285250876778, 51.42206332898376, 51.643296350921304, 57.468637240442, 50.27046543934729, 49.25663716542925, 50.29358957804012, 50.272661639643175], "(-1, 4, 0, 0)": [37.37328393306494, 47.19036665110403, 35.79222635663983, 41.09830990919888, 45.551430534801796, 44.48777756938005, 44.06928968733032, 42.05901376164163, 45.168272367131785, 44.94617112978178, 44.43652518139638], "(-1, 5, 0, 0)": [38.074764334056304, 30.508384028322453, 34.06406312922994, 33.694710767423906, 32.67890978675206, 33.316025731338804, 35.03182179460663, 33.52855898066008, 28.626532225600492, 31.478697402078453, 20.757908581344747], "(-1, 6, 0, 0)": [18.565519662562938, 13.944652726878525, 12.305744149177743, 15.24635333202289, 18.554921147233216, 17.43138782370899, 13.120173523387729, 16.438032676207328, 14.442457950054, 18.253156755047712, 17.900506236278314], "(-1, 7, 0, 0)": [7.82322580531912, 8.236342640488562, 8.507986746907651, 7.182877780900341, 8.028847143088177, 7.062023044503115, 5.195890778270872, 5.737614405446584, 7.66885417201077, 7.40027739030277, 6.13590923137538], "(-1, 8, 0, 0)": [-0.0369632587358536, -0.019509788631096425, -0.10413377192414519, -0.34129874613829736, -0.14557071513254155, -0.041074995746326226, 0.42420053013676906, -0.4664401725648776, -0.5004016770858075, -0.20953038668244484, -0.4342458368466031], "(1, -3, 0, 0)": [49.95863199205182, 49.6306584789256, 43.358636352670395, 40.54224760734174, 46.514954989780044, 46.04769262157531, 45.660710440649815, 46.335265190061754, 44.41025485284872, 55.65500009296403, 47.38722539169705], "(1, -2, 0, 0)": [59.447676622162824, 65.46970900798702, 60.35681383586287, 59.175641854638435, 54.86345974989714, 60.53042324055643, 62.4643201465209, 62.41548338094399, 67.28196825966336, 62.663700553320915, 59.32140586755873], "(1, -4, 0, 0)": [22.635113140925874, 22.225355553981423, 20.978220497964724, 27.67585842701527, 22.37522586809156, 24.90377986111879, 19.914289010827748, 26.14907081965699, 25.119539875627456, 35.68250586174797, 31.935715141121392],