{"q_values": {"(0, 0, 0, 0)": [0.8176704648729594, 0.84960495767545, 0.8090840762544329, 0.7962696603737381, 0.7806446062230469], "(0, 1, 0, 0)": [0.4064983933905289, 0.40821132516756187, 0.3876908279572704, 0.346607133508866, 0.37900611294313696], "(0, 2, 0, 0)": [0.04345828568321328, 0.041621366133476154, 0.018482496302478894, 0.021108544171708057, 0.03081549496301909], "(0, -1, 0, 0)": [0.8199949324504607, 0.6936176321972, 0.6981566563209174, 0.6679824113266168, 0.8264609549363753], "(0, -2, 0, 0)": [0.059388488381666216, 0.04662073542593613, 0.10035326923705468, 0.041643742675529366, 0.30224301953575516], "(1, 0, 0, 0)": [0.7981149452200431, 0.8037952010437989, 0.8049140416000294, 0.7972562686082991, 0.7690411127652705], "(-1, -1, 0, 0)": [0.5504005667727085, 0.5735086182447495, 0.5891318665217614, 0.5694172351662575, 0.7365766754390918], "(-1, -2, 0, 0)": [0.05649741364735941, 0.11360775802531888, 0.13244148765701785, 0.13804475809353295, 0.14955211705295618], "(-1, 0, 0, 0)": [0.5293146288387788, 0.48227943504978177, 0.4802451703186518, 0.5066990632924837, 0.5002663591553294], "(1, 1, 0, 0)": [0.8202562455485188, 0.7303286289237413, 0.7297089517365865, 0.6968697833146008, 0.6604444961530305], "(1, 2, 0, 0)": [0.388964300858021, 0.05424556671420455, 0.04762889318821105, 0.05007137955745551, 0.0494679180724764], "(-1, 1, 0, 0)": [0.1632229143070712, 0.16214059336251221, 0.1422555393405922, 0.15539807252313043, 0.16240760755447617], "(-1, 2, 0, 0)": [0.022056208963327585, 0.010914187939287381, 0.003076561800577353, 0.009457278846715923, 0.008977508003719513], "(1, -1, 0, 0)": [0.620643745691326, 0.6529129484500055, 0.592286273852845, 0.5961827139866103, 0.6863686313978721], "(1, -2, 0, 0)": [0.013788865726284474, 0.022486394999372467, 0.015824079306955743, 0.008375590735821765, 0.003145708673893262], "(-2, 2, 0, 0)": [0.01125600736605927, 0.01216161890136839, 0.011287509234384195, 0.008446073830522385, 0.013953532814515493], "(-2, 1, 0, 0)": [0.15447162723503918, 0.15156697116154744, 0.1608057963052587, 0.14711019746579945, 0.14747873219148006], "(-2, -2, 0, 0)": [-0.0043562397360801695, 0.017968306071107207, 0.010645233783068942, 0.0, 0.0], "(2, -1, 0, 0)": [0.25314317509944395, 0.23663677826475626, 0.2502315038456071, 0.2544107639532277, 0.25882752680305166], "(2, -2, 0, 0)": [0.0028128070570767353, 0.007748487536750314, 0.007701747138996095, 0.01275728002168717, 0.004543897648895805], "(-2, 0, 0, 0)": [0.2485016621126055, 0.24982314224388466, 0.25519886306238554, 0.3616625674196989, 0.26690613815650827], "(-3, 1, 0, 0)": [0.03408376920502035, 0.07306827299863891, 0.07481897402951708, 0.061491625110810605, 0.06584838110883728], "(-3, 2, 0, 0)": [0.00012368019089517394, 0.008398784570116991, 5.467818975057968e-05, -0.0006986398300803387, 0.0033870122234695207], "(2, 1, 0, 0)": [0.8965430961761124, 0.8065465278463548, 0.8448861419667885, 0.8500463478916773, 0.7997351560180971], "(2, 0, 0, 0)": [0.7402357747654343, 0.8112299571958654, 0.8169996834299775, 0.7856401974824339, 0.920678941639157], "(-3, 0, 0, 0)": [0.06581225453235497, 0.05954925177781596, 0.1338260209364736, 0.0483456909819067, 0.0645135384844811], "(-2, -1, 0, 0)": [0.13072456730959897, 0.08921800943854569, 0.09532532584371436, 0.0689239451788611, 0.07459774752719286], "(-3, -1, 0, 0)": [0.09168581227462347, 0.0, 0.0, 0.010703358506400314, 0.014145150379240341], "(-3, -2, 0, 0)": [0.009135829837904192, 0.0, 0.005564506555544577, 0.0, 0.004610109451953786], "(3, -2, 0, 0)": [-0.0006215408009760254, 0.0007461668393110932, 0.003588020024522907, -0.005426782729773712, -0.003417596953765276], "(3, -1, 0, 0)": [0.09815894646502629, 0.09696210222385462, 0.11875432880408454, 0.09095329971712328, 0.21307950441288936], "(3, 0, 0, 0)": [0.5161489286240696, 0.5938629771675734, 0.5802253157478185, 0.5663451945314903, 0.7181679347703687], "(2, 2, 0, 0)": [0.31430217626190715, 0.12246865844223012, 0.16036297629701987, 0.24297319527201983, 0.20033250422198967], "(3, 1, 0, 0)": [0.7237219354213946, 0.8133605470893067, 0.6683712994215956, 0.6240522435642858, 0.6513143665359148], "(3, 2, 0, 0)": [0.43285065611404566, 0.0, 0.0, 0.1446583119562025, 0.0], "(4, 1, 0, 0)": [0.43806284444836885, 0.0, 0.050549604666024185, 0.0, 0.0], "(4, 0, 0, 0)": [0.4438757660717543, 0.179914766624476, 0.2769393656175495, 0.046670420940674036, 0.106891495147694], "(4, -1, 0, 0)": [0.11927554034035667, 0.038385177117769564, 0.03592454055508462, 0.029788877544128498, 0.024280154856356383], "(4, -2, 0, 0)": [-0.004429984006223933, 0.008035451537526207, -0.006549037318262696, -0.004272459301272174, -0.0065489437811392754]}}