{"q_values": {"(0, 0, 0, 0)": [0.8815625261247053, 0.8837711103128041, 0.8787466739683453, 0.8841019251899064, 0.8790488668789513], "(0, 0, 0, 1)": [0.8665712676617418, 0.8498874612266947, 0.8775795003500033, 0.8661668178199178, 0.8405959753757771], "(0, 0, 0, 2)": [0.862952361450783, 0.7663170157957592, 0.7604608954579747, 0.7510512627806707, 0.6960676315704563], "(0, 1, 0, 2)": [0.5523261188249085, 0.5222058816936481, 0.5241794889439789, 0.49836839021347773, 0.49051245759402556], "(0, 1, 0, 3)": [0.4865078889150726, 0.494393811950538, 0.462041022097633, 0.4262550912234927, 0.4036539129466287], "(0, 1, 0, 4)": [0.45951223305340716, 0.3473029462097524, 0.32246857821041297, 0.29648058306806546, 0.22101349985675608], "(0, 1, 0, 5)": [0.30337390734080605, 0.07655934234586578, 0.11442799769407917, 0.09220534153901982, 0.07011362343938324], "(0, 2, 0, 5)": [0.2126565970747404, 0.12782965901101542, 0.1343161274535797, 0.1256267860377448, 0.10991307537803714], "(0, 2, 0, 4)": [0.22988968898654463, 0.20648925760629933, 0.23493234218368145, 0.22138033805091273, 0.20237295119232704], "(0, 2, 0, 6)": [0.12883789642950524, 0.07638778793566355, 0.08578243569962712, 0.06527952472067071, 0.035352243118950806], "(0, 3, 0, 5)": [-0.004152440484613181, -0.00751616351120174, -0.004150487147271634, -0.00895568526012823, -0.008958063874077053], "(0, -1, 0, 1)": [0.8389239873168417, 0.8115092276228619, 0.809636069945171, 0.8111593400301556, 0.7564284878693622], "(0, -1, 0, 0)": [0.825655962247593, 0.8284633418595192, 0.8270503807543789, 0.8222364877895155, 0.839874718951722], "(0, -1, 0, -1)": [0.801661904784116, 0.796983126799276, 0.8164251727950176, 0.8111073074531147, 0.8395408283103732], "(0, -1, 0, -2)": [0.6334844262105873, 0.6970232188190566, 0.7505672962269098, 0.7571232566454092, 0.8329656435113647], "(0, -2, 0, -3)": [0.21073467998993356, 0.21870035335807098, 0.21766427316858747, 0.22210674785952902, 0.23607692993876053], "(0, -2, 0, -5)": [0.1142783070665107, 0.1178206573672735, 0.18568692200321343, 0.17705170614008034, 0.20453392411098495], "(0, -2, 0, -4)": [0.18430420979493722, 0.20662320614262858, 0.21909957151610798, 0.23427279515302202, 0.20059455803156023], "(0, -2, 0, -6)": [0.0767359570226332, 0.1089946417892845, 0.08748527645653689, 0.11311427451028855, 0.15536441346792348], "(0, -2, 0, -7)": [0.050482012716234176, 0.04106172292770279, 0.06115083772777203, 0.061067850067389816, 0.11875884961194158], "(0, -2, 0, -8)": [0.005426766731741136, 0.006986260212550971, 0.015678217488592116, 0.020952964925949998, 0.050742623902279974], "(0, 1, 0, 0)": [0.5004046866653731, 0.5257550092290706, 0.5256510663510413, 0.5245762172796524, 0.550480513431223], "(0, 1, 0, 1)": [0.5304226045499761, 0.5531064786779164, 0.5227542930219736, 0.528692391721097, 0.516376662596812], "(0, 2, 0, 7)": [0.060651597707712286, 0.024136757048651033, 0.01711358346082562, 0.017094712766955244, 0.007568022791254481], "(0, 2, 0, 8)": [1.475975392165518e-05, 5.1834085755283685e-05, 0.000488348422973889, 0.002491607386515147, -0.0054612475426676155], "(0, -1, 0, -3)": [0.4823879725425353, 0.5230574149399103, 0.6034330773649609, 0.5980486393998873, 0.7110152903592649], "(0, -1, 0, -4)": [0.24350077147196234, 0.30758761254403605, 0.39997700122322016, 0.3708289025748469, 0.5597393522269363], "(0, -1, 0, -5)": [0.09403097053014764, 0.1087716708001526, 0.12397202912817495, 0.3744871447163791, 0.19281519402722883], "(0, 0, 0, -1)": [0.861570762726893, 0.8732090851967039, 0.8803858830917481, 0.8716624384010019, 0.8841359952226547], "(0, 0, 0, -2)": [0.6070099685839744, 0.7504911221982153, 0.8041594637439488, 0.7655132625168808, 0.8721529441729091], "(0, 0, 0, 3)": [0.7244493938063592, 0.39285265017341753, 0.23990288680994878, 0.3401456219082157, 0.12955452523659458], "(0, 2, 0, 3)": [0.2595943251758239, 0.23495709011687393, 0.2672033045803638, 0.21835408500811918, 0.2440112895272517], "(0, 1, 0, -1)": [0.1216631330421051, 0.22164313834123167, 0.23813375119882088, 0.27019266437444894, 0.49848891089656394], "(0, 1, 0, -2)": [0.011913236392307954, 0.0038352109766646683, 0.06301227344481186, 0.0036827377640390457, 0.046242053986416405], "(0, -1, 0, 2)": [0.05953776246831301, 0.7153742643779141, 0.2852002938804597, 0.10215957166315034, 0.12707568551875292], "(0, -2, 0, -9)": [0.0015616410911652252, -0.0030717341360364555, -0.004290075168358707, -0.0012015244875482672, -0.0019523834542180146], "(0, 0, 0, -3)": [0.10388062078691872, 0.2424473033405519, 0.2613947466045859, 0.6624355129307548, 0.26716481484016424], "(0, 3, 0, 7)": [-0.002189069613814354, -0.007527290952019395, 0.0, -0.004160556551069021, -0.004165046699345112], "(0, 0, 0, -4)": [0.0067643868353461055, 0.039124251984725626, 0.003213284669203872, 0.04589234726902548, 0.14063389605221333], "(0, -1, 0, -6)": [0.025692194235640307, 0.018908034903798984, 0.030502185776864782, 0.022925654885673462, 0.1197509880143451], "(0, -1, 0, -7)": [0.00902681740626721, 0.0022157731130174833, 0.00823458488727272, 0.016810114379448196, 0.0011375301212523381], "(0, -3, 0, -7)": [-0.004163422025740147, -0.00416267329826951, -0.004159293528646231, -0.004160493854433298, -0.00415852090343833], "(0, 1, 0, 6)": [0.10680006959975645, 0.006171386789609728, 0.023350900209105234, 0.009262819703736122, 0.005331140247193588], "(0, 1, 0, 7)": [0.004110249645329903, 0.004832461837315628, 0.0, 0.0, 0.001894521494023502], "(0, 1, 0, 8)": [0.0010426691776141525, 0.0, 0.0, 0.0, 0.0], "(0, 2, 0, 9)": [0.0, 0.000503917129644876, -0.006313477447707198, -0.0014324119218353157, 0.0], "(0, -2, 0, -2)": [0.2242051808204995, 0.1880099989688789, 0.14572698126673445, 0.14986475885617048, 0.142728469303001], "(0, -2, 0, -1)": [0.0905431114431372, 0.18466213246659607, 0.022295281337914207, 0.02412222064064492, 0.019475179283608444], "(0, 2, 0, 2)": [0.24189398961114086, 0.27125539824933986, 0.25697281311569653, 0.25199455094403717, 0.2606119309846816], "(0, 0, 0, 4)": [0.03269470866269185, 0.13857626282807406, 0.06950419525593293, 0.06909783172159717, 0.022264777545761373], "(0, -3, 0, -6)": [-0.00896149775745347, -0.008960362675450742, -0.008959417894482614, -0.008956971715632827, -0.010246460239559413], "(0, 0, 0, 5)": [0.0, 0.0, 0.0, 0.011394351388244026, 0.002474981667448537], "(0, 0, 0, -5)": [0.003045801583348206, 0.0, 0.0, 0.0, 0.0], "(0, -1, 0, 3)": [0.0, 0.001774967615854871, 0.0, 0.0009832593612372875, 0.006054398934184509], "(0, -1, 0, 4)": [0.0, 0.0011832151049971861, 0.0, 0.0, 0.0], "(0, -3, 0, -9)": [0.0, 0.0, -0.0021954622119665147, 0.0, 0.0], "(0, 2, 0, 1)": [0.027472383019381555, 0.009697301334062648, 0.038344038353706075, 0.08065726732387798, 0.2305609098377284], "(0, 3, 0, 8)": [-0.0021924246102571487, -0.0021918321028351786, -0.00219095703214407, -0.0021925438195466995, 0.0], "(0, 3, 0, 6)": [-0.004154311753809452, -0.0021881096065044406, -0.002188003063201904, -0.004157374165952206, -0.0021875161677598954], "(0, -3, 0, -5)": [-0.004153817929327488, -0.005922399323433638, -0.004153946656733751, -0.005921830562874675, -0.005918627224862576], "(0, -3, 0, -8)": [-0.0021931191906332972, -0.004165285900235176, -0.002190304361283779, 0.0, 0.0], "(0, 2, 0, 10)": [0.0, 0.0, 0.0, 0.0, -0.0021924821659922602], "(0, 3, 0, 4)": [-0.004147108364850283, -0.002182649075984955, -0.00414788892492652, -0.002186097949743271, -0.004149789605289698], "(0, 2, 0, 0)": [0.0033218377836177733, 0.004800522147533978, 0.025272724841575014, 0.0, 0.001492495091590514], "(0, -3, 0, -4)": [-0.0021846642717719077, -0.002184613421559334, -0.002183976024389267, -0.002184855565428734, -0.004146830160170794], "(0, 3, 0, 3)": [-0.004143923595547676, -0.0021810749545693397, -0.0021827789023518562, -0.0041472773253917695, -0.0021836481988430022], "(0, -2, 0, -10)": [-0.002175535634160042, 0.0008650519885122776, 0.0009670084761455655, 0.0008360994979739189, -0.0021833993494510652], "(0, -2, 0, 0)": [0.0, 0.0, 0.0, 0.01658467985055554, 0.0], "(0, -3, 0, -10)": [0.0, -0.0021967969834804538, 0.0, 0.0, 0.0],