{"q_values": {"(0, 0, 0, 0)": [0.9772040695822511, 0.9814517304467393, 0.9818502026760145, 0.9837799252316246, 0.9753934386222205], "(0, 0, 0, 1)": [0.9815607274805717, 0.9813454405312665, 0.9624794353383246, 0.9809367048414115, 0.9666190447112137], "(0, 0, 0, 2)": [0.9844257201813149, 0.934428743784742, 0.9338434029650454, 0.9027268954161178, 0.8556507980173108], "(0, 1, 0, 2)": [0.9061048911935264, 0.8232628244512271, 0.7528989191033298, 0.5522272017157409, 0.5182400579770031], "(0, 1, 0, 3)": [0.5093594109916506, 0.4700098619355024, 0.4435119707195931, 0.4706649849238987, 0.38342935816695756], "(0, 1, 0, 4)": [0.299909560782866, 0.30051442194992545, 0.3091276269112909, 0.2827391851412293, 0.22442919649282825], "(0, 1, 0, 5)": [0.1747053343392391, 0.11404415499593867, 0.14832079933989364, 0.09703445208072771, 0.08166369908569143], "(0, 2, 0, 5)": [0.05247284347523349, 0.03633424368894511, 0.046311728486907115, 0.03749862860119893, 0.02747035984143062], "(0, 2, 0, 4)": [0.11318146497113604, 0.11184534437697405, 0.08886698161092825, 0.0719177476979074, 0.043768749406836074], "(0, 2, 0, 6)": [0.010179966147642324, 0.012208476224270898, 0.013377758137377587, 0.010538705063672526, 0.013309089120414579], "(0, 3, 0, 5)": [-0.013382885056323965, -0.012449026512838714, -0.012451272099527755, -0.012455545801139455, -0.012457485592018943], "(0, -1, 0, 1)": [0.979702527993843, 0.9831429217356915, 0.9852591694444378, 0.9853173539557264, 0.9851065036473886], "(0, -1, 0, 0)": [0.9342878415226239, 0.9675361263259591, 0.9803390143867176, 0.9820676486076676, 0.984680463383343], "(0, -1, 0, -1)": [0.7934298955905094, 0.9208118613413011, 0.9219378347676437, 0.8848939897575604, 0.9747729876977285], "(0, -1, 0, -2)": [0.5572694478504754, 0.621265939209043, 0.7802281622888997, 0.7806936695483104, 0.934305639547578], "(0, -2, 0, -3)": [0.12342954060285147, 0.1474411095654277, 0.16891648406294452, 0.18486616313114518, 0.18787810074425756], "(0, -2, 0, -5)": [0.039297064359817044, 0.03132135291442464, 0.04027689991563359, 0.05646231254576506, 0.054029953910713295], "(0, -2, 0, -4)": [0.0532815258992593, 0.08061407609418544, 0.10245201709305016, 0.09620882640563495, 0.13113281284708023], "(0, -2, 0, -6)": [0.01562917565703276, 0.014822701017780873, 0.013876733013669013, 0.02131066235014386, 0.026884383814222555], "(0, -2, 0, -7)": [0.005961755749584685, 0.006802065316649451, 0.008428332664868015, 0.007011162005300605, 0.00794771958536759], "(0, -2, 0, -8)": [-0.002531713561585765, -0.0008947345302410623, -0.0015259431866634556, 0.002047733838093632, -0.0003314104529661434], "(0, 1, 0, 0)": [0.9835840782191625, 0.9831966003399724, 0.9815368398284876, 0.9784690185330553, 0.9429568764631622], "(0, 1, 0, 1)": [0.9785504718151475, 0.9599383245259459, 0.9287017595145897, 0.9101602202674172, 0.826812359688361], "(0, 2, 0, 7)": [0.0011764769407645584, 0.001497493196787332, 0.0007270039430899052, 0.004573835164933338, 0.0013939990277240938], "(0, 2, 0, 8)": [-0.003648983577139748, -0.0026859930262136626, -0.0004181302632221761, -0.003638039048716566, -0.007501054211866847], "(0, -1, 0, -3)": [0.39027098575788866, 0.4669578732694215, 0.48649150488448184, 0.5136000796817497, 0.719446826205852], "(0, -1, 0, -4)": [0.3250119165570619, 0.3205036192382851, 0.35464455380098103, 0.342934889696534, 0.3410545694786577], "(0, -1, 0, -5)": [0.13804395440212872, 0.20192602423056633, 0.24574541047028708, 0.25216072307900816, 0.27400978378435875], "(0, 0, 0, -1)": [0.9726615725770428, 0.9729406906151423, 0.9776129374453487, 0.9796063585873898, 0.9828795939094747], "(0, 0, 0, -2)": [0.9156188535162637, 0.9139750293425014, 0.9505195455603563, 0.9718378952116139, 0.98515827642554], "(0, 0, 0, 3)": [0.8844226654549724, 0.4895029030199051, 0.34570064810019646, 0.3401456219082157, 0.24223516198975598], "(0, 2, 0, 3)": [0.19867570520972724, 0.19943565277260958, 0.19957015316435522, 0.18697889056843583, 0.10778549315925938], "(0, 1, 0, -1)": [0.9832108142362025, 0.9838038542134955, 0.9838007416674939, 0.9837100277447918, 0.9832858696892866], "(0, 1, 0, -2)": [0.011697120923789153, 0.11276972695551238, 0.9327975896863808, 0.10127793452808131, 0.1371231714833462], "(0, -1, 0, 2)": [0.5401090697858932, 0.9857744142200001, 0.7584078935453716, 0.44581366501608655, 0.3337869387966267], "(0, -2, 0, -9)": [-0.005002745890882295, -0.004947690733395296, -0.006474145175549563, -0.00831177259099205, -0.0035224106049790427], "(0, 0, 0, -3)": [0.10841065936541952, 0.3442877417027544, 0.3128120773414283, 0.9090581864211066, 0.32961884318994883], "(0, 3, 0, 7)": [-0.005932178288698197, -0.008965027150642128, -0.004162562694400549, -0.005934825001284481, -0.004165046699345112], "(0, 0, 0, -4)": [0.0067643868353461055, 0.039124251984725626, 0.003213284669203872, 0.04589234726902548, 0.21802504098721204], "(0, -1, 0, -6)": [0.028807746775861464, 0.018908034903798984, 0.03273983091225006, 0.052729255099350184, 0.2568169683937312], "(0, -1, 0, -7)": [0.00902681740626721, 0.0022157731130174833, 0.011731406503417184, 0.04275351937939149, 0.0011375301212523381], "(0, -3, 0, -7)": [-0.00593884226307273, -0.00753515569511801, -0.007532383809052408, -0.007529421495832502, -0.007528632203303277], "(0, 1, 0, 6)": [0.1225150969927668, 0.009550268407119183, 0.035186427644746804, 0.009262819703736122, 0.005331140247193588], "(0, 1, 0, 7)": [0.004110249645329903, 0.005860269582573924, 0.0, 0.0, 0.001894521494023502], "(0, 1, 0, 8)": [0.0010426691776141525, 0.0, 0.0, 0.0, 0.0], "(0, 2, 0, 9)": [-0.002562613287445531, -0.006817631379070883, -0.006947940299286041, -0.007476095677726594, -0.007813182281046317], "(0, -2, 0, -2)": [0.21291718094203838, 0.2414570877561697, 0.26736097032230366, 0.2794182005806224, 0.2942892089926112], "(0, -2, 0, -1)": [0.11010920851695066, 0.2753128658888635, 0.14301194028873984, 0.10113445299465923, 0.1194841060233762], "(0, 2, 0, 2)": [0.35415730062410034, 0.3514933143801959, 0.3284141915956641, 0.3274143654038367, 0.2664592921426107], "(0, 0, 0, 4)": [0.03269470866269185, 0.21091804541797593, 0.06950419525593293, 0.06909783172159717, 0.022264777545761373], "(0, -3, 0, -6)": [-0.014255805373137679, -0.014254343393105447, -0.01425357504075289, -0.014248739970869995, -0.015008167581943453], "(0, 0, 0, 5)": [0.0, 0.0, 0.0, 0.011394351388244026, 0.002474981667448537], "(0, 0, 0, -5)": [0.003045801583348206, 0.0, 0.0, 0.0, 0.0], "(0, -1, 0, 3)": [0.0, 0.001774967615854871, 0.0018258947697597006, 0.0009832593612372875, 0.022289934649672556], "(0, -1, 0, 4)": [0.0, 0.0027904182791315987, 0.0, 0.0, 0.0], "(0, -3, 0, -9)": [-0.002196987718343735, -0.0021947821602225303, -0.0021954622119665147, -0.0021937046200037, -0.0021944431588053702], "(0, 2, 0, 1)": [0.25018805860165466, 0.30185415363913065, 0.277329089458356, 0.23828871159613582, 0.346374114115492], "(0, 3, 0, 8)": [-0.004166531749069691, -0.004165773484855891, -0.00416425408795476, -0.0021925438195466995, -0.0021932143718004227], "(0, 3, 0, 6)": [-0.008955829328037799, -0.008957799996696414, -0.010252651111926884, -0.0089640845573321, -0.010256645224787295], "(0, -3, 0, -5)": [-0.011410393283106016, -0.011405176685841008, -0.01245092344191732, -0.011399609902794473, -0.012441149909012095], "(0, -3, 0, -8)": [-0.00594201067276299, -0.005941916920244693, -0.005940558625385166, -0.004165558423846961, -0.004165394194424152], "(0, 2, 0, 10)": [-0.0014348901435732842, -0.0027789052702374755, -0.000731827210634947, 0.0, -0.0021924821659922602], "(0, 3, 0, 4)": [-0.011390069479209373, -0.01139056056825407, -0.010232351367643104, -0.010233692795794457, -0.010237820675434545], "(0, 2, 0, 0)": [0.013967729031014366, 0.004800522147533978, 0.2400747069618334, 0.028214675458062218, 0.001492495091590514], "(0, -3, 0, -4)": [-0.007514184721373021, -0.007511761962622405, -0.007510008819028735, -0.0075104331757873295, -0.008937590683270246], "(0, 3, 0, 3)": [-0.0059103832319378855, -0.005911773623898626, -0.005912390416488052, -0.0041472773253917695, -0.004147932454943657],