{"q_values": {"(0, 0, 0, 0)": [0.9160478331655688, 0.9367197437068637, 0.9313016736440636, 0.9331537439019177, 0.9244822206780777, 0.939425224115067, 0.9274106444030217, 0.9286156808157114, 0.9359014406287453, 0.936534887981532, 0.9256807149570793], "(0, 1, 0, 0)": [0.8545553379154868, 0.9519384127493425, 0.9147365509465192, 0.8540130747502456, 0.8704443769339831, 0.8874725904165269, 0.9054796301612045, 0.8891635322471261, 0.8755166954034773, 0.9187439662918164, 0.8875292616824842], "(0, 2, 0, 0)": [0.9092033523755626, 0.5138650512973311, 0.5286873919541605, 0.5309079866204511, 0.49616394940258735, 0.5270409239185885, 0.6025652005506092, 0.49623159192617367, 0.5103073219761947, 0.5761313382882673, 0.51994736975007], "(0, 3, 0, 0)": [0.1358636439842051, 0.1404696029981632, 0.14268228289711612, 0.1569114531416611, 0.15483598683527205, 0.1418235410926344, 0.15440798494924596, 0.15565230740681624, 0.13919569346023802, 0.1516946233916552, 0.14648528685764675], "(0, 4, 0, 0)": [0.009094900771014065, 0.01894982404055693, 0.01487342575256708, 0.009171384925257858, 0.008534485235069427, 0.004172520005777445, 0.008754050341917383, 0.009753991701936054, 0.006579493232148951, 0.013760655737429312, 0.0026111613747211992], "(0, -2, 0, 0)": [0.3857104519091388, 0.4343852981279425, 0.417149713926384, 0.43526370594209357, 0.39118152938809064, 0.4099862194338873, 0.3946202965463449, 0.40226262769002485, 0.5747394563517713, 0.4359286683194808, 0.41747618704105405], "(0, -3, 0, 0)": [0.08308006742387714, 0.08272446731070819, 0.07829986001185885, 0.0826772850284048, 0.08050045251303725, 0.08279900016240722, 0.0831016500596771, 0.07546594114418287, 0.08279013551808158, 0.0803049846352796, 0.1405286127105149], "(0, -4, 0, 0)": [-0.001271045837210143, 0.003744049149089165, -0.002887926936923955, -0.0008436227126060397, 0.0035224790549717323, 0.0025982458829539395, -0.002701832260331818, -0.0008277099376436583, -0.0011947614966842648, 0.010386600247299921, -0.0015489743815524887], "(0, -1, 0, 0)": [0.8038036319234073, 0.7675422479609737, 0.7200725390958455, 0.7553215333437291, 0.775407277560041, 0.7734266991478483, 0.7874024316767478, 0.8023508331421328, 0.786760539103532, 0.7997910620385498, 0.73525613612959], "(1, 3, 0, 0)": [0.012878097816668155, 0.04783755518088769, 0.09865522594761728, 0.044661350248389804, 0.06619718701612587, 0.05018826781980651, 0.01811125321420266, 0.07085409425661524, 0.00589850418718186, 0.06721084266005709, 0.005701853827496536], "(1, 4, 0, 0)": [0.006776016422367954, 0.009191324351897796, 0.0067965180922826786, 0.008362622173828804, 0.008370995556080067, 0.008264543974535264, 0.006888626548371777, 0.007354025247586033, 0.007220087498460962, 0.008197869387535733, 0.007317585036725862], "(-1, -1, 0, 0)": [0.9000190731906037, 0.9227218347081588, 0.8902824414813996, 0.9017295885064442, 0.925208386792747, 0.8875507799086334, 0.9115759597721562, 0.8939512290120224, 0.922617766774896, 0.9238876882774497, 0.924350355340216], "(-1, -2, 0, 0)": [0.3039455396401607, 0.3061144605831394, 0.44474071332561954, 0.44382048326424084, 0.1491152205063108, 0.44489385052345154, 0.3240663920938683, 0.3481407935101754, 0.1900794641539881, 0.044481827465482335, 0.6611913533914775], "(-1, 3, 0, 0)": [0.07746319609861936, 0.06974085695887419, 0.06379867821636796, 0.048236350979535284, 0.06601259854814844, 0.06936052446879551, 0.08090187085222511, 0.06251895255299715, 0.07717192274555551, 0.06719372902360718, 0.06699723008227358], "(-1, 4, 0, 0)": [-0.0007580742304984867, -0.0013267794732543213, 0.00919096623881237, -0.0010218067326184712, -0.006152025434248557, -0.000788009628369021, 0.0010635338214802, 0.0011242886379333981, -0.0015818504023685596, -0.0011886331762365884, -0.003426154453711445], "(-1, -3, 0, 0)": [0.035402866240576966, 0.022982540979322758, 0.03305221070616509, 0.04512315482039458, 0.0327636307877412, 0.018692513200870228, 0.028160232679865414, 0.019675135172918745, 0.020380158206776695, 0.0228854847101357, 0.011914682833310278], "(-1, -4, 0, 0)": [-0.008240752703958878, -0.00672498296416698, -0.008489473746424331, -0.008465302326379478, -0.008998542838390525, -0.00851048788657735, -0.007902235845697232, -0.00837573158398504, -0.008665861910945614, -0.008503639428563924, -0.007837271768634316], "(1, 0, 0, 0)": [0.8201788759932326, 0.8243406247883421, 0.8170995374455171, 0.8047006547447482, 0.8244838273899292, 0.7910403814374362, 0.8266686695060917, 0.7970611166155538, 0.8182714530381473, 0.755410892567045, 0.8341703138777701], "(1, -1, 0, 0)": [0.6460151359415639, 0.6323830548450377, 0.5742866980543796, 0.6509604394101861, 0.6122249922283256, 0.6517963495279283, 0.6524965185647194, 0.6591781114352719, 0.5626898156906459, 0.646998527150052, 0.7538054320583494], "(1, -2, 0, 0)": [0.20058071724226817, 0.16655321868819817, 0.23691834894136715, 0.25487187312322473, 0.18646088748718453, 0.2138534586274668, 0.24881861344710512, 0.2571917008011816, 0.19489956661517346, 0.18672375541162303, 0.28954972929242745], "(1, -3, 0, 0)": [0.07004847363943749, 0.06390881732195472, 0.06233683462127012, 0.07637305814703937, 0.08570804048225228, 0.055967341790664794, 0.06729640321040922, 0.06929800698837388, 0.06826070774607855, 0.0820460717913301, 0.06924197192821202], "(1, -4, 0, 0)": [-0.003670612485608322, -0.007398824407380075, 0.003424901916783409, 0.0015415148860594688, -0.0029887592521990174, -0.003334762577854749, -0.003796291593877798, -0.005183411447202097, 0.0020642354134656348, -0.0031751556953124585, 0.018364161703595585], "(-1, 1, 0, 0)": [0.9389674216385993, 0.6713008821834748, 0.6728243135194969, 0.5449418937925232, 0.6070914550765939, 0.620206781132377, 0.528313971525098, 0.6142485914874769, 0.5293355865512632, 0.6110758371043524, 0.5445858527647884], "(-1, 2, 0, 0)": [0.25228833221146046, 0.2611352254331187, 0.2328803083600924, 0.2340239140164509, 0.2498378844092216, 0.2624816277540193, 0.23858400578938538, 0.25139459560434, 0.2489673497657658, 0.2257503302943833, 0.229855149518844], "(1, 1, 0, 0)": [0.7199662150686382, 0.8389632241288102, 0.8749036762677437, 0.8238209764170754, 0.8273103649599799, 0.8400676892201072, 0.8252170288869144, 0.7922275165335404, 0.8196548544770348, 0.8162285885180034, 0.8076066900817302], "(1, 2, 0, 0)": [0.11663186401377323, 0.23468659758304805, 0.5922133150995249, 0.046598031460447074, 0.24135349681358728, 0.167125107727067, 0.12876312487463332, 0.12871783202666914, 0.1951284130277563, 0.3071093540070146, 0.23961812326070062], "(-1, 0, 0, 0)": [0.9531551609334893, 0.9312088561330892, 0.9286065917986586, 0.9353310433060267, 0.9355811164830236, 0.9354964754430326, 0.9271305167338669, 0.8880238642536087, 0.9314614114446114, 0.9232226898806976, 0.9312205738558792], "(-2, 1, 0, 0)": [0.03976877409061403, 0.08762003742693267, 0.05656334981432928, 0.03616660122399745, 0.06939430997898353, 0.19326986465377813, 0.10154827593632162, 0.05313966545712889, 0.12722990064109985, 0.07875099803476263, 0.009824620025421088], "(-2, 2, 0, 0)": [0.0, 0.040508312963812756, 0.05336918184681549, 0.058787965658700064, 0.06827922509520801, 0.06616187802498899, 0.04322022689431144, 0.028232331510790916, 0.09038863709335088, 0.049566087006373424, 0.046093876765066724], "(-2, 4, 0, 0)": [0.0008680326663994056, -0.008835395957696997, -0.009634778415538739, -0.006018336842907314, -0.0015686186787669055, -0.004508044847456259, -0.002765252689993263, -0.005704891593813897, -0.006487848247066967, -0.00905616755387965, -0.009157593866988528], "(2, -1, 0, 0)": [0.23071671878011685, 0.2851820183910077, 0.230598337980764, 0.2941190499208381, 0.28930339135462146, 0.2710413278278767, 0.2997003767918312, 0.30799204420119525, 0.2190267620265411, 0.31078203745777344, 0.3053801806466713], "(2, -2, 0, 0)": [0.0862539680342559, 0.07632598532491579, 0.07922225905386841, 0.07334359929239707, 0.0, 0.07625935363754796, 0.09060434615026128, 0.08787149599473984, 0.06331176537098868, 0.04743447524596807, 0.08751831084809113],