{"q_values": {"(0, 0, 0, 0)": [0.7362928808423576, 0.7335673891469867, 0.7602174488639517, 0.7234249902503849, 0.7382343074739518, 0.7402300487834621, 0.7449804543714832, 0.7130559004961746, 0.7195328514348741, 0.7138302199317402, 0.721574678461402], "(0, 1, 0, 0)": [0.6110832916369482, 0.6642951379362518, 0.6277165977951833, 0.6143537622204056, 0.6470521822931793, 0.6298614328844475, 0.6051267279043899, 0.5727659553074423, 0.6213011553479592, 0.5960349436612216, 0.5960800442380262], "(0, 2, 0, 0)": [0.3634816428279974, 0.34209279571782664, 0.31812735075152226, 0.3526170847780052, 0.35680393318765474, 0.3443521777223259, 0.3957165876956281, 0.3393959448701894, 0.34931865477834634, 0.3254304907485662, 0.3271904573273208], "(0, 3, 0, 0)": [0.11781156449256378, 0.11317383658896112, 0.1076549708538142, 0.07084081637034012, 0.11614603616858753, 0.10694788783777484, 0.11178406249464684, 0.11037539247759562, 0.12163799415137828, 0.11540314007287297, 0.1070556146583434], "(0, 4, 0, 0)": [0.02540184886914982, 0.01635745500550075, 0.02155572103930377, 0.02785655994595949, 0.0225534124200222, 0.019878987553598737, 0.02611761737772983, 0.007048881663843463, 0.021562533728358944, 0.02506415325668921, 0.03490815027136561], "(0, -2, 0, 0)": [0.5158384784065693, 0.4595896858169179, 0.48594754814131824, 0.5401845952880884, 0.5317735109969554, 0.5362482658387455, 0.5017405797291324, 0.43011750498733187, 0.5248271788306257, 0.5040351912065736, 0.5103444975513257], "(0, -3, 0, 0)": [0.19278314720989456, 0.19877866318244058, 0.15016445724754432, 0.1866646558412784, 0.1864543090852267, 0.2009398763552198, 0.19790745089085734, 0.20603684079455617, 0.19296758523956462, 0.19156512837432155, 0.16640572427738284], "(0, -4, 0, 0)": [0.015242269160130321, 0.03572227732629516, 0.03148542643150899, 0.034717837928525425, 0.042951259176718874, 0.038389863861221674, 0.0265178100737646, 0.038826239793353104, 0.03300513079789277, 0.038351421162390084, 0.031746800458294054], "(0, -1, 0, 0)": [0.7197274954578744, 0.6339858727483457, 0.7237939970980645, 0.759919242201528, 0.7600247147305873, 0.7440955545958564, 0.761551855877345, 0.7349716766771903, 0.7452748628035522, 0.7598614579953656, 0.7586915317845557], "(1, 3, 0, 0)": [0.0, 0.0, 0.0, 0.0, 0.001785322465002537, 0.0, 0.0, 0.0, 0.0, 0.0017499083653092385, 0.0021230914901942013], "(1, 4, 0, 0)": [0.0, 0.0017290402203798295, -0.00437922552227974, 0.0, 0.0, 0.0, 0.0020868169225111604, 0.0, 0.002048912527412176, 0.0020652000946260783, 0.0], "(-1, -1, 0, 0)": [0.0031276318836970644, 0.008423468994256264, 0.0, 0.0031320070508880932, 0.0, 0.025539537429479096, 0.008424137363489872, 0.10458866111330427, 0.006411210329826217, 0.0035261268541908254, 0.08477559050980342], "(-1, -2, 0, 0)": [0.027975281414637128, 0.02777717230796487, 0.028975514552306892, 0.058173548464929975, 0.004391725608742736, 0.009237102088131163, 0.024753607160038344, 0.00905141372429726, 0.021333105214333438, 0.03223773590454442, 0.026074734204568423], "(-1, 3, 0, 0)": [0.01816388814773949, 0.0, 0.0, 0.0044262509265017074, 0.01193292274585991, 0.0071343887785134015, 0.0, 0.0, 0.005118575976295576, 0.00555598055825906, 0.01155358081230665], "(-1, 4, 0, 0)": [-0.002739071825742722, 0.0, 0.0, 0.0, 0.0010734263536955335, 0.0, 0.0, 0.0, 0.0, 0.0, 0.0], "(-1, -3, 0, 0)": [0.015104807609646291, 0.012002300057076335, 0.010762254834779631, 0.02884627983723635, 0.01540026728318315, 0.010886099886262794, 0.012615903958228591, 0.010702980851252205, 0.017593959631136215, 0.005090692974032316, 0.005015822275878343], "(-1, -4, 0, 0)": [-0.004626748303795816, 0.0, 0.0025303466331146993, -0.005234751934763543, 0.0013669142492672508, 0.0039130002120540556, -0.0015546071325799032, 0.0022887260263456, 0.0, 0.0021554024399493875, 0.0030141764655449302], "(1, 0, 0, 0)": [0.01587484242703551, 0.0, 0.005138477206357666, 0.005140843883284278, 0.0, 0.010725480968969622, 0.005139826506503769, 0.0, 0.0019942797720432282, 0.004361170885531046, 0.0], "(1, -1, 0, 0)": [0.05708855824505663, 0.011520110281765304, 0.015218464502872155, 0.022901839461951793, 0.021769228951888382, 0.012773515904062838, 0.020131452680697458, 0.02003321736608344, 0.03213031656415035, 0.005999350838130985, 0.020846341082457386], "(1, -2, 0, 0)": [0.04048185676442654, 0.03632026777407814, 0.025226128589438325, 0.04518747958490879, 0.042930659252129445, 0.06210490780130266, 0.013546601996325758, 0.033277395209998936, 0.03265994044340306, 0.030160142993327504, 0.0437444319419711], "(1, -3, 0, 0)": [0.010291404818130056, 0.03418790394050442, 0.0, 0.03625630027856268, 0.001851562596857548, 0.01914399661824364, 0.022633211617961366, 0.015234198211060684, 0.004756920634983833, 0.012374468905989783, 0.02776807900532265], "(1, -4, 0, 0)": [0.001608137439250347, -0.0009726814787829443, 0.0, 0.0024725661186051147, -0.0018660756766345123, -0.00243098850984003, 0.0, 0.004754826217350114, -0.0003773861044762128, 0.009012664111408292, -1.1381920677872026e-05], "(-1, 1, 0, 0)": [0.025301486546167033, 0.008275932089697503, 0.013336717809233841, 0.00507019389360338, 0.0, 0.0, 0.0, 0.0019500210881233217, 0.00945062470804156, 0.015056805038481839, 0.006596196039490768], "(-1, 2, 0, 0)": [0.0, 0.0, 0.0, 0.0030523037695853253, 0.007225054974651266, 0.005794437023409457, 0.005476722782963813, 0.0, 0.0, 0.0, 0.0]}}