{"q_values": {"(0, 0, 0, 0)": [0.8966723728613174, 0.880017143375296, 0.8963266211463478, 0.8963163260218188, 0.8947332284846541, 0.8553510975606723, 0.8915408548792146, 0.8732650464003058, 0.8920846348641505, 0.8965389964943947, 0.9123321506687857], "(0, 1, 0, 0)": [0.8552621167167848, 0.8545912565363181, 0.8912066142619159, 0.8563446145916407, 0.7889839190963632, 0.842044882189201, 0.8190736524619714, 0.8556989889861897, 0.8575119415432474, 0.8618630689466157, 0.8774034915835969], "(0, 2, 0, 0)": [0.7492581074416009, 0.6240250241064851, 0.5909117068802147, 0.6359493932143468, 0.5731940933289169, 0.5309670588295093, 0.6567754201397148, 0.6691296582890321, 0.5666872858855343, 0.5713827435308787, 0.6153955546609963], "(0, 3, 0, 0)": [0.16718070100947113, 0.16250478609645105, 0.16047301978889142, 0.1569114531416611, 0.15483598683527205, 0.15839891413722454, 0.15440798494924596, 0.15565230740681624, 0.16046900203086917, 0.15968905974503386, 0.15428008670054605], "(0, 4, 0, 0)": [0.009094900771014065, 0.032351580581302, 0.0026810596762804947, 0.009171384925257858, 0.008534485235069427, 0.004172520005777445, 0.008754050341917383, 0.009753991701936054, 0.006579493232148951, 0.008186872135086416, 0.0026111613747211992], "(0, -2, 0, 0)": [0.497767012427704, 0.5537694726265107, 0.47757462140203194, 0.463650172400805, 0.4771196794610522, 0.5218763736614889, 0.4960421063164101, 0.48754744968504826, 0.5457562618730072, 0.48113543044725604, 0.5814174403169533], "(0, -3, 0, 0)": [0.13717368997386606, 0.13896159308568024, 0.13311813348159413, 0.140292896642378, 0.13659289274907388, 0.12897897095805277, 0.13532706022592023, 0.1392683983264756, 0.13416101769506594, 0.12948092568941577, 0.13117145950190948], "(0, -4, 0, 0)": [0.00347068651967348, 0.004159944755066439, 0.0021436844810533056, 0.004915181414544796, 0.0010754614765025525, 0.005151063272596664, 0.0055166517071016455, -0.0008277099376436583, 0.002986468237540292, 0.012883157061927712, 0.030298823973404207], "(0, -1, 0, 0)": [0.7959672232180277, 0.7993640797783197, 0.8392533733250732, 0.7833667454354755, 0.8269726950772778, 0.7668686398710209, 0.8203614559069513, 0.8294596211904381, 0.8789825757059846, 0.8103434592071439, 0.808756390518232], "(1, 3, 0, 0)": [0.012878097816668155, 0.04783755518088769, 0.08390812554048205, 0.044661350248389804, 0.17128427832129434, 0.05018826781980651, 0.01811125321420266, 0.032745762454488764, 0.00589850418718186, 0.07459868466234258, 0.005701853827496536], "(1, 4, 0, 0)": [0.09473139540449155, 0.010352480581486606, 0.030293678336738822, 0.028581612587480924, 0.026083366647013217, 0.00786329622472258, 0.022378846383481386, 0.022884276956471182, 0.009214961411794481, 0.010833846228788907, 0.032933455024350806], "(-1, -1, 0, 0)": [0.8108947982197715, 0.8628156037207907, 0.776544989279712, 0.8884304776585921, 0.828544023194214, 0.9011782031974287, 0.7634555966628132, 0.8242594624616659, 0.8186226811007263, 0.8275953422617878, 0.7423635258413563], "(-1, -2, 0, 0)": [0.05430724630131945, 0.0629633940788595, 0.1685249353367551, 0.11833840246723223, 0.030301838623091028, 0.13063706191840108, 0.1415254196438946, 0.05700261368505082, 0.1900794641539881, 0.044481827465482335, 0.4515229222920062], "(-1, 3, 0, 0)": [0.1567187311563971, 0.06186302098087181, 0.06379867821636796, 0.048236350979535284, 0.06601259854814844, 0.07636144527877715, 0.06764112836539321, 0.06251895255299715, 0.08054049430687728, 0.0645334618838325, 0.0725573400626528], "(-1, 4, 0, 0)": [-0.0007580742304984867, -0.0013267794732543213, 0.016376691420436955, -0.0010218067326184712, -0.006152025434248557, -0.0018529536290579568, 0.0027316178870593066, -0.0020266240075394607, -0.0015818504023685596, -0.0011886331762365884, -0.003426154453711445], "(-1, -3, 0, 0)": [0.026954307860235845, 0.022982540979322758, 0.03305221070616509, 0.06175317347935132, 0.0327636307877412, 0.018692513200870228, 0.028160232679865414, 0.019675135172918745, 0.020380158206776695, 0.0228854847101357, 0.011914682833310278], "(-1, -4, 0, 0)": [-0.008240752703958878, -0.007507245623166502, -0.006831553980774582, -0.006806535622800864, -0.0074897582495238625, -0.006880997412376426, -0.007902235845697232, -0.00837573158398504, -0.007433693910005982, -0.006896739598354799, 0.025447326230098002], "(1, 0, 0, 0)": [0.7388757961040567, 0.7191544855031543, 0.7406315573018538, 0.7375563214296261, 0.7339536978232305, 0.7444261138424388, 0.7313373932899161, 0.7281960785854765, 0.8621748484894017, 0.7326158264166961, 0.7480959399713601], "(1, -1, 0, 0)": [0.48191889286567957, 0.5270623399001378, 0.49484223611241807, 0.4692863304842205, 0.5427028755606611, 0.501869040759261, 0.4949906103112739, 0.4956265332312409, 0.5242023189211582, 0.4874335536983633, 0.5354043889717666], "(1, -2, 0, 0)": [0.20633724277143567, 0.20023305583540202, 0.19425689573260146, 0.19792491137858248, 0.200546808452733, 0.20245544991983536, 0.19967910526213165, 0.2069356275526559, 0.19845177834676864, 0.19051346933521626, 0.19016264477215108], "(1, -3, 0, 0)": [0.07004847363943749, 0.06390881732195472, 0.06233683462127012, 0.051214602391632606, 0.06269853306898603, 0.055967341790664794, 0.06729640321040922, 0.06286058541738153, 0.05993494234265953, 0.05570280653226586, 0.10802928659229923], "(1, -4, 0, 0)": [-0.003670612485608322, -0.007398824407380075, 0.005326191492265538, -0.004251530712978428, -0.0029887592521990174, -0.003334762577854749, -0.003796291593877798, -0.005183411447202097, -0.0032378124612389247, -0.0031751556953124585, 0.02265789422569118], "(-1, 1, 0, 0)": [0.6392036436212666, 0.8192089074075816, 0.6257155852502436, 0.5859610316355904, 0.5408324382053492, 0.5881048896673969, 0.5855919271970021, 0.6081939293659476, 0.6243176906264996, 0.6266991927419786, 0.6437657803256082], "(-1, 2, 0, 0)": [0.3798211612659714, 0.3379166918785742, 0.2328803083600924, 0.2340239140164509, 0.27790743619655395, 0.2583010614285766, 0.28034659787883787, 0.23492171391863087, 0.31630866484914466, 0.2257503302943833, 0.2894713273267454], "(1, 1, 0, 0)": [0.7961199354948384, 0.7843575462551524, 0.8745183929499094, 0.8052678740226697, 0.767758168047088, 0.7739660286854938, 0.7629058240792761, 0.7872644831326338, 0.7599098790227912, 0.7483753501070493, 0.7127818016134047], "(1, 2, 0, 0)": [0.11663186401377323, 0.06455101140516428, 0.13293484894549726, 0.017906970177153012, 0.03670585625837126, 0.06880077698859596, 0.2644700866780173, 0.09637308838893324, 0.09173105362302762, 0.042701275146575526, 0.0874732974766447], "(-1, 0, 0, 0)": [0.791375845038165, 0.9169477577969073, 0.8863397176660732, 0.8849920920296644, 0.8878254452811575, 0.8872921730995785, 0.8841098623235946, 0.8865415306678027, 0.8719410073998379, 0.8766059410734968, 0.8829642378164592], "(-2, 1, 0, 0)": [0.03976877409061403, 0.08762003742693267, 0.05656334981432928, 0.03616660122399745, 0.06939430997898353, 0.16847633433529122, 0.056413488985225815, 0.05313966545712889, 0.13377091657610155, 0.07875099803476263, 0.009824620025421088], "(-2, 2, 0, 0)": [0.0, 0.040508312963812756, 0.037813300719549775, 0.058787965658700064, 0.06220900823992094, 0.061793816278037594, 0.04322022689431144, 0.028232331510790916, 0.08120834767917233, 0.033934219730457064, 0.046093876765066724], "(-2, 4, 0, 0)": [-0.000765491715964503, -0.008835395957696997, -0.009634778415538739, -0.006018336842907314, -0.005818228689832701, -0.004508044847456259, -0.006109179759377543, -0.005704891593813897, -0.006487848247066967, -0.00905616755387965, -0.005993199001754956], "(2, -1, 0, 0)": [0.38155886650644744, 0.4846025436227959, 0.3285441117027965, 0.32051121869619087, 0.28184004531708934, 0.32272552518256314, 0.35912215061606567, 0.2991057929175522, 0.3564170135904253, 0.37984346538910463, 0.3445860035976757], "(2, -2, 0, 0)": [0.053102967580710043, 0.07089481748757145, 0.06803012341624147, 0.0781754381408794, 0.0, 0.06381534519703014, 0.059031084548493304, 0.12386918083603976, 0.04370844729112643, 0.04743447524596807, 0.2322100657530764],