{"q_values": {"(0, 0, 0, 0)": [0.9131796288671364, 0.9082087269052345, 0.9128530349533693, 0.8963333697404818, 0.9036882616578626, 0.8902905035207691, 0.8900521505928307, 0.9148086456082256, 0.8639087917846653, 0.9100942606979365, 0.9106323386818822, 0.9098570514650476, 0.9067300969075353, 0.9092183550887095, 0.9084683401634508], "(0, 1, 0, 0)": [0.8553157065028673, 0.8497955037741461, 0.8943607917611605, 0.8561314100206873, 0.8672507595829252, 0.8606767522383589, 0.855370903502734, 0.857725964067214, 0.7986683328719295, 0.8522298182994941, 0.8584848206992176, 0.8655371303745987, 0.8511931948521141, 0.8549490897756136, 0.8453549189560127], "(0, 2, 0, 0)": [0.6886013253839796, 0.7051000521579728, 0.708726394730917, 0.6665067520529476, 0.7009570094071995, 0.7058966040491367, 0.7024342601143357, 0.7157074184013242, 0.6689158229052068, 0.7185644811911688, 0.6074382737495857, 0.7267970223513734, 0.7007834865024994, 0.7170773141574289, 0.6814993140827347], "(0, 3, 0, 0)": [0.5550295930487963, 0.3673915072578368, 0.3233505437703622, 0.34209802384887367, 0.3687895551336337, 0.40749107001873236, 0.3727662284276481, 0.35055868370108284, 0.352412994764451, 0.3562185538507021, 0.36301720702652973, 0.3613084407820278, 0.34214765077093906, 0.4008945810859056, 0.3524288017057309], "(0, 4, 0, 0)": [0.10292463855253918, 0.0836128842599406, 0.014432135899644696, 0.016357213277751564, 0.010434547317901102, 0.013014449344440895, 0.017276853682782964, 0.022980137824618822, 0.008487487175570789, 0.07125560145136176, 0.018339543711000657, 0.08225241143686085, 0.056761068718579014, 0.01478759844685838, 0.04290847592597624], "(0, -2, 0, 0)": [0.7363714152736404, 0.7293340559903455, 0.7685091547435102, 0.7524373229627603, 0.7525751629433036, 0.7411013815785994, 0.7697712829544149, 0.7482185968219804, 0.752022286085277, 0.7416461359970307, 0.7728481374603742, 0.7584710197408981, 0.772946732437988, 0.6940767053597244, 0.7158531510949853], "(0, -3, 0, 0)": [0.47261090486951246, 0.4327179860694486, 0.4535588986431086, 0.41412572604543874, 0.3919799466761415, 0.32865662102312737, 0.38939707176827637, 0.3546578915911415, 0.4703683366512972, 0.42998107622809967, 0.35422582988345847, 0.3575937696900388, 0.41194146924265673, 0.48619406206831484, 0.41672258944898716], "(0, -4, 0, 0)": [0.06572846702499117, 0.02125930239524252, 0.047504947608005006, 0.028575807743025303, 0.07869944130523737, 0.07754412926151992, 0.0428695787851561, 0.04833551514393996, 0.02098328147439347, 0.0653231394540575, 0.03095023852244804, 0.08157777202431465, 0.044113805628531164, 0.07546724509327131, 0.07621936357843476], "(0, -1, 0, 0)": [0.8838013167318731, 0.892118809879837, 0.8865208780028416, 0.8302618985247064, 0.8823206888993457, 0.8894262072123785, 0.8737847531668279, 0.887746138980418, 0.87861859424377, 0.8879642227229604, 0.8820583331736397, 0.9231704934572951, 0.8554983502851111, 0.8777971929197778, 0.884052884826053], "(-1, -4, 0, 0)": [0.0072992921212301325, -0.001110339527776203, 0.0021673060637356035, 0.00318139680898886, -0.0018165196369674882, 0.007200102844216688, 0.0021993998784276226, 0.019946192335467912, -0.010659110859036447, 0.0030818642831705627, 1.282700505892808e-05, 0.004934307359064546, -0.002694606156489405, 0.005799767138273647, -0.0017341949881548233], "(1, -1, 0, 0)": [0.6191181065918505, 0.6196142313658051, 0.6293157487930703, 0.6334525425564375, 0.5514666466168848, 0.6441542057829008, 0.5868588013412214, 0.6079366266293085, 0.6375499832248678, 0.6424217609437771, 0.6328095842710865, 0.5905330679376093, 0.6205005207694366, 0.6717605691868986, 0.5979158194590628], "(1, -2, 0, 0)": [0.24179244031700334, 0.3176861249166047, 0.44073903000285025, 0.42820015910971043, 0.33723763880366675, 0.392372957792657, 0.3265697933340203, 0.383778699757146, 0.2794915350938167, 0.32816941465364396, 0.336075198702991, 0.328891089694452, 0.35852905426311527, 0.31669812198316244, 0.4944195491660807], "(1, -3, 0, 0)": [0.08419599331352312, 0.06485306738079621, 0.06031229108816452, 0.07862697693444042, 0.07434182031483225, 0.05834525362954831, 0.08075969410177734, 0.06240749637322591, 0.04939621423751699, 0.06943930299794474, 0.07598308017273826, 0.0788965397624938, 0.08472452733743985, 0.07383147784644864, 0.07377853036346692], "(-1, 0, 0, 0)": [0.13030934344228218, 0.1853345294073207, 0.24058243857439013, 0.17577113053023172, 0.18104763147660258, 0.2505700025405678, 0.07919229890698559, 0.28153338058847366, 0.21567261843816202, 0.18023504461305223, 0.36023053855738374, 0.20472795482201317, 0.2822616428489449, 0.13829953465239533, 0.6203819938015563], "(-1, -1, 0, 0)": [0.10027769346474974, 0.12457855385719571, 0.08853999111816768, 0.06982279887670147, 0.1356394338307517, 0.1067580878374085, 0.12345869145395208, 0.11910074189370888, 0.08879955304407267, 0.11366099144315525, 0.07137431532678902, 0.1078388296446049, 0.0699389104812775, 0.0797862407280798, 0.08420936879452093], "(-1, -2, 0, 0)": [0.08625129799220538, 0.056995191044730165, 0.06673587623518466, 0.035945370873863895, 0.06627385375391918, 0.0179823813345906, 0.0769881396191561, 0.04738506509330245, 0.05235814845886295, 0.034861641577220534, 0.07467182205221709, 0.05695953386015584, 0.05046527208331961, 0.06175721987405879, 0.06720701233648425], "(-1, -3, 0, 0)": [0.03634747697186848, 0.0137071292753479, 0.03877163031095392, 0.041111772986210014, 0.04099481225444959, 0.021159276199206906, 0.029502977869914793, 0.03376200965522778, 0.019157584096389024, 0.02952241426841762, 0.05914920499774565, 0.040898031353472586, 0.028225602640605682, 0.01820654812031218, 0.026440326694477274], "(-1, 1, 0, 0)": [0.47726841631686817, 0.475619417575956, 0.4008578281696047, 0.4527649429195515, 0.44570966590102623, 0.45142282910452913, 0.3825550314865202, 0.46027645953077445, 0.45075550612026477, 0.4354412276688787, 0.40387382399605004, 0.4914539702410889, 0.5788077456369712, 0.4718394401655141, 0.4767494331881156], "(-1, 3, 0, 0)": [0.16187243114561353, 0.20533460314511537, 0.18977584162036668, 0.18125792152792614, 0.18654601642313784, 0.14181644941277843, 0.17307835152042633, 0.16940363966511954, 0.18245026679750867, 0.134776082337204, 0.1509862617470745, 0.19511935839955705, 0.19376201568702356, 0.11654566809148323, 0.16950852166428426], "(-1, 4, 0, 0)": [0.022553331585532577, 0.01666083883280379, 0.0040836829595892144, 0.000737740213455114, 0.02171252331225517, 0.017250964740108343, 0.02260228864883804, 0.024435239727230284, 0.006295153214976051, 0.0014587247963282072, 0.010310855923398886, 0.005550965871771083, 0.01856790346246687, 4.3714403238237325e-05, 0.006297006086148951], "(-1, 2, 0, 0)": [0.4110929575892412, 0.40669560994139925, 0.4278401634601441, 0.4947660064026434, 0.3839740226120246, 0.40888399592498964, 0.40942621232707005, 0.37331691893262353, 0.3968444394198066, 0.41305095329152547, 0.4032469121747676, 0.3544533014487722, 0.3845558544728942, 0.4113851197870828, 0.41161220657964037], "(1, 0, 0, 0)": [0.753489627900299, 0.757380974085924, 0.7122328213783576, 0.7195783969927199, 0.6948566917648225, 0.7567164518967909, 0.742497619646776, 0.7062887834394687, 0.7428484709849174, 0.7087005422039028, 0.7561391697768406, 0.734784096311848, 0.7691732237542719, 0.7567104788166442, 0.7532852533316079], "(1, -4, 0, 0)": [-0.0052294194999910875, 0.006677628106990984, 0.006359973799366466, 0.002894984864151547, 0.0038331973733813285, 0.003440556692928899, 0.00621143381393356, 0.000671477304410641, 0.0044430824758344475, -0.001299932116426314, 0.004119387556261507, 0.006806105200454532, 0.004972226165271008, 0.006305863031773525, 0.004232486933147249], "(1, 2, 0, 0)": [0.4987741026263884, 0.5183009438827004, 0.5104550046976579, 0.5825865075211452, 0.3941968446911644, 0.48468735123803075, 0.4585293194168488, 0.4782825532190735, 0.497594186720987, 0.4509040371177192, 0.4386886860882466, 0.48224762296847595, 0.48194119447848005, 0.40819342918770773, 0.4480893929591514],