{"q_values": {"(0, 0, 0, 0)": [0.8369153615050473, 0.7953483415531463, 0.7948797716217287, 0.7878190731711846, 0.7878563198490597, 0.7975611325255143, 0.8042110525628361, 0.7853437118625761, 0.8250059989618272, 0.8129811076471094, 0.7900428545617628, 0.7517125043424094, 0.8215407602388938, 0.7092532075707185, 0.7760455685411577], "(0, 1, 0, 0)": [0.6593064184629699, 0.8453669745000877, 0.6741569573170754, 0.6705394248740936, 0.6944199363815791, 0.6601695052621803, 0.6427611140455702, 0.6516639307963469, 0.6730955523011564, 0.6751866465174062, 0.6734204764437813, 0.6730812264025907, 0.6537227770789446, 0.6741766306998477, 0.7105018321918666], "(0, 2, 0, 0)": [0.4219902704901566, 0.8183685849938462, 0.5653573471313496, 0.5008120555942659, 0.4679806140502333, 0.4683071482231156, 0.516886297321196, 0.44014716352257793, 0.49983626707780926, 0.4630438390406627, 0.5113763137632104, 0.5155803657097212, 0.43923985258492554, 0.53786575930381, 0.515338550241351], "(0, 3, 0, 0)": [0.26970379768652686, 0.170395684500258, 0.17087303473444293, 0.16435541673791607, 0.17297815474903752, 0.15384294510868907, 0.16415445162899764, 0.15203641717729638, 0.16717840367143208, 0.16638789516541977, 0.16747910701484559, 0.16369432241513548, 0.16964492695792524, 0.1686170878850291, 0.16701300382162712], "(0, 4, 0, 0)": [0.017227584871998367, 0.014569597144049632, 0.014088329338349114, 0.016357213277751564, 0.010434547317901102, 0.0004708344205949129, 0.017276853682782964, 0.0118104838931257, 0.017414279566801277, 0.018646852371768368, 0.01268779087289324, 0.01871505794101322, 0.016086212034688165, 0.017964493409060443, 0.015219680919382082], "(0, -2, 0, 0)": [0.6980878997635355, 0.6959853246580125, 0.6619783063621347, 0.7177067575616166, 0.6446665527670135, 0.6985671765869026, 0.7499041133267248, 0.7311462067104912, 0.7218946574126996, 0.6984390501886858, 0.6903215840176962, 0.6368951537669116, 0.8365183107759794, 0.7131855466668183, 0.6978911497388862], "(0, -3, 0, 0)": [0.27691775280065994, 0.3528095892144179, 0.3170922573518517, 0.37024299577083153, 0.2859285620763219, 0.3154230686809306, 0.34851482858713606, 0.31259348856043967, 0.3986514766273475, 0.32176871624853365, 0.3175607176905655, 0.3782745005932676, 0.30971749803320453, 0.35423287335057885, 0.6413821411087234], "(0, -4, 0, 0)": [0.06572846702499117, 0.06292341198209125, 0.05991628374211534, 0.028575807743025303, 0.06712142039524265, 0.16776255804532628, 0.10868266379152074, 0.04833551514393996, 0.13083918579910317, 0.07326614688801511, 0.03095023852244804, 0.12357852957223227, 0.06892548945443149, 0.3590960706891199, 0.07135668550450008], "(0, -1, 0, 0)": [0.8359189275334795, 0.8291536092141972, 0.8346578697640523, 0.8401372878305114, 0.839854941036026, 0.8294588930660827, 0.8225661860269906, 0.8251289012613549, 0.8397673100941644, 0.8380623028189232, 0.825729406689869, 0.7931344233303548, 0.8287286139910134, 0.8319139064348243, 0.8359034226847956], "(-1, -4, 0, 0)": [0.001474712592481428, 0.10252009081460366, 0.054962091589428205, 0.11817575236035627, 0.055389497972394695, 0.011331487440043034, 0.051137926531063395, 0.003376865189801866, 0.08319226477255875, 0.0030818642831705627, 0.04582815671721767, 0.05179640505170794, 0.0803460299662419, 0.5068388326973515, 0.0031486996667134236], "(1, -1, 0, 0)": [0.7037085347882707, 0.6852270583273069, 0.7241893930278144, 0.7101448485563899, 0.7266040422825805, 0.6724497698877736, 0.7042356117218991, 0.6823461092028344, 0.6856015670068789, 0.6976964489350583, 0.6914412626625474, 0.7026883408813166, 0.6832543817493267, 0.8410817019451449, 0.7298709241770922], "(1, -2, 0, 0)": [0.5243930679968181, 0.5150365050283336, 0.4950593182495279, 0.49132929538322245, 0.5390369674611597, 0.5244130428675533, 0.4968094334244824, 0.5340539490738203, 0.5087837094720743, 0.5838436557263739, 0.5085006729354846, 0.5296149328738928, 0.4936458989144698, 0.5181732790582146, 0.7628517762779597], "(1, -3, 0, 0)": [0.09472262734404888, 0.08943701455659488, 0.14315455595371657, 0.0920359551294683, 0.09008385005500276, 0.07826828515614638, 0.09875544611167417, 0.08202429348162239, 0.06322429929651505, 0.09327446569571478, 0.09276047351340841, 0.1418901005408416, 0.09179154238638174, 0.2337389360225501, 0.07377853036346692], "(-1, 0, 0, 0)": [0.5391594791472532, 0.3507369785550935, 0.4426796626518656, 0.4274467987291954, 0.3539750999807888, 0.4127917051788989, 0.3016625683584467, 0.28153338058847366, 0.4197968923982, 0.36757184680789706, 0.4254873755747754, 0.3853480588712547, 0.40171054615242363, 0.40673746747674777, 0.41898803378595045], "(-1, -1, 0, 0)": [0.18135087002115127, 0.15101620131928054, 0.16427684349145416, 0.17401337734887734, 0.14895116896657823, 0.18905702284300382, 0.5470800041885078, 0.17972874337966613, 0.22642931165330604, 0.33640949508920404, 0.166752270378055, 0.1559258534361053, 0.18607666013555985, 0.1151583540936229, 0.22083037547196063], "(-1, -2, 0, 0)": [0.619009690382581, 0.06641344377742273, 0.07354937340091879, 0.07318921425373766, 0.06627385375391918, 0.03527640320521916, 0.2080223858083536, 0.04738506509330245, 0.065446674632958, 0.16071160386483602, 0.09340972985500844, 0.06575354957222607, 0.07089894791827353, 0.09762776882605713, 0.11022269352128378], "(-1, -3, 0, 0)": [0.23191380902977932, 0.0137071292753479, 0.03877163031095392, 0.041111772986210014, 0.1065234579442646, 0.021159276199206906, 0.23664093255820517, 0.2452636741608813, 0.1399958813431591, 0.14627489229834723, 0.6018887417833864, 0.21184809876492602, 0.12641784139783807, 0.29358607467831094, 0.1455601848352579], "(-1, 1, 0, 0)": [0.5037202915353505, 0.3842996754099289, 0.40511787707912883, 0.3947336853184339, 0.40231757869494933, 0.35001177139696826, 0.3841757301969997, 0.39217367553747723, 0.39317507279174235, 0.39032167068224105, 0.38366544272884917, 0.37541117796409573, 0.3877335082878389, 0.40528086802420515, 0.34015658349918065], "(-1, 3, 0, 0)": [0.1314668319925773, 0.0958754218209794, 0.10174231559487276, 0.10696116424274674, 0.1074749347320369, 0.10530439198576884, 0.10302511417594248, 0.1019012391827517, 0.09374343675889567, 0.101341637078989, 0.10022405462581929, 0.0953313112111702, 0.10513815329159301, 0.10090396766495899, 0.09621249435736438], "(-1, 4, 0, 0)": [0.00016472801939925417, 0.0002969160424981217, 0.0008941647636092022, 0.0012257802970689364, 0.0011155950575356538, 0.0025036059679043408, 0.001013352824223602, -0.0018285552135866873, 0.0008160536052357788, 1.5242228920852273e-05, -0.0001647537893061492, 0.0010664472720527465, -0.0026015971063527597, 0.001636223810583222, 0.0010065699306838543], "(-1, 2, 0, 0)": [0.3074511518230248, 0.264018656913964, 0.2752721965151261, 0.2771667607040305, 0.27240576996384513, 0.28216748847318335, 0.2659249297049212, 0.2672390234758787, 0.26621742751040206, 0.2622257818243532, 0.2607454115149129, 0.27347393237407447, 0.2778112824408812, 0.28632104305822276, 0.3010370132284751], "(1, 0, 0, 0)": [0.761922849177279, 0.7435606655443255, 0.7463860100789371, 0.7409242484351258, 0.7652335370640305, 0.7328366977470931, 0.7686376559347119, 0.775135292039618, 0.7631326268969634, 0.7597651892165745, 0.7592195987608639, 0.8358671800268894, 0.7166730607113732, 0.7344909426397846, 0.7055925713396848], "(1, -4, 0, 0)": [-0.0052294194999910875, 0.0023399674046240583, 0.0007316539942651681, 0.01684420018125659, -0.0004622124197772486, 0.001110343002113102, 0.000994279341229024, 4.3238907917831325e-05, 0.0005456692984859238, -0.005394528792625496, -0.0010622738238996775, 0.0013569558057746215, 0.015454557251970907, 0.0006736784231891292, 0.060126065882370267], "(1, 2, 0, 0)": [0.8621179500332274, 0.6575502411543565, 0.682690506910065, 0.7241806734500881, 0.6576252819014714, 0.7515077562532397, 0.7351146087370558, 0.6637138017672125, 0.6213194438626137, 0.7322649400418985, 0.7115215318485058, 0.735718391425272, 0.6956044247189354, 0.6659866360106548, 0.6902736962350046],