{"q_values": {"(0, 0, 0, 0)": [0.9350500682536169, 0.9372833034017699, 0.9402668513863083, 0.940852630922781, 0.934607919423037, 0.9399818384154023, 0.937627371091185, 0.9404615114746849, 0.9422209571476624, 0.9093588284647965, 0.9381967118465695], "(0, 1, 0, 0)": [0.8875214026591496, 0.8360865757298194, 0.7885919968414855, 0.8190164626451055, 0.8638869249930865, 0.7078145801902227, 0.8294451206364895, 0.9060152957499928, 0.8994711131370515, 0.8607114066802817, 0.8518265394465266], "(0, 2, 0, 0)": [0.09768431006541226, 0.09227618908144611, 0.11514803121999663, 0.07417079041418645, 0.08617282895107849, 0.09677139056088047, 0.09275152490496585, 0.07655933981901246, 0.08689326550103116, 0.06457366272636271, 0.09228129874235003], "(0, -1, 0, 0)": [0.8150987247331563, 0.9145463436390291, 0.8568849879211456, 0.8541203090087631, 0.7836425179547171, 0.8281672560887544, 0.7965181083472331, 0.9140442792122971, 0.90844488581219, 0.858044954596948, 0.9036257055820068], "(0, -2, 0, 0)": [0.10814687454643947, 0.08552660755367976, 0.07539478859193291, 0.10367389397308427, 0.10713770293065218, 0.10103890662281462, 0.08712256474602263, 0.09625672353707435, 0.08598304004358466, 0.10373346254500534, 0.13325235623319318], "(-1, -1, 0, 0)": [0.16629843454809226, 0.10232802204220791, 0.10718060341814803, 0.14604344111886136, 0.08339126548250403, 0.09290177078953052, 0.0631122335367007, 0.06060335825850173, 0.11180536301859767, 0.12601554404583715, 0.10197048362976326], "(-1, -2, 0, 0)": [0.005207294043425483, 0.007150502409193465, 0.0061477904088296665, 0.015477247403512773, 0.012149160538673789, 0.00417058043817205, 0.005704410354351661, 0.007735335262585768, 0.01689903945897933, 0.007029894654994802, 0.0026457663561416664], "(-1, 1, 0, 0)": [0.11631306484512473, 0.1218833055757337, 0.0996571328057595, 0.15150917878076486, 0.13734969701704935, 0.11186132478479807, 0.09653845532129467, 0.09673004157217115, 0.09719786435084551, 0.11425643727610167, 0.1130540990061488], "(-1, 2, 0, 0)": [0.013041560649086719, 0.014064981337648271, 0.01819467784838726, 0.02572577418575913, 0.017364571904206795, 0.006775128922749385, 0.012930988425171364, 0.0066514731246821645, 0.01235431132544616, 0.02383768866273215, 0.021450937648810977], "(-1, 0, 0, 0)": [0.12064960608838046, 0.1269988455831045, 0.1353730469453812, 0.1140216544750659, 0.17596330703494253, 0.12656574605156862, 0.08739309384268087, 0.12235778483666296, 0.09623838278602838, 0.10255982775642175, 0.09627732370683756], "(1, -1, 0, 0)": [0.16074377427869568, 0.14779912317173555, 0.1736178338278428, 0.16615548512723466, 0.12206171854399125, 0.1834946458758084, 0.1506004240611632, 0.1441744486386855, 0.15895408251545254, 0.1659392132441048, 0.15077663035160382], "(1, -2, 0, 0)": [0.033093475628044725, 0.026142489361777897, 0.01942933910815404, 0.015379341083420647, 0.01617073410279866, 0.0028348910407244273, 0.03088262934071849, 0.011680610899811676, 0.014872886759497349, 0.027789996878863545, 0.005453314821629515], "(1, 0, 0, 0)": [0.31119961305603866, 0.31513513258096165, 0.3270174760674054, 0.29107726014805413, 0.33529713223675867, 0.2814478832715124, 0.30403090631425056, 0.3151480255627567, 0.4267584336337479, 0.3180368903536822, 0.33312356533263093], "(1, 1, 0, 0)": [0.5667997893158525, 0.1898204730143793, 0.3637981376744558, 0.3598240698748018, 0.27354928287792746, 0.3821644407313338, 0.3691023833283398, 0.3321159590002064, 0.35250684344297817, 0.31870342248185807, 0.35875316527081985], "(1, 2, 0, 0)": [-5.727027107972583e-05, 0.0017278579662296915, 0.0, 0.0045886246301007835, 0.004578356833640244, 0.0022251989142840723, 0.003983393584358234, 0.0017261902996489546, -0.006072008237242698, 0.008837750874897916, 0.0], "(2, 0, 0, 0)": [0.0, 0.005439226866999349, 0.0, 0.02532289368479013, 0.005350698496607694, 0.005442920212933502, 0.0019378985011630806, 0.01208989022322586, 0.0, 0.0, 0.005441177056470594], "(2, -1, 0, 0)": [0.0, 0.017347127679234617, 0.0019119341570425193, 0.0019032771877485674, 0.0, 0.0019148267518270176, 0.0, 0.0, 0.0, 0.0, 0.002956496489862911]}}