{"q_values": {"(0, 0, 0, 0)": [0.18442274318194843, 0.17654311659729316, 0.18622036368373857, 0.18808341495845057, 0.18165515992789158], "(0, 0, 0, 1)": [0.18602959177807582, 0.17333136043454633, 0.1596036606411905, 0.17191639432204261, 0.1618120341213679], "(0, 0, 0, 2)": [0.16201736993316673, 0.18183113956848324, 0.15725881054981997, 0.1681065665374957, 0.11920824746981892], "(0, 1, 0, 2)": [0.1765633391094239, 0.15513387722836333, 0.1620890978592311, 0.14792920706124685, 0.12422398218324038], "(0, 1, 0, 1)": [0.15874192671029744, 0.13936882794077196, 0.18210103475876413, 0.17666526685097667, 0.15033975275908446], "(0, 1, 0, 3)": [0.12959963549630793, 0.1255214258415919, 0.09922012181584897, 0.1080482889039279, 0.084257942256954], "(0, 1, 0, 4)": [0.09787289384558359, 0.10340399216403688, 0.09685529398867718, 0.0727656574280211, 0.05799041463593249], "(0, 1, 0, 5)": [0.04789966497675023, 0.07635672689838532, 0.04706283085940898, 0.05858465540744239, 0.02315708037900728], "(0, 2, 0, 5)": [0.08312749882797862, 0.07634755244501097, 0.06301507144261448, 0.05045548228180109, 0.048576097672203736], "(0, 2, 1, 6)": [0.03429599282787628, 0.04628613246280983, 0.03261978686886179, 0.026798345754442017, 0.01086666123601749], "(0, 2, 0, 6)": [0.05098897273552366, 0.030575585839900873, 0.05978226832379162, 0.03811912058755934, 0.026611524627298606], "(0, 2, 1, 7)": [0.015877993528261938, 0.04372146132577987, 0.0, 0.009049358630242463, 0.008163838566350307], "(0, 3, 0, 6)": [0.046162555319225196, 0.054467761129591424, 0.056347860764640545, 0.04338200014548343, 0.04515756182404436], "(0, 3, 0, 5)": [0.0612310986822003, 0.04926769437671215, 0.056417234456841235, 0.056852912984129284, 0.05281047756758409], "(0, 3, 0, 7)": [0.04152107210671518, 0.044448922784459576, 0.0476966118612986, 0.04067256193658918, 0.03121177621140139], "(0, 4, 0, 7)": [0.002594969485786632, 0.011789611276164274, 0.004340937744304796, -0.00283062128950154, -0.004253080217740822], "(0, 4, 0, 6)": [0.020761584702334322, 0.017604470779970197, 0.019335170253221463, 0.018685131987914418, 0.016897491583145068], "(0, -2, 0, 1)": [0.06144379778077382, 0.05143891186636095, 0.004887678790837526, 0.014073928381846124, 0.005900055282061917], "(0, -2, 0, 0)": [0.0992522671142298, 0.10484661455111105, 0.08870487562024301, 0.08658221529048994, 0.04295175796180269], "(0, -2, 0, -1)": [0.1185750543049435, 0.10335665877562375, 0.08288740303390679, 0.103407858818172, 0.08926483279413064], "(0, -2, 0, -2)": [0.09891319103760357, 0.10232099183630598, 0.10558955024099197, 0.08996174401082209, 0.11710589354938944], "(0, -2, 1, 1)": [0.0, 0.0, 0.019611239780342207, 0.0, 0.0029299322515726088], "(0, -2, 0, -3)": [0.10559595543743873, 0.11297109717531964, 0.10568489362673954, 0.0935718168960364, 0.10849309613968126], "(0, -3, 0, -4)": [0.07782788653293626, 0.0867873549458687, 0.06435070671396112, 0.04650688436556637, 0.0491604383948005], "(0, -3, 0, -6)": [0.05776330916955453, 0.08116778707091965, 0.08506079409265514, 0.0779166620927684, 0.07827624709036837], "(0, -3, 0, -5)": [0.09160202168318474, 0.057611409065584526, 0.07828671403632353, 0.08812055326575212, 0.07827652230685467], "(0, -3, 0, -7)": [0.034321122427153364, 0.03375725949081896, 0.05774132989759088, 0.05979823004503845, 0.07194046166096518], "(0, -4, 0, -8)": [0.017125767483981116, 0.00040441049722699657, 0.005236794638117841, 0.03432214305755421, 0.0084307320328384], "(0, -4, 0, -9)": [0.008575796783581016, -0.006623910902728549, 0.011954508527264419, -0.005553996340197253, 0.008978033670288457], "(0, 1, 0, 0)": [0.0909842283827229, 0.146781021613119, 0.16011118864045304, 0.15085209202176442, 0.16754902036635735], "(0, 2, 0, 1)": [0.04650190330190496, 0.0691608138833836, 0.0550092777308859, 0.09638218101425806, 0.08054193849121773], "(0, 2, 0, 2)": [0.09076427526526694, 0.09962914700166817, 0.09523480169847047, 0.09843236552180545, 0.0925926216842721], "(0, 2, 0, 0)": [0.014078349818745546, 0.014061326664290377, 0.030850399986157084, 0.054365343606415456, 0.054465161747182925], "(0, 2, 0, 3)": [0.10686621659053665, 0.10251243835413446, 0.10324468785601953, 0.0898975756866431, 0.09393527576512002], "(0, 2, 0, 4)": [0.07912334998986952, 0.10009047039067645, 0.07622580389523127, 0.0788055066953694, 0.08215014166771363], "(0, 3, 0, 8)": [0.041500976263844504, 0.01884454688533546, 0.01112518325283613, 0.010239049421180386, 0.015582270750264032], "(0, 3, 0, 9)": [0.009181028461703057, 0.0, 0.008662839151924864, 0.00918608803082213, 0.008560057575187439], "(0, 4, 0, 9)": [0.016141945203192946, -0.0023223427109000695, 0.010259866044131889, 0.005702343784534111, -0.002383697915487615], "(0, 4, 0, 10)": [0.01127496147303158, 0.00772815424317543, -0.004763267410334727, 0.0, 0.0034148365903575], "(0, -1, 0, 0)": [0.17085578972308726, 0.16925443516318797, 0.18013645978906542, 0.14485372630905927, 0.15363091755277164], "(0, -1, 0, -1)": [0.16218313932572756, 0.14276405594553157, 0.17670992227206733, 0.17198667415463864, 0.1767652216774826], "(0, -1, 0, -2)": [0.15049251821743964, 0.1552659133211395, 0.14987765774961667, 0.15896445209122317, 0.1696142116891725], "(0, -1, 0, -3)": [0.10725663980546415, 0.12871368679229245, 0.13418667877198306, 0.1379937053894497, 0.16251961437629567], "(0, -1, 0, -4)": [0.02866295109462775, 0.08205158159079193, 0.08556378332881112, 0.10769221855491626, 0.14191072644096772], "(0, -2, -1, -5)": [0.03744603963236036, 0.0, 0.00738826860013628, 0.0, 0.03292288168831653], "(0, -2, -1, -6)": [0.0, 0.008402018580561036, 0.04797438756113045, 0.06091796066420882, 0.03334618252325734], "(0, -2, 0, -5)": [0.0653738738509279, 0.0704771045108845, 0.1027281017998172, 0.10465966760893146, 0.10079920103193102], "(0, -4, 0, -4)": [0.0, 0.0026058772578835486, 0.0, 0.0, 0.0], "(0, -4, 0, -5)": [-0.003959214619999442, 0.018758594568425747, 0.014192803438606613, 0.0, 0.006007515767786641], "(0, -4, 0, -6)": [0.0211509113292593, 0.018451303781231818, 0.016030802913243044, 0.03467188560248526, 0.000787548573308516], "(0, -4, 0, -7)": [0.026355113390129775, -0.00530018368920785, 0.020466240670626367, 0.01144851304301917, 0.01985185338703685], "(0, 0, 0, -1)": [0.15902725703569678, 0.15273203274347413, 0.14602416747043107, 0.1786233917870428, 0.18676040939660266], "(0, 0, 0, -2)": [0.08481931949946334, 0.10569045828649155, 0.1616782356246435, 0.17250527664531481, 0.16893169465844465], "(0, 1, 0, 6)": [0.023631729323542912, 0.015553864685657838, 0.018201825920374944, 0.027617009047387012, 0.0], "(0, 3, 0, 10)": [0.0, 0.0036469173459931278, 0.0033464504859410226, 0.006459020182931423, 0.0], "(0, -1, 0, 1)": [0.11928686540462002, 0.174178961334592, 0.11598933456951242, 0.15707311769659127, 0.039013673149884284], "(0, 0, 0, 3)": [0.1029228773613041, 0.12108346039759657, 0.08665842136423169, 0.054548795139394396, 0.06716914401703211], "(0, 1, 1, 5)": [0.046385831204984684, 0.0443739658883521, 0.03889109646044376, 0.008357745993986919, 0.01218528592492554], "(0, 3, 0, 4)": [0.03166195548860874, 0.04054147400871626, 0.060291548434650934, 0.06087615767482429, 0.05263976060201236], "(0, 4, 0, 8)": [0.01179514409531947, 0.006857440996552079, 0.003515780930139604, -7.389306829347006e-05, 0.006929892401632517], "(0, -1, 0, -5)": [0.02339798513093042, 0.014116644480533047, 0.01163829952478702, 0.07041232932046472, 0.01418090119836543], "(0, -2, 0, -4)": [0.07096099247377821, 0.10439796451689588, 0.09805996631951872, 0.10075721782431053, 0.10708466543526646], "(0, -2, 0, -6)": [0.041867968154117446, 0.06356524588261536, 0.05462281793847358, 0.07477013773578382, 0.09224496891096173], "(0, -3, 0, -8)": [0.015936210613057708, 0.024376215474574095, 0.0285759893047872, 0.02852944466132869, 0.041740705436397706], "(0, -4, -1, -11)": [-0.004845618903636932, 0.0, 0.0, -0.006569674238562584, 0.0], "(0, -4, -1, -12)": [0.0, -0.006584039144217968, 0.0, 0.0, 0.005247303473230731],