{"q_values": {"(0, 0, 0, 0)": [0.9891281005021101, 0.9896942199741413, 0.989749625911704, 0.9893322039070456, 0.9823288796792927], "(0, 0, 0, 1)": [0.9897602051762119, 0.9893339763482504, 0.9837652079623642, 0.988806857147456, 0.9874654559381796], "(0, 0, 0, 2)": [0.9814123816163437, 0.9217681246266718, 0.9338434029650454, 0.883027378284539, 0.8289156396590882], "(0, 1, 0, 2)": [0.923617493564796, 0.8737859621136761, 0.7955501070979789, 0.7477191910677018, 0.6142112069023418], "(0, 1, 0, 3)": [0.6808900670173208, 0.6444257576977744, 0.5917323861680759, 0.5339416232965718, 0.46972755447438674], "(0, 1, 0, 4)": [0.43128934224535614, 0.3680680003776154, 0.39005702706470524, 0.2892564709146296, 0.2270441816801543], "(0, 1, 0, 5)": [0.2735034688548297, 0.09988560370617697, 0.13557771823155404, 0.09651163446879535, 0.08637092571097475], "(0, 2, 0, 5)": [0.07380530605144014, 0.053677310036669604, 0.06229440901686263, 0.060002185772773727, 0.0380317125910816], "(0, 2, 0, 4)": [0.17448284136490821, 0.14518523932328442, 0.118795809700785, 0.08164226626823166, 0.06390182449821288], "(0, 2, 0, 6)": [0.02152403355910855, 0.02620190240747268, 0.023654710218776055, 0.020758931289079702, 0.01633384989916519], "(0, 3, 0, 5)": [-0.012442000842301007, -0.012449026512838714, -0.012451272099527755, -0.012455545801139455, -0.012457485592018943], "(0, -1, 0, 1)": [0.9888310368062465, 0.9888309737235327, 0.989759635941588, 0.9890986770090417, 0.9878051829958517], "(0, -1, 0, 0)": [0.9676743185407437, 0.987871557585451, 0.9893729414205951, 0.9895285922751146, 0.989528714689607], "(0, -1, 0, -1)": [0.8379951228918368, 0.9103118046766482, 0.9560208845074152, 0.9756921712194307, 0.9896902528097753], "(0, -1, 0, -2)": [0.6241724436050587, 0.7290928827564155, 0.7503246284992408, 0.8379911261044778, 0.9548369643780023], "(0, -2, 0, -3)": [0.13922647183745415, 0.17702044766932745, 0.22144827832761882, 0.22448044996300223, 0.22077400488532997], "(0, -2, 0, -5)": [0.05571500502996586, 0.04500312411126583, 0.05619357239560366, 0.054536066962183424, 0.07312468882375656], "(0, -2, 0, -4)": [0.056792641681820376, 0.07989736251750623, 0.12293828397310762, 0.10740498152680238, 0.132236805915635], "(0, -2, 0, -6)": [0.029254506549132524, 0.02942474293778104, 0.029855345274328204, 0.027009192204944323, 0.02927320992925541], "(0, -2, 0, -7)": [0.010087940580263279, 0.011126359670999914, 0.013884149178114693, 0.011938976170024177, 0.014009546687622684], "(0, -2, 0, -8)": [-0.002692321955734992, 0.00143223184833839, 0.0006792203618880351, 0.0010234567257316656, 0.0019959442850403172], "(0, 1, 0, 0)": [0.989306255562065, 0.9890993228003695, 0.9889134687947849, 0.9802142754673286, 0.9645253010506676], "(0, 1, 0, 1)": [0.9884305088526004, 0.979886584625858, 0.9703428227751583, 0.9396309887218925, 0.8630941808260558], "(0, 2, 0, 7)": [0.006273982783883446, 0.004500790301609844, 0.009346505630624401, 0.004721161371120433, 0.005195345884585777], "(0, 2, 0, 8)": [0.0013552973683140298, 5.1834085755283685e-05, 0.0016204854488350003, 0.0020572994983290207, -0.0059012150095701125], "(0, -1, 0, -3)": [0.4300870248958136, 0.5527166336774467, 0.6263303309597, 0.6116227354652393, 0.6104576941344585], "(0, -1, 0, -4)": [0.3350752363134347, 0.3881857043086916, 0.457672642359007, 0.43787844694160283, 0.5314656006116842], "(0, -1, 0, -5)": [0.1140934383680333, 0.21510729824893526, 0.24598887727895027, 0.2887952979567072, 0.3212107629753652], "(0, 0, 0, -1)": [0.9708553563932856, 0.9822385087299305, 0.9876294990980419, 0.9897742640794175, 0.9690902777767849], "(0, 0, 0, -2)": [0.9156188535162637, 0.9139750293425014, 0.9393791003130328, 0.9675746685497371, 0.9886272930002646], "(0, 0, 0, 3)": [0.8912143672401869, 0.44475468212593255, 0.34570064810019646, 0.3401456219082157, 0.24223516198975598], "(0, 2, 0, 3)": [0.2859129314259048, 0.2876064731170974, 0.2816797858794864, 0.23329565795445195, 0.13708036334360785], "(0, 1, 0, -1)": [0.9737169164853943, 0.9884552078616433, 0.9894246655458059, 0.9881204802087526, 0.9877442752674478], "(0, 1, 0, -2)": [0.011697120923789153, 0.11276972695551238, 0.8843369253691317, 0.10127793452808131, 0.1371231714833462], "(0, -1, 0, 2)": [0.3063467185983485, 0.9844069429162373, 0.6391252051612529, 0.31879501128366217, 0.19915111596235807], "(0, -2, 0, -9)": [-0.004527683591030777, -0.004947690733395296, -0.004290075168358707, -0.006801881581674237, -0.002182869963801812], "(0, 0, 0, -3)": [0.10841065936541952, 0.3442877417027544, 0.3128120773414283, 0.9323418772148411, 0.32961884318994883], "(0, 3, 0, 7)": [-0.005932178288698197, -0.007527290952019395, -0.004162562694400549, -0.005934825001284481, -0.004165046699345112], "(0, 0, 0, -4)": [0.0067643868353461055, 0.039124251984725626, 0.003213284669203872, 0.04589234726902548, 0.21802504098721204], "(0, -1, 0, -6)": [0.028807746775861464, 0.018908034903798984, 0.03273983091225006, 0.052729255099350184, 0.23644892576088275], "(0, -1, 0, -7)": [0.00902681740626721, 0.0022157731130174833, 0.011731406503417184, 0.04275351937939149, 0.0011375301212523381], "(0, -3, 0, -7)": [-0.00593884226307273, -0.00753515569511801, -0.007532383809052408, -0.007529421495832502, -0.007528632203303277], "(0, 1, 0, 6)": [0.14512562925789552, 0.009550268407119183, 0.023350900209105234, 0.009262819703736122, 0.005331140247193588], "(0, 1, 0, 7)": [0.004110249645329903, 0.004832461837315628, 0.0, 0.0, 0.001894521494023502], "(0, 1, 0, 8)": [0.0010426691776141525, 0.0, 0.0, 0.0, 0.0], "(0, 2, 0, 9)": [-0.0033665945990011092, -0.004604889130066402, -0.006313477447707198, -0.003466336364581918, -0.0034598145941272373], "(0, -2, 0, -2)": [0.21479762754485915, 0.26018646878657886, 0.293816806723153, 0.30602885283029013, 0.34607512796757245], "(0, -2, 0, -1)": [0.11010920851695066, 0.30183257665776625, 0.14301194028873984, 0.07768637154876892, 0.07430304154574954], "(0, 2, 0, 2)": [0.3958594016726713, 0.3973191622961535, 0.404068099498334, 0.36662269630116123, 0.2825564604920084], "(0, 0, 0, 4)": [0.03269470866269185, 0.13857626282807406, 0.06950419525593293, 0.06909783172159717, 0.022264777545761373], "(0, -3, 0, -6)": [-0.014255805373137679, -0.01340727971125331, -0.013404815419244768, -0.014248739970869995, -0.014244469332129625], "(0, 0, 0, 5)": [0.0, 0.0, 0.0, 0.011394351388244026, 0.002474981667448537], "(0, 0, 0, -5)": [0.003045801583348206, 0.0, 0.0, 0.0, 0.0], "(0, -1, 0, 3)": [0.0, 0.001774967615854871, 0.0, 0.0009832593612372875, 0.006054398934184509], "(0, -1, 0, 4)": [0.0, 0.0011832151049971861, 0.0, 0.0, 0.0], "(0, -3, 0, -9)": [-0.002196987718343735, -0.0021947821602225303, -0.0021954622119665147, -0.0021937046200037, 0.0], "(0, 2, 0, 1)": [0.23668325143864521, 0.30185415363913065, 0.2641208981093829, 0.23571859638078133, 0.3974945666576217], "(0, 3, 0, 8)": [-0.0021924246102571487, -0.0021918321028351786, -0.00416425408795476, -0.0021925438195466995, -0.0021932143718004227], "(0, 3, 0, 6)": [-0.008955829328037799, -0.008957799996696414, -0.010252651111926884, -0.007528043148294092, -0.007528396198898554], "(0, -3, 0, -5)": [-0.011410393283106016, -0.011405176685841008, -0.01245092344191732, -0.011399609902794473, -0.011394476513854414], "(0, -3, 0, -8)": [-0.00594201067276299, -0.005941916920244693, -0.004163688104599715, -0.004165558423846961, -0.0021919481456279754], "(0, 2, 0, 10)": [-0.0014348901435732842, -0.0006656816576793791, 0.0016253844276070597, 0.0, -0.0021924821659922602], "(0, 3, 0, 4)": [-0.011390069479209373, -0.01139056056825407, -0.010232351367643104, -0.010233692795794457, -0.010237820675434545], "(0, 2, 0, 0)": [0.013967729031014366, 0.004800522147533978, 0.2400747069618334, 0.028214675458062218, 0.001492495091590514], "(0, -3, 0, -4)": [-0.005920872515067458, -0.007511761962622405, -0.007510008819028735, -0.0075104331757873295, -0.008937590683270246], "(0, 3, 0, 3)": [-0.0059103832319378855, -0.004144507143646479, -0.005912390416488052, -0.0041472773253917695, -0.004147932454943657],