{"q_values": {"(0, 0, 0, 0)": [0.9056484585447512, 0.8893812338196644, 0.9091037883664194, 0.9369451334104885, 0.9028365734060685, 0.8988144398989996, 0.8945609780607483, 0.9047662446716617, 0.9047966282316227, 0.9070550683337734, 0.8970683120842624, 0.902453359033997, 0.890695737667553, 0.9051170869648675, 0.898446474415044], "(0, 1, 0, 0)": [0.8086912783162418, 0.8800115845599555, 0.7867529795481185, 0.8152053906028285, 0.8190901751689381, 0.736088751069844, 0.8016131092667609, 0.7989428558860584, 0.8199686711278801, 0.761033614163475, 0.793566027940768, 0.8054119594557525, 0.7992954804736035, 0.8133347258769494, 0.7894195634775599], "(0, 2, 0, 0)": [0.5624373100596708, 0.7177602465593683, 0.5866598641760512, 0.6080101984498311, 0.543900185976945, 0.5751047576675113, 0.6000444665930573, 0.5343538010731251, 0.5645704404524973, 0.6010483804978902, 0.5665971195789021, 0.5091325286683792, 0.5788097271688786, 0.6021654318588157, 0.6089699500578226], "(0, 3, 0, 0)": [0.3597697099565314, 0.170395684500258, 0.17087303473444293, 0.17599947589453757, 0.17297815474903752, 0.15384294510868907, 0.1657596879821699, 0.15203641717729638, 0.16717840367143208, 0.21146838236752502, 0.16747910701484559, 0.16369432241513548, 0.16964492695792524, 0.1686170878850291, 0.16701300382162712], "(0, 4, 0, 0)": [0.05455884675040149, 0.014569597144049632, 0.014088329338349114, 0.016357213277751564, 0.010434547317901102, 0.0004708344205949129, 0.01481055451260816, 0.0118104838931257, 0.010877377931096947, 0.01452856962311823, 0.01268779087289324, 0.01697737923050977, 0.016086212034688165, 0.012590156127148195, 0.015219680919382082], "(0, -2, 0, 0)": [0.7866167365961323, 0.7889033563159177, 0.7594254168787958, 0.7801132017114357, 0.7752557886637486, 0.7833874933682331, 0.7742222182157594, 0.77548853812125, 0.7410110682141494, 0.7646142780472706, 0.7666471229657246, 0.7744851983838125, 0.7380847531811042, 0.7775702313794014, 0.8962124610086751], "(0, -3, 0, 0)": [0.27691775280065994, 0.3875523246058257, 0.3170922573518517, 0.46840743168977317, 0.3365622637314036, 0.45018799144068566, 0.42038024056296697, 0.31259348856043967, 0.3986514766273475, 0.32176871624853365, 0.4032858948738509, 0.4515715030127738, 0.3684569190390592, 0.3842175072796509, 0.6050133303209038], "(0, -4, 0, 0)": [0.06572846702499117, 0.0636541004233633, 0.06628692490100006, 0.028575807743025303, 0.06297636016587677, 0.06527066754236856, 0.06859011979576476, 0.04833551514393996, 0.07037445418572182, 0.06453341601089316, 0.03095023852244804, 0.06306320094675405, 0.06892548945443149, 0.06054579761055214, 0.08405347674173111], "(0, -1, 0, 0)": [0.903940690121224, 0.911277806806216, 0.9177860090546626, 0.9038934339511273, 0.9120311401594631, 0.9083407126091516, 0.9077370753068688, 0.8935442823156969, 0.9134796186167534, 0.9142469514790211, 0.9123617985112457, 0.8802089779167426, 0.88955756844045, 0.9110372079525125, 0.8384907214678164], "(-1, -4, 0, 0)": [0.001474712592481428, 0.07652363162015414, 0.0766712085473122, 0.0728104803372235, 0.07337320812774437, 0.0719339899595003, 0.051137926531063395, 0.003376865189801866, 0.06670631015634473, 0.06733819249091877, 0.04582815671721767, 0.07683737697137291, 0.08356708312410877, 0.08352134079239139, 0.04098710329191982], "(1, -1, 0, 0)": [0.779346641581262, 0.7420757105489522, 0.7563191133009879, 0.7879191198595852, 0.776316906493829, 0.7263529124765079, 0.7545166452945226, 0.7627397237258541, 0.7598913295369268, 0.7804744042868998, 0.7407608220940411, 0.7226339524030209, 0.87761190712915, 0.8083645537019405, 0.72587609739099], "(1, -2, 0, 0)": [0.4921326131965257, 0.4866677766068348, 0.4643440988939338, 0.4549490324729994, 0.47277556776546475, 0.44876992842528796, 0.5040597302904127, 0.47027795304176623, 0.5033238228424134, 0.4636970233897351, 0.46118558437527146, 0.4976316824118182, 0.4936458989144698, 0.4910108328241544, 0.7266846394849595], "(1, -3, 0, 0)": [0.14468962203780913, 0.1323753947703109, 0.14315455595371657, 0.11769059579922549, 0.10154325065260145, 0.07299787686214373, 0.09875544611167417, 0.08202429348162239, 0.06322429929651505, 0.09327446569571478, 0.09276047351340841, 0.1418901005408416, 0.09179154238638174, 0.1662251108959652, 0.12910139409350155], "(-1, 0, 0, 0)": [0.7118781351610006, 0.7148927609745105, 0.7172860198199522, 0.7089698358216079, 0.6668294356317029, 0.7262005329047412, 0.6864849899885609, 0.6701950256502451, 0.714111107876499, 0.7075116466132813, 0.6735059724487624, 0.691202212257516, 0.7105020775780486, 0.722149540071701, 0.7026893139668997], "(-1, -1, 0, 0)": [0.7890255131127715, 0.7689775957684849, 0.6705128134463383, 0.787593748788875, 0.7810869671116278, 0.7963018755791137, 0.7557739180393914, 0.7641304192326813, 0.7669603573026209, 0.8380193522884981, 0.7474802496573869, 0.7907426612345304, 0.7702905234850099, 0.7619623965763543, 0.7901630312671829], "(-1, -2, 0, 0)": [0.3684320595700403, 0.06641344377742273, 0.219114662517323, 0.07318921425373766, 0.25861439222606464, 0.15613816549591675, 0.2080223858083536, 0.12222600241180638, 0.065446674632958, 0.6215998178422081, 0.19234135423040366, 0.06575354957222607, 0.07089894791827353, 0.27332240508206146, 0.20232273819353155], "(-1, -3, 0, 0)": [0.24067188219797656, 0.2410426703349302, 0.11154161726670372, 0.22052057983385082, 0.2293186035457375, 0.021159276199206906, 0.22671898440143567, 0.23651121373442163, 0.2486018569542038, 0.23914425554717433, 0.2412418026264706, 0.23809318636343849, 0.1853392432488858, 0.24510193488948795, 0.22321164164326174], "(-1, 1, 0, 0)": [0.4744668994802269, 0.43758444374752287, 0.46293245487700624, 0.48376418438691027, 0.46280829634821213, 0.46744402557992204, 0.44120528284053434, 0.5266436432524848, 0.45516488472546945, 0.47880989358734294, 0.4660347856796568, 0.4725087192785181, 0.47455682958566026, 0.4854028824675351, 0.43870738260734643], "(-1, 3, 0, 0)": [0.09311628670750575, 0.07576727733481259, 0.09533855880694392, 0.09483874832933788, 0.09072353108488304, 0.08719273333665514, 0.08489654073719455, 0.0875634114011211, 0.09374343675889567, 0.08948473007263191, 0.09942095667900146, 0.08544605999281052, 0.08893946858018814, 0.08960289215095942, 0.09440744244257111], "(-1, 4, 0, 0)": [0.023114624842155325, -0.0003179244911806949, -0.003644979667489027, 0.005791327900493557, -0.0060681698025585006, -0.0009321892824547947, -0.0022302461778985518, -0.0018285552135866873, 0.007652248305398887, 0.010093710327468183, -0.0001647537893061492, 0.005913716608393341, -0.0026015971063527597, -0.0022424817639799576, 0.007917342821863512], "(-1, 2, 0, 0)": [0.27603675298956376, 0.30073784699416406, 0.2928786800830711, 0.3003566010801978, 0.27143347083069164, 0.30955172059497604, 0.2664911807844669, 0.29916246180877715, 0.27691775076459585, 0.2552010988093773, 0.27598751358722656, 0.28840398079378016, 0.31013875153818254, 0.2623831304238305, 0.2545912483269875], "(1, 0, 0, 0)": [0.8940419413391906, 0.8990169716215527, 0.8989350789066629, 0.8921132394025924, 0.8938813918567453, 0.8939936754825362, 0.8971432105796914, 0.8916783008070758, 0.8858885953283812, 0.8873641917350346, 0.9259648207582079, 0.7534385213592244, 0.8198740114791765, 0.8916293417454184, 0.8201590682292276], "(1, -4, 0, 0)": [-0.0052294194999910875, 0.0023399674046240583, 0.0007316539942651681, 0.013124875068435862, 0.009851948735745766, 0.001110343002113102, 0.000994279341229024, 4.3238907917831325e-05, 0.0005456692984859238, -0.005394528792625496, -0.0052090699473481585, 0.010379130205487593, 0.015454557251970907, 0.0006736784231891292, 0.010907616533707979], "(1, 2, 0, 0)": [0.7110101575600078, 0.6575502411543565, 0.7172461057538739, 0.7038638166574605, 0.7132026875365219, 0.7604181586677992, 0.6494156277730083, 0.6864196520118814, 0.667652494584185, 0.6584947103929868, 0.6573489607336759, 0.7043631662452347, 0.700748665939707, 0.7139549903270671, 0.6838583322386041],