{"q_values": {"(0, 0, 0, 0)": [0.7729903622737684, 0.7850203198396251, 0.7791436574496935, 0.8560017563493526, 0.7957785612239752, 0.7803852206353132, 0.7889955831114616, 0.7766367535190903, 0.7640367394333394, 0.7726922462573352, 0.7755336185426349, 0.7551856072970686, 0.7785527175687456, 0.796967473668872, 0.7488001687832943], "(0, 1, 0, 0)": [0.7348870887386506, 0.7826396365602375, 0.644056957308732, 0.7417217723903466, 0.7334847375980292, 0.6601695052621803, 0.7282122005520698, 0.7172360278756374, 0.7229878763166273, 0.7389023519553922, 0.7345897086878789, 0.7339774875285965, 0.6980888585245477, 0.7478433696875458, 0.7351001351747057], "(0, 2, 0, 0)": [0.4219902704901566, 0.702441611742254, 0.5653573471313496, 0.5649527225884949, 0.4679806140502333, 0.586013466459261, 0.5641446147517848, 0.44014716352257793, 0.5553875040669602, 0.4630438390406627, 0.5113763137632104, 0.5155803657097212, 0.43923985258492554, 0.53786575930381, 0.5466775811192658], "(0, 3, 0, 0)": [0.4299455972089826, 0.170395684500258, 0.17087303473444293, 0.16435541673791607, 0.17297815474903752, 0.15384294510868907, 0.16415445162899764, 0.15203641717729638, 0.16717840367143208, 0.16638789516541977, 0.16747910701484559, 0.16369432241513548, 0.16964492695792524, 0.1686170878850291, 0.16701300382162712], "(0, 4, 0, 0)": [0.017227584871998367, 0.014569597144049632, 0.014088329338349114, 0.016357213277751564, 0.010434547317901102, 0.0004708344205949129, 0.017276853682782964, 0.0118104838931257, 0.017414279566801277, 0.018646852371768368, 0.01268779087289324, 0.01871505794101322, 0.016086212034688165, 0.017964493409060443, 0.015219680919382082], "(0, -2, 0, 0)": [0.7067237020279199, 0.6767695471929106, 0.6990489446822024, 0.7441342960263637, 0.7016436261773261, 0.7075870025444285, 0.6956108121617894, 0.7044773507119628, 0.7421450585415325, 0.7113241347527464, 0.7240335961918558, 0.6911393877016874, 0.6974283835999486, 0.83028207953913, 0.7120469795362135], "(0, -3, 0, 0)": [0.27691775280065994, 0.3528095892144179, 0.3170922573518517, 0.4117327054566547, 0.3365622637314036, 0.41613393565244255, 0.42038024056296697, 0.31259348856043967, 0.3986514766273475, 0.32176871624853365, 0.3175607176905655, 0.3782745005932676, 0.30971749803320453, 0.3842175072796509, 0.5826422113299049], "(0, -4, 0, 0)": [0.06572846702499117, 0.0636541004233633, 0.06628692490100006, 0.028575807743025303, 0.06297636016587677, 0.06527066754236856, 0.06859011979576476, 0.04833551514393996, 0.07037445418572182, 0.06453341601089316, 0.03095023852244804, 0.07192966784523713, 0.06892548945443149, 0.07641847382606545, 0.07135668550450008], "(0, -1, 0, 0)": [0.7701687269096112, 0.8038140751626257, 0.7734542452337133, 0.7861410900521364, 0.7713906626537934, 0.8063280448305029, 0.798408771989491, 0.806106662252137, 0.7912057341726073, 0.784924921956794, 0.7245140981059879, 0.7935961074559009, 0.8567058053394281, 0.8126831829248178, 0.7643655099186188], "(-1, -4, 0, 0)": [0.001474712592481428, 0.15831495884717328, 0.19334022071703952, 0.18633456380327013, 0.1813375795179043, 0.1402120185321465, 0.051137926531063395, 0.003376865189801866, 0.08319226477255875, 0.08509222749964768, 0.04582815671721767, 0.1748445617189996, 0.14727744000001913, 0.23586544121372194, 0.0031486996667134236], "(1, -1, 0, 0)": [0.7044932907670312, 0.7159898815929103, 0.6520726920243143, 0.729460400861554, 0.7336953268506229, 0.6724497698877736, 0.7291487923515307, 0.7528961908149222, 0.6856015670068789, 0.6972195351815097, 0.7044862539006252, 0.7080111142194214, 0.6832543817493267, 0.8777832804547556, 0.6749433611929956], "(1, -2, 0, 0)": [0.5813312926722553, 0.5150365050283336, 0.5303801683585444, 0.49132929538322245, 0.5371316437711156, 0.5550188804213707, 0.4968094334244824, 0.5340539490738203, 0.49907150002865197, 0.526643173213227, 0.5085006729354846, 0.5379485021873346, 0.4936458989144698, 0.5956731273625564, 0.743870100765985], "(1, -3, 0, 0)": [0.13665996593833357, 0.08943701455659488, 0.14315455595371657, 0.0920359551294683, 0.12056961186437126, 0.07826828515614638, 0.09875544611167417, 0.08202429348162239, 0.06322429929651505, 0.09327446569571478, 0.09276047351340841, 0.1418901005408416, 0.09179154238638174, 0.2437359492522902, 0.07377853036346692], "(-1, 0, 0, 0)": [0.4095608173308677, 0.3507369785550935, 0.5374321359730889, 0.4274467987291954, 0.3539750999807888, 0.4127917051788989, 0.3016625683584467, 0.28153338058847366, 0.4402560711600487, 0.438434868664912, 0.4254873755747754, 0.3853480588712547, 0.42078386011471586, 0.40673746747674777, 0.41898803378595045], "(-1, -1, 0, 0)": [0.24441827544541128, 0.2877361553753456, 0.16427684349145416, 0.17401337734887734, 0.31094924303961324, 0.29571438977015263, 0.37804703349733976, 0.2441320946134746, 0.3187758828019841, 0.6377228814326612, 0.24399746876611994, 0.34701403051387164, 0.18607666013555985, 0.1151583540936229, 0.22083037547196063], "(-1, -2, 0, 0)": [0.4143579546694669, 0.06641344377742273, 0.07354937340091879, 0.07318921425373766, 0.06627385375391918, 0.03527640320521916, 0.2080223858083536, 0.12222600241180638, 0.065446674632958, 0.27563785069266594, 0.09340972985500844, 0.06575354957222607, 0.07089894791827353, 0.09762776882605713, 0.11022269352128378], "(-1, -3, 0, 0)": [0.3420941908190017, 0.22322081152308176, 0.03877163031095392, 0.3081393751585957, 0.25697096576398326, 0.021159276199206906, 0.2894504014444014, 0.33192489754255566, 0.23782496637908052, 0.26535993826347215, 0.3658305954765096, 0.3504091111787803, 0.1853392432488858, 0.3408708481569855, 0.19206362687236256], "(-1, 1, 0, 0)": [0.5320152042043819, 0.4112493089395667, 0.40511787707912883, 0.3947336853184339, 0.40231757869494933, 0.35001177139696826, 0.3841757301969997, 0.39217367553747723, 0.39317507279174235, 0.39032167068224105, 0.38366544272884917, 0.37541117796409573, 0.3877335082878389, 0.40528086802420515, 0.34015658349918065], "(-1, 3, 0, 0)": [0.1314668319925773, 0.0958754218209794, 0.10174231559487276, 0.10696116424274674, 0.1074749347320369, 0.10530439198576884, 0.10302511417594248, 0.1019012391827517, 0.09374343675889567, 0.101341637078989, 0.10022405462581929, 0.0953313112111702, 0.10513815329159301, 0.10090396766495899, 0.09621249435736438], "(-1, 4, 0, 0)": [0.00016472801939925417, 0.0002969160424981217, 0.0008941647636092022, 0.0012257802970689364, 0.0011155950575356538, 0.0025036059679043408, 0.001013352824223602, -0.0018285552135866873, 0.0008160536052357788, 1.5242228920852273e-05, -0.0001647537893061492, 0.0010664472720527465, -0.0026015971063527597, 0.001636223810583222, 0.0010065699306838543], "(-1, 2, 0, 0)": [0.5039240998919841, 0.264018656913964, 0.2752721965151261, 0.2771667607040305, 0.27240576996384513, 0.28216748847318335, 0.2659249297049212, 0.2672390234758787, 0.26621742751040206, 0.2622257818243532, 0.2607454115149129, 0.27347393237407447, 0.2778112824408812, 0.28632104305822276, 0.3010370132284751], "(1, 0, 0, 0)": [0.7894168916687663, 0.767154176914425, 0.8051831415683185, 0.8167465202448736, 0.8393550300845716, 0.8112412090219169, 0.831600869793637, 0.8239974530173834, 0.7987906665461367, 0.8249751974597698, 0.7876776507498414, 0.9001828140537385, 0.7813766431730638, 0.8174073236652883, 0.8293723584910422], "(1, -4, 0, 0)": [-0.0052294194999910875, 0.0023399674046240583, 0.0007316539942651681, 0.01684420018125659, 0.009851948735745766, 0.001110343002113102, 0.000994279341229024, 4.3238907917831325e-05, 0.0005456692984859238, -0.005394528792625496, -0.0052090699473481585, 0.0013569558057746215, 0.015454557251970907, 0.0006736784231891292, 0.033672674066084256], "(1, 2, 0, 0)": [0.8214194360187902, 0.6575502411543565, 0.682690506910065, 0.7241806734500881, 0.6576252819014714, 0.7515077562532397, 0.7351146087370558, 0.6637138017672125, 0.6213194438626137, 0.7322649400418985, 0.7115215318485058, 0.735718391425272, 0.6956044247189354, 0.6659866360106548, 0.6902736962350046],