{"q_values": {"(0, 0, 0, 0)": [0.8191692237739535, 0.7571681922799363, 0.7791735534873356, 0.7800559833165176, 0.7728542886315434], "(0, 1, 0, 0)": [0.6483155954290682, 0.4092715051585382, 0.38884526410599835, 0.42722409687051344, 0.42170601960508947], "(0, 2, 0, 0)": [0.024360831938064667, 0.010720055904619216, 0.016891265078228787, 0.024420077083328676, 0.016789925041575803], "(0, -1, 0, 0)": [0.751575992420983, 0.7352238204165431, 0.6509233256697553, 0.6889014634338804, 0.7091194031792629], "(0, -2, 0, 0)": [0.0730924728916914, 0.04662073542593613, 0.07156773481285326, 0.03791502871088518, 0.14002434912332626], "(1, 0, 0, 0)": [0.8163961617655281, 0.7870488233037363, 0.7852821822038244, 0.757430382386137, 0.7824470329048331], "(-1, -1, 0, 0)": [0.5966606756525393, 0.5715552805123352, 0.5707788252429218, 0.6103602982862917, 0.7540151364014481], "(-1, -2, 0, 0)": [0.07607031983905262, 0.09129074773390422, 0.1883227907994106, 0.17400561210828985, 0.35033060974802005], "(-1, 0, 0, 0)": [0.6912529212826469, 0.47661976024681396, 0.5275054521780045, 0.5034867687441222, 0.49994439307389993], "(1, 1, 0, 0)": [0.6753743799376868, 0.7224711559819417, 0.63634090946933, 0.6978221637324723, 0.6287473220037405], "(1, 2, 0, 0)": [0.1880308943674851, 0.08113297898434571, 0.08475108703391035, 0.08050769543293783, 0.08612974169546204], "(-1, 1, 0, 0)": [0.18686558105998813, 0.16456803910794965, 0.1866425375103406, 0.19117728320119562, 0.1938277149075931], "(-1, 2, 0, 0)": [0.027649734885924437, 0.009974335655273055, 0.007450392028965415, 0.005093687151200979, 0.013820832349539435], "(1, -1, 0, 0)": [0.6499519197318657, 0.6292229653379828, 0.5499141561172696, 0.588522824881299, 0.7880441547876434], "(1, -2, 0, 0)": [0.007921793086337343, 0.006469644695329949, 0.01288980895176511, 0.0029219325822504357, -0.0010003948641651925], "(-2, 2, 0, 0)": [0.026216708104321598, 0.008934285840143844, 0.0180258437233846, 0.015226531005666273, 0.008805596066525484], "(-2, 1, 0, 0)": [0.2486753065397435, 0.14514888549614835, 0.16675014661321072, 0.15884024045963446, 0.16288606305881687], "(-2, -2, 0, 0)": [-0.0043562397360801695, 0.009754505972870796, 0.007389304493249187, 0.0, 0.0], "(2, -1, 0, 0)": [0.27807201218974853, 0.27360230992440415, 0.2616178994007876, 0.2876288996358171, 0.6409529384426743], "(2, -2, 0, 0)": [0.0028128070570767353, 0.005152477902101322, 0.01588445637419045, 0.0004634909824689313, -0.002115559580047553], "(-2, 0, 0, 0)": [0.21954816686731296, 0.22037103918084694, 0.293669441666818, 0.251469687097072, 0.4557246942595124], "(-3, 1, 0, 0)": [0.017023305216061102, 0.05006540691228364, 0.0930413305824498, 0.04418182919220112, 0.043207089477742926], "(-3, 2, 0, 0)": [0.00012368019089517394, 0.00499546090034878, 5.467818975057968e-05, -0.0006986398300803387, 0.00021565180970719178], "(2, 1, 0, 0)": [0.8314047952317832, 0.7056037122005221, 0.7721093795497513, 0.7622268046663997, 0.7427260771569665], "(2, 0, 0, 0)": [0.742879160728986, 0.7180076196558405, 0.7650543121869093, 0.784062629090311, 0.8176661534519369], "(-3, 0, 0, 0)": [0.06581225453235497, 0.05954925177781596, 0.12335983773407767, 0.0483456909819067, 0.0645135384844811], "(-2, -1, 0, 0)": [0.13499294684590596, 0.06784020377956057, 0.08357039425769175, 0.04328167892513018, 0.054708699475361604], "(-3, -1, 0, 0)": [0.09168581227462347, 0.0, 0.0, 0.010703358506400314, 0.014145150379240341], "(-3, -2, 0, 0)": [0.015221647528506984, 0.0, 0.005564506555544577, 0.0, 0.004610109451953786], "(3, -2, 0, 0)": [-0.005355514858088011, -0.010552711364767873, -0.004765698077851921, -0.005426782729773712, 0.023253262241595907], "(3, -1, 0, 0)": [0.062136106899033546, 0.02601826944510531, 0.03590288784569469, 0.053441800627112956, 0.19899251374665403], "(3, 0, 0, 0)": [0.5591552949024773, 0.5226568714741051, 0.5061068671642122, 0.7673908157288373, 0.5140721624645272], "(2, 2, 0, 0)": [0.11537554337736249, 0.10269732741116547, 0.060719333237373975, 0.050610146556495476, 0.10847519060328685], "(3, 1, 0, 0)": [0.6329779703451748, 0.7882977742033568, 0.5793776829862818, 0.2811659028922635, 0.5416713598043938], "(3, 2, 0, 0)": [0.21298539556513232, 0.0, 0.0, 0.0, 0.0], "(4, 1, 0, 0)": [0.42911896851761355, 0.0, 0.050549604666024185, 0.0, 0.0], "(4, 0, 0, 0)": [0.594592999569302, 0.19968016754685483, 0.0, 0.0, 0.0], "(4, -1, 0, 0)": [0.09363576404569486, 0.0, 0.013852568328926042, 0.0, 0.0], "(4, -2, 0, 0)": [-0.0017250547641515734, -0.005652423988461494, -0.000749886402929059, 0.016957902668689004, -0.0013234091238988987]}}