{"q_values": {"(0, 0, 0, 0)": [0.7156695781538331, 0.7161139349186023, 0.7189329877701276, 0.706818631433021, 0.7091347508280942], "(0, 1, 0, 0)": [0.7147110506180178, 0.578339499017052, 0.6755027039723404, 0.6730379436764274, 0.6703789168887833], "(0, 2, 0, 0)": [0.05074417769598864, 0.04392736463294, 0.05767786625133543, 0.05275247646741468, 0.05042573655979373], "(0, -1, 0, 0)": [0.5717319315009505, 0.5923558287725817, 0.6291874066419372, 0.6497971907482541, 0.7763113717213381], "(0, -2, 0, 0)": [0.08275823936667147, 0.04836535190217238, 0.07241290128138943, 0.08270458482267998, 0.0963183944129025], "(1, 0, 0, 0)": [0.6590217869633179, 0.6662377055193573, 0.6170594393574172, 0.6673758936310343, 0.7562916511829098], "(-1, -1, 0, 0)": [0.4377933228036847, 0.340471869862759, 0.47920975323564385, 0.48318479717463597, 0.6948242988273902], "(-1, -2, 0, 0)": [0.07607031983905262, 0.09129074773390422, 0.115865999151428, 0.08754239831007309, 0.22659332772837873], "(-1, 0, 0, 0)": [0.5088098662964342, 0.522138340397916, 0.48345702135561075, 0.5232493684775948, 0.5213885267023702], "(1, 1, 0, 0)": [0.8002082521309485, 0.6368570538095032, 0.6059571781371492, 0.6507702815861788, 0.6440359091156092], "(1, 2, 0, 0)": [0.29759443338860936, 0.09775983951515882, 0.09801484326762769, 0.09850542732878845, 0.04538205878389459], "(-1, 1, 0, 0)": [0.5334248997340668, 0.4060072885049636, 0.4043968960157932, 0.4134342417033261, 0.4427769108797628], "(-1, 2, 0, 0)": [0.03726567282903467, 0.01328067278198845, 0.013003713024402718, 0.012030918670446419, 0.022318872238782372], "(1, -1, 0, 0)": [0.349837387076475, 0.39522291055386555, 0.39414819934473244, 0.34096455751043186, 0.6162915200929004], "(1, -2, 0, 0)": [0.005954824096412203, 0.01805943190317929, 0.009319974457398288, 0.0029219325822504357, 0.009035904878594594], "(-2, 2, 0, 0)": [0.012752137792790275, 0.018927101687399056, 0.01908510633911313, 0.014730150648101991, 0.011137086286486252], "(-2, 1, 0, 0)": [0.23108672602840888, 0.22846183316774282, 0.21272593754947416, 0.22016243116391004, 0.23155505408681415], "(-2, -2, 0, 0)": [-0.0043562397360801695, 0.011020535642532373, 0.007389304493249187, 0.0, 0.0], "(2, -1, 0, 0)": [0.21938419616997334, 0.2386077285643848, 0.2612792627439439, 0.22786166881794662, 0.23557110089861533], "(2, -2, 0, 0)": [0.003994692261063755, 0.003859169126662952, 0.01618924337010927, 0.0004634909824689313, 0.005566159048746259], "(-2, 0, 0, 0)": [0.2809520097189536, 0.2692654591956472, 0.2524662256875034, 0.2631144451322876, 0.21656442461136868], "(-3, 1, 0, 0)": [0.017023305216061102, 0.037724155558207975, 0.04410115735809214, 0.06307049743265802, 0.043207089477742926], "(-3, 2, 0, 0)": [-0.0007802785562202475, 0.0013622751969840658, -0.0015775963291700078, -0.004571176956051375, -0.001524035368370562], "(2, 1, 0, 0)": [0.5956702871272764, 0.3183260090114692, 0.118941354231274, 0.11719299617333898, 0.028871650469497467], "(2, 0, 0, 0)": [0.5682856347062408, 0.3222021107894906, 0.24694323826254128, 0.4257194209307276, 0.42300412396678744], "(-3, 0, 0, 0)": [0.06581225453235497, 0.05954925177781596, 0.12609591528280567, 0.0483456909819067, 0.0645135384844811], "(-2, -1, 0, 0)": [0.11229660432105285, 0.06784020377956057, 0.07351713976283086, 0.04328167892513018, 0.054708699475361604], "(-3, -1, 0, 0)": [0.0832993331274887, 0.0, 0.0, 0.010703358506400314, 0.014145150379240341], "(-3, -2, 0, 0)": [0.01377213297605539, 0.0, 0.005564506555544577, 0.0, 0.004610109451953786], "(3, -2, 0, 0)": [-0.004398506134748459, -0.0009422953449612177, 0.0009074415140598365, -0.0008120033714233621, 0.0028692621344484706], "(3, -1, 0, 0)": [0.0716053468820504, 0.012244383093256699, 0.0, 0.009857819850717223, 0.015201986861616532], "(3, 0, 0, 0)": [0.04019954941924324, 0.0, 0.0, 0.0, 0.0], "(2, 2, 0, 0)": [0.001786985993385315, 0.2393448283157633, 0.0, 0.0, 0.0]}}