{"q_values": {"(0, 0, 0, 0)": [0.8613078429259091, 0.8602930786679538, 0.8332881172713781, 0.8610727630272859, 0.8537019476550268, 0.8366157592637621, 0.8910559512151282, 0.8598661964299914, 0.8655153088592497, 0.8637469987833395, 0.8602515847030238, 0.8493943110375798, 0.8319731132471678, 0.8462508168752811, 0.8629183438415247], "(0, 1, 0, 0)": [0.7348870887386506, 0.8579321148269597, 0.6951956197551838, 0.7417217723903466, 0.7643022419897216, 0.6979004224020783, 0.7282122005520698, 0.7414454859939703, 0.7229878763166273, 0.7389023519553922, 0.7345897086878789, 0.7339774875285965, 0.6980888585245477, 0.7375591542879785, 0.7351001351747057], "(0, 2, 0, 0)": [0.5624373100596708, 0.8443581795882048, 0.5653573471313496, 0.5649527225884949, 0.543900185976945, 0.586013466459261, 0.6042936496703457, 0.44014716352257793, 0.5553875040669602, 0.4630438390406627, 0.5113763137632104, 0.5155803657097212, 0.43923985258492554, 0.53786575930381, 0.5466775811192658], "(0, 3, 0, 0)": [0.5319891884443176, 0.170395684500258, 0.17087303473444293, 0.16435541673791607, 0.17297815474903752, 0.15384294510868907, 0.16415445162899764, 0.15203641717729638, 0.16717840367143208, 0.16638789516541977, 0.16747910701484559, 0.16369432241513548, 0.16964492695792524, 0.1686170878850291, 0.16701300382162712], "(0, 4, 0, 0)": [0.017227584871998367, 0.014569597144049632, 0.014088329338349114, 0.016357213277751564, 0.010434547317901102, 0.0004708344205949129, 0.017276853682782964, 0.0118104838931257, 0.017414279566801277, 0.018646852371768368, 0.01268779087289324, 0.01871505794101322, 0.016086212034688165, 0.017964493409060443, 0.015219680919382082], "(0, -2, 0, 0)": [0.7067237020279199, 0.6767695471929106, 0.7268608632046739, 0.7137553123914117, 0.7016436261773261, 0.7075870025444285, 0.7002203685490261, 0.7509940324032138, 0.7092746173629848, 0.7461654402225768, 0.7137086045080389, 0.6911393877016874, 0.7708372584295561, 0.8806264838958244, 0.7120469795362135], "(0, -3, 0, 0)": [0.27691775280065994, 0.3875523246058257, 0.3170922573518517, 0.4117327054566547, 0.3365622637314036, 0.45018799144068566, 0.42038024056296697, 0.31259348856043967, 0.3986514766273475, 0.32176871624853365, 0.3175607176905655, 0.3782745005932676, 0.30971749803320453, 0.3842175072796509, 0.5751741488760556], "(0, -4, 0, 0)": [0.06572846702499117, 0.0636541004233633, 0.06628692490100006, 0.028575807743025303, 0.06297636016587677, 0.06527066754236856, 0.06859011979576476, 0.04833551514393996, 0.07037445418572182, 0.06453341601089316, 0.03095023852244804, 0.07192966784523713, 0.06892548945443149, 0.22000745539352118, 0.07135668550450008], "(0, -1, 0, 0)": [0.8289777529889211, 0.871838918141804, 0.8467186560373332, 0.8715349918806176, 0.8569663222024199, 0.873068052766381, 0.8780861977350264, 0.8651239738380009, 0.8639394360164064, 0.8662110666462243, 0.8718220211962123, 0.857240742506674, 0.8622525057379017, 0.833147768782989, 0.9095470648617078], "(-1, -4, 0, 0)": [0.001474712592481428, 0.15831495884717328, 0.15448739020526617, 0.14782579148068417, 0.1449345756222265, 0.1402120185321465, 0.051137926531063395, 0.003376865189801866, 0.10181137241674176, 0.08509222749964768, 0.04582815671721767, 0.1376117440344744, 0.14727744000001913, 0.2606683619489613, 0.04098710329191982], "(1, -1, 0, 0)": [0.6854680952803753, 0.6954462274935834, 0.6520726920243143, 0.7004379504590387, 0.6862833364346117, 0.6724497698877736, 0.6751009857593478, 0.671395225195352, 0.6856015670068789, 0.6972195351815097, 0.6985282639199483, 0.6604293980776714, 0.6946374683119447, 0.9311148799903066, 0.6925657964834966], "(1, -2, 0, 0)": [0.4931838300077406, 0.5150365050283336, 0.5303801683585444, 0.525069881087824, 0.5371316437711156, 0.5143109574930735, 0.5313936629314132, 0.5340539490738203, 0.49907150002865197, 0.526643173213227, 0.5085006729354846, 0.5379485021873346, 0.4936458989144698, 0.5357064664372426, 0.5075534136699801], "(1, -3, 0, 0)": [0.13665996593833357, 0.15596713072877816, 0.14315455595371657, 0.0920359551294683, 0.12056961186437126, 0.07826828515614638, 0.09875544611167417, 0.08202429348162239, 0.06322429929651505, 0.09327446569571478, 0.09276047351340841, 0.1418901005408416, 0.09179154238638174, 0.20752445953275453, 0.07377853036346692], "(-1, 0, 0, 0)": [0.7633606910952555, 0.4393797120302171, 0.5861374572348902, 0.4274467987291954, 0.4419716656950186, 0.4540086149184053, 0.5211552683327713, 0.28153338058847366, 0.4761318127509372, 0.438434868664912, 0.49800832755829455, 0.43348326678473137, 0.4944809553400322, 0.40673746747674777, 0.5212808066018106], "(-1, -1, 0, 0)": [0.44621666242636654, 0.5272362365549386, 0.516095384812616, 0.4576368044012719, 0.31094924303961324, 0.5306086507140353, 0.5313160453823603, 0.5385546434824126, 0.3187758828019841, 0.7245221346816197, 0.4528529310840491, 0.5118150590724018, 0.3873753850885865, 0.4561480740297248, 0.3151618891454704], "(-1, -2, 0, 0)": [0.39103432895359763, 0.06641344377742273, 0.07354937340091879, 0.07318921425373766, 0.06627385375391918, 0.03527640320521916, 0.2080223858083536, 0.12222600241180638, 0.065446674632958, 0.27563785069266594, 0.09340972985500844, 0.06575354957222607, 0.07089894791827353, 0.09762776882605713, 0.11022269352128378], "(-1, -3, 0, 0)": [0.3208268712921973, 0.22322081152308176, 0.03877163031095392, 0.29310606536124734, 0.2804140114659575, 0.021159276199206906, 0.2894504014444014, 0.30421635568559396, 0.23782496637908052, 0.26535993826347215, 0.31615975665849705, 0.3908943458388074, 0.1853392432488858, 0.31976739608544036, 0.19206362687236256], "(-1, 1, 0, 0)": [0.6134739045098063, 0.4112493089395667, 0.40511787707912883, 0.3947336853184339, 0.40231757869494933, 0.35001177139696826, 0.41214245275192335, 0.39217367553747723, 0.39317507279174235, 0.39032167068224105, 0.38366544272884917, 0.37541117796409573, 0.46075376745435376, 0.40528086802420515, 0.34015658349918065], "(-1, 3, 0, 0)": [0.1314668319925773, 0.0958754218209794, 0.10174231559487276, 0.10696116424274674, 0.1074749347320369, 0.10530439198576884, 0.10302511417594248, 0.1019012391827517, 0.09374343675889567, 0.101341637078989, 0.10022405462581929, 0.0953313112111702, 0.10513815329159301, 0.10090396766495899, 0.09621249435736438], "(-1, 4, 0, 0)": [0.00016472801939925417, 0.0002969160424981217, 0.0008941647636092022, 0.0012257802970689364, 0.0011155950575356538, 0.0025036059679043408, 0.001013352824223602, -0.0018285552135866873, 0.0008160536052357788, 1.5242228920852273e-05, -0.0001647537893061492, 0.0010664472720527465, -0.0026015971063527597, 0.001636223810583222, 0.0010065699306838543], "(-1, 2, 0, 0)": [0.5344846364082311, 0.264018656913964, 0.2752721965151261, 0.2771667607040305, 0.27240576996384513, 0.28216748847318335, 0.2659249297049212, 0.2672390234758787, 0.26621742751040206, 0.2622257818243532, 0.2607454115149129, 0.27347393237407447, 0.2778112824408812, 0.28632104305822276, 0.3010370132284751], "(1, 0, 0, 0)": [0.8463227655029385, 0.8448580213817748, 0.8542717896912924, 0.8788996417962995, 0.8996805330672998, 0.8857758209063955, 0.8902399117972674, 0.8674006209077914, 0.8733617302326747, 0.8730550673079106, 0.8784205410358663, 0.8990776296092683, 0.834527262549981, 0.8755813943618463, 0.8953778965433852], "(1, -4, 0, 0)": [-0.0052294194999910875, 0.0023399674046240583, 0.0007316539942651681, 0.01684420018125659, 0.009851948735745766, 0.001110343002113102, 0.000994279341229024, 4.3238907917831325e-05, 0.0005456692984859238, -0.005394528792625496, -0.0052090699473481585, 0.0013569558057746215, 0.015454557251970907, 0.0006736784231891292, 0.09776992403302884], "(1, 2, 0, 0)": [0.8694376865910344, 0.6575502411543565, 0.682690506910065, 0.7241806734500881, 0.6576252819014714, 0.7515077562532397, 0.7351146087370558, 0.6637138017672125, 0.6213194438626137, 0.7322649400418985, 0.7115215318485058, 0.735718391425272, 0.6956044247189354, 0.6659866360106548, 0.6902736962350046],