{"q_values": {"(0, 0, 0, 0)": [0.8156997115436518, 0.7902012393769742, 0.8068006811822039, 0.7773759879650046, 0.7997533723418505], "(0, 1, 0, 0)": [0.7935072468531037, 0.49664862014408084, 0.4999414038084074, 0.5509659231750853, 0.4419696456525176], "(0, 2, 0, 0)": [0.01885557506661279, 0.020776925346130126, 0.021512262027841296, 0.017671972364549166, 0.0216819254287036], "(0, -1, 0, 0)": [0.7048032557054013, 0.7497399618958104, 0.739887844748935, 0.766539015483466, 0.7914753754198439], "(0, -2, 0, 0)": [0.04257842183762503, 0.04662073542593613, 0.03619354446589209, 0.03791502871088518, 0.18884816411095648], "(1, 0, 0, 0)": [0.7192581607467038, 0.7269634780704601, 0.7304133413654685, 0.7288256573685759, 0.7315487951559593], "(-1, -1, 0, 0)": [0.6804530611738422, 0.6199934307554132, 0.6739317337496952, 0.638132053032407, 0.813298445477747], "(-1, -2, 0, 0)": [0.07607031983905262, 0.09129074773390422, 0.115865999151428, 0.08754239831007309, 0.46957681597055606], "(-1, 0, 0, 0)": [0.5410453916509734, 0.8090148221690648, 0.5340616194367052, 0.5259109878651187, 0.5918487122987318], "(1, 1, 0, 0)": [0.6186926406543083, 0.6079906873940784, 0.6534541374372487, 0.6308480251739268, 0.6264129518907955], "(1, 2, 0, 0)": [0.11389090862456686, 0.08113297898434571, 0.09677250860541578, 0.08050769543293783, 0.08612974169546204], "(-1, 1, 0, 0)": [0.39853670260473606, 0.24219052015888654, 0.19884717731558674, 0.24871207259735154, 0.1917362286574822], "(-1, 2, 0, 0)": [0.03133801051684737, 0.008483927734765324, 0.007450392028965415, 0.005093687151200979, 0.007668849071795794], "(1, -1, 0, 0)": [0.5677402127338181, 0.5659732914561447, 0.5044196004698033, 0.5622452793695347, 0.7141068983162954], "(1, -2, 0, 0)": [0.007921793086337343, 0.006469644695329949, 0.04090150381202168, 0.0029219325822504357, -0.0010003948641651925], "(-2, 2, 0, 0)": [0.035295107618876144, 0.008934285840143844, 0.018359372741260253, 0.015226531005666273, 0.016453140394154818], "(-2, 1, 0, 0)": [0.17688377008979142, 0.12107427313619931, 0.1339621491238011, 0.11874037319316563, 0.1287844399413778], "(-2, -2, 0, 0)": [-0.0043562397360801695, 0.009710822623837457, 0.007389304493249187, 0.0, 0.0], "(2, -1, 0, 0)": [0.32517169986593564, 0.3154956104619343, 0.272798958132045, 0.2876288996358171, 0.3732070348844071], "(2, -2, 0, 0)": [0.0028128070570767353, 0.005336805363110689, 0.0038152874137742853, 0.0004634909824689313, -0.002115559580047553], "(-2, 0, 0, 0)": [0.21954816686731296, 0.22037103918084694, 0.2251289138342421, 0.225138850607844, 0.27470823012888207], "(-3, 1, 0, 0)": [0.017023305216061102, 0.05006540691228364, 0.08424943907822938, 0.04418182919220112, 0.043207089477742926], "(-3, 2, 0, 0)": [0.00012368019089517394, 0.0004815741343498882, -3.039132882878999e-05, -0.0006986398300803387, 0.002936111327178947], "(2, 1, 0, 0)": [0.7754003264145198, 0.7337857833768386, 0.7126010347113028, 0.6536813107912102, 0.7591022964142171], "(2, 0, 0, 0)": [0.6786172447284811, 0.6842351362993732, 0.6600711597595981, 0.6723044577993205, 0.7880740325475286], "(-3, 0, 0, 0)": [0.06581225453235497, 0.05954925177781596, 0.12335983773407767, 0.0483456909819067, 0.0645135384844811], "(-2, -1, 0, 0)": [0.11528512893150675, 0.06784020377956057, 0.08357039425769175, 0.04328167892513018, 0.054708699475361604], "(-3, -1, 0, 0)": [0.09168581227462347, 0.0, 0.0, 0.010703358506400314, 0.014145150379240341], "(-3, -2, 0, 0)": [0.015221647528506984, 0.0, 0.005564506555544577, 0.0, 0.004610109451953786], "(3, -2, 0, 0)": [-0.005355514858088011, -0.010552711364767873, -0.0018593227089151697, -0.005426782729773712, -0.006241948979047367], "(3, -1, 0, 0)": [0.05622520574097653, 0.02601826944510531, 0.03590288784569469, 0.037927375757504336, 0.04352093807771182], "(3, 0, 0, 0)": [0.4153338230182211, 0.4360179336951918, 0.4395473614809058, 0.45164208001611567, 0.45930816186022805], "(2, 2, 0, 0)": [0.4791843713704915, 0.13381414727120428, 0.060719333237373975, 0.050610146556495476, 0.1337307221760844], "(3, 1, 0, 0)": [0.641379622741672, 0.5383544919734216, 0.5560620622197467, 0.1723901565559773, 0.5065491732991307], "(3, 2, 0, 0)": [0.16291032191825405, 0.0, 0.0, 0.0, 0.0], "(4, 1, 0, 0)": [0.329882930846266, 0.0, 0.0, 0.0, 0.0], "(4, 0, 0, 0)": [0.2811615666629546, 0.114292560394738, 0.0, 0.0, 0.0], "(4, -1, 0, 0)": [0.058299556768080726, 0.0, 0.0, 0.0, 0.0], "(4, -2, 0, 0)": [-0.0017250547641515734, -0.0016144239848852153, -0.000749886402929059, -0.00029177137224733855, 0.0]}}