{"q_values": {"(0, 0, 0, 0)": [0.8352321464777435, 0.801372985037948, 0.8009482449156756, 0.8037802031333712, 0.7944438786606717], "(0, 1, 0, 0)": [0.7303684994154944, 0.346179856805241, 0.37012105621141955, 0.3791552054060617, 0.3650610925932778], "(0, 2, 0, 0)": [0.030852452262068134, 0.034112940997734646, 0.018482496302478894, 0.021108544171708057, 0.03081549496301909], "(0, -1, 0, 0)": [0.6439055257197563, 0.7552090051422472, 0.6999876485895257, 0.7685221323358468, 0.851679435761838], "(0, -2, 0, 0)": [0.09209430174254576, 0.04662073542593613, 0.10035326923705468, 0.041643742675529366, 0.17255139679392023], "(1, 0, 0, 0)": [0.7819310151109734, 0.7703314300408773, 0.7325403403192002, 0.7822064844886776, 0.8325055222181826], "(-1, -1, 0, 0)": [0.559093264708206, 0.5699761872154379, 0.5999859929389398, 0.5924217014662629, 0.7597572897752625], "(-1, -2, 0, 0)": [0.05649741364735941, 0.11360775802531888, 0.13244148765701785, 0.13804475809353295, 0.1517341652452127], "(-1, 0, 0, 0)": [0.728724501474801, 0.5330885557218484, 0.5349101498454427, 0.5409298113713226, 0.5462325226333475], "(1, 1, 0, 0)": [0.8010670542590889, 0.6529344560396887, 0.6308932671151699, 0.6136115084256594, 0.6406488856057508], "(1, 2, 0, 0)": [0.09924218905958952, 0.06398185230743031, 0.084356096242787, 0.05007137955745551, 0.05897631006229603], "(-1, 1, 0, 0)": [0.23692932156799976, 0.16214059336251221, 0.1422555393405922, 0.17300422679570082, 0.16552203121688172], "(-1, 2, 0, 0)": [0.02754907649676914, 0.010914187939287381, 0.003076561800577353, 0.009457278846715923, 0.008977508003719513], "(1, -1, 0, 0)": [0.6308379506937851, 0.6540630144035325, 0.5501149107704704, 0.5980392048757377, 0.7866057547965393], "(1, -2, 0, 0)": [0.013788865726284474, 0.012230178300871272, 0.04982662030537878, 0.008375590735821765, 0.003145708673893262], "(-2, 2, 0, 0)": [0.01125600736605927, 0.010951473537769707, 0.011287509234384195, 0.002389706835466454, 0.011821868384526984], "(-2, 1, 0, 0)": [0.1356105896280783, 0.11612444976798907, 0.1349663437567636, 0.12190530570168782, 0.12785026643489988], "(-2, -2, 0, 0)": [-0.0043562397360801695, 0.014178436834250114, 0.010645233783068942, 0.0, 0.0], "(2, -1, 0, 0)": [0.31859457936361296, 0.3559212732405717, 0.29926387930062326, 0.35529057304198913, 0.4305219872972196], "(2, -2, 0, 0)": [0.0028128070570767353, 0.007748487536750314, 0.007701747138996095, 0.01944213366398554, 0.004543897648895805], "(-2, 0, 0, 0)": [0.2726506840303102, 0.24982314224388466, 0.25519886306238554, 0.2871824843753345, 0.26690613815650827], "(-3, 1, 0, 0)": [0.03408376920502035, 0.07306827299863891, 0.07481897402951708, 0.061491625110810605, 0.06584838110883728], "(-3, 2, 0, 0)": [0.00012368019089517394, 0.008398784570116991, 5.467818975057968e-05, -0.0006986398300803387, 0.0033870122234695207], "(2, 1, 0, 0)": [0.802878829405549, 0.7640523858066367, 0.7316238152781598, 0.7380329185786448, 0.760883106560059], "(2, 0, 0, 0)": [0.7774365294644829, 0.8068945031116154, 0.8109670263057998, 0.8229770375553154, 0.8407409297118273], "(-3, 0, 0, 0)": [0.06581225453235497, 0.05954925177781596, 0.1338260209364736, 0.0483456909819067, 0.0645135384844811], "(-2, -1, 0, 0)": [0.12367799188972942, 0.08921800943854569, 0.09532532584371436, 0.0689239451788611, 0.07459774752719286], "(-3, -1, 0, 0)": [0.09168581227462347, 0.0, 0.0, 0.010703358506400314, 0.014145150379240341], "(-3, -2, 0, 0)": [0.009135829837904192, 0.0, 0.005564506555544577, 0.0, 0.004610109451953786], "(3, -2, 0, 0)": [-0.0006215408009760254, 0.0007461668393110932, 0.0009755647660457641, -0.00077778458854746, 0.00541782072095564], "(3, -1, 0, 0)": [0.09339468302413438, 0.08574253642398627, 0.09606355350878903, 0.09095329971712328, 0.11123248439215337], "(3, 0, 0, 0)": [0.6395198448578967, 0.6719098553386699, 0.7283494326096651, 0.6226229700218485, 0.7663130278246021], "(2, 2, 0, 0)": [0.3277859292632773, 0.1752524386807133, 0.2676347573422948, 0.24297319527201983, 0.21823251037399424], "(3, 1, 0, 0)": [0.7991825715445215, 0.8937109585854073, 0.753807834603956, 0.7597405344876986, 0.6878813953085823], "(3, 2, 0, 0)": [0.43285065611404566, 0.0, 0.0, 0.1446583119562025, 0.0], "(4, 1, 0, 0)": [0.36617873333568096, 0.0, 0.050549604666024185, 0.0, 0.0], "(4, 0, 0, 0)": [0.23157913725022414, 0.179914766624476, 0.2898124589566249, 0.13546718029640195, 0.106891495147694], "(4, -1, 0, 0)": [0.07587681609245854, 0.049492531114941216, 0.03592454055508462, 0.045232217637010776, 0.024280154856356383], "(4, -2, 0, 0)": [-0.004429984006223933, 0.004564833954967721, -0.006549037318262696, -0.004272459301272174, -0.0065489437811392754]}}