{"q_values": {"(0, 0, 0, 0)": [0.7682521366938004, 0.775249646559578, 0.7465127791673586, 0.7745125517508903, 0.7915328934721926], "(0, 1, 0, 0)": [0.7373086586215228, 0.435684120546048, 0.5202533714981091, 0.4690679154840045, 0.45967339247455685], "(0, 2, 0, 0)": [0.03515354535396177, 0.02208885735773824, 0.018482496302478894, 0.021911988322637917, 0.02010579577060014], "(0, -1, 0, 0)": [0.7444674333447817, 0.7693231116344587, 0.683092418124237, 0.7520778171927189, 0.8123700390241649], "(0, -2, 0, 0)": [0.040251855686553456, 0.03607070309507315, 0.038637012967898746, 0.041643742675529366, 0.08554737412270187], "(1, 0, 0, 0)": [0.7483642308663196, 0.7648688896047289, 0.7700179224846183, 0.7576121089081298, 0.8130285409963937], "(-1, -1, 0, 0)": [0.5550778868865336, 0.5611345493344552, 0.645715706267583, 0.7003618340351557, 0.637663792853323], "(-1, -2, 0, 0)": [0.05649741364735941, 0.11360775802531888, 0.13244148765701785, 0.14342463948228115, 0.3590641895821719], "(-1, 0, 0, 0)": [0.46271862398357066, 0.47394870235591474, 0.58786868400658, 0.4924335333941927, 0.48308353897900347], "(1, 1, 0, 0)": [0.6825017155538288, 0.7214642713383309, 0.717155917033141, 0.6695716746296889, 0.66190048874809], "(1, 2, 0, 0)": [0.2203180664003676, 0.10070985007963433, 0.12135346404282459, 0.05007137955745551, 0.05897631006229603], "(-1, 1, 0, 0)": [0.5164623431866118, 0.26617652372536704, 0.1911304124801409, 0.15282293805221317, 0.1831823069801525], "(-1, 2, 0, 0)": [0.024661634832717216, 0.010914187939287381, 0.003076561800577353, 0.010261673491970864, 0.011655069714297065], "(1, -1, 0, 0)": [0.5807166187139527, 0.6270259381842449, 0.5830361840301292, 0.6167876785645913, 0.7980973684908469], "(1, -2, 0, 0)": [0.013788865726284474, 0.011504625223764216, 0.010649666416257404, 0.008375590735821765, 0.003145708673893262], "(-2, 2, 0, 0)": [0.026340630429459885, 0.00594358235867786, 0.0046506425393704545, 0.002389706835466454, 0.0056873808816912536], "(-2, 1, 0, 0)": [0.285363253950253, 0.14742943512827117, 0.151505373241141, 0.1114584788005498, 0.1775024882027066], "(-2, -2, 0, 0)": [-0.0043562397360801695, 0.010255834493387106, 0.03629382517427894, 0.0, 0.0059502656754170866], "(2, -1, 0, 0)": [0.3331493694033807, 0.2960855113194695, 0.3488684596065982, 0.33314665386343534, 0.3386525502676577], "(2, -2, 0, 0)": [0.0028128070570767353, 0.013423532095344092, 0.007701747138996095, 0.011606360863587921, 0.05029519747744666], "(-2, 0, 0, 0)": [0.24341576265476242, 0.247580579293906, 0.23088157394506872, 0.2925276015642941, 0.2459332728197986], "(-3, 1, 0, 0)": [0.03408376920502035, 0.09760325043743119, 0.06644974319702603, 0.061491625110810605, 0.07407171165330181], "(-3, 2, 0, 0)": [0.0049295933202676955, 0.014063954981730213, 5.467818975057968e-05, -0.0006986398300803387, 0.0033870122234695207], "(2, 1, 0, 0)": [0.7816589752342307, 0.7254743907649169, 0.7187869892650655, 0.7364576405728062, 0.756046949255742], "(2, 0, 0, 0)": [0.681318466625517, 0.6386272768100814, 0.6962648203574812, 0.6774273258031067, 0.777175490479304], "(-3, 0, 0, 0)": [0.06581225453235497, 0.05954925177781596, 0.1512851108625475, 0.0483456909819067, 0.0645135384844811], "(-2, -1, 0, 0)": [0.11049457055517534, 0.0966700743129482, 0.09532532584371436, 0.0689239451788611, 0.07459774752719286], "(-3, -1, 0, 0)": [0.09168581227462347, 0.0, 0.0, 0.010703358506400314, 0.014145150379240341], "(-3, -2, 0, 0)": [0.009135829837904192, 0.0, 0.005564506555544577, 0.0, 0.004610109451953786], "(3, -2, 0, 0)": [-0.0006215408009760254, 0.008128973400096336, 0.0075201871864764465, 0.0003114967501987821, 0.02387734075176666], "(3, -1, 0, 0)": [0.1393452491261692, 0.11239660849610827, 0.14457729961998653, 0.1569798977686343, 0.147226721467821], "(3, 0, 0, 0)": [0.4884353891275844, 0.48515516816921106, 0.4970230336199275, 0.5192788935610425, 0.6587283536576605], "(2, 2, 0, 0)": [0.24000326710557746, 0.2396936219421113, 0.2267922738769982, 0.22986667248959164, 0.19342659068112397], "(3, 1, 0, 0)": [0.6591330443561703, 0.7107179058679337, 0.6631768887047648, 0.661954211813011, 0.6369854402502743], "(3, 2, 0, 0)": [0.4190947460859707, 0.0, 0.0, 0.21123174718979948, 0.0], "(4, 1, 0, 0)": [0.3893882393764253, 0.0, 0.050549604666024185, 0.0, 0.0], "(4, 0, 0, 0)": [0.245821695416576, 0.179914766624476, 0.25193704054002564, 0.13546718029640195, 0.106891495147694], "(4, -1, 0, 0)": [0.0468149241399207, 0.0819242021572307, 0.03592454055508462, 0.045232217637010776, 0.024280154856356383], "(4, -2, 0, 0)": [-0.002870345422195589, -0.004813889118167562, -0.006549037318262696, -0.004272459301272174, -0.0065489437811392754], "(4, 2, 0, 0)": [0.10535321129351348, 0.0, 0.0, 0.0, 0.0]}}