{"q_values": {"(0, 0, 0, 0)": [0.8662049832745866, 0.866545067257159, 0.8715262964269752, 0.868972939714011, 0.8512290795560521, 0.9110845910482561, 0.8157020855008051, 0.8768913987454657, 0.8604559428347318, 0.8419781539405754, 0.8695238759410829], "(0, 1, 0, 0)": [0.8290481282156538, 0.812477069070492, 0.7810380422518916, 0.8100214930436503, 0.8218041630580347, 0.8168122231432104, 0.8081757465665034, 0.8120842940900534, 0.8212196942703717, 0.8267746139399884, 0.8345742112531058], "(0, 2, 0, 0)": [0.7942196176879366, 0.5629785607773553, 0.6121938040065212, 0.5057165806825665, 0.5731940933289169, 0.48588332179608373, 0.6487636069175285, 0.520479769115095, 0.5666872858855343, 0.5713827435308787, 0.5662370247888634], "(0, 3, 0, 0)": [0.17675645683212893, 0.16250478609645105, 0.16047301978889142, 0.1719443729949487, 0.1748334773810346, 0.167376422916943, 0.1785892225559564, 0.17902755091848876, 0.16046900203086917, 0.15968905974503386, 0.17830410104403713], "(0, 4, 0, 0)": [0.009094900771014065, 0.01858754725408755, 0.008792211193431015, 0.009171384925257858, 0.008534485235069427, 0.004172520005777445, 0.008754050341917383, 0.014325517719350644, 0.006579493232148951, 0.008186872135086416, 0.0026111613747211992], "(0, -2, 0, 0)": [0.6302200808690769, 0.6430253832216679, 0.6185500866887548, 0.5363733831809193, 0.6396843411765526, 0.5976801469251142, 0.551855891756188, 0.6110256423849361, 0.5875638137817641, 0.6874829073143514, 0.6430499435249569], "(0, -3, 0, 0)": [0.1753778220507367, 0.13145356317152654, 0.13311813348159413, 0.140292896642378, 0.13659289274907388, 0.12897897095805277, 0.13087422185789563, 0.15058510944622305, 0.1447679232477982, 0.14076572172759555, 0.21030313225276018], "(0, -4, 0, 0)": [0.00347068651967348, 0.004159944755066439, 0.0021436844810533056, 0.004915181414544796, 0.0010754614765025525, 0.005151063272596664, 0.0055166517071016455, -0.0008277099376436583, 0.002986468237540292, 0.0006768941490027719, 0.05604220435427873], "(0, -1, 0, 0)": [0.8086590942966927, 0.7871637055963203, 0.8110891379724221, 0.8116014704548609, 0.8044901433324355, 0.8019981053019335, 0.8082381295192088, 0.7916451050434342, 0.809914258062523, 0.8040376782613339, 0.8833946852141834], "(1, 3, 0, 0)": [0.012878097816668155, 0.01968086473420004, 0.05974272105684249, 0.044661350248389804, 0.12912428308384138, 0.02047599733865151, 0.01811125321420266, 0.032745762454488764, 0.00589850418718186, 0.050782195734985096, 0.005701853827496536], "(1, 4, 0, 0)": [0.07436298142057952, 0.010352480581486606, 0.007357209823113281, 0.009152110167025617, 0.026083366647013217, 0.00786329622472258, 0.0034888241219203746, 0.0028637975909819244, 0.009214961411794481, 0.010833846228788907, -0.007845253944396974], "(-1, -1, 0, 0)": [0.7625325700948775, 0.6729387098261304, 0.7585317324191678, 0.7123883722309658, 0.8327762090685266, 0.6931226493379702, 0.7075383775816806, 0.8242603205252393, 0.7546106870498169, 0.7000844227126759, 0.886065137196648], "(-1, -2, 0, 0)": [0.03340511547864934, 0.0629633940788595, 0.028975514552306892, 0.11428293575279894, 0.030301838623091028, 0.020630802171467275, 0.09794988523663531, 0.00905141372429726, 0.041506709755970345, 0.044481827465482335, 0.03787454526679897], "(-1, 3, 0, 0)": [0.11897885137541678, 0.06186302098087181, 0.06379867821636796, 0.048236350979535284, 0.06601259854814844, 0.07636144527877715, 0.06764112836539321, 0.06251895255299715, 0.08054049430687728, 0.0645334618838325, 0.0725573400626528], "(-1, 4, 0, 0)": [-0.0007580742304984867, -0.0013267794732543213, 0.016364988679800803, -0.0010218067326184712, -0.006152025434248557, -0.0018529536290579568, 0.0027316178870593066, -0.0020266240075394607, -0.0015818504023685596, -0.0011886331762365884, -0.003426154453711445], "(-1, -3, 0, 0)": [0.026954307860235845, 0.012002300057076335, 0.03423186383219864, 0.034230962827927605, 0.03809683826597149, 0.018692513200870228, 0.028160232679865414, 0.023876173478067107, 0.020380158206776695, 0.01779305813678994, 0.011914682833310278], "(-1, -4, 0, 0)": [-0.004787004228087188, -0.004556300226418279, -0.004589522629334835, -0.004249997554700846, -0.004084852399136617, -0.004441698424906299, -0.00400439461660176, -0.0031866954083927517, -0.003996711549763608, -0.004439847604425455, -0.003819793085310298], "(1, 0, 0, 0)": [0.7260662084927682, 0.7241707462364134, 0.7214972911753136, 0.722692842350694, 0.6990452535581189, 0.7228642812284668, 0.7099403314753495, 0.7391220381975654, 0.6861101221471989, 0.7003513234939106, 0.8608953677528337], "(1, -1, 0, 0)": [0.5578165511211369, 0.5680951019438449, 0.5585474324004979, 0.5662592105056926, 0.5236694020039598, 0.5304591579147276, 0.5554320524225534, 0.5516780659125746, 0.5644400417129294, 0.5681703383269443, 0.5774725652501357], "(1, -2, 0, 0)": [0.26296434061754226, 0.27521596764705175, 0.27506508307562916, 0.2686558869545246, 0.2167917448952438, 0.2606851963236152, 0.2670471742876131, 0.20753957628207567, 0.26600034091094293, 0.24961269906906186, 0.27600897923958156], "(1, -3, 0, 0)": [0.06405275447730636, 0.055180743414600816, 0.05494426548106763, 0.051214602391632606, 0.05465919808418792, 0.055967341790664794, 0.05490973105177181, 0.056099487831734435, 0.053664506073562934, 0.05570280653226586, 0.12040089563989567], "(1, -4, 0, 0)": [-0.003670612485608322, -0.003781948721311056, -0.0028628616975113915, -0.004251530712978428, -0.0029887592521990174, -0.003334762577854749, -0.003796291593877798, -0.005183411447202097, -0.0032378124612389247, -0.0031751556953124585, 0.020164543478946625], "(-1, 1, 0, 0)": [0.46757561670759784, 0.486170544176332, 0.4761392869776985, 0.4360597208756123, 0.47382939723107326, 0.49336634814233127, 0.47843118756442904, 0.4744942252840226, 0.48365039153794276, 0.46997680273682013, 0.4498598158410049], "(-1, 2, 0, 0)": [0.3665599119932207, 0.2976927963590035, 0.2328803083600924, 0.2340239140164509, 0.23465991170249131, 0.2583010614285766, 0.28034659787883787, 0.23492171391863087, 0.2604423833919767, 0.2257503302943833, 0.2894713273267454], "(1, 1, 0, 0)": [0.7941131004534795, 0.6720792588847814, 0.7558562806293077, 0.7180119884934494, 0.7340588298827039, 0.7003281928676439, 0.738046876110194, 0.6526013367827551, 0.6721895275013703, 0.7015555952982743, 0.7526990028143543], "(1, 2, 0, 0)": [0.023761659768261743, 0.06455101140516428, 0.13293484894549726, 0.017906970177153012, 0.03670585625837126, 0.06880077698859596, 0.18002969062720156, 0.03228248487292386, 0.03287111485459479, 0.042701275146575526, 0.0874732974766447], "(-1, 0, 0, 0)": [0.7917883947986065, 0.8852247681336081, 0.7827000203104608, 0.7611614293405051, 0.829316706388505, 0.7848474705566427, 0.7688842766957226, 0.7950144285736507, 0.7983007372716652, 0.7807998988849395, 0.7864531556249174], "(-2, 1, 0, 0)": [0.03976877409061403, 0.031310196389375745, 0.05656334981432928, 0.03616660122399745, 0.06939430997898353, 0.05939385639022385, 0.056413488985225815, 0.05313966545712889, 0.12415740051789814, 0.07875099803476263, 0.009824620025421088], "(-2, 2, 0, 0)": [0.0, 0.028263095177649383, 0.037813300719549775, 0.058787965658700064, 0.04787689754181322, 0.05553128956330531, 0.04322022689431144, 0.028232331510790916, 0.08304386797915528, 0.033934219730457064, 0.046093876765066724], "(-2, 4, 0, 0)": [0.0015300174797494362, -0.008835395957696997, -0.009634778415538739, -0.006018336842907314, -0.005818228689832701, -0.004508044847456259, -0.006109179759377543, -0.005704891593813897, -0.006487848247066967, -0.00905616755387965, -0.005993199001754956], "(2, -1, 0, 0)": [0.28924124729169387, 0.4733972057187471, 0.27718827068870744, 0.29181500563722707, 0.27793069661363107, 0.26092410167094193, 0.2911803225585964, 0.2991313747798547, 0.28465899507662557, 0.2841480927785005, 0.2964259944412245], "(2, -2, 0, 0)": [0.053102967580710043, 0.07089481748757145, 0.05866072414564997, 0.06831403472153556, 0.0, 0.050052172440108976, 0.03587091283890916, 0.11264768114474179, 0.02815385880850118, 0.04743447524596807, 0.05953946553788808],