{"q_values": {"(0, 0, 0, 0)": [0.8335222912149873, 0.8306663183359606, 0.8378696490133837, 0.8422694891708127, 0.8576997557663317, 0.8438103960332747, 0.8517691261986039, 0.8396414364067462, 0.8203776205967042, 0.8399585727605164, 0.8584597107774806, 0.8456792749660414, 0.8349379510180128, 0.8712402410578877, 0.8333264228088566], "(0, 1, 0, 0)": [0.808245138787841, 0.7622861089032169, 0.7584906182820903, 0.8179493571923085, 0.774386681947977, 0.7899390954833803, 0.7648023869929061, 0.7908025954268345, 0.7742278074264477, 0.7678324686433924, 0.7624494620224684, 0.8400085373527163, 0.7844830722072321, 0.7892869841378579, 0.7894696371270555], "(0, 2, 0, 0)": [0.5624373100596708, 0.7752181658559663, 0.6054476563069805, 0.6392960225964651, 0.543900185976945, 0.586013466459261, 0.6092647316363249, 0.44014716352257793, 0.6061398485269834, 0.6171635431626726, 0.5665971195789021, 0.5155803657097212, 0.5753220709817346, 0.6406715412470605, 0.6585682987225882], "(0, 3, 0, 0)": [0.5101263620968346, 0.170395684500258, 0.17087303473444293, 0.16435541673791607, 0.17297815474903752, 0.15384294510868907, 0.16415445162899764, 0.15203641717729638, 0.16717840367143208, 0.16638789516541977, 0.16747910701484559, 0.16369432241513548, 0.16964492695792524, 0.1686170878850291, 0.16701300382162712], "(0, 4, 0, 0)": [0.017227584871998367, 0.014569597144049632, 0.014088329338349114, 0.016357213277751564, 0.010434547317901102, 0.0004708344205949129, 0.017276853682782964, 0.0118104838931257, 0.017414279566801277, 0.018646852371768368, 0.01268779087289324, 0.01697737923050977, 0.016086212034688165, 0.017964493409060443, 0.015219680919382082], "(0, -2, 0, 0)": [0.7621360676562343, 0.7700030516987919, 0.7594254168787958, 0.7918404060614075, 0.7818172640927474, 0.757186357426418, 0.7236143484750177, 0.7683093144871963, 0.7092746173629848, 0.7646142780472706, 0.7890080248820832, 0.8803042176095177, 0.7380847531811042, 0.7775702313794014, 0.7762220664679352], "(0, -3, 0, 0)": [0.27691775280065994, 0.3875523246058257, 0.3170922573518517, 0.46840743168977317, 0.3365622637314036, 0.45018799144068566, 0.42038024056296697, 0.31259348856043967, 0.3986514766273475, 0.32176871624853365, 0.3175607176905655, 0.3782745005932676, 0.30971749803320453, 0.3842175072796509, 0.7699795161674744], "(0, -4, 0, 0)": [0.06572846702499117, 0.0636541004233633, 0.06628692490100006, 0.028575807743025303, 0.06297636016587677, 0.06527066754236856, 0.06859011979576476, 0.04833551514393996, 0.07037445418572182, 0.06453341601089316, 0.03095023852244804, 0.07192966784523713, 0.06892548945443149, 0.17456835234083498, 0.07135668550450008], "(0, -1, 0, 0)": [0.8515045526563275, 0.8597383330264756, 0.8723292289093825, 0.8612832898193982, 0.8536131256342837, 0.8805806929577635, 0.8566941959257173, 0.8547665585732983, 0.8789707172730611, 0.8645211061484296, 0.8331477570474828, 0.8096834806213992, 0.847139973056263, 0.8860328789352799, 0.8541031249563642], "(-1, -4, 0, 0)": [0.001474712592481428, 0.09663427713851373, 0.09686696227592466, 0.09348673488065734, 0.09105604380338228, 0.11301560864128832, 0.051137926531063395, 0.003376865189801866, 0.10181137241674176, 0.08509222749964768, 0.04582815671721767, 0.11025225523997699, 0.0941182758660801, 0.15057956834918487, 0.04098710329191982], "(1, -1, 0, 0)": [0.7891544607527794, 0.6954462274935834, 0.7412688842592456, 0.7800660323322147, 0.7781382283748794, 0.801496278274086, 0.7462008407589136, 0.8039578194037784, 0.7759000858124345, 0.7993006622673062, 0.730314312704015, 0.7021505688964879, 0.7378209311911049, 0.7783915581828281, 0.9087839467182026], "(1, -2, 0, 0)": [0.5392261595759527, 0.5150365050283336, 0.5303801683585444, 0.525069881087824, 0.47277556776546475, 0.5143109574930735, 0.5927278010620642, 0.5340539490738203, 0.49907150002865197, 0.526643173213227, 0.5085006729354846, 0.4976316824118182, 0.4936458989144698, 0.7066672838316176, 0.5075534136699801], "(1, -3, 0, 0)": [0.13665996593833357, 0.15596713072877816, 0.14315455595371657, 0.11769059579922549, 0.12056961186437126, 0.07826828515614638, 0.09875544611167417, 0.08202429348162239, 0.06322429929651505, 0.09327446569571478, 0.09276047351340841, 0.1418901005408416, 0.09179154238638174, 0.3569702807874693, 0.12910139409350155], "(-1, 0, 0, 0)": [0.5587420414450146, 0.530678296779307, 0.6247254614685648, 0.631453651882948, 0.5742555381891131, 0.6067485910503454, 0.5964050865874061, 0.6178165889131383, 0.5586662165589316, 0.5720960518738057, 0.6121309767901383, 0.5424380294335402, 0.5504071637716396, 0.586311218933761, 0.5881780113343504], "(-1, -1, 0, 0)": [0.6321423044560956, 0.6195574988624696, 0.6147077676944402, 0.6784124719370699, 0.6134727000080421, 0.662058446771494, 0.6515962439022585, 0.644409888375672, 0.5979307504062534, 0.6538675028072415, 0.6556292458304441, 0.6740584040079145, 0.576844266292544, 0.7438889862649489, 0.6251156284476906], "(-1, -2, 0, 0)": [0.26737640691555875, 0.06641344377742273, 0.12368894290788249, 0.07318921425373766, 0.18121489074950736, 0.03527640320521916, 0.2080223858083536, 0.12222600241180638, 0.065446674632958, 0.6531833528827814, 0.09340972985500844, 0.06575354957222607, 0.07089894791827353, 0.19075637519898736, 0.11022269352128378], "(-1, -3, 0, 0)": [0.24067188219797656, 0.22322081152308176, 0.03877163031095392, 0.24875359281980464, 0.2535449472545805, 0.021159276199206906, 0.2639602084493631, 0.26158347258902914, 0.23782496637908052, 0.36365378812374766, 0.2412418026264706, 0.2533920654344772, 0.1853392432488858, 0.24510193488948795, 0.19206362687236256], "(-1, 1, 0, 0)": [0.4307574269592426, 0.5931596592118529, 0.4393774009968297, 0.504610530084161, 0.42008072195546664, 0.44014991748582805, 0.4576686342233549, 0.47013667167945594, 0.44473197778339, 0.45641202233222344, 0.4429451051273199, 0.4170133280371593, 0.3966741498866189, 0.4369691065440223, 0.4246759903847803], "(-1, 3, 0, 0)": [0.09311628670750575, 0.0958754218209794, 0.10174231559487276, 0.10696116424274674, 0.10054579848994413, 0.10530439198576884, 0.09517262367934351, 0.1019012391827517, 0.09374343675889567, 0.101341637078989, 0.09247598846729022, 0.0953313112111702, 0.10513815329159301, 0.10090396766495899, 0.09621249435736438], "(-1, 4, 0, 0)": [0.00016472801939925417, 0.0002969160424981217, -0.003644979667489027, -4.9609138080213e-05, -0.0021407917516083493, 0.0007764841869548822, -0.0022302461778985518, -0.0018285552135866873, -0.0010508026183061927, 1.5242228920852273e-05, -0.0001647537893061492, -0.000853143360247075, -0.0026015971063527597, -0.0022424817639799576, -0.0035779914011388756], "(-1, 2, 0, 0)": [0.2913054272667773, 0.44641861113932, 0.2752721965151261, 0.2771667607040305, 0.30606461547750474, 0.28216748847318335, 0.309441764925021, 0.2672390234758787, 0.26621742751040206, 0.32077874485489144, 0.27598751358722656, 0.3131477336722813, 0.29625403510383214, 0.28632104305822276, 0.3010370132284751], "(1, 0, 0, 0)": [0.9030389042338434, 0.9008787225248452, 0.8573940563162412, 0.85243648734924, 0.8539666080649643, 0.8832623116392695, 0.8629454630771367, 0.8718589666473002, 0.8691802361869713, 0.8621310820581981, 0.9439243909136108, 0.8567783782605078, 0.8870366813656086, 0.8514984948642026, 0.7872896277527086], "(1, -4, 0, 0)": [-0.0052294194999910875, 0.0023399674046240583, 0.0007316539942651681, 0.01684420018125659, 0.009851948735745766, 0.001110343002113102, 0.000994279341229024, 4.3238907917831325e-05, 0.0005456692984859238, -0.005394528792625496, -0.0052090699473481585, 0.0013569558057746215, 0.015454557251970907, 0.0006736784231891292, 0.06649730235687307], "(1, 2, 0, 0)": [0.7183178141799629, 0.6575502411543565, 0.8898965021945182, 0.7241806734500881, 0.6576252819014714, 0.6697393205879528, 0.6957924021984986, 0.6637138017672125, 0.7264118943386308, 0.7557153591504454, 0.7450299519641216, 0.7043631662452347, 0.6956044247189354, 0.7139549903270671, 0.6952382609862972],