{"q_values": {"(0, 0, 0, 0)": [0.752183371928138, 0.7828345206509667, 0.7796792563217646, 0.79585399737222, 0.8145525755125743, 0.7948658650797181, 0.757731352863081, 0.774005136280672, 0.776181741778244, 0.7953707654042422, 0.7861429260462202, 0.792264455600253, 0.7846946873592822, 0.7735512981721621, 0.7887459251414985], "(0, 1, 0, 0)": [0.6824414490628052, 0.6719543069419897, 0.8237142636854343, 0.7135311449844073, 0.7302617967499514, 0.7098949419589325, 0.6623924639803896, 0.6800507227233774, 0.6865067566927927, 0.6951932958403136, 0.7125682248300602, 0.701335345009678, 0.7075786131551897, 0.6712544465440299, 0.6930713564124247], "(0, 2, 0, 0)": [0.4219902704901566, 0.8105811183672393, 0.43811682759639636, 0.4410025226990554, 0.4132276917647773, 0.41197632580864996, 0.5357119698909862, 0.44014716352257793, 0.41619357920449807, 0.43008651621919625, 0.46538238839449686, 0.4134985063123653, 0.48818674128567563, 0.47712178292609003, 0.41093118370508747], "(0, 3, 0, 0)": [0.26929556828465795, 0.170395684500258, 0.17087303473444293, 0.16435541673791607, 0.16592597070798226, 0.15384294510868907, 0.16415445162899764, 0.15203641717729638, 0.16717840367143208, 0.16638789516541977, 0.16747910701484559, 0.16369432241513548, 0.16964492695792524, 0.1686170878850291, 0.16701300382162712], "(0, 4, 0, 0)": [0.027702009137099155, 0.01875918590370998, 0.019798603010899835, 0.016357213277751564, 0.010434547317901102, 0.0004708344205949129, 0.017276853682782964, 0.0118104838931257, 0.017414279566801277, 0.018646852371768368, 0.01268779087289324, 0.01871505794101322, 0.016086212034688165, 0.017964493409060443, 0.015219680919382082], "(0, -2, 0, 0)": [0.6636490177331887, 0.661970711745158, 0.6619783063621347, 0.6758535452460654, 0.6446665527670135, 0.6642059505271858, 0.6483162603242781, 0.6630701570329383, 0.6559672916036061, 0.6660255658826976, 0.6688980036401365, 0.6368951537669116, 0.6676701644646815, 0.6524971053961617, 0.660579352388044], "(0, -3, 0, 0)": [0.27691775280065994, 0.3528095892144179, 0.3170922573518517, 0.37024299577083153, 0.2859285620763219, 0.3154230686809306, 0.308543844866565, 0.31259348856043967, 0.32585036877186574, 0.32176871624853365, 0.3175607176905655, 0.3782745005932676, 0.30971749803320453, 0.35423287335057885, 0.5547709438633448], "(0, -4, 0, 0)": [0.06572846702499117, 0.02125930239524252, 0.05991628374211534, 0.028575807743025303, 0.06712142039524265, 0.16776255804532628, 0.10868266379152074, 0.04833551514393996, 0.04769484415855898, 0.07326614688801511, 0.03095023852244804, 0.057738108073097455, 0.06892548945443149, 0.26243611694023455, 0.07135668550450008], "(0, -1, 0, 0)": [0.7723495015150913, 0.76701158303664, 0.7608126894309895, 0.7507581752415489, 0.7315879159234748, 0.7516941680581234, 0.7705961384842468, 0.7664468644560335, 0.7751191130194642, 0.7797104070262475, 0.7800216032194967, 0.7715273154226746, 0.809645391886772, 0.7702514677262029, 0.7796642362157417], "(-1, -4, 0, 0)": [0.001474712592481428, 0.010714927000857119, 0.054962091589428205, 0.01823791054487057, 0.055389497972394695, 0.011331487440043034, 0.051137926531063395, 0.003376865189801866, 0.08319226477255875, 0.0030818642831705627, 0.04582815671721767, 0.05179640505170794, -0.002694606156489405, 0.38010766399093315, 0.0031486996667134236], "(1, -1, 0, 0)": [0.6564029916140915, 0.6651992154908974, 0.6629564889686059, 0.6294926945563785, 0.6538519293010812, 0.6575798437678713, 0.6628289082457253, 0.6387673753619472, 0.6606996533495034, 0.6352040681771586, 0.6466163409828, 0.6567667992697737, 0.6623653015454267, 0.6526167299328911, 0.6326081120506668], "(1, -2, 0, 0)": [0.5243930679968181, 0.5150365050283336, 0.4950593182495279, 0.49132929538322245, 0.5091609252792508, 0.5244130428675533, 0.4968094334244824, 0.4854805280943481, 0.5087837094720743, 0.5043474365653914, 0.5085006729354846, 0.5048163040862692, 0.4936458989144698, 0.5181732790582146, 0.5616569167747903], "(1, -3, 0, 0)": [0.09472262734404888, 0.08943701455659488, 0.14315455595371657, 0.0920359551294683, 0.09008385005500276, 0.07826828515614638, 0.09875544611167417, 0.08202429348162239, 0.06322429929651505, 0.09327446569571478, 0.09276047351340841, 0.1418901005408416, 0.09179154238638174, 0.4328654098818682, 0.07377853036346692], "(-1, 0, 0, 0)": [0.40623213644122125, 0.3507369785550935, 0.41350382154955345, 0.40943692808547866, 0.31367390952099833, 0.39530842102057906, 0.25423383955263135, 0.28153338058847366, 0.4427118995005553, 0.36757184680789706, 0.4254873755747754, 0.3704555147537835, 0.40171054615242363, 0.40673746747674777, 0.5299863076583756], "(-1, -1, 0, 0)": [0.10047562719775102, 0.15101620131928054, 0.16427684349145416, 0.17401337734887734, 0.14895116896657823, 0.18905702284300382, 0.4958890085587379, 0.17972874337966613, 0.14232522238257067, 0.19794043967907643, 0.166752270378055, 0.1559258534361053, 0.0917022607686365, 0.1151583540936229, 0.22083037547196063], "(-1, -2, 0, 0)": [0.4228169656121336, 0.06641344377742273, 0.07354937340091879, 0.07318921425373766, 0.06627385375391918, 0.03527640320521916, 0.11288208129632306, 0.04738506509330245, 0.065446674632958, 0.16071160386483602, 0.09340972985500844, 0.06575354957222607, 0.07089894791827353, 0.09762776882605713, 0.11022269352128378], "(-1, -3, 0, 0)": [0.15830555683850184, 0.0137071292753479, 0.03877163031095392, 0.041111772986210014, 0.1065234579442646, 0.021159276199206906, 0.029502977869914793, 0.07137527096061341, 0.019157584096389024, 0.062048777436096283, 0.44701199863325775, 0.15186317961643986, 0.037105250995361896, 0.01820654812031218, 0.03180567885451614], "(-1, 1, 0, 0)": [0.3919438648998949, 0.38873432821074233, 0.35810655704274036, 0.3772266817833859, 0.366422031970127, 0.4162034462067893, 0.3626116862770849, 0.3934232478502197, 0.38926887015721834, 0.3882362142230146, 0.37051886989553173, 0.3934899955289361, 0.3946211894559795, 0.3888649320627156, 0.3939110207910037], "(-1, 3, 0, 0)": [0.13139692829009225, 0.12420128047261758, 0.10174231559487276, 0.10696116424274674, 0.12198562408033341, 0.12392380790632869, 0.13316725284060307, 0.1367854539262474, 0.09374343675889567, 0.10352168052705006, 0.10022405462581929, 0.11131591402114208, 0.10513815329159301, 0.10200237163321443, 0.11122198176681375], "(-1, 4, 0, 0)": [0.003955631012034551, 0.002485379161221801, 0.0032542246284499006, 0.003596662237248041, 0.004615467014023766, 0.004206285476159443, 0.003399476409198513, 0.0031578426594831063, 0.005959461450676421, 0.005315008102954693, 0.0019243320777982712, 0.0034240858753992777, 0.002205971136819183, 0.0036567289632015903, 0.004683418817262574], "(-1, 2, 0, 0)": [0.2806650746548813, 0.3414483749513453, 0.2791139489425031, 0.26238418680800135, 0.23382568162156242, 0.2748007234989856, 0.26836969523150156, 0.25917486359333713, 0.27757812753152766, 0.27384521144501156, 0.2950100027667489, 0.27347393237407447, 0.2778112824408812, 0.2872299235210366, 0.28209213706654707], "(1, 0, 0, 0)": [0.6745738987539759, 0.695245059893305, 0.6878704204963034, 0.6808156857484972, 0.6920424960884559, 0.7040668824592634, 0.6924787349558802, 0.6945368975733704, 0.6961100731155679, 0.6919127749785626, 0.6846291374219455, 0.694219184171906, 0.6880739796633469, 0.6934867172214567, 0.6917214223822215], "(1, -4, 0, 0)": [-0.0052294194999910875, 0.0023399674046240583, 0.0007316539942651681, 0.01684420018125659, -0.0004622124197772486, 0.001110343002113102, 0.000994279341229024, 4.3238907917831325e-05, 0.0005456692984859238, -0.005394528792625496, -0.0010622738238996775, 0.0013569558057746215, 0.015454557251970907, 0.0006736784231891292, 0.11159237994189403], "(1, 2, 0, 0)": [0.7776697522641751, 0.7681673853417713, 0.7544279785569394, 0.7241806734500881, 0.7671882023211503, 0.7212359548163357, 0.6781655283300433, 0.7670249179826055, 0.7387529924619206, 0.7322649400418985, 0.6855847931317062, 0.6765621330639464, 0.6331962456285218, 0.6659866360106548, 0.7370908291684792],