{"q_values": {"(0, 0, 0, 0)": [0.9633214883494001, 0.9467447936184988, 0.9383429206590015, 0.9354835867083298, 0.9398921984409038, 0.9442951101561173, 0.940827217040661, 0.9465594736470095, 0.9461206979881489, 0.939897457533731, 0.9350912267347534], "(0, 1, 0, 0)": [0.8896915051943607, 0.9683840978179071, 0.8574094696119975, 0.8333414084896739, 0.8666904220004455, 0.8301069385202497, 0.8438974914282915, 0.8679493235619624, 0.8705850453616268, 0.8281360784594073, 0.8543317199505829], "(0, 2, 0, 0)": [0.8887414793007479, 0.48712564388098634, 0.5348537730702942, 0.5195429398913154, 0.5013389676591842, 0.5795356929590597, 0.5302547937725378, 0.4753542570502183, 0.5136850127497135, 0.5376115316765527, 0.4853727590137892], "(0, 3, 0, 0)": [0.1358636439842051, 0.1213272568259547, 0.13151056994904128, 0.12818480471718613, 0.12897021115657475, 0.12558930247318512, 0.13584230599473684, 0.11231951354296212, 0.1279054288007494, 0.1275150327697079, 0.12724524434437257], "(0, 4, 0, 0)": [0.006412195923758266, 0.007073236527624925, 0.003328390542325573, 0.005728064226583479, 0.004519816477419806, 0.004172520005777445, 0.00580284274531108, 0.006056551080217792, 0.006579493232148951, 0.005741765705455222, 0.0026111613747211992], "(0, -2, 0, 0)": [0.40237605820097905, 0.4023580400864647, 0.4552929083754762, 0.4949989295614399, 0.48119078827893114, 0.4354796467006369, 0.47998300710398945, 0.4114166166973916, 0.40490624406599096, 0.49558563098132635, 0.9366418423503712], "(0, -3, 0, 0)": [0.08308006742387714, 0.08272446731070819, 0.07829986001185885, 0.0826772850284048, 0.08050045251303725, 0.08279900016240722, 0.10414246324107229, 0.07546594114418287, 0.08279013551808158, 0.09560659063650499, 0.09364365625473497], "(0, -4, 0, 0)": [0.0019915981168547614, 0.0026535331852019783, -0.002887926936923955, -0.0008436227126060397, 0.0011137572375517612, 0.0025982458829539395, -0.002701832260331818, -0.0008277099376436583, -0.0011947614966842648, 0.011924545333653188, -0.0015489743815524887], "(0, -1, 0, 0)": [0.9047782986855668, 0.9027792831442308, 0.9189668082551437, 0.9342097661978896, 0.934842307746621, 0.9100510938164844, 0.9234311614313326, 0.9361683136571255, 0.8794272717480718, 0.9122067432806461, 0.9630532140787609], "(1, 3, 0, 0)": [0.012878097816668155, 0.04783755518088769, 0.08671630264160926, 0.044661350248389804, 0.07959748836680121, 0.05018826781980651, 0.01811125321420266, 0.07085409425661524, 0.00589850418718186, 0.06721084266005709, 0.02571300838719537], "(1, 4, 0, 0)": [0.006776016422367954, 0.007904092504564173, 0.0067965180922826786, 0.00794822175872802, 0.007904628075817885, 0.008264543974535264, 0.007649792788744421, 0.007354025247586033, 0.007220087498460962, 0.008197869387535733, 0.007317585036725862], "(-1, -1, 0, 0)": [0.8960532860334518, 0.9170142231316609, 0.9184628219702556, 0.9184985885300804, 0.9177475651850078, 0.9083362096686924, 0.9353909205697285, 0.7477598840706801, 0.8944732513158304, 0.8882442085809333, 0.7749916583783368], "(-1, -2, 0, 0)": [0.33532237819182836, 0.3061144605831394, 0.3353228405797844, 0.3674086671379631, 0.21193097680347275, 0.3777262795782114, 0.37324380123305645, 0.36657172007524264, 0.1900794641539881, 0.044481827465482335, 0.89988604728298], "(-1, 3, 0, 0)": [0.055979615450257564, 0.054270191706051366, 0.05357812818799672, 0.05283458818313172, 0.054618036273330055, 0.0540684115613968, 0.05111153391955299, 0.07800478887466844, 0.054185392017465944, 0.05328274922653163, 0.05580492887789736], "(-1, 4, 0, 0)": [-0.002321776406510874, -0.004398887659048577, -0.0025911870957976355, -0.0020708096155727753, -0.006152025434248557, -0.00502352483249792, -0.0023237323164280203, -0.0023350245445995206, -0.0029356794045751985, -0.003787798863197702, -0.002735441487587465], "(-1, -3, 0, 0)": [0.035402866240576966, 0.022982540979322758, 0.040316709553437316, 0.0479622001702582, 0.0327636307877412, 0.018692513200870228, 0.028160232679865414, 0.03932133899528098, 0.020380158206776695, 0.029041785925682066, 0.011914682833310278], "(-1, -4, 0, 0)": [-0.008240752703958878, -0.008652028067987816, -0.008489473746424331, -0.004762771642538936, -0.008998542838390525, -0.00851048788657735, -0.007902235845697232, -0.00837573158398504, -0.008665861910945614, -0.008503639428563924, -0.002927363047713875], "(1, 0, 0, 0)": [0.883769017024532, 0.8581942502995122, 0.9088448635781661, 0.9177314730269123, 0.8740162363944896, 0.8547056962860906, 0.8599073689050934, 0.8649573568848298, 0.8926362150800128, 0.7613983819551762, 0.9543948877715914], "(1, -1, 0, 0)": [0.6937674068224176, 0.6728414219952153, 0.6302421529100652, 0.6905297166159003, 0.5674003902966152, 0.6741882974805024, 0.6494045074657188, 0.5620589695354156, 0.6845077478544807, 0.6193078994155115, 0.9595870081385904], "(1, -2, 0, 0)": [0.20058071724226817, 0.16655321868819817, 0.19077130858364266, 0.20508306642598056, 0.18646088748718453, 0.19499013815363603, 0.2057417024524939, 0.1949724030248006, 0.2069191139491092, 0.18672375541162303, 0.28450241297809853], "(1, -3, 0, 0)": [0.06342230443143039, 0.06390881732195472, 0.06233683462127012, 0.061103596386640244, 0.06548254114452147, 0.055967341790664794, 0.06284361293338185, 0.0625235416435024, 0.07207738499769958, 0.06444167362789416, 0.06246140912682467], "(1, -4, 0, 0)": [-0.003670612485608322, -0.007398824407380075, -0.0028184814336786783, -0.0018921146361409041, -0.0029887592521990174, -0.003334762577854749, -0.0016828770879158171, -0.005183411447202097, -0.0011029372425852852, -0.0031751556953124585, -0.0016495601805422465], "(-1, 1, 0, 0)": [0.5754184057378727, 0.574579531000706, 0.5488905723448707, 0.550331860584454, 0.5766029914153622, 0.5525436671994786, 0.5524494255313516, 0.5503693004052577, 0.5777597682075237, 0.5684029966673786, 0.5230386879118682], "(-1, 2, 0, 0)": [0.20124255032505603, 0.22183745529214494, 0.184330154069244, 0.1839575990670609, 0.19000957051771977, 0.1947063908229301, 0.1983382901070012, 0.1981460376623878, 0.19972404538256747, 0.18259096924943785, 0.18522964960417285], "(1, 1, 0, 0)": [0.9230100991560923, 0.9789043944520567, 0.9350081835954429, 0.8897559193169625, 0.9097986555932036, 0.8915995126534948, 0.9039027615521354, 0.9054928214858114, 0.9250976670749289, 0.8867957824877097, 0.9161043692942289], "(1, 2, 0, 0)": [0.20671917385207794, 0.3229476909192883, 0.5809327104620101, 0.046598031460447074, 0.3764746011398707, 0.25003664803461456, 0.12876312487463332, 0.22344731311236993, 0.1951284130277563, 0.3071093540070146, 0.23961812326070062], "(-1, 0, 0, 0)": [0.8607574356729162, 0.9379105932581228, 0.8780611608969645, 0.8692646263236095, 0.9037253028545152, 0.8543538266124483, 0.9046973596902406, 0.8631408600166344, 0.8649197609905236, 0.9071006669227846, 0.8819402642626691], "(-2, 1, 0, 0)": [0.03976877409061403, 0.08762003742693267, 0.05656334981432928, 0.09263871912474693, 0.06939430997898353, 0.2697863775612792, 0.10154827593632162, 0.05313966545712889, 0.12722990064109985, 0.12160628946110233, 0.009824620025421088], "(-2, 2, 0, 0)": [0.0, 0.05172642723613754, 0.05336918184681549, 0.06615392206001958, 0.06827922509520801, 0.06616187802498899, 0.04322022689431144, 0.028232331510790916, 0.09512895073018182, 0.049566087006373424, 0.046093876765066724], "(-2, 4, 0, 0)": [-0.0012837694998912175, 0.0009814435694501895, -0.005574038488425242, -0.006018336842907314, -0.0029420078639241865, -0.004508044847456259, -0.002765252689993263, -0.005704891593813897, -0.006487848247066967, -0.00905616755387965, -0.009157593866988528], "(2, -1, 0, 0)": [0.23071671878011685, 0.2511262434914226, 0.3329599489319721, 0.33472195752982414, 0.29174015061536507, 0.28799069898468144, 0.28131889552695827, 0.25709989028922864, 0.27977752622564633, 0.32616592678610795, 0.4752340208776911], "(2, -2, 0, 0)": [0.07820704673587889, 0.07632598532491579, 0.08878272997879694, 0.07334359929239707, 0.0, 0.07625935363754796, 0.07566522241353979, 0.09449311248534928, 0.06331176537098868, 0.04743447524596807, 0.09240796008734643],