{"q_values": {"(0, 1, 0, 0)": [94.18774164292115, 92.29442109592219, 94.61397950080818, 94.33130974779098, 94.32260943047481, 94.16924850768773, 94.55691584535592, 94.52398146164823, 88.22336868056892, 94.22991280623756, 94.35157113532986], "(0, 2, 0, 0)": [93.54192949249973, 94.29056214248092, 92.33492977168675, 91.98313753211956, 93.18674168088175, 91.56340043176851, 93.26236014039355, 93.38224169542491, 90.6526639543381, 92.62597793753368, 92.03237831411018], "(0, 3, 0, 0)": [79.46260116656906, 73.45006860797616, 84.64304513051309, 84.08383508024606, 85.26813578091934, 85.56339658947947, 84.07754581067714, 81.43125164929057, 82.50360838257784, 85.02373652293672, 81.03146135284928], "(0, 4, 0, 0)": [69.12551681305222, 66.91941073438275, 73.20537355661905, 67.90125569828076, 69.3724857408334, 72.45266848172106, 69.13127439829607, 67.70840897569082, 66.0864324232642, 68.73976494607287, 66.82566328093736], "(0, 5, 0, 0)": [53.722926754182524, 47.49345951385078, 47.896142956149866, 38.902608987097715, 47.93606053296925, 42.708793182777484, 49.45015215366798, 48.79082368991249, 40.516567065630916, 38.6005878078089, 46.40129554603501], "(0, 6, 0, 0)": [20.593695281354496, 17.97459996784886, 19.126401628564146, 17.11954142145944, 20.049960124401107, 21.10101593831295, 20.34954250837401, 17.587070612456078, 21.97619679207419, 21.676940813341215, 18.09834878880458], "(0, 7, 0, 0)": [9.54984958241635, 10.033120462307494, 10.870608576032877, 8.004390605935598, 9.482250474507739, 9.707972528830435, 7.500293891643227, 9.611277979270401, 9.701009955947075, 7.258421867004421, 9.625280689418297], "(0, 8, 0, 0)": [1.4328583419573886, 0.7514490134735088, 1.2458487443859354, 1.4037201362734484, 1.3240309868430238, 1.1495383554584637, 1.090370065922058, 0.49389008779359855, 1.1907927533800184, 1.0323044907388894, -0.46132793745405004], "(0, -4, 0, 0)": [64.73964150691793, 65.32548299604456, 59.09368011752981, 62.5581051978323, 66.9435053936786, 65.25362188417309, 61.60618886006216, 70.18366839543093, 73.75831526980878, 64.6022863691218, 66.59572774340093], "(0, -5, 0, 0)": [29.83254258386837, 39.72322689333976, 41.255815956075146, 39.90128747766228, 40.24636113469752, 42.87599061718839, 30.484181035953583, 41.68944503087197, 39.912948393331355, 49.71984124204212, 45.052526354479966], "(0, -6, 0, 0)": [14.662483571461937, 15.095008640303128, 20.246213997196573, 18.658574436832787, 16.80033063650906, 21.485865203866663, 11.828263410215781, 15.906420707050248, 14.927039585132306, 16.804281276677127, 19.209932441973226], "(0, -7, 0, 0)": [4.417217349096157, 5.670974139404715, 4.8360353965864284, 5.888790123481823, 5.6019653757915835, 5.551073427866438, 3.741705504803007, 5.764583558533329, 6.478091659228768, 5.669966008384837, 5.14205638783662], "(0, -8, 0, 0)": [0.5158434481972107, 0.44950251196937285, -0.18059538262600006, 0.3462547405635941, 0.13969593428494098, -0.025195244388191873, -0.13017050236972882, -0.6983438518842394, 0.41360041476177634, -0.13575986308225718, 0.19981456925387397], "(0, 0, 0, 0)": [94.13528305564031, 94.3857904310299, 94.23434943696633, 94.13514901797792, 94.4780275632725, 94.36496381550917, 94.07731286580535, 94.29008723566383, 94.22079132892301, 94.42223781380065, 94.58632579299203], "(0, -1, 0, 0)": [91.86078443837467, 92.05632640916537, 93.1328281299508, 92.25432785358593, 92.80894749516337, 93.3891788952069, 93.17689419494339, 93.06830043467353, 93.26872912817711, 93.04948139587222, 92.67322291548268], "(0, -2, 0, 0)": [89.99723355405338, 90.03366269528044, 89.60002033021745, 90.52887418753815, 88.82447847227154, 91.08642559721969, 72.03001038621414, 90.85791960870493, 92.59059474709103, 88.74423144456868, 89.25363054872182], "(0, -3, 0, 0)": [83.90574194686143, 85.57008462840584, 84.31555978551025, 83.40999673744973, 81.79877528163232, 85.4294145319231, 82.91255006069888, 84.74858382269619, 87.6231141942941, 86.13819986626179, 85.98448818297457], "(-1, -6, 0, 0)": [0.2595784951302859, 0.2609484006020876, 0.4622718438968064, 0.4484103312794398, 0.177295982837677, 0.4433494825305533, 0.17904367446899416, 0.0, 0.2680999318550144, 0.4375213467309329, 0.40658847302973694], "(-1, -7, 0, 0)": [0.43211739161920615, 0.21519471958567538, 0.2174213583796207, 0.33863888590335844, 0.26334419938039844, 0.0, 0.17548352479934692, 0.4489112729231548, 0.36956991522312166, 0.21805952671450377, 0.0], "(-1, -8, 0, 0)": [0.0, -0.43610873222351076, 0.0855947861796856, 0.0, 0.0, 0.16657189130783082, -0.43758244514465333, 0.0, 0.0, 0.20073171226978304, 0.0], "(1, -7, 0, 0)": [2.6822886276439264, 1.3456781489876293, 2.7257101012245997, 2.9639901057524862, 2.404245846570867, 2.433316664603579, 2.898704317285301, 0.0, 1.3726581008096794, 4.250910401922325, 1.485763847637133], "(1, -8, 0, 0)": [0.4639571681235769, -0.5717646455151884, 1.2994372497352307, -0.2170392953955153, 0.13619274680899174, -0.21962872489200208, 0.05065439387440951, -0.7328379000796174, 0.014193657760494194, 1.5113582882047947, 2.1384531966717235], "(-1, -3, 0, 0)": [0.35158323287963866, 2.1406943923571653, 2.3523490659275565, 0.28963522189098984, 1.2258871017104926, 0.2826923119703497, 3.47342891612621, 1.4924289130190753, 5.326176689706686, 0.7246817687086624, 0.323304004427666], "(-1, -4, 0, 0)": [0.7460297892992609, 0.8025670548018868, 0.6125329607377599, 0.5469522043933925, 0.5119635265758727, 0.44661120721521147, 1.702257788653744, 1.5605623874867418, 0.4269477095796697, 1.1386591221827072, 0.6312655826442187], "(-1, -5, 0, 0)": [0.22018123693466185, 0.42093560241946043, 0.0, 0.2843765771642805, 0.6788702651421678, 0.45148836167147877, 0.0, 0.0, 0.4155682397935244, 0.23144150060958865, 0.0], "(-1, 3, 0, 0)": [10.295414502994255, 9.166406772928143, 9.170916767155452, 6.069936899601263, 6.31932767632526, 7.503646201270534, 9.837924162148589, 8.662544515662702, 13.980367779811491, 7.745674005508641, 9.865343308563308], "(-1, 4, 0, 0)": [3.196696246080299, 6.996016712134209, 5.5229016939562765, 7.874980670826369, 4.827119001696666, 1.9347136625514603, 8.077502856436073, 13.013699314844416, 6.776489407359181, 5.968637936712529, 2.109063455209693], "(-1, 5, 0, 0)": [6.021116079885761, 5.117102818391549, 3.8147034986767006, 3.7800730712666435, 7.122045231910338, 4.543605214613965, 4.637403717057936, 2.588730657492027, 3.82444253354217, 3.9147020988035726, 15.856345341981612], "(-1, 6, 0, 0)": [3.3199437324015513, 0.7453076911004126, 2.191135964674608, 1.1530882474774795, 8.950047538212635, 1.9322042059207332, 2.772965860088125, 2.0695695805588987, 1.1257456919175062, 4.101233732029158, 2.3359896849646464], "(-1, 7, 0, 0)": [4.857257094228623, 2.3095012672066453, 2.750861461254522, 2.218373107475621, 2.5998253037589505, 2.0653628144707894, 2.1617584259453064, 1.586400096516778, 1.5474625953648697, 1.678427670324042, 1.8592953043426879], "(-1, 8, 0, 0)": [0.318250851810038, 0.02382391840817244, 0.15223721702454873, 0.3051580111739324, 0.23554603347024206, 0.25717085260693556, -0.03308605557137928, -0.21900166470753935, -1.0644429683685304, -0.6297413069549103, 0.16920152122106602], "(1, -3, 0, 0)": [10.491544484725582, 8.872993500003206, 12.302137414689845, 13.120479896144614, 12.64961575256818, 12.738400835824907, 9.957489799489212, 13.044969956303907, 17.058276016013004, 15.044254054096836, 13.989221695494557], "(1, -2, 0, 0)": [13.097417495309173, 19.67745284887987, 12.435958729823223, 20.39163531772443, 15.133309533824708, 11.950736077309397, 11.709189694300342, 10.032850244830318, 3.0096026651960877, 12.004770175601214, 12.418530907466128], "(1, -4, 0, 0)": [4.246728458065386, 6.561111002908456, 5.509963001679274, 5.205364367147786, 7.074013002996982, 8.783840770833809, 5.299791595762351, 4.7942541019272005, 5.377255887698846, 5.073235852008345, 2.0848497388680753],