{"q_values": {"(0, 0, 0, 0)": [0.8091624520217174, 0.8091422912779281, 0.7755839257458544, 0.8076135893258409, 0.814424330100805, 0.796092814912332, 0.7983453763702677, 0.820805975770935, 0.7975104518508188, 0.8079201276858107, 0.7931151273938504], "(0, 1, 0, 0)": [0.7513491064254714, 0.7755687791626211, 0.7673431545833456, 0.7654274242805179, 0.7596572538675717, 0.7541114487350671, 0.7604925028299445, 0.7534492780719394, 0.7386062555173276, 0.7319062468329406, 0.7642124370293774], "(0, 2, 0, 0)": [0.576063930034892, 0.6410885030030395, 0.6413944648000935, 0.5575763660722071, 0.5355570027060246, 0.5722613156254569, 0.5460182870235206, 0.6100897008911592, 0.5636097016475607, 0.591995418312485, 0.5362245681793295], "(0, 3, 0, 0)": [0.274619203778901, 0.2539642672544156, 0.1826346548980788, 0.2450925268438523, 0.23584495993339105, 0.25543047440224437, 0.23499537127099027, 0.2336239846178857, 0.24888171711829665, 0.22351152933940158, 0.25592071181635684], "(0, 4, 0, 0)": [0.011868552405383374, 0.012424298899244207, 0.008792211193431015, 0.009171384925257858, 0.011143384974965276, -0.003221859452221665, 0.008754050341917383, 0.013321177686398133, 0.01033393731432522, 0.013811212847882736, 0.014678224209628355], "(0, -2, 0, 0)": [0.5362063907590697, 0.533872104560184, 0.5368288745088367, 0.5156421842204987, 0.5430626327828346, 0.5760974492670915, 0.525950527331536, 0.5470211578036198, 0.5390024374684561, 0.5251182551022405, 0.6631935199824526], "(0, -3, 0, 0)": [0.13742977182883115, 0.21728897293966415, 0.11892109575018926, 0.14942129289404268, 0.13659289274907388, 0.12897897095805277, 0.13087422185789563, 0.15058510944622305, 0.17045215730787242, 0.14076572172759555, 0.3289423157806659], "(0, -4, 0, 0)": [0.00347068651967348, 0.004159944755066439, 0.006092604811366135, 0.004915181414544796, 0.0010754614765025525, 0.022600201386866435, 0.0055166517071016455, -0.0008277099376436583, 0.005830012031241022, 0.0006768941490027719, 0.0057909443267006415], "(0, -1, 0, 0)": [0.7278456071367998, 0.7239460521820451, 0.735201062712935, 0.7251170352487959, 0.7236916308027443, 0.7259588710298972, 0.7435052673284079, 0.8118758908750625, 0.7204718014495579, 0.7340753638420312, 0.7014976199231091], "(1, 3, 0, 0)": [0.012215425596640454, 0.01968086473420004, 0.022125155861386487, 0.02826910718140041, 0.06383024033267237, 0.0037059369535798617, 0.0037202280984873362, 0.032745762454488764, 0.00589850418718186, 0.02594000689741848, 0.005701853827496536], "(1, 4, 0, 0)": [0.0028234591923985857, 0.004299905233930552, 0.0044652232347284875, -0.002216946229359795, 0.0, 0.007535370068251888, 0.005697462056793674, 0.0028637975909819244, 0.004382434947786995, 0.005644030365809138, -0.007845253944396974], "(-1, -1, 0, 0)": [0.49929831598446595, 0.29738906088430495, 0.5706857798643605, 0.6059715342734732, 0.6235284674472495, 0.5904331676440677, 0.5005259813671781, 0.6378163337873697, 0.6300242515209117, 0.4538080516700704, 0.7188085045984957], "(-1, -2, 0, 0)": [0.027975281414637128, 0.02777717230796487, 0.028975514552306892, 0.12721750610731253, 0.030301838623091028, 0.020630802171467275, 0.049405213135272574, 0.00905141372429726, 0.021333105214333438, 0.044481827465482335, 0.03787454526679897], "(-1, 3, 0, 0)": [0.11833913027433061, 0.05488814650431431, 0.054743219692764064, 0.057423393556330325, 0.08682195733610693, 0.0683181843648272, 0.0719188223743771, 0.05100425564978198, 0.055954647444907794, 0.05740550179223183, 0.09137175917504332], "(-1, 4, 0, 0)": [0.0035451301801971502, -0.002258623998527887, 0.02119228160360319, -0.005464487200548704, -0.006152025434248557, -0.0018529536290579568, -0.0012805393649953619, -0.0020266240075394607, 0.0032049816554227985, -0.0011886331762365884, -0.003426154453711445], "(-1, -3, 0, 0)": [0.026954307860235845, 0.012002300057076335, 0.03788415501364953, 0.1030923808601454, 0.034302021144911515, 0.018692513200870228, 0.0124389353716152, 0.023876173478067107, 0.020380158206776695, 0.01779305813678994, 0.011914682833310278], "(-1, -4, 0, 0)": [-0.004626748303795816, -0.00012062242108714337, 0.0004984837005441219, 0.0001723744746796995, 0.007059563540876361, -0.002107428240931837, -0.00016898870349597254, 0.00042220060327530576, 0.03885236425011451, 0.02004126566713392, 0.044326493023578176], "(1, 0, 0, 0)": [0.6286027517459606, 0.569976603988916, 0.5238932798262561, 0.6106077386663086, 0.6114640538435979, 0.6119015845715847, 0.543195646703304, 0.6231383544984214, 0.5855305104277163, 0.6022942633973756, 0.5896498599116884], "(1, -1, 0, 0)": [0.5049863412427754, 0.5093931931724153, 0.4943069623922188, 0.507890360912163, 0.5205429054624104, 0.5042490280213637, 0.5124418415594815, 0.5215835059967087, 0.5183750989998471, 0.5099938790465115, 0.5267793271919586], "(1, -2, 0, 0)": [0.26147303362456664, 0.26929200757596206, 0.2595734369688293, 0.28811654568706047, 0.2596449255468912, 0.271462299534346, 0.2716302250268991, 0.27517041846503904, 0.28931407653144403, 0.2810882919784895, 0.28485546241637894], "(1, -3, 0, 0)": [0.06869280698855337, 0.08865820097039091, 0.08231057134511069, 0.07767289768672077, 0.0811646076504704, 0.08400371034869897, 0.08426552513110441, 0.06800154961502633, 0.07057417308716299, 0.0803063501608984, 0.08446169961871215], "(1, -4, 0, 0)": [-0.001032839942109274, 0.0036758496478028905, 0.0037262472708828893, 0.0030262655273815423, 0.0010385136225455355, 0.0016097484808012298, 0.0025635389696559395, -0.005183411447202097, 0.002252810111511863, 0.003191685952261605, 0.003579283986675572], "(-1, 1, 0, 0)": [0.4957073898474115, 0.44601571680648266, 0.4909066261480939, 0.4957348916407961, 0.4872385182629408, 0.49488614011643506, 0.4865716704006149, 0.4971932867366375, 0.49371335894648755, 0.4925282674427968, 0.5034087609762208], "(-1, 2, 0, 0)": [0.36234271063813617, 0.31417901506540363, 0.36683906837072633, 0.32445691216958833, 0.344269722013546, 0.26416995013167976, 0.34514348800572703, 0.3566031127783423, 0.3466813360789462, 0.35851458269803, 0.3113387179848999], "(1, 1, 0, 0)": [0.20189697768675904, 0.2057588222642827, 0.8213956906521509, 0.3961180174424656, 0.5447116906171369, 0.26348498851411917, 0.21190999801996596, 0.5834433347168267, 0.344391017067065, 0.42569519856932514, 0.4168075234245165], "(1, 2, 0, 0)": [0.023761659768261743, 0.030647577301955338, 0.01786100518604548, 0.017906970177153012, 0.03670585625837126, 0.031016173764928108, 0.22946290203354328, 0.03228248487292386, 0.03287111485459479, 0.042701275146575526, 0.017873137711489514], "(-1, 0, 0, 0)": [0.821436201351459, 0.6239582165636696, 0.6186772393201717, 0.5754484160677599, 0.6096613559834597, 0.6316782236935157, 0.6615930401675321, 0.6456954006012593, 0.6293976013127107, 0.5959340944962231, 0.6501694636309017], "(-2, 1, 0, 0)": [0.013571347817313917, 0.031310196389375745, 0.03227728232941669, 0.03616660122399745, 0.03289673869379156, 0.03464515286281945, 0.056413488985225815, 0.05313966545712889, 0.13774252246973223, 0.021153354234898503, 0.009824620025421088], "(-2, 2, 0, 0)": [0.0, 0.014058662101073533, 0.037813300719549775, 0.058787965658700064, 0.0361005985072837, 0.04926098629268464, 0.03187149858124863, 0.028232331510790916, 0.08545559094924343, 0.03156810956216494, 0.02379973833353869], "(-2, 4, 0, 0)": [0.00044613032178909655, -0.0043818637728691105, -0.002800678470137638, -0.0033792921845632786, -0.0018913762872638865, -0.006409592090918521, -0.002763904266655445, -0.005704891593813897, -0.0012258126727692905, -0.0019030082425231234, -0.0026975985950461654], "(2, -1, 0, 0)": [0.13825494908545682, 0.14000422281838304, 0.05795663079694444, 0.1142105217907476, 0.17657149753159254, 0.0554059259135633, 0.17993306363345582, 0.19438559683974133, 0.18933879359743275, 0.045964547921255094, 0.1625409441128839], "(2, -2, 0, 0)": [0.04092446806363106, 0.06862989335312093, 0.04087393988764357, 0.07884751117453526, 0.0, 0.025980337306486474, 0.018846338867457985, 0.03403930596816995, 0.02815385880850118, 0.04743447524596807, 0.05953946553788808],