{"q_values": {"(0, 0, 0, 0)": [0.7955578175543396, 0.7980808706693372, 0.7913279092025234, 0.8182569776294013, 0.7799701139384841], "(0, 0, 0, 1)": [0.8293432711255248, 0.7906055685302675, 0.7837999099598643, 0.7192470701719511, 0.6842328146056407], "(0, 0, 0, 2)": [0.8181670284308735, 0.8131208606051009, 0.8025331680778645, 0.8192556098369801, 0.8173730589652914], "(0, 1, 0, 2)": [0.34558006624836807, 0.1765177816633293, 0.14407938946551238, 0.13069860431966696, 0.10505655154327258], "(0, 1, 0, 3)": [0.12168281875350344, 0.09217785423002715, 0.09161223038163083, 0.09189363263041794, 0.09053581164658309], "(0, 1, 0, 4)": [0.07793190662215549, 0.07775072373214136, 0.07721298736984758, 0.07933206124961803, 0.07297987120511593], "(0, 1, 0, 5)": [0.08079158943321597, 0.05955493661306207, 0.058774342982815045, 0.0529806000721896, 0.04088233842787915], "(0, 2, 0, 5)": [0.05399341013715983, 0.03356146857287022, 0.012819989145046798, 0.015835435406984545, 6.811650032475212e-05], "(0, 2, 0, 4)": [0.05133759037600393, 0.052691196675684435, 0.060980797735859495, 0.033231767413759876, 0.02133796963030301], "(0, 2, 0, 6)": [-0.0029522494814266443, 0.013181431771476454, -0.006203136504255865, -0.005852975076080389, -0.006197463789079917], "(0, 3, 0, 5)": [-0.016297553713805413, -0.016305155935209054, -0.016307768383137095, -0.016311532817346364, -0.015696354886014632], "(0, -1, 0, 1)": [0.7951706537361982, 0.8106235256362917, 0.8309522365036555, 0.8094915142466707, 0.8087694104196828], "(0, -1, 0, 0)": [0.4599084125598087, 0.6863780622183094, 0.7834214330310036, 0.8076296626649436, 0.8379289873381884], "(0, -1, 0, -1)": [0.26330299211498537, 0.312362153395561, 0.6435419431888771, 0.6888059849401891, 0.7860332473406908], "(0, -1, 0, -2)": [0.10694681592711591, 0.12833958345998953, 0.16085083749729742, 0.21598469173532267, 0.3582879729115669], "(0, -2, 0, -3)": [0.0737164306216646, 0.07376762599492606, 0.08175404279308734, 0.0810973348644592, 0.11540958339548149], "(0, -2, 0, -5)": [0.012958528324776909, 0.01344327122760441, 0.014917304967924497, 0.018095316737122252, 0.03213637156960449], "(0, -2, 0, -4)": [0.025077605303590024, 0.037421850685980154, 0.04725495328355132, 0.044998579699316324, 0.05984549579932272], "(0, -2, 0, -6)": [-0.001932705985308224, -0.010418166064144543, -0.010441119514446508, -0.010624207600108501, -0.010778592076607798], "(0, -2, 0, -7)": [-0.006285839170147251, -0.008078757153502834, -0.008033788377367212, -0.008673337051295445, -0.007940908293155207], "(0, -2, 0, -8)": [-0.013574995111360282, -0.013411986300394205, -0.013520704025679378, -0.013195076251702898, -0.0057347399152284755], "(0, 1, 0, 0)": [0.8344081073026299, 0.7998129574367442, 0.8127937741746925, 0.7361249778249443, 0.6456645133301259], "(0, 1, 0, 1)": [0.7776948182530945, 0.6839814142124545, 0.5286715321031241, 0.3082318780323761, 0.25643860142062724], "(0, 2, 0, 7)": [-0.014663170729033968, -0.014414287440022416, -0.002238889566782849, -0.014865052723300196, -0.014857454042873067], "(0, 2, 0, 8)": [-0.010604218510388952, -0.010613114161108222, -0.010895778964108524, -0.010644818127055882, -0.01162495418148842], "(0, -1, 0, -3)": [0.09149290943983161, 0.09275696328756368, 0.09623415857311093, 0.08779013978299469, 0.08786560198209777], "(0, -1, 0, -4)": [0.05396807359193935, 0.06744511531489443, 0.06716889141904465, 0.05628584365039345, 0.09250967580031501], "(0, -1, 0, -5)": [0.05887131672741969, 0.05622490414988797, 0.05806065817584406, 0.05939980481508601, 0.05869299647501673], "(0, 0, 0, -1)": [0.7305870347093317, 0.784561669209093, 0.7923089992869996, 0.7999426690553075, 0.823940327917696], "(0, 0, 0, -2)": [0.7872560633721788, 0.7825239109611934, 0.7892488494233184, 0.7820205345352886, 0.8154206567349148], "(0, 0, 0, 3)": [0.7968900106125193, 0.4895029030199051, 0.34570064810019646, 0.3401456219082157, 0.24223516198975598], "(0, 2, 0, 3)": [0.09496367160504672, 0.08434962731188538, 0.08466058133464255, 0.08104492895598368, 0.07008677100703092], "(0, 1, 0, -1)": [0.812975861745384, 0.8270045182204391, 0.8113822474083852, 0.8097066357259155, 0.8043212059111937], "(0, 1, 0, -2)": [0.5728761795956303, 0.5390865101651762, 0.8318738974061559, 0.46026184928938507, 0.7039377085448401], "(0, -1, 0, 2)": [0.8274298084994496, 0.8275210093189382, 0.8281763659643135, 0.7655352417498346, 0.6296459735628199], "(0, -2, 0, -9)": [-0.01199450473426244, -0.012799745812562397, -0.012831891714428181, -0.01238650812600584, -0.012660205381769499], "(0, 0, 0, -3)": [0.10841065936541952, 0.3442877417027544, 0.3601317378773203, 0.7031071201848182, 0.386660427943544], "(0, 3, 0, 7)": [-0.013412894529862123, -0.013412894493808163, -0.012475499333888349, -0.012475240371946974, -0.012483404880991616], "(0, 0, 0, -4)": [0.0067643868353461055, 0.039124251984725626, 0.003213284669203872, 0.04589234726902548, 0.2755958797617059], "(0, -1, 0, -6)": [0.02893346927760365, 0.02321584920089626, 0.03938107717181858, 0.036859935190787355, 0.03890877045301842], "(0, -1, 0, -7)": [0.00902681740626721, 0.0022157731130174833, 0.011731406503417184, 0.022559161211946958, 0.0011375301212523381], "(0, -3, 0, -7)": [-0.011433761920851097, -0.01143092006531153, -0.012472321703251656, -0.011422913672185876, -0.011419861600633525], "(0, 1, 0, 6)": [0.03395951289904373, 0.010466662925808461, 0.03208412539472611, 0.009262819703736122, 0.00753742626661536], "(0, 1, 0, 7)": [0.004110249645329903, 0.009384882463850719, 0.0, 0.0010410555572764948, 0.001894521494023502], "(0, 1, 0, 8)": [0.0027343954469290343, 0.0, 0.0, 0.0, 0.0], "(0, 2, 0, 9)": [-0.011216492935004969, -0.010908346607576698, -0.011259993972738868, -0.011453744223938094, -0.008084416181176618], "(0, -2, 0, -2)": [0.1250110496055609, 0.12466204306089902, 0.12471012555951846, 0.12664007779999956, 0.12877125522294916], "(0, -2, 0, -1)": [0.11010920851695066, 0.18997489440578555, 0.14301194028873984, 0.10113445299465923, 0.1194841060233762], "(0, 2, 0, 2)": [0.14161545564127248, 0.12209832472714452, 0.11921565170942247, 0.1214544015099699, 0.11820817614869526], "(0, 0, 0, 4)": [0.03269470866269185, 0.21091804541797593, 0.06950419525593293, 0.06909783172159717, 0.022264777545761373], "(0, -3, 0, -6)": [-0.01860849790522234, -0.01892869799927033, -0.01892652281935572, -0.01892268793247972, -0.018923599025752184], "(0, 0, 0, 5)": [0.0, 0.0, 0.0, 0.011394351388244026, 0.002474981667448537], "(0, 0, 0, -5)": [0.003045801583348206, 0.0, 0.0, 0.0, 0.0], "(0, -1, 0, 3)": [0.0, 0.001774967615854871, 0.3560109350828933, 0.0009832593612372875, 0.0221980370392151], "(0, -1, 0, 4)": [0.0, 0.005701448720575185, 0.0, 0.0, 0.0], "(0, -3, 0, -9)": [-0.004172318093478679, -0.004170745667070151, -0.0041698357462883, -0.004167320542037487, -0.004170274790376425], "(0, 2, 0, 1)": [0.24006819702766527, 0.24212499529545917, 0.24646314630058375, 0.22814160097068875, 0.2355428507673008], "(0, 3, 0, 8)": [-0.011436651482624934, -0.011436619894204475, -0.010276599076444284, -0.010276950310040264, -0.010280259752869607], "(0, 3, 0, 6)": [-0.019726353347054, -0.019729898933219366, -0.01949489937398395, -0.019499157623987292, -0.019503155258150523], "(0, -3, 0, -5)": [-0.01339677132857151, -0.013395617405264388, -0.013393201420370298, -0.013388298454909726, -0.014231627068228708], "(0, -3, 0, -8)": [-0.010277080443279818, -0.008982006904408335, -0.010273031319646166, -0.010275691190576182, -0.010270440709736197], "(0, 2, 0, 10)": [-0.006267195239611678, -0.006467265274402849, -0.005791407090283349, -0.007369028690781114, -0.005984740142608261], "(0, 3, 0, 4)": [-0.0124328629861434, -0.012434706420493909, -0.012438696597939934, -0.011394429553235694, -0.011398835499997623], "(0, 2, 0, 0)": [0.013967729031014366, 0.004800522147533978, 0.2400747069618334, 0.028214675458062218, 0.001492495091590514], "(0, -3, 0, -4)": [-0.00894819979345426, -0.00894580994926393, -0.00894429954778403, -0.008943322296701372, -0.008937590683270246],