{"q_values": {"(0, 0, 0, 0)": [0.855068186752951, 0.8512079775369409, 0.8238400537012354, 0.8444143580203505, 0.8088486577461109, 0.8465833228963018, 0.8379152391436722, 0.861205389349621, 0.8865220427882324, 0.8267268185869351, 0.8373419589412164, 0.8614848562573864, 0.8573087608792409, 0.8502222311124358, 0.850802643544879], "(0, 1, 0, 0)": [0.8053329952586845, 0.7879893531993165, 0.8411191341864916, 0.7669657750338366, 0.7933585334805283, 0.7855890331056795, 0.7748570258641136, 0.8030022608323869, 0.8021337969606743, 0.7952206183417547, 0.8015250911847207, 0.7991444167356185, 0.7833750540000561, 0.7813380446469658, 0.7971750614087045], "(0, 2, 0, 0)": [0.5624373100596708, 0.7652765867265053, 0.6054476563069805, 0.6392960225964651, 0.543900185976945, 0.586013466459261, 0.6092647316363249, 0.5083620657751067, 0.6656575837859365, 0.6653121836807188, 0.5665971195789021, 0.6333273421495638, 0.5753220709817346, 0.6677582150070362, 0.6585682987225882], "(0, 3, 0, 0)": [0.27715431306001237, 0.170395684500258, 0.17087303473444293, 0.16435541673791607, 0.17297815474903752, 0.15384294510868907, 0.16415445162899764, 0.15203641717729638, 0.16717840367143208, 0.16638789516541977, 0.16747910701484559, 0.16369432241513548, 0.16964492695792524, 0.1686170878850291, 0.16701300382162712], "(0, 4, 0, 0)": [0.017227584871998367, 0.014569597144049632, 0.014088329338349114, 0.016357213277751564, 0.010434547317901102, 0.0004708344205949129, 0.017276853682782964, 0.0118104838931257, 0.017414279566801277, 0.01452856962311823, 0.01268779087289324, 0.01697737923050977, 0.016086212034688165, 0.017964493409060443, 0.015219680919382082], "(0, -2, 0, 0)": [0.7866167365961323, 0.7919433316389858, 0.7594254168787958, 0.7801132017114357, 0.7752557886637486, 0.7833874933682331, 0.7526909848218922, 0.77548853812125, 0.7410110682141494, 0.7646142780472706, 0.7890080248820832, 0.8399736065525233, 0.7380847531811042, 0.7775702313794014, 0.7960510983100443], "(0, -3, 0, 0)": [0.27691775280065994, 0.3875523246058257, 0.3170922573518517, 0.46840743168977317, 0.3365622637314036, 0.45018799144068566, 0.42038024056296697, 0.31259348856043967, 0.3986514766273475, 0.32176871624853365, 0.4032858948738509, 0.4515715030127738, 0.30971749803320453, 0.3842175072796509, 0.6985843049619158], "(0, -4, 0, 0)": [0.06572846702499117, 0.0636541004233633, 0.06628692490100006, 0.028575807743025303, 0.06297636016587677, 0.06527066754236856, 0.06859011979576476, 0.04833551514393996, 0.07037445418572182, 0.06453341601089316, 0.03095023852244804, 0.07192966784523713, 0.06892548945443149, 0.09808845908665928, 0.07135668550450008], "(0, -1, 0, 0)": [0.8626359531963552, 0.8826726297778217, 0.8750629531336092, 0.8869447174095628, 0.8796712510858603, 0.8847531631194075, 0.8856841916771793, 0.8669533798444305, 0.885786383518428, 0.873925507027131, 0.8534156220753256, 0.8861975704217395, 0.9049876526542857, 0.8523720934649095, 0.8870791857507854], "(-1, -4, 0, 0)": [0.001474712592481428, 0.09663427713851373, 0.09686696227592466, 0.09348673488065734, 0.09105604380338228, 0.11301560864128832, 0.051137926531063395, 0.003376865189801866, 0.10181137241674176, 0.08509222749964768, 0.04582815671721767, 0.11025225523997699, 0.0941182758660801, 0.2005229675580892, 0.04098710329191982], "(1, -1, 0, 0)": [0.7611442530332544, 0.7420757105489522, 0.7563191133009879, 0.7879191198595852, 0.7917150205355713, 0.7962084479181742, 0.7967439387661333, 0.7752200370151219, 0.8077452224356683, 0.7800980596778252, 0.7915615865001396, 0.7021505688964879, 0.7672603267773863, 0.7869834996291405, 0.9188816256659293], "(1, -2, 0, 0)": [0.4921326131965257, 0.4866677766068348, 0.5303801683585444, 0.5251497252703792, 0.47277556776546475, 0.5143109574930735, 0.5040597302904127, 0.5340539490738203, 0.5033238228424134, 0.526643173213227, 0.5085006729354846, 0.4976316824118182, 0.4936458989144698, 0.5572267345555871, 0.5075534136699801], "(1, -3, 0, 0)": [0.16648820809655052, 0.15596713072877816, 0.14315455595371657, 0.11769059579922549, 0.12056961186437126, 0.07826828515614638, 0.09875544611167417, 0.08202429348162239, 0.06322429929651505, 0.09327446569571478, 0.09276047351340841, 0.1418901005408416, 0.09179154238638174, 0.1806933700732027, 0.12910139409350155], "(-1, 0, 0, 0)": [0.6441560117719926, 0.5405673466877278, 0.8966496310240136, 0.5301386239195438, 0.5785851202913991, 0.557777879312448, 0.5677302861446699, 0.5191876702171523, 0.5326162552517238, 0.5477305078337178, 0.6110671887730029, 0.6400160992006076, 0.5257911902226687, 0.5719875654721006, 0.5774666795920849], "(-1, -1, 0, 0)": [0.6916592899599164, 0.5557212713440441, 0.6560471821949115, 0.6506219631531371, 0.5896182008528199, 0.6859343620121947, 0.5804865120806401, 0.604892135599007, 0.6278052825549502, 0.6583024833332972, 0.6598956986304552, 0.6576177215577507, 0.8943493887480738, 0.660980550620746, 0.6225964846247607], "(-1, -2, 0, 0)": [0.3294188816527495, 0.06641344377742273, 0.12368894290788249, 0.07318921425373766, 0.18121489074950736, 0.03527640320521916, 0.2080223858083536, 0.12222600241180638, 0.065446674632958, 0.568500072101193, 0.19234135423040366, 0.06575354957222607, 0.07089894791827353, 0.27332240508206146, 0.20232273819353155], "(-1, -3, 0, 0)": [0.24067188219797656, 0.25752905626207867, 0.11154161726670372, 0.24875359281980464, 0.2535449472545805, 0.021159276199206906, 0.2639602084493631, 0.26158347258902914, 0.23782496637908052, 0.3666662811722882, 0.2412418026264706, 0.2533920654344772, 0.1853392432488858, 0.24510193488948795, 0.22321164164326174], "(-1, 1, 0, 0)": [0.46363343885865926, 0.4799592797930446, 0.46293245487700624, 0.4717146482581117, 0.46280829634821213, 0.44014991748582805, 0.4606161581762938, 0.46627010036895, 0.47272752627566805, 0.47523282160989566, 0.47178847526501, 0.44996047947195067, 0.47455682958566026, 0.46801630099730196, 0.3686766884674363], "(-1, 3, 0, 0)": [0.09311628670750575, 0.0958754218209794, 0.09142123215357528, 0.09483874832933788, 0.09614191746273083, 0.09615009376745047, 0.09517262367934351, 0.0875634114011211, 0.09374343675889567, 0.08948473007263191, 0.09247598846729022, 0.0953313112111702, 0.08893946858018814, 0.08960289215095942, 0.09621249435736438], "(-1, 4, 0, 0)": [0.033199510043251515, -0.0003179244911806949, -0.003644979667489027, 0.01593719676098178, -0.0021407917516083493, -0.0009321892824547947, -0.0022302461778985518, -0.0018285552135866873, -0.0010508026183061927, -0.005153670181563526, -0.0001647537893061492, 0.008481754054012268, -0.0026015971063527597, -0.0022424817639799576, -0.0035779914011388756], "(-1, 2, 0, 0)": [0.2958038328533049, 0.28481203407913064, 0.2785449362915394, 0.2771667607040305, 0.29366434626526045, 0.28216748847318335, 0.2664911807844669, 0.2672390234758787, 0.27691775076459585, 0.2821475025592342, 0.27598751358722656, 0.27779275705666073, 0.29625403510383214, 0.28632104305822276, 0.26880098600427343], "(1, 0, 0, 0)": [0.8489498658101656, 0.8746617144816216, 0.8773010613791636, 0.8801774546776462, 0.8343778301624625, 0.8449609438631611, 0.8540138364212057, 0.8803599283162131, 0.8927115614874335, 0.880029979713571, 0.8700606888826288, 0.8703171895482716, 0.8977246581367508, 0.8514984948642026, 0.8374369174006676], "(1, -4, 0, 0)": [-0.0052294194999910875, 0.0023399674046240583, 0.0007316539942651681, 0.01684420018125659, 0.009851948735745766, 0.001110343002113102, 0.000994279341229024, 4.3238907917831325e-05, 0.0005456692984859238, -0.005394528792625496, -0.0052090699473481585, 0.0013569558057746215, 0.015454557251970907, 0.0006736784231891292, 0.04361915335395673], "(1, 2, 0, 0)": [0.7586829304261238, 0.6575502411543565, 0.8926161776269947, 0.7241806734500881, 0.7513779832203252, 0.6697393205879528, 0.728171967370996, 0.7156718569203809, 0.7264118943386308, 0.7842681483446425, 0.7800051015347689, 0.7043631662452347, 0.7359768991169979, 0.7139549903270671, 0.7722144167276386],