{"q_values": {"(0, 0, 0, 0)": [0.796667005223405, 0.7964701399072579, 0.7912811782983319, 0.7764833049197055, 0.7503756182417614], "(0, 1, 0, 0)": [0.530678814391049, 0.4460441487638749, 0.4518870777044326, 0.44154022592980713, 0.4700843232467001], "(0, 2, 0, 0)": [0.2250872712903908, 0.03150253499545007, 0.02056635620274379, 0.028687475907485403, 0.029293857572372364], "(0, -1, 0, 0)": [0.5810440535212908, 0.660200534276717, 0.6791343034246748, 0.6719726294631327, 0.613207091874593], "(0, -2, 0, 0)": [0.038484732359432956, 0.04077679559327348, 0.03619354446589209, 0.03791502871088518, 0.04222540517812473], "(1, 0, 0, 0)": [0.7803178105147062, 0.7566735955480249, 0.7763803902578237, 0.7754255963699416, 0.7750211638587231], "(-1, -1, 0, 0)": [0.48443615493458536, 0.40698731866783666, 0.5161865957372452, 0.5158412545897171, 0.6517903663292248], "(-1, -2, 0, 0)": [0.07607031983905262, 0.09129074773390422, 0.115865999151428, 0.08754239831007309, 0.20225800509066688], "(-1, 0, 0, 0)": [0.45615843183034827, 0.44295635190826266, 0.5269615355495517, 0.46962716015105016, 0.4593231236382056], "(1, 1, 0, 0)": [0.7299871906256844, 0.6721297334427401, 0.6481692036495645, 0.6376210979069197, 0.6641711708892868], "(1, 2, 0, 0)": [0.1877965095225296, 0.09775983951515882, 0.09801484326762769, 0.09850542732878845, 0.04538205878389459], "(-1, 1, 0, 0)": [0.33320322821235904, 0.21909266126166724, 0.20720405786328036, 0.21195030956112848, 0.20249787963009414], "(-1, 2, 0, 0)": [0.00853108277092713, 0.010621306114161816, 0.013838502902603382, 0.01004723171332854, 0.009356064841592963], "(1, -1, 0, 0)": [0.7502278555787094, 0.5521180407617878, 0.5851125557534312, 0.5399327771143336, 0.6401144573807407], "(1, -2, 0, 0)": [0.005954824096412203, 0.006469644695329949, 0.022992993283564876, 0.0029219325822504357, 0.004190473577276611], "(-2, 2, 0, 0)": [0.009853200000967588, 0.01661408910823628, 0.010442168382575952, 0.010681669478319526, 0.011137086286486252], "(-2, 1, 0, 0)": [0.14857428008894044, 0.1526105591325075, 0.17172718334057735, 0.16971634681800143, 0.16001815836757105], "(-2, -2, 0, 0)": [-0.0043562397360801695, 0.012879633847379529, 0.007389304493249187, 0.0, 0.0], "(2, -1, 0, 0)": [0.19603289933482237, 0.18217964519343774, 0.19608689961158682, 0.17530050111231393, 0.19295634643035542], "(2, -2, 0, 0)": [0.008869608664578438, 0.003859169126662952, 0.0038152874137742853, 0.0004634909824689313, 0.002817671277722189], "(-2, 0, 0, 0)": [0.2534643396925105, 0.24527247077624303, 0.2524662256875034, 0.25954613991488135, 0.21656442461136868], "(-3, 1, 0, 0)": [0.017023305216061102, 0.05006540691228364, 0.08643183224184894, 0.04418182919220112, 0.043207089477742926], "(-3, 2, 0, 0)": [0.004358830260845266, 0.0004815741343498882, -3.039132882878999e-05, -0.0006986398300803387, 0.000588008372389111], "(2, 1, 0, 0)": [0.8333565880911429, 0.6858950457362121, 0.688277026065536, 0.688570312447005, 0.689655478416351], "(2, 0, 0, 0)": [0.6332782953549598, 0.6550859767939656, 0.621485349370501, 0.8244499547300131, 0.6915878137234636], "(-3, 0, 0, 0)": [0.06581225453235497, 0.05954925177781596, 0.11811034945409021, 0.0483456909819067, 0.0645135384844811], "(-2, -1, 0, 0)": [0.11199276183234277, 0.06784020377956057, 0.08357039425769175, 0.04328167892513018, 0.054708699475361604], "(-3, -1, 0, 0)": [0.0832993331274887, 0.0, 0.0, 0.010703358506400314, 0.014145150379240341], "(-3, -2, 0, 0)": [0.01377213297605539, 0.0, 0.005564506555544577, 0.0, 0.004610109451953786], "(3, -2, 0, 0)": [-0.0038832060997285936, -0.004158680718612428, -0.004027063283478505, -0.002722773789963792, 0.04243331827629939], "(3, -1, 0, 0)": [0.22305480262462793, 0.02601826944510531, 0.03590288784569469, 0.04242448631390951, 0.028014412029834675], "(3, 0, 0, 0)": [0.4648591270382034, 0.07512520978257645, 0.26849350055288657, 0.23796947450131695, 0.14499609323539295], "(2, 2, 0, 0)": [0.08236936847104173, 0.21862415321283807, -0.004359494522213936, 0.050610146556495476, 0.0], "(3, 1, 0, 0)": [0.5507161407747557, 0.0, 0.0, 0.0, 0.0], "(3, 2, 0, 0)": [0.030939143009027954, 0.0, 0.0, 0.0, 0.0]}}