{"q_values": {"(0, 0, 0, 0)": [0.7886219858215463, 0.7894070043947076, 0.789532679453165, 0.7508404571421372, 0.7983663761250768], "(0, 1, 0, 0)": [0.6962186833901285, 0.6638050682350631, 0.6545898436884512, 0.7322197788885929, 0.7046876950013627], "(0, 2, 0, 0)": [0.07544431241094701, 0.08760987861519134, 0.08484947085889923, 0.0661856414660012, 0.0855587396771514], "(0, -1, 0, 0)": [0.618793904138285, 0.6787068511183699, 0.6194205300301028, 0.7277526995396866, 0.7315524024501765], "(0, -2, 0, 0)": [0.08232559844171335, 0.07481860058342682, 0.08175111820760395, 0.060686415413553435, 0.07048120228548155], "(1, 0, 0, 0)": [0.23260236864813252, 0.607060043322878, 0.37584358906112303, 0.3340362914759903, 0.30566969945515493], "(-1, -1, 0, 0)": [0.1325534312642991, 0.2110364049314783, 0.14257194592458425, 0.15316073077944983, 0.16855638155666047], "(-1, -2, 0, 0)": [0.1135763895264007, 0.13666215695516024, 0.11394441530061178, 0.12304607322317124, 0.10767567142817513], "(-1, 0, 0, 0)": [0.28783185192591315, 0.31982175650701083, 0.41465288867601985, 0.3205417197560852, 0.31944117939273253], "(1, 1, 0, 0)": [0.211552183281477, 0.08693010616545988, 0.13262673404713532, 0.13503562108727077, 0.11897337042918821], "(1, 2, 0, 0)": [0.07492219864377504, 0.05262360164754844, 0.05436133256959812, 0.055918475256836145, 0.05835626714802254], "(-1, 1, 0, 0)": [0.29211567129552446, 0.2703219117900802, 0.25508992274081504, 0.30563162568243907, 0.35886237650150576], "(-1, 2, 0, 0)": [0.015486206744928468, 0.01805450136673191, 0.014548552414824193, 0.015569010339876227, 0.01724468047484058], "(1, -1, 0, 0)": [0.41861565580344384, 0.3587493277137941, 0.39575276629190836, 0.42944352112096773, 0.3253608407727097], "(1, -2, 0, 0)": [0.016067147449421317, 0.04345707193102297, 0.02439431254392993, 0.0322258222945155, 0.006212419042665869], "(-2, 2, 0, 0)": [0.023033014161036668, 0.0, -0.000901524151754084, 0.0, 0.005617825065099085], "(-2, 1, 0, 0)": [0.032068011613453885, 0.008357056496394493, 0.008518896918241509, 0.013900132708918277, 0.013808720093259574]}}