{"q_values": {"(0, 0, 0, 0)": [0.8071749794048841, 0.7869237056986134, 0.7964353409290443, 0.7697250870618692, 0.7857866637551089], "(0, 1, 0, 0)": [0.7176059951097428, 0.4020527965088299, 0.3505969674924564, 0.4384978489645828, 0.3972256931216638], "(0, 2, 0, 0)": [0.02604382689968656, 0.027664658392321833, 0.018482496302478894, 0.021108544171708057, 0.02564784796647826], "(0, -1, 0, 0)": [0.7112572726261862, 0.7271121781189123, 0.6617479814602166, 0.746286142480184, 0.822031376693673], "(0, -2, 0, 0)": [0.05983586616497945, 0.04662073542593613, 0.061357733236263756, 0.041643742675529366, 0.05119867841323732], "(1, 0, 0, 0)": [0.7445959145579019, 0.7885747544267528, 0.7466732543119841, 0.7597092730724658, 0.8419545480168099], "(-1, -1, 0, 0)": [0.6885690314815704, 0.7042556111930784, 0.7165527071800852, 0.6315064195287847, 0.7851825152717269], "(-1, -2, 0, 0)": [0.05649741364735941, 0.11360775802531888, 0.13244148765701785, 0.14342463948228115, 0.27921208318062407], "(-1, 0, 0, 0)": [0.5885449919749497, 0.6489313228742567, 0.6240591067122371, 0.6187382158423871, 0.6263392933259251], "(1, 1, 0, 0)": [0.8450064530372722, 0.6743173635650009, 0.7237443325004834, 0.66565802325818, 0.7058684615756701], "(1, 2, 0, 0)": [0.1657352541169733, 0.15191633081457562, 0.10388123772810312, 0.05007137955745551, 0.05897631006229603], "(-1, 1, 0, 0)": [0.14537465327836166, 0.1473205174341197, 0.15085965107059068, 0.14773975840296505, 0.16552203121688172], "(-1, 2, 0, 0)": [0.028709159222161794, 0.010914187939287381, 0.003076561800577353, 0.016444549220810484, 0.008977508003719513], "(1, -1, 0, 0)": [0.5003362789676813, 0.49239751407729837, 0.543582011710208, 0.4967394909544735, 0.7666388665295732], "(1, -2, 0, 0)": [0.013788865726284474, 0.012230178300871272, 0.037317954061342175, 0.008375590735821765, 0.003145708673893262], "(-2, 2, 0, 0)": [0.017277656317923492, 0.00594358235867786, 0.0046506425393704545, 0.002389706835466454, 0.0056873808816912536], "(-2, 1, 0, 0)": [0.15169360528395393, 0.12093843931648056, 0.1144918079651764, 0.1114584788005498, 0.11917854288201334], "(-2, -2, 0, 0)": [-0.0043562397360801695, 0.010255834493387106, 0.010645233783068942, 0.0, 0.0], "(2, -1, 0, 0)": [0.3130481734983085, 0.25724759211209797, 0.29432763036246923, 0.392861204951403, 0.46472077278669877], "(2, -2, 0, 0)": [0.0028128070570767353, 0.018396863428852828, 0.007701747138996095, 0.015495194494112999, 0.004543897648895805], "(-2, 0, 0, 0)": [0.24787110108489405, 0.24982314224388466, 0.23088157394506872, 0.2477603217331158, 0.23909962485619668], "(-3, 1, 0, 0)": [0.03408376920502035, 0.07306827299863891, 0.07481897402951708, 0.061491625110810605, 0.06584838110883728], "(-3, 2, 0, 0)": [0.00012368019089517394, 0.007792930833611879, 5.467818975057968e-05, -0.0006986398300803387, 0.0033870122234695207], "(2, 1, 0, 0)": [0.8651762841643847, 0.7813558611118372, 0.7859306007969399, 0.8514779828181078, 0.8118301502649147], "(2, 0, 0, 0)": [0.812300553885681, 0.7903730056663885, 0.8017282246512283, 0.7891601367735829, 0.8670187470253001], "(-3, 0, 0, 0)": [0.06581225453235497, 0.05954925177781596, 0.1338260209364736, 0.0483456909819067, 0.0645135384844811], "(-2, -1, 0, 0)": [0.11260200636619272, 0.08921800943854569, 0.09532532584371436, 0.0689239451788611, 0.07459774752719286], "(-3, -1, 0, 0)": [0.09168581227462347, 0.0, 0.0, 0.010703358506400314, 0.014145150379240341], "(-3, -2, 0, 0)": [0.009135829837904192, 0.0, 0.005564506555544577, 0.0, 0.004610109451953786], "(3, -2, 0, 0)": [-0.0006215408009760254, 0.0007461668393110932, 0.0009755647660457641, -0.00077778458854746, 0.021534443798387825], "(3, -1, 0, 0)": [0.09339468302413438, 0.08574253642398627, 0.14346079729906389, 0.09095329971712328, 0.23323393668151732], "(3, 0, 0, 0)": [0.7655838036506118, 0.6719098553386699, 0.6708515958131543, 0.7066298915551564, 0.8274338749533838], "(2, 2, 0, 0)": [0.35343814107431665, 0.1752524386807133, 0.2267922738769982, 0.19890913227346027, 0.21823251037399424], "(3, 1, 0, 0)": [0.8560855977871854, 0.7945417959025581, 0.7777734570113105, 0.7970603504404009, 0.7475825658720511], "(3, 2, 0, 0)": [0.43285065611404566, 0.0, 0.0, 0.1446583119562025, 0.0], "(4, 1, 0, 0)": [0.4013833544179356, 0.0, 0.050549604666024185, 0.0, 0.0], "(4, 0, 0, 0)": [0.23157913725022414, 0.179914766624476, 0.27476672175594236, 0.13546718029640195, 0.106891495147694], "(4, -1, 0, 0)": [0.06270227681857096, 0.049492531114941216, 0.03592454055508462, 0.045232217637010776, 0.024280154856356383], "(4, -2, 0, 0)": [-0.004429984006223933, 0.0023410653777055195, -0.006549037318262696, -0.004272459301272174, -0.0065489437811392754]}}