{"q_values": {"(0, 0, 0, 0)": [0.9874461684500955, 0.9846538803064118, 0.9847232497899786, 0.9881400282545572, 0.9873667712643778], "(0, 0, 0, 1)": [0.9871248002532711, 0.9882510761804393, 0.9860993211284365, 0.9855232268126274, 0.9689109931677612], "(0, 0, 0, 2)": [0.9881734181251467, 0.934428743784742, 0.9338434029650454, 0.8935200257487451, 0.8409733914666905], "(0, 1, 0, 2)": [0.9522706746787909, 0.844098422037894, 0.7207625094333391, 0.709984043446723, 0.4945666673171463], "(0, 1, 0, 3)": [0.5484499393493466, 0.49301045368975693, 0.4758293084084217, 0.505916046068967, 0.41024725011591257], "(0, 1, 0, 4)": [0.34596937568922603, 0.35295134578777465, 0.349250931143954, 0.2827391851412293, 0.23369542331749604], "(0, 1, 0, 5)": [0.2502289533400657, 0.11404415499593867, 0.14832079933989364, 0.09703445208072771, 0.07392730803042451], "(0, 2, 0, 5)": [0.06109554826333085, 0.04130703103145635, 0.05286857069853086, 0.04621026752400713, 0.03360354718118637], "(0, 2, 0, 4)": [0.1346593588441982, 0.13315207569815143, 0.09584827254142371, 0.07754533902951005, 0.05087036977926996], "(0, 2, 0, 6)": [0.015050308700762384, 0.012372169392696183, 0.015967856805769468, 0.014538586929838955, 0.014813978616206763], "(0, 3, 0, 5)": [-0.012442000842301007, -0.012449026512838714, -0.012451272099527755, -0.012455545801139455, -0.012457485592018943], "(0, -1, 0, 1)": [0.9839512075277652, 0.9889496723256438, 0.9889617014867722, 0.988962426356499, 0.988534002109702], "(0, -1, 0, 0)": [0.9603140733811634, 0.9827284892751172, 0.9888635913514161, 0.988854090400074, 0.9888616155731478], "(0, -1, 0, -1)": [0.8030491308268677, 0.8890669073113198, 0.9274356063538021, 0.9325051848813115, 0.8957685195336859], "(0, -1, 0, -2)": [0.5497281688645935, 0.6934099369376027, 0.7406484370135746, 0.8676312533994515, 0.8567185165413846], "(0, -2, 0, -3)": [0.1343231146343997, 0.1573914339656497, 0.20025740041781545, 0.2034329946450027, 0.2587270101354096], "(0, -2, 0, -5)": [0.05047439096679206, 0.041196283485194926, 0.05256417260666847, 0.05424329784290258, 0.09322466863653806], "(0, -2, 0, -4)": [0.049602926664557886, 0.0791905527426771, 0.10744200042765552, 0.11941866085726707, 0.11390927548144593], "(0, -2, 0, -6)": [0.02414303692063033, 0.02286666821677514, 0.021492266398083378, 0.023037069877588117, 0.02493799193561575], "(0, -2, 0, -7)": [0.009039488033964978, 0.010810455472580258, 0.008411858557758101, 0.009520493152694053, 0.009210011107183377], "(0, -2, 0, -8)": [-0.002692321955734992, -0.0008947345302410623, 0.0023235595540692477, 0.0004402973562331778, -0.00029068635751382027], "(0, 1, 0, 0)": [0.9885509052788656, 0.9884851803479822, 0.9882665022402531, 0.9577724324164837, 0.9604234489931587], "(0, 1, 0, 1)": [0.9879654903259801, 0.9728444836488673, 0.9553874744925817, 0.9002907219756171, 0.757712376802381], "(0, 2, 0, 7)": [0.0034624287358489335, 0.004500790301609844, 0.0037307245093756818, 0.0026257126216113515, 0.005173388767924307], "(0, 2, 0, 8)": [-0.001635021511324658, -0.0005963238775448902, -0.0007194266641160506, -0.000393199382560857, -0.007501054211866847], "(0, -1, 0, -3)": [0.4234675007626201, 0.5081757517895166, 0.5136533303867525, 0.5229357643302412, 0.6965487100495187], "(0, -1, 0, -4)": [0.3250119165570619, 0.35254310696691066, 0.39422067946923045, 0.39446836101386973, 0.38991329841931677], "(0, -1, 0, -5)": [0.12561187941567817, 0.19571395481626624, 0.24574541047028708, 0.29584977385776307, 0.29397804308049386], "(0, 0, 0, -1)": [0.9855857061145007, 0.9825045902908196, 0.9837356820605294, 0.9886580351897762, 0.9864318692888865], "(0, 0, 0, -2)": [0.9156188535162637, 0.9139750293425014, 0.952726502312918, 0.9718378952116139, 0.9883701716470865], "(0, 0, 0, 3)": [0.8606512730800504, 0.4895029030199051, 0.34570064810019646, 0.3401456219082157, 0.24223516198975598], "(0, 2, 0, 3)": [0.22841011677601045, 0.22170098015572737, 0.22867830235813272, 0.20950529431567513, 0.12345125810649574], "(0, 1, 0, -1)": [0.9789924328258373, 0.9849840994219352, 0.9886012612361872, 0.9881986566969219, 0.9873569097160957], "(0, 1, 0, -2)": [0.011697120923789153, 0.11276972695551238, 0.920150240676977, 0.10127793452808131, 0.1371231714833462], "(0, -1, 0, 2)": [0.3063467185983485, 0.9873366278835071, 0.6391252051612529, 0.31879501128366217, 0.19915111596235807], "(0, -2, 0, -9)": [-0.004527683591030777, -0.004947690733395296, -0.003385036908386002, -0.00831177259099205, -0.00480537879597045], "(0, 0, 0, -3)": [0.10841065936541952, 0.3442877417027544, 0.3128120773414283, 0.9323418772148411, 0.32961884318994883], "(0, 3, 0, 7)": [-0.005932178288698197, -0.008965027150642128, -0.004162562694400549, -0.005934825001284481, -0.004165046699345112], "(0, 0, 0, -4)": [0.0067643868353461055, 0.039124251984725626, 0.003213284669203872, 0.04589234726902548, 0.21802504098721204], "(0, -1, 0, -6)": [0.028807746775861464, 0.018908034903798984, 0.03273983091225006, 0.052729255099350184, 0.2426931185256692], "(0, -1, 0, -7)": [0.00902681740626721, 0.0022157731130174833, 0.011731406503417184, 0.04275351937939149, 0.0011375301212523381], "(0, -3, 0, -7)": [-0.00593884226307273, -0.00753515569511801, -0.007532383809052408, -0.007529421495832502, -0.007528632203303277], "(0, 1, 0, 6)": [0.14315558540681256, 0.009550268407119183, 0.023350900209105234, 0.009262819703736122, 0.005331140247193588], "(0, 1, 0, 7)": [0.004110249645329903, 0.005860269582573924, 0.0, 0.0, 0.001894521494023502], "(0, 1, 0, 8)": [0.0010426691776141525, 0.0, 0.0, 0.0, 0.0], "(0, 2, 0, 9)": [-0.0033211463491688653, -0.00848250787367298, -0.006947940299286041, -0.007476095677726594, -0.007813182281046317], "(0, -2, 0, -2)": [0.21291718094203838, 0.2521137286919035, 0.28454292507003703, 0.2891281178969296, 0.30850747199279865], "(0, -2, 0, -1)": [0.11010920851695066, 0.2920912898481569, 0.14301194028873984, 0.10113445299465923, 0.1194841060233762], "(0, 2, 0, 2)": [0.36860021462161136, 0.3640497146421726, 0.37130985192256893, 0.3321821281977632, 0.2825564604920084], "(0, 0, 0, 4)": [0.03269470866269185, 0.13857626282807406, 0.06950419525593293, 0.06909783172159717, 0.022264777545761373], "(0, -3, 0, -6)": [-0.014255805373137679, -0.01340727971125331, -0.01425357504075289, -0.014248739970869995, -0.014244469332129625], "(0, 0, 0, 5)": [0.0, 0.0, 0.0, 0.011394351388244026, 0.002474981667448537], "(0, 0, 0, -5)": [0.003045801583348206, 0.0, 0.0, 0.0, 0.0], "(0, -1, 0, 3)": [0.0, 0.001774967615854871, 0.0, 0.0009832593612372875, 0.006054398934184509], "(0, -1, 0, 4)": [0.0, 0.0011832151049971861, 0.0, 0.0, 0.0], "(0, -3, 0, -9)": [-0.002196987718343735, -0.0021947821602225303, -0.0021954622119665147, -0.0021937046200037, 0.0], "(0, 2, 0, 1)": [0.23668325143864521, 0.30185415363913065, 0.277329089458356, 0.23571859638078133, 0.3974945666576217], "(0, 3, 0, 8)": [-0.0021924246102571487, -0.0021918321028351786, -0.00416425408795476, -0.0021925438195466995, -0.0021932143718004227], "(0, 3, 0, 6)": [-0.008955829328037799, -0.008957799996696414, -0.010252651111926884, -0.0089640845573321, -0.00896353952564299], "(0, -3, 0, -5)": [-0.011410393283106016, -0.011405176685841008, -0.01245092344191732, -0.011399609902794473, -0.012441149909012095], "(0, -3, 0, -8)": [-0.00594201067276299, -0.005941916920244693, -0.004163688104599715, -0.004165558423846961, -0.004165394194424152], "(0, 2, 0, 10)": [-0.0014348901435732842, -0.0006656816576793791, -0.000731827210634947, 0.0, -0.0021924821659922602], "(0, 3, 0, 4)": [-0.011390069479209373, -0.01139056056825407, -0.010232351367643104, -0.010233692795794457, -0.010237820675434545], "(0, 2, 0, 0)": [0.013967729031014366, 0.004800522147533978, 0.2400747069618334, 0.028214675458062218, 0.001492495091590514], "(0, -3, 0, -4)": [-0.007514184721373021, -0.007511761962622405, -0.007510008819028735, -0.0075104331757873295, -0.008937590683270246], "(0, 3, 0, 3)": [-0.0059103832319378855, -0.004144507143646479, -0.005912390416488052, -0.0041472773253917695, -0.004147932454943657],