{"q_values": {"(0, 0, 0, 0)": [0.9197578407587688, 0.9312894047284144, 0.9505484401550537, 0.8978387294139749, 0.9111641421907808, 0.9116223755086768, 0.924571807885303, 0.930568166910735, 0.8615497070998159, 0.9194638603603782, 0.9059384758774865], "(0, 1, 0, 0)": [0.9223210576260801, 0.8940309116695109, 0.9089186271668379, 0.8903587908921958, 0.9094718078614816, 0.8882729525627753, 0.9110527436397109, 0.9122033300621231, 0.9003716947743945, 0.9098767044146052, 0.9037514054609902], "(0, 2, 0, 0)": [0.6106762697247391, 0.6408598453163048, 0.6032617579127315, 0.6028102549350548, 0.5540862013664585, 0.5795356929590597, 0.5585322458588355, 0.5682108816149568, 0.5136850127497135, 0.5376115316765527, 0.6269619164376358], "(0, 3, 0, 0)": [0.1251607685483287, 0.1213272568259547, 0.12694575486068546, 0.1259885244756012, 0.12096250414132356, 0.12558930247318512, 0.12568318049358804, 0.11231951354296212, 0.12213855105430706, 0.1275150327697079, 0.1053804207412807], "(0, 4, 0, 0)": [0.005776948138613199, 0.0025929631523593536, 0.003328390542325573, 0.005728064226583479, 0.004519816477419806, 0.004172520005777445, 0.004686885765493773, 0.004473786043744652, 0.004967518563309107, 0.005741765705455222, 0.0026111613747211992], "(0, -2, 0, 0)": [0.41289977096662467, 0.3994036206256662, 0.4058974690445225, 0.3977366660695816, 0.4087669329736058, 0.37930508997541734, 0.41444762874126995, 0.4114166166973916, 0.40490624406599096, 0.8434851000700314, 0.41566964572487686], "(0, -3, 0, 0)": [0.10767966884979936, 0.08865904527352592, 0.07829986001185885, 0.09450305080661227, 0.08963405067623341, 0.10432880013919393, 0.08859023093398669, 0.07546594114418287, 0.08279013551808158, 0.09273470515270504, 0.2170375279506992], "(0, -4, 0, 0)": [0.0019915981168547614, 0.005926115974855938, -0.002887926936923955, -0.0008436227126060397, -0.0034815600307717704, 0.0025982458829539395, -0.002701832260331818, -0.0008277099376436583, -0.0011947614966842648, 0.015224291833747175, -0.0015489743815524887], "(0, -1, 0, 0)": [0.8133534947037423, 0.8686268254093891, 0.8737503347838368, 0.8178954931424304, 0.8209111266297726, 0.8436891652181433, 0.8782151092078435, 0.8714160164423544, 0.8278467624207564, 0.8927829294955687, 0.9685987597193947], "(1, 3, 0, 0)": [0.012878097816668155, 0.04783755518088769, 0.08197841653238852, 0.044661350248389804, 0.06857490076717533, 0.05018826781980651, 0.01811125321420266, 0.07085409425661524, 0.00589850418718186, 0.06773386149587092, 0.058006298810217974], "(1, 4, 0, 0)": [0.0045155267666974214, 0.003842525075981384, 0.003466254469950251, 0.02270421910777885, 0.003980080493667357, 0.004720737170231541, 0.004274868523065796, 0.005163332802310076, 0.004092459481355997, 0.003927869759411482, 0.004013644601337821], "(-1, -1, 0, 0)": [0.9213118889319682, 0.9377242469355614, 0.9393169415137923, 0.9522476809725838, 0.9280353507728645, 0.942137919784776, 0.9178190234477624, 0.9372611350713569, 0.9326513007095781, 0.8989945780948456, 0.9781123728244795], "(-1, -2, 0, 0)": [0.518309250162101, 0.3061144605831394, 0.5727256414333156, 0.5403505226560497, 0.3238144595630713, 0.6194386620471359, 0.309668104974195, 0.5483668326816824, 0.2970360656912161, 0.3396460816787393, 0.5575005332428156], "(-1, 3, 0, 0)": [0.0952359042740721, 0.059153255618877, 0.05357812818799672, 0.05283458818313172, 0.054618036273330055, 0.04689524456068459, 0.059669886032595924, 0.05470329545325893, 0.054185392017465944, 0.05328274922653163, 0.06737326936236114], "(-1, 4, 0, 0)": [0.008627070568361133, 0.0043896093338231645, -0.0025911870957976355, -0.0032985579951601467, -0.006152025434248557, -0.00502352483249792, -0.0023237323164280203, -0.0023350245445995206, -0.0029356794045751985, -0.003787798863197702, 0.0036284604827068823], "(-1, -3, 0, 0)": [0.035402866240576966, 0.022982540979322758, 0.03960611856496778, 0.03921715137708475, 0.0327636307877412, 0.018692513200870228, 0.028160232679865414, 0.03932133899528098, 0.020380158206776695, 0.029041785925682066, 0.011914682833310278], "(-1, -4, 0, 0)": [-0.008240752703958878, -0.008652028067987816, -0.008305685337368907, -0.0074631383805962405, -0.008998542838390525, -0.00851048788657735, -0.007902235845697232, -0.00837573158398504, -0.008665861910945614, -0.008503639428563924, -0.008138649764488295], "(1, 0, 0, 0)": [0.8267048990515568, 0.7743592381057356, 0.8172488339556196, 0.7155806610721012, 0.7974034508530045, 0.838372244074176, 0.8765234705482745, 0.8266654452943204, 0.7677619638709665, 0.7649482587679547, 0.8009023159204908], "(1, -1, 0, 0)": [0.5815816047458283, 0.6515632967018214, 0.6342898177347559, 0.6214345524746202, 0.5943214715264665, 0.6168138978077712, 0.6038999837012292, 0.5901286731170571, 0.635471998357126, 0.575888817220163, 0.912271751810278], "(1, -2, 0, 0)": [0.23301627296170088, 0.16655321868819817, 0.19077130858364266, 0.20880980091323045, 0.24403038105603803, 0.21042794123619651, 0.21828759582457297, 0.25392590785955277, 0.231249694834385, 0.24888927293051186, 0.24974648786259648], "(1, -3, 0, 0)": [0.06342230443143039, 0.07329327706125563, 0.06233683462127012, 0.061103596386640244, 0.062020096029319224, 0.06255197311234696, 0.0817517136297279, 0.0625235416435024, 0.06314037104983693, 0.08394865339374862, 0.0664269318930927], "(1, -4, 0, 0)": [-0.003670612485608322, -0.002885253043895546, -0.0028184814336786783, -0.0018921146361409041, -0.0029887592521990174, -0.003334762577854749, -0.0016828770879158171, 0.0017063405359334172, -0.002585383015404107, -0.0031751556953124585, 0.010167186658787178], "(-1, 1, 0, 0)": [0.7445575210046116, 0.6741137181548225, 0.6252074769517794, 0.5946837748433936, 0.5224767007890896, 0.6448827309161109, 0.6364698776200629, 0.6780418819720716, 0.5906490196870129, 0.6880194811141903, 0.6196779683030517], "(-1, 2, 0, 0)": [0.17842227811009972, 0.22249392992085798, 0.184330154069244, 0.1839575990670609, 0.1877495661599732, 0.1947063908229301, 0.1983382901070012, 0.1981460376623878, 0.17471965999380462, 0.18259096924943785, 0.18522964960417285], "(1, 1, 0, 0)": [0.9517342573223875, 0.8681686114455258, 0.7472389706478881, 0.8707067720824424, 0.7921580755436085, 0.8334492914602301, 0.8164471074612433, 0.8347482314620719, 0.8176832392782369, 0.7685523617764275, 0.8133939496564473], "(1, 2, 0, 0)": [0.24475851318224953, 0.7492199862811106, 0.31753413501517486, 0.18340526442696115, 0.3052013362873915, 0.30898802414091253, 0.3044430155177499, 0.2892149582992283, 0.30253768781793544, 0.3209701023745506, 0.31885416265313976], "(-1, 0, 0, 0)": [0.9620725581900523, 0.975567810717544, 0.9632261473975622, 0.9453062829383371, 0.9507991402301785, 0.9603247995367159, 0.9617525866195239, 0.9643280871520795, 0.946230055965083, 0.9568101768402504, 0.9508769082599464], "(-2, 1, 0, 0)": [0.03976877409061403, 0.10755154814284877, 0.05656334981432928, 0.09263871912474693, 0.06939430997898353, 0.4338689877404728, 0.10154827593632162, 0.05313966545712889, 0.12722990064109985, 0.1545318974137165, 0.009824620025421088], "(-2, 2, 0, 0)": [0.01799507331375627, 0.05172642723613754, 0.05336918184681549, 0.14196055585504336, 0.06827922509520801, 0.07590766005435429, 0.04322022689431144, 0.028232331510790916, 0.07233861197663732, 0.049566087006373424, 0.046093876765066724], "(-2, 4, 0, 0)": [-0.0040983233702267885, -0.004996604822647363, -0.005574038488425242, -0.006018336842907314, -0.0022128328180772306, 0.006020953692523771, -0.004788863151367944, -0.005704891593813897, -0.006487848247066967, -0.004913279561299718, -0.004468903647114209], "(2, -1, 0, 0)": [0.2352740751665775, 0.22418014453711937, 0.23255698083222878, 0.21388310438222288, 0.23539790297938096, 0.24074434544319273, 0.22917923888931047, 0.2274346854852005, 0.22850298260824645, 0.24006055103570265, 0.23950155076438656], "(2, -2, 0, 0)": [0.07820704673587889, 0.07632598532491579, 0.0848578362774302, 0.07334359929239707, 0.0, 0.07625935363754796, 0.07566522241353979, 0.09865680197022479, 0.06331176537098868, 0.058926536673477824, 0.07994262872086488],