{"q_values": {"(0, 0, 0, 0)": [0.9111903698279796, 0.9090984171856602, 0.8789773958174565, 0.9062720514004927, 0.9041422261515393, 0.9059586673401047, 0.9101658573956123, 0.942359347751495, 0.9098010241907225, 0.9074835047636346, 0.9096342610821583], "(0, 1, 0, 0)": [0.904229667769823, 0.9283467128312449, 0.9445973813735399, 0.9093920636670003, 0.8962745651925579, 0.922883442927986, 0.8808030976345451, 0.90918109491097, 0.8995010660222085, 0.8937428132699747, 0.8825679430766843], "(0, 2, 0, 0)": [0.6845066838936988, 0.6093984519733532, 0.6032617579127315, 0.6028102549350548, 0.5013389676591842, 0.5795356929590597, 0.5585322458588355, 0.5682108816149568, 0.5136850127497135, 0.5376115316765527, 0.4853727590137892], "(0, 3, 0, 0)": [0.1251607685483287, 0.1213272568259547, 0.12694575486068546, 0.1259885244756012, 0.12096250414132356, 0.12558930247318512, 0.12568318049358804, 0.11231951354296212, 0.1279054288007494, 0.1275150327697079, 0.1053804207412807], "(0, 4, 0, 0)": [0.005776948138613199, 0.0025929631523593536, 0.003328390542325573, 0.005728064226583479, 0.004519816477419806, 0.004172520005777445, 0.004686885765493773, 0.004473786043744652, 0.004967518563309107, 0.005741765705455222, 0.0026111613747211992], "(0, -2, 0, 0)": [0.41289977096662467, 0.3994036206256662, 0.4146278134050909, 0.3977366660695816, 0.4087669329736058, 0.34104556033322675, 0.41444762874126995, 0.4114166166973916, 0.40490624406599096, 0.5886280428391071, 0.41566964572487686], "(0, -3, 0, 0)": [0.10767966884979936, 0.08865904527352592, 0.07829986001185885, 0.09450305080661227, 0.08963405067623341, 0.08279900016240722, 0.08859023093398669, 0.07546594114418287, 0.08279013551808158, 0.09273470515270504, 0.23079397099877094], "(0, -4, 0, 0)": [0.0019915981168547614, 0.005926115974855938, -0.002887926936923955, -0.0008436227126060397, -0.0034815600307717704, 0.0025982458829539395, -0.002701832260331818, -0.0008277099376436583, -0.0011947614966842648, 0.01901971962452114, -0.0015489743815524887], "(0, -1, 0, 0)": [0.7709718403907694, 0.7789081174428717, 0.7801541634643233, 0.7834048294368526, 0.7736137850340769, 0.7737310970354211, 0.7726033225157802, 0.77359972090345, 0.7773008200172931, 0.7466257833357941, 0.8557835680170988], "(1, 3, 0, 0)": [0.012878097816668155, 0.04783755518088769, 0.09103286614965797, 0.044661350248389804, 0.06857490076717533, 0.05018826781980651, 0.01811125321420266, 0.07085409425661524, 0.00589850418718186, 0.06773386149587092, 0.058006298810217974], "(1, 4, 0, 0)": [0.0045155267666974214, 0.003842525075981384, 0.003466254469950251, 0.009237724061087976, 0.003980080493667357, 0.004720737170231541, 0.004274868523065796, 0.005163332802310076, 0.004092459481355997, 0.003927869759411482, 0.004013644601337821], "(-1, -1, 0, 0)": [0.9233342747627299, 0.9181920284835503, 0.9143816189458737, 0.9245378298352839, 0.9212890758724094, 0.935189935647681, 0.9330330020085067, 0.93012774385247, 0.9366099526088504, 0.7661319046725922, 0.9299886155715084], "(-1, -2, 0, 0)": [0.4379569658855031, 0.3061144605831394, 0.5727256414333156, 0.5403505226560497, 0.21193097680347275, 0.6047718426173173, 0.309668104974195, 0.4755747093509741, 0.1900794641539881, 0.3396460816787393, 0.8018790611642389], "(-1, 3, 0, 0)": [0.06595966807105537, 0.059153255618877, 0.05357812818799672, 0.05283458818313172, 0.054618036273330055, 0.0540684115613968, 0.05111153391955299, 0.05470329545325893, 0.054185392017465944, 0.05328274922653163, 0.05580492887789736], "(-1, 4, 0, 0)": [0.012967544768858788, 0.0043896093338231645, -0.0025911870957976355, -0.0032985579951601467, -0.006152025434248557, -0.00502352483249792, -0.0023237323164280203, -0.0023350245445995206, -0.0029356794045751985, -0.003787798863197702, -0.002735441487587465], "(-1, -3, 0, 0)": [0.035402866240576966, 0.022982540979322758, 0.040316709553437316, 0.0430979464356905, 0.0327636307877412, 0.018692513200870228, 0.028160232679865414, 0.03932133899528098, 0.020380158206776695, 0.029041785925682066, 0.011914682833310278], "(-1, -4, 0, 0)": [-0.008240752703958878, -0.008652028067987816, -0.006645433711703338, -0.0074631383805962405, -0.008998542838390525, -0.00851048788657735, -0.007902235845697232, -0.00837573158398504, -0.008665861910945614, -0.008503639428563924, -0.0064121627420283475], "(1, 0, 0, 0)": [0.768797732846153, 0.763011960647272, 0.7669743618906487, 0.7615847252618388, 0.7602168399350764, 0.766369297071054, 0.7675455585396522, 0.7485306539705147, 0.7563472184451109, 0.7017221128805298, 0.7285529571334879], "(1, -1, 0, 0)": [0.5493575562949412, 0.5507212359966132, 0.5485820303582762, 0.5476412278992221, 0.5286290292356813, 0.5897387475744272, 0.553232181555052, 0.5450180152855763, 0.5787755654805631, 0.575888817220163, 0.7576828695011449], "(1, -2, 0, 0)": [0.2571489384509128, 0.16655321868819817, 0.19077130858364266, 0.20880980091323045, 0.24403038105603803, 0.21042794123619651, 0.21828759582457297, 0.2613691632790894, 0.231249694834385, 0.34293089588698744, 0.24974648786259648], "(1, -3, 0, 0)": [0.06342230443143039, 0.07329327706125563, 0.06233683462127012, 0.061103596386640244, 0.062020096029319224, 0.06255197311234696, 0.07384192920490486, 0.0625235416435024, 0.06314037104983693, 0.0845965695280114, 0.0664269318930927], "(1, -4, 0, 0)": [-0.003670612485608322, -0.002885253043895546, -0.0028184814336786783, -0.0018921146361409041, -0.0029887592521990174, -0.003334762577854749, -0.0016828770879158171, 0.0017063405359334172, -0.002585383015404107, -0.0031751556953124585, 0.013009074264163025], "(-1, 1, 0, 0)": [0.9482134763520229, 0.6741137181548225, 0.6252074769517794, 0.5946837748433936, 0.5224767007890896, 0.6331544566433231, 0.6364698776200629, 0.6780418819720716, 0.5906490196870129, 0.7975209962682589, 0.6196779683030517], "(-1, 2, 0, 0)": [0.17842227811009972, 0.22077871715105699, 0.184330154069244, 0.1839575990670609, 0.1877495661599732, 0.1947063908229301, 0.1983382901070012, 0.1981460376623878, 0.19490823809810787, 0.18259096924943785, 0.18522964960417285], "(1, 1, 0, 0)": [0.8267381548940997, 0.858118253466286, 0.7822606257044816, 0.7759928446255961, 0.8046327842870427, 0.7637569245743107, 0.7972307549103433, 0.7949769367634836, 0.8009092907764843, 0.8261339760768291, 0.8231326259237983], "(1, 2, 0, 0)": [0.24475851318224953, 0.32474851279671657, 0.31285004210673456, 0.18340526442696115, 0.3382522995403333, 0.30898802414091253, 0.3044430155177499, 0.2892149582992283, 0.34724372905675943, 0.3209701023745506, 0.326287944466596], "(-1, 0, 0, 0)": [0.9580178679712856, 0.9490068158107373, 0.95205314941511, 0.952979540378278, 0.9521387070249876, 0.947949149130555, 0.9431920731259423, 0.9418250223032597, 0.9527965344999549, 0.9517257102211908, 0.935986837112726], "(-2, 1, 0, 0)": [0.03976877409061403, 0.10755154814284877, 0.05656334981432928, 0.09263871912474693, 0.06939430997898353, 0.40138737264203006, 0.10154827593632162, 0.05313966545712889, 0.12722990064109985, 0.1545318974137165, 0.009824620025421088], "(-2, 2, 0, 0)": [0.01799507331375627, 0.05172642723613754, 0.05336918184681549, 0.0744386301896889, 0.06827922509520801, 0.06616187802498899, 0.04322022689431144, 0.028232331510790916, 0.07233861197663732, 0.049566087006373424, 0.046093876765066724], "(-2, 4, 0, 0)": [-0.0040983233702267885, -0.004996604822647363, -0.005574038488425242, -0.006018336842907314, -0.0022128328180772306, -0.0019316176776190668, -0.004788863151367944, -0.005704891593813897, -0.006487848247066967, -0.004913279561299718, -0.004468903647114209], "(2, -1, 0, 0)": [0.23686573546657502, 0.24305633004611593, 0.24310023640397194, 0.21388310438222288, 0.23539790297938096, 0.24074434544319273, 0.2532003851011438, 0.24669085566268356, 0.3030488407264609, 0.25581022421579336, 0.23950155076438656], "(2, -2, 0, 0)": [0.07820704673587889, 0.07632598532491579, 0.0848578362774302, 0.07334359929239707, 0.0, 0.07625935363754796, 0.07566522241353979, 0.10660850458392336, 0.06331176537098868, 0.058926536673477824, 0.07994262872086488],