{"q_values": {"(0, 0, 0, 0)": [0.8215740233978603, 0.7749329599173465, 0.7841646549353694, 0.7765621659358309, 0.7367604532601493, 0.7836172420897263, 0.7766743280699954, 0.7930019390762105, 0.7744797633866333, 0.7942821943870946, 0.7937763043617502, 0.7531693226104434, 0.7921434753931643, 0.7458967685455846, 0.7759862059728955], "(0, 1, 0, 0)": [0.706970052626445, 0.8292543083980388, 0.7325977583102685, 0.7024725447302977, 0.7007332835903602, 0.7191842559229213, 0.7080134155219643, 0.723601745642075, 0.704957890508646, 0.7072336421242912, 0.6945071122477152, 0.6508711818376738, 0.726852887150407, 0.727252792525477, 0.736435101565777], "(0, 2, 0, 0)": [0.48191897648540827, 0.46044872454529034, 0.8217652049168712, 0.44783784430875, 0.5242832581666464, 0.5115808472771536, 0.48515580468663677, 0.4536888650938351, 0.498015813326025, 0.47778964605217866, 0.4961809565061148, 0.4611725170090133, 0.4982832489455683, 0.4721707400679125, 0.46280569049626374], "(0, 3, 0, 0)": [0.19625996325131118, 0.21391593527556718, 0.1923542476741566, 0.19413641453833103, 0.19569895650944974, 0.19249073523665555, 0.19858302946619036, 0.19128909214294426, 0.17884094968220965, 0.19495925288383714, 0.19317822008317176, 0.18439479318208213, 0.1993570919304925, 0.18961881141601358, 0.19848845657919428], "(0, 4, 0, 0)": [0.11455719420683089, 0.017733448575147873, 0.019798603010899835, 0.016357213277751564, 0.010434547317901102, 0.00605114294398991, 0.017276853682782964, 0.020208107444606035, 0.017414279566801277, 0.018646852371768368, 0.028827189970441456, 0.01871505794101322, 0.016086212034688165, 0.017964493409060443, 0.015010485771186766], "(0, -2, 0, 0)": [0.6380912343837233, 0.681124490177815, 0.6449854135655425, 0.6873275425422584, 0.6438546068541178, 0.6819152551410248, 0.648834805664017, 0.637129526494308, 0.6525739152747347, 0.6780667037612238, 0.6850809221024898, 0.6912652135397599, 0.6648371687882504, 0.7243969549244205, 0.7826663144796127], "(0, -3, 0, 0)": [0.3850299446051243, 0.39279760896885557, 0.3717143907188247, 0.38782544244946127, 0.3837010609506135, 0.38975501739755897, 0.3878922612115024, 0.34402930591944764, 0.37155852629214087, 0.3507582319158177, 0.36116549445689416, 0.3672099084015901, 0.3661674685247661, 0.5459102909374017, 0.3634036360818893], "(0, -4, 0, 0)": [0.06572846702499117, 0.02125930239524252, 0.08804656479638286, 0.028575807743025303, 0.06712142039524265, 0.07984105078961047, 0.029920454486373968, 0.04833551514393996, 0.04769484415855898, 0.09105523174078292, 0.03095023852244804, 0.057738108073097455, 0.08856902177588241, 0.07546724509327131, 0.15637618544431323], "(0, -1, 0, 0)": [0.7807509067585793, 0.7865270147325356, 0.7511797338400782, 0.7787144989078112, 0.782491194327896, 0.7684284013419905, 0.8088297783448637, 0.7906771211605218, 0.7270559018551654, 0.7249400583219934, 0.730513028805423, 0.7486569048797214, 0.7623291005214318, 0.7747508456748599, 0.7556983580991041], "(-1, -4, 0, 0)": [0.001474712592481428, 0.010714927000857119, 0.0021673060637356035, 0.01823791054487057, 0.003601626017297103, 0.011331487440043034, -0.0026099032631752986, 0.003376865189801866, 0.012752507956782478, 0.0030818642831705627, 0.01975349192423661, 0.021498301655122898, -0.002694606156489405, 0.01869775046516264, 0.0031486996667134236], "(1, -1, 0, 0)": [0.6781745252363467, 0.6358026779266666, 0.6801652243225413, 0.6711584554608525, 0.680243540997159, 0.6881491312979533, 0.6625212513239039, 0.6938993642506709, 0.6398890316529853, 0.6698675808101839, 0.667259922797909, 0.6592768331451119, 0.7380653446261044, 0.6440189059780589, 0.6686143886233729], "(1, -2, 0, 0)": [0.5243930679968181, 0.5491010890718836, 0.5336730635661225, 0.4509855812027349, 0.48940242309800897, 0.5292461721323432, 0.5390005294482093, 0.5140892094852383, 0.5167475060788027, 0.4794249172066317, 0.5192130870111021, 0.4711889765173691, 0.5340800816769458, 0.5226278039884117, 0.6969183052524738], "(1, -3, 0, 0)": [0.09452905487100426, 0.08943701455659488, 0.09622288120653413, 0.0920359551294683, 0.09008385005500276, 0.04590220143498811, 0.09105648371146637, 0.08202429348162239, 0.06322429929651505, 0.09327446569571478, 0.17968215876503668, 0.08398542474992982, 0.09179154238638174, 0.09478461761713897, 0.07377853036346692], "(-1, 0, 0, 0)": [0.40623213644122125, 0.3507369785550935, 0.40332050949414233, 0.34840133328171574, 0.28003711153516586, 0.382737418737758, 0.25423383955263135, 0.28153338058847366, 0.4119325904530222, 0.36757184680789706, 0.3849875329671311, 0.3553714049356014, 0.40171054615242363, 0.40673746747674777, 0.46054889496044527], "(-1, -1, 0, 0)": [0.10047562719775102, 0.15101620131928054, 0.08853999111816768, 0.17401337734887734, 0.14895116896657823, 0.18905702284300382, 0.3119957765143801, 0.17972874337966613, 0.14232522238257067, 0.12180242141165305, 0.12208700947135476, 0.1559258534361053, 0.0917022607686365, 0.1151583540936229, 0.22083037547196063], "(-1, -2, 0, 0)": [0.18439794669687587, 0.06641344377742273, 0.06673587623518466, 0.07318921425373766, 0.06627385375391918, 0.03527640320521916, 0.08347491180246257, 0.04738506509330245, 0.065446674632958, 0.09123412412870566, 0.07467182205221709, 0.06575354957222607, 0.07089894791827353, 0.09762776882605713, 0.09315404725192153], "(-1, -3, 0, 0)": [0.042288250052495875, 0.0137071292753479, 0.03877163031095392, 0.041111772986210014, 0.06389880402542086, 0.021159276199206906, 0.029502977869914793, 0.054129819803135526, 0.019157584096389024, 0.062048777436096283, 0.10005800746898579, 0.040898031353472586, 0.037105250995361896, 0.01820654812031218, 0.03180567885451614], "(-1, 1, 0, 0)": [0.3919438648998949, 0.4200896396523525, 0.3939566410321036, 0.3772266817833859, 0.40509327870886647, 0.3949004699561726, 0.39825260309032257, 0.4005241956403346, 0.39489298221530217, 0.40466806987178827, 0.37051886989553173, 0.5180591727094536, 0.4082437801503452, 0.400163856053267, 0.39742335189744626], "(-1, 3, 0, 0)": [0.11192474763318203, 0.10439227024724619, 0.10935079264705605, 0.12333661962386144, 0.10593985288257167, 0.10017993693749501, 0.10177275378067077, 0.09770649898053474, 0.10841754697462042, 0.10352168052705006, 0.10022405462581929, 0.09790435418879707, 0.10513815329159301, 0.10200237163321443, 0.10120022094404131], "(-1, 4, 0, 0)": [0.003955631012034551, 0.006906357409546306, 0.00616555914724803, 0.008071332744383482, 0.004615467014023766, 0.007398252535546404, 0.0063297116145449046, 0.006063653806009598, 0.00403114728382032, 0.005315008102954693, 0.00788262327573824, 0.006433449981121272, 0.0065172388255432655, 0.003869340781789345, 0.006252032474762916], "(-1, 2, 0, 0)": [0.27285820441489755, 0.26141059584786813, 0.34057062737223154, 0.27760468180015624, 0.23382568162156242, 0.2748007234989856, 0.26836969523150156, 0.2812695374046875, 0.27808070715605526, 0.27384521144501156, 0.25829977293560236, 0.2667505959358556, 0.24301972132830205, 0.2670747801327166, 0.27598986357760347], "(1, 0, 0, 0)": [0.7391659294301253, 0.7002741721565805, 0.7218012980900661, 0.7145414834577667, 0.7387197817228305, 0.7392622409792328, 0.7233444234012024, 0.7226846355163313, 0.7102351908287842, 0.7298735396725284, 0.7043293725536462, 0.7356595905725298, 0.7349490363312793, 0.714063901958501, 0.7209603049567764], "(1, -4, 0, 0)": [-0.0052294194999910875, 0.0023399674046240583, 0.0007316539942651681, 0.0029690644806034975, -0.0004622124197772486, 0.001110343002113102, 0.000994279341229024, 4.3238907917831325e-05, 0.0005456692984859238, -0.005394528792625496, -0.0010622738238996775, 0.0013569558057746215, -0.0003750985920141503, 0.0006736784231891292, 0.03141765315554111], "(1, 2, 0, 0)": [0.8350255484868934, 0.7719125476140799, 0.7497791963552269, 0.7241806734500881, 0.7174815111154965, 0.6593709774388277, 0.6389428841632573, 0.7090194156650588, 0.6572094710436679, 0.6300085076077654, 0.6491930958380796, 0.6433813922521603, 0.7016229544863904, 0.7289985989885984, 0.7074917010671236],