{"q_values": {"(0, 0, 0, 0)": [0.944165844458359, 0.9410465547989642, 0.9297907472571325, 0.9428343025594937, 0.9263904165307819, 0.9298792340244558, 0.9487918956228949, 0.9363559493009642, 0.9398789293427693, 0.9396297951485308, 0.934963405275029], "(0, 1, 0, 0)": [0.9579460258440397, 0.8629992233221438, 0.8393048245399913, 0.8689588160325171, 0.8358779411253223, 0.8826441554199447, 0.8864946750859239, 0.852775798377298, 0.8353583028272104, 0.8626407708056117, 0.8590258381131759], "(0, 2, 0, 0)": [0.6557870859812508, 0.4575643218536787, 0.4351735403215, 0.45581734868546386, 0.46847776533170793, 0.45833826318716503, 0.43752630967310835, 0.4472411060939098, 0.44194025437988793, 0.45873130474607454, 0.4538914760589603], "(0, 3, 0, 0)": [0.18587913185123045, 0.08929509804102351, 0.09597288495540565, 0.10362168960782919, 0.09483935117617862, 0.09484745441981339, 0.12278304708404521, 0.08254803441951801, 0.10458517650061465, 0.1007721312612018, 0.10434773781619955], "(0, 4, 0, 0)": [0.01288224996360251, 0.001421093776438496, 0.001430638776109762, 0.0018389488288964194, -0.0013021812923183981, 0.0017469046854532494, 0.008907110208451805, 0.007754238477730663, -0.0012214912632893885, 0.0008368466947723261, -0.002960650020563364], "(0, -2, 0, 0)": [0.4667950570011841, 0.45371914792797263, 0.4144893737803666, 0.42000233902355344, 0.5840941580178722, 0.4656747622985079, 0.527974157423678, 0.4452142534176222, 0.4608889023952353, 0.47756426361059784, 0.8740166767130565], "(0, -3, 0, 0)": [0.08314128986639525, 0.08634927648861913, 0.08703330342073755, 0.08759055875645227, 0.07664508462465904, 0.08703243687347625, 0.08859023093398669, 0.07546594114418287, 0.0885459019413279, 0.08969141915947405, 0.08792525505576944], "(0, -4, 0, 0)": [0.0019915981168547614, 0.001686836137566863, -0.002887926936923955, -0.0008436227126060397, -0.0034815600307717704, 0.0025982458829539395, -0.002701832260331818, -0.0008277099376436583, -0.0011947614966842648, 0.004105298175292195, -0.0015489743815524887], "(0, -1, 0, 0)": [0.900216192881577, 0.9235544637640406, 0.9217498650251585, 0.9160069396240831, 0.9232301330002555, 0.9129928807153314, 0.906982756005678, 0.9238172294241968, 0.8246245720567343, 0.930197232958488, 0.9247137615493413], "(1, 3, 0, 0)": [0.03351944056762057, 0.04783755518088769, 0.07773653841865232, 0.044661350248389804, 0.061103479203278695, 0.05018826781980651, 0.038424784683545835, 0.059608425695466344, 0.00589850418718186, 0.0689077767764244, 0.06787712773322269], "(1, 4, 0, 0)": [0.003385930617047823, 0.00658266817583936, 0.00530533681208705, 0.003245516685546526, 0.001445766933632654, 0.0011561273558601398, 0.001871545302573753, 0.002964622537601134, 0.0028941372608879776, 0.002561212665968572, 0.002894988929912903], "(-1, -1, 0, 0)": [0.8957641764654374, 0.8621075986040715, 0.8851732417480568, 0.902563477154818, 0.9257949648168758, 0.9235441110899985, 0.9346597087827196, 0.8942868261441698, 0.9075231103521628, 0.8761583845185773, 0.9691179554157946], "(-1, -2, 0, 0)": [0.4371279033445331, 0.3061144605831394, 0.4872487431897394, 0.45079841945751037, 0.4177470019299132, 0.4308507798202518, 0.41989616377966116, 0.4834077238844435, 0.39387360610254896, 0.8367321741160161, 0.4574220695795994], "(-1, 3, 0, 0)": [0.06440614226858016, 0.06185347746133206, 0.05357812818799672, 0.05283458818313172, 0.054618036273330055, 0.05957242468898615, 0.06452021147166215, 0.05470329545325893, 0.054185392017465944, 0.06413076954998398, 0.06287896725979063], "(-1, 4, 0, 0)": [-0.00238990257792067, -0.004713920026410298, -0.0025911870957976355, -0.0032985579951601467, -0.009283183895844548, -0.004797648586660345, -0.0036620571512879863, -0.0023350245445995206, -0.0029356794045751985, 0.00316680792248102, -0.003466548749842698], "(-1, -3, 0, 0)": [0.035402866240576966, 0.019580018405459795, 0.03924366976828741, 0.04514654601705495, 0.0327636307877412, 0.018692513200870228, 0.028160232679865414, 0.06718843238686593, 0.020380158206776695, 0.04155956201935081, 0.011914682833310278], "(-1, -4, 0, 0)": [-0.008240752703958878, -0.008652028067987816, -0.008305685337368907, -0.008042227956804402, -0.008998542838390525, -0.00851048788657735, -0.002522929514212532, -0.00837573158398504, -0.008665861910945614, -0.008503639428563924, -0.008138649764488295], "(1, 0, 0, 0)": [0.8883853961859249, 0.8889973539792392, 0.8891338917618787, 0.881516445995534, 0.8744710650789321, 0.8832258807440129, 0.887323871692898, 0.8899338061657598, 0.8594195209834187, 0.8571129498995838, 0.8508836846006338], "(1, -1, 0, 0)": [0.6890755721520755, 0.6521164652606545, 0.7400354893978047, 0.7921636916778655, 0.7197920993343497, 0.7317415008250541, 0.5867339096410488, 0.7046956683063892, 0.7299430304149359, 0.7433939068993046, 0.8132353203013549], "(1, -2, 0, 0)": [0.1866391761831532, 0.16655321868819817, 0.18828359651859686, 0.19171274843309022, 0.20056542111193354, 0.18960558413263415, 0.1933761119913167, 0.19363738501067898, 0.19522126741001994, 0.18427105167604368, 0.3645121598572239], "(1, -3, 0, 0)": [0.05399708158985113, 0.05227423923587632, 0.0565391390285922, 0.05600466617172033, 0.05657609043191497, 0.05706319933093312, 0.05557198079551349, 0.058157470781195826, 0.057371527773975736, 0.05370515497728116, 0.057658113673913346], "(1, -4, 0, 0)": [-0.003670612485608322, -0.005152036948805247, -0.003925612803408375, -0.003218716889556502, -0.009801472759814887, -0.003334762577854749, -0.005717226500769361, -0.004176107098757178, -0.0015107332069192328, -0.0031751556953124585, -0.0035997691316258383], "(-1, 1, 0, 0)": [0.6122200414664032, 0.5519102514600424, 0.6148295192315325, 0.6129572906464785, 0.52333509784729, 0.6125240123106266, 0.5567367608103415, 0.6219919820899927, 0.5635864396992685, 0.566391887381881, 0.5757387820737818], "(-1, 2, 0, 0)": [0.27214534690013614, 0.17753238887914186, 0.16472810484284395, 0.16499283393369654, 0.18340983871710934, 0.1928230427088669, 0.18477996157213095, 0.17456654117267079, 0.17471965999380462, 0.18700141114257018, 0.1722817568985984], "(1, 1, 0, 0)": [0.8746939364803864, 0.9040556779001871, 0.8678934138262093, 0.9041110791012433, 0.8897229923745011, 0.874013766002124, 0.9008427826656021, 0.8804604972710834, 0.8972153009341955, 0.8685992688562404, 0.9067105446053101], "(1, 2, 0, 0)": [0.24475851318224953, 0.7133133056046944, 0.42693535098263935, 0.26227289508781587, 0.4755086409459144, 0.3748076518901552, 0.41780353591978, 0.4372753579152049, 0.47615946462320446, 0.40925044270548594, 0.47751485249815157], "(-1, 0, 0, 0)": [0.9667756491367399, 0.8633275820798012, 0.8774724542313709, 0.8788086969861545, 0.7909055189446861, 0.8435158925672175, 0.8789082603866148, 0.8659529095530917, 0.8565439855433993, 0.8389713886984587, 0.8755795426015941], "(-2, 1, 0, 0)": [0.03976877409061403, 0.16530283763082287, 0.05656334981432928, 0.09263871912474693, 0.10204551318376387, 0.2111898151988554, 0.17039539744816512, 0.05313966545712889, 0.12722990064109985, 0.19903712704166562, 0.009824620025421088], "(-2, 2, 0, 0)": [0.046215820563810864, 0.0928638554130141, 0.05336918184681549, 0.13578886480623464, 0.06827922509520801, 0.07590766005435429, 0.04322022689431144, 0.06345284204447743, 0.10660764842127829, 0.049566087006373424, 0.11306850767043342], "(-2, 4, 0, 0)": [-0.0040983233702267885, -0.004996604822647363, -0.008818535695677938, -0.006018336842907314, -0.0022128328180772306, -0.0009415301933697025, -0.004788863151367944, -0.005704891593813897, -0.006487848247066967, -0.0026353865397532746, -0.004468903647114209], "(2, -1, 0, 0)": [0.29067928231319495, 0.22418014453711937, 0.31362956280576915, 0.28793543910212954, 0.27236397086055053, 0.28603339132407674, 0.2764852012293592, 0.24389663156638697, 0.2906643875839141, 0.49599258857543016, 0.28510574400984423],