{"q_values": {"(0, 0, 0, 0)": [0.8616177555508897, 0.8722545321868318, 0.8790740595147175, 0.8281072938838944, 0.8457613896887711, 0.8747898333788874, 0.8752792885541527, 0.8751689871995176, 0.8611727463760775, 0.878596883886474, 0.876575248816657], "(0, 1, 0, 0)": [0.8332579750098003, 0.816740671677838, 0.8234414394154462, 0.8264984410912815, 0.777995696401032, 0.8194832312116354, 0.8306814126418129, 0.8119381608154334, 0.8200869961559516, 0.8166307633313946, 0.8169839485861842], "(0, 2, 0, 0)": [0.64965177320229, 0.7624380726457635, 0.659469110837313, 0.628601662181531, 0.555644227030498, 0.5751904429399868, 0.5922933064104323, 0.6747619456512105, 0.6620940398518176, 0.5742585493214696, 0.6459102486988426], "(0, 3, 0, 0)": [0.22438578101317358, 0.23051081766182202, 0.24662926297535975, 0.19180375739251473, 0.22854307451087277, 0.21589896407128448, 0.23284048515744932, 0.2429517229905373, 0.20047757367873775, 0.2117540581948547, 0.22000116676053502], "(0, 4, 0, 0)": [0.034358525169014685, 0.012424298899244207, 0.018406113125194617, 0.003407635934892109, 0.022643494375587863, 0.0014348797908749766, 0.020119682193636596, 0.023159045981669936, 0.01033393731432522, 0.019496821579449743, 0.019868900827392927], "(0, -2, 0, 0)": [0.6854080541146899, 0.5473993415118111, 0.6264375404842607, 0.6583402314877468, 0.4878490087142794, 0.6212911032857472, 0.628507415494536, 0.6549004057121248, 0.633058730101166, 0.7426499707578303, 0.6360264461929775], "(0, -3, 0, 0)": [0.14998235250724093, 0.1738141793109514, 0.14500597628891393, 0.14270006488407477, 0.14645155556794268, 0.1940168053831033, 0.17983656814607424, 0.18271202174762874, 0.1463832378676461, 0.17979482740099903, 0.15185458956945985], "(0, -4, 0, 0)": [0.015426500936818239, 0.003212132359565509, 0.006092604811366135, 0.008265521888929806, 0.0067949527495326295, -0.0011125067506038344, 0.007957442070763536, -0.0008277099376436583, 0.005830012031241022, 0.0006768941490027719, 0.007046966589655786], "(0, -1, 0, 0)": [0.8448973483744284, 0.8364870501618337, 0.8410807619637941, 0.8445831331832776, 0.8057019794033288, 0.8338851115627302, 0.8456013974725937, 0.8197538777803378, 0.8203355523629662, 0.8271270368660575, 0.8355945380105426], "(1, 3, 0, 0)": [0.012215425596640454, 0.01968086473420004, 0.022125155861386487, 0.02826910718140041, 0.06574791194172981, 0.0037059369535798617, 0.0037202280984873362, 0.032745762454488764, 0.00589850418718186, 0.02594000689741848, 0.005701853827496536], "(1, 4, 0, 0)": [0.0028234591923985857, 0.004299905233930552, 0.0044652232347284875, -0.002216946229359795, 0.0, 0.008140219645380632, 0.005697462056793674, 0.0028637975909819244, 0.007560988044532041, 0.005644030365809138, -0.007845253944396974], "(-1, -1, 0, 0)": [0.5204940383944862, 0.008423468994256264, 0.45663634075150794, 0.38954940692563705, 0.04249599482194509, 0.4161329770727774, 0.18859452716213493, 0.6099201258526183, 0.25572094026511616, 0.4538080516700704, 0.3541123409613777], "(-1, -2, 0, 0)": [0.027975281414637128, 0.02777717230796487, 0.028975514552306892, 0.07764583453047495, 0.004391725608742736, 0.020630802171467275, 0.034791149400315205, 0.00905141372429726, 0.021333105214333438, 0.044481827465482335, 0.026074734204568423], "(-1, 3, 0, 0)": [0.0725717337998668, 0.06885613273147904, 0.06942739835332792, 0.06619466888443729, 0.0639527954978611, 0.0719495447115526, 0.0653685402640822, 0.0634483924065764, 0.070042887232614, 0.06751705768021729, 0.07285235057286082], "(-1, 4, 0, 0)": [-0.0029206152767527003, 0.0029908487275011977, 0.0046268657191338896, -0.0033671365135177706, -0.002246654838165777, 0.0017730190705263797, -0.0021781282156474956, -0.00017583056192340026, -0.001477963800425094, 0.002269825590719373, -0.003426154453711445], "(-1, -3, 0, 0)": [0.015104807609646291, 0.012002300057076335, 0.02033749049796591, 0.03874771515199738, 0.0257070218447807, 0.018692513200870228, 0.0124389353716152, 0.017189393761727702, 0.020380158206776695, 0.005090692974032316, 0.011914682833310278], "(-1, -4, 0, 0)": [-0.004626748303795816, -0.00012062242108714337, 0.0004984837005441219, 0.00060661214886125, -0.0005383665635326756, 0.0010791316568266951, -0.00016898870349597254, 0.00042220060327530576, 0.0020076931836328464, -0.002655066365506272, 0.0005851987135356909], "(1, 0, 0, 0)": [0.583149273508526, 0.49162950452714343, 0.41203436616418393, 0.5186721770244384, 0.2783597790366673, 0.466713563954761, 0.3940937088384736, 0.5396284067050366, 0.3520637781651197, 0.4442736801030214, 0.39090448148870566], "(1, -1, 0, 0)": [0.5223965619932008, 0.5001459817624004, 0.5391819529340773, 0.5040873488541215, 0.5259854645713032, 0.4947726134881919, 0.5100848254139737, 0.5435258618381247, 0.5086128082060415, 0.5533897069492855, 0.5083439806516915], "(1, -2, 0, 0)": [0.27634924069747013, 0.276963010479374, 0.23392899835701264, 0.26549973846010083, 0.2958936516649924, 0.28160863167776207, 0.27657603158041094, 0.2900756051613262, 0.25094451389494665, 0.2914771361458851, 0.3283220319382443], "(1, -3, 0, 0)": [0.09275150859080443, 0.09665132048556432, 0.0699342929052437, 0.061399522608638894, 0.11396419837743722, 0.04919213468302394, 0.07844641307724017, 0.10277519926108093, 0.09242956527263088, 0.0839024397426251, 0.1193737879470169], "(1, -4, 0, 0)": [-0.0006197207587003315, 0.006702311929231639, 0.0012147685232172167, 0.0012693324282301594, -0.003975050983004142, 0.0016097484808012298, 0.013366382245938219, -0.005183411447202097, 0.009809773943579564, -0.004677854179670743, -0.0023655380731813277], "(-1, 1, 0, 0)": [0.5359474731062329, 0.5347422776074923, 0.5214804244209735, 0.518777210472777, 0.5232325919313028, 0.5244509567921217, 0.5114276288781768, 0.5280158667442049, 0.5209035981011506, 0.5369735610328181, 0.5053911946573892], "(-1, 2, 0, 0)": [0.3163355560181023, 0.33114150234329875, 0.31017791872528894, 0.30822434926078013, 0.32912387147517025, 0.3173296791382248, 0.29917751520908814, 0.2936635561453042, 0.30926954543032226, 0.2921500774204185, 0.3264462799712157], "(1, 1, 0, 0)": [0.20189697768675904, 0.2057588222642827, 0.6242307539902595, 0.22962786018815734, 0.006691147833784841, 0.15950094675664497, 0.06233222347304236, 0.029578455981599, 0.0035038922738823523, 0.14161724202256182, 0.09290702489115996], "(1, 2, 0, 0)": [0.0019012192264199258, 0.030647577301955338, 0.01786100518604548, 0.017906970177153012, 0.03670585625837126, 0.031016173764928108, 0.09920420319785236, 0.03228248487292386, 0.03287111485459479, 0.042701275146575526, 0.017873137711489514], "(-1, 0, 0, 0)": [0.32356892635729706, 0.49703266620767556, 0.5361590599652353, 0.44600735944656505, 0.31990602075370794, 0.2258865778031956, 0.5889997683064666, 0.39197968257731053, 0.4658503464698509, 0.5332901626765257, 0.5208644092320699], "(-2, 1, 0, 0)": [0.013571347817313917, 0.031310196389375745, 0.0, 0.03616660122399745, 0.0, 0.0, 0.0019504040479660035, 0.0, 0.11225181663406421, 0.021153354234898503, 0.009824620025421088], "(-2, 2, 0, 0)": [0.0, 0.014058662101073533, 0.01297324587342661, 0.033033152116536124, 0.02064183693943597, 0.03664143233484986, 0.0, 0.022979084861515058, 0.08011637820964798, 0.03156810956216494, 0.02379973833353869], "(-2, 4, 0, 0)": [0.0002993569642064965, -0.0043818637728691105, -0.0027877240929434187, 0.0, -0.0043802522122859955, 0.002005315202011362, -0.002763904266655445, 0.0, 0.002591795890953149, 0.0, 0.0027441480485503834], "(2, -1, 0, 0)": [0.11609939757476477, 0.09971508949421047, 0.05795663079694444, 0.052943719831460526, 0.1565767980228218, 0.019556013687260176, 0.154296141542188, 0.17113563899141016, 0.24407352655652756, 0.0, 0.11873780397635578], "(2, -2, 0, 0)": [0.02683387049937537, 0.053547656943078066, 0.007013883636808574, 0.08840276564700696, 0.0, 0.007504690148896084, 0.0, 0.03403930596816995, 0.02815385880850118, 0.03531138578984503, 0.049550705363380174],