{"q_values": {"(0, 0, 0, 0)": [0.9163797576020971, 0.9207192334295912, 0.9175869402874792, 0.9183018001978414, 0.9184653853841293, 0.918832746700999, 0.9055345592582362, 0.8801666997128764, 0.9183159956708141, 0.9103311770309327, 0.9135545919396694], "(0, 1, 0, 0)": [0.792702454149902, 0.6792633837747774, 0.8104271645545857, 0.7344702238604676, 0.7551900535720811, 0.7913712975101056, 0.7789746649007412, 0.8015927592502026, 0.712662426234401, 0.6993517216247579, 0.8029124709245605], "(0, 2, 0, 0)": [0.09707055473921511, 0.09225271530930507, 0.10150858538503615, 0.08470018613022273, 0.07990298468600318, 0.09914550455441021, 0.09256333877826588, 0.08951927675856523, 0.08692966403979596, 0.09698951806437453, 0.08960237229855175], "(0, -1, 0, 0)": [0.7842993669992948, 0.8939628090968191, 0.8672562742674722, 0.8717236653256567, 0.8615841533909893, 0.8870053677763784, 0.8368069301365316, 0.8419008636328547, 0.813206420050962, 0.8748403856458408, 0.8937781697940611], "(0, -2, 0, 0)": [0.09748039676595092, 0.09447497992914976, 0.10444684721715118, 0.11989515327297323, 0.11170374557898559, 0.07838150445363806, 0.0925568790040691, 0.10308144589877434, 0.11680990945248301, 0.11569643102534206, 0.10395167061199889], "(-1, -1, 0, 0)": [0.16339364142990992, 0.07562743133771413, 0.09743084732646265, 0.1149719611159859, 0.06639841679571076, 0.09290177078953052, 0.04986646828336488, 0.06060335825850173, 0.10120921090943569, 0.10822123473664151, 0.06936558126417534], "(-1, -2, 0, 0)": [0.0032105638292296984, 0.007150502409193465, 0.0024373425117217382, 0.005854739140160761, -0.0002495871517658164, -0.0005244220635437277, 0.005704410354351661, 0.004447554241683102, 0.007601888444682976, 0.005364650447428735, 0.006958491216163191], "(-1, 1, 0, 0)": [0.03607034531794526, 0.03630722069570736, 0.02651147032475267, 0.06234732027705592, 0.03979654783054927, 0.04247007723246991, 0.02307160415182067, 0.04293059176535329, 0.04507930823694074, 0.03597386087372677, 0.02692637362443362], "(-1, 2, 0, 0)": [0.0037445661139301548, 0.005598860901024518, 0.004987956871244554, 0.008622939584835804, 0.009215228134438685, 0.004849951978073393, 0.003746656074490703, 0.008336981398484182, 0.009097466287224028, 0.008023076527865266, 0.013163215576115368], "(-1, 0, 0, 0)": [0.008457670778051898, 0.022752809181492847, 0.006239391358088172, 0.010218346483528148, 0.065902154218849, 0.0087952409227601, 0.012343974906133467, 0.020915069945492477, 0.03249851542720681, 0.014147163643067147, 0.023020470797515735], "(1, -1, 0, 0)": [0.17639165985988436, 0.14378573541458564, 0.16438623547074338, 0.15104380050958902, 0.08626700070633765, 0.1633292913405636, 0.11640837441769987, 0.11690602282134976, 0.14238120761140874, 0.15557484320988246, 0.13717286835525597], "(1, -2, 0, 0)": [0.03319636495582105, 0.008423488023082149, 0.01582713277062865, 0.004441664615906738, 0.01617073410279866, 0.0006467288631491217, 0.04023327360652216, 0.011680610899811676, 0.01610035657126741, 0.009973503087017034, 0.004390128175241062], "(1, 0, 0, 0)": [0.19987096856899786, 0.24342693509033742, 0.2846791509560915, 0.227404356554138, 0.2625196538750557, 0.21362225875980267, 0.28431917617691443, 0.1887917743931285, 0.2905700563652628, 0.2313657441910335, 0.27490526687335065], "(1, 1, 0, 0)": [0.30076766451196996, 0.062735826473649, 0.12751581207341045, 0.08829306342850925, 0.047653136746845584, 0.1400873997558015, 0.07890916795605346, 0.08043798636671425, 0.1264996751161147, 0.1037927361157511, 0.13605651284526973], "(1, 2, 0, 0)": [-5.727027107972583e-05, -0.001548678577418897, 0.0, 0.002257737322697602, 0.0022724957587068897, 0.0022251989142840723, 0.003983393584358234, 0.0017261902996489546, -0.0032864827662706375, 0.006581145134802765, 0.0], "(2, 0, 0, 0)": [0.0, 0.005439226866999349, 0.0, 0.02532289368479013, 0.005350698496607694, 0.005442920212933502, 0.0019378985011630806, 0.01208989022322586, 0.0, 0.0, 0.005441177056470594], "(2, -1, 0, 0)": [0.0, 0.017347127679234617, 0.0019119341570425193, 0.0019032771877485674, 0.0, 0.0019148267518270176, 0.0, 0.0, 0.0, 0.0, 0.002956496489862911]}}