{"q_values": {"(0, 0, 0, 0)": [0.8883664655354037, 0.8891665269639532, 0.8931296755987447, 0.8883756066378715, 0.8774015160043801, 0.8867653813090755, 0.8885013301135972, 0.8889838558103831, 0.8885771951866673, 0.8880759987106893, 0.8052396122109717], "(0, 1, 0, 0)": [0.8692200374142627, 0.8703252179268579, 0.8114139129130705, 0.8784808155062976, 0.8032752408556665, 0.824717957322981, 0.8396677338413236, 0.8315384964908049, 0.8349490117438669, 0.7737507914433865, 0.7777529610638345], "(0, 2, 0, 0)": [0.4743741650124315, 0.4784381301248964, 0.49732557488707746, 0.41722218850449133, 0.5128738692780395, 0.5031108989234626, 0.5230178753571608, 0.5229567621294092, 0.43876703201111583, 0.4663469424592989, 0.5372932678000167], "(0, 3, 0, 0)": [0.1342487263972485, 0.1320063832959838, 0.1296555511691942, 0.13770642944285333, 0.132148415513388, 0.14250063950714742, 0.13218222020270848, 0.12455844973598756, 0.11832206731551351, 0.13783652678316055, 0.12109393782931271], "(0, 4, 0, 0)": [0.022700138079947387, 0.0014913168876184418, 0.02363918456905798, 0.035849377422679365, 0.019405938185000474, 0.02196816231995996, 0.02818699426167663, 0.014344068202346023, 0.02112459352188323, 0.023965969537333053, 0.008829679761565502], "(0, -2, 0, 0)": [0.677527663606197, 0.6194231608516503, 0.6377277141664386, 0.6361195743002257, 0.6115153417658861, 0.5862561602784938, 0.7163975408430171, 0.6367069816883488, 0.6474376515028407, 0.6885203664426831, 0.6471940347884177], "(0, -3, 0, 0)": [0.16934160852812016, 0.2135927844797981, 0.17857040017111486, 0.21008583761764685, 0.19202565098173935, 0.2152161300076515, 0.1866570659870918, 0.19022839578725428, 0.1961172540533014, 0.2075188868399785, 0.2107101622657458], "(0, -4, 0, 0)": [0.013161194101842433, 0.03486011640031163, 0.030897358768173247, 0.029894447349403087, 0.023648551300661097, 0.03258200025691867, 0.034415680246995144, 0.03287415143879553, 0.021100488964959974, 0.021110051977249134, 0.0326425942364169], "(0, -1, 0, 0)": [0.839800155851484, 0.8827122924623271, 0.8597355238293891, 0.8196852108116099, 0.8637299327475373, 0.8680614231843119, 0.8738405161994923, 0.8789011726129252, 0.868277481341184, 0.8581484021441274, 0.7907617543240842], "(1, 3, 0, 0)": [0.002282135860604793, 0.00929674419555731, 0.022125155861386487, 0.0029206416269844356, 0.03799650700423791, 0.0037059369535798617, 0.0037202280984873362, 0.007229398179146303, 0.00589850418718186, 0.01671237348338157, 0.005701853827496536], "(1, 4, 0, 0)": [0.0028234591923985857, 0.004299905233930552, 0.0044652232347284875, -0.007863020226359367, 0.0, 0.0, 0.007593081953267305, 0.0028637975909819244, 0.006007398661695163, 0.005644030365809138, -0.004357173666357995], "(-1, -1, 0, 0)": [0.0031276318836970644, 0.008423468994256264, 0.0, 0.0031320070508880932, 0.0, 0.025539537429479096, 0.008424137363489872, 0.10458866111330427, 0.006411210329826217, 0.0035261268541908254, 0.08477559050980342], "(-1, -2, 0, 0)": [0.027975281414637128, 0.02777717230796487, 0.028975514552306892, 0.05552497966766638, 0.004391725608742736, 0.009237102088131163, 0.024753607160038344, 0.00905141372429726, 0.021333105214333438, 0.03223773590454442, 0.026074734204568423], "(-1, 3, 0, 0)": [0.03153306528911249, 0.0, 0.021361078527143255, 0.01049853381093651, 0.018091732585505716, 0.014061611949929071, 0.008994842338685098, 0.015131006618556462, 0.017463503989003516, 0.018966788534023504, 0.023761173096772517], "(-1, 4, 0, 0)": [0.0008700242706977668, 0.00029443680441414936, 0.0, 0.003063620020454197, 0.0010734263536955335, 0.0012483774672527271, 0.0, -0.00784737177193165, 0.003531795384350311, -0.004375548660755158, 0.0], "(-1, -3, 0, 0)": [0.015104807609646291, 0.012002300057076335, 0.010762254834779631, 0.032556430325438576, 0.01540026728318315, 0.010886099886262794, 0.012615903958228591, 0.010702980851252205, 0.017593959631136215, 0.005090692974032316, 0.011914682833310278], "(-1, -4, 0, 0)": [-0.004626748303795816, 0.0027734079320399035, 0.0025303466331146993, -0.005234751934763543, 0.0013669142492672508, 0.00011267608481146506, 0.0012493900344882638, 0.0022887260263456, 0.0, 0.0021554024399493875, 0.0030141764655449302], "(1, 0, 0, 0)": [0.10552433929179339, 0.012474713421370884, 0.005138477206357666, 0.005140843883284278, 0.0, 0.010725480968969622, 0.009639039487084517, 0.0242642922583529, 0.017576991961907706, 0.004361170885531046, 0.0], "(1, -1, 0, 0)": [0.22738146334022216, 0.11768470244977591, 0.11917889535033219, 0.14723442007185075, 0.10149100279071471, 0.1500426950944435, 0.26588948368406956, 0.14347422679151753, 0.11918980938545022, 0.18377938936295887, 0.14558238788811123], "(1, -2, 0, 0)": [0.22558120450654826, 0.16243249086827594, 0.07785157319963593, 0.1168075229550303, 0.042930659252129445, 0.07161845086894668, 0.1946205291507528, 0.04189649769798201, 0.04172431736767255, 0.030160142993327504, 0.05039811432401228], "(1, -3, 0, 0)": [0.02330218920060653, 0.03418790394050442, 0.0, 0.039015594830688345, 0.001851562596857548, 0.04836560768223549, 0.06021047855551079, 0.015234198211060684, 0.028014569344508255, 0.029896204359747526, 0.02776807900532265], "(1, -4, 0, 0)": [0.016174075916728176, 0.002695108860221577, 0.0, 0.0016261406008836396, 0.0016874455308354191, 0.0018834904644696466, -0.0003652987975802909, 0.004754826217350114, 0.003538720049719467, 0.002683575697403397, 0.0030946138144670216], "(-1, 1, 0, 0)": [0.25106079627599237, 0.17182380925545213, 0.13765619720712607, 0.16276193716818455, 0.1435448159909801, 0.13706633559905357, 0.10004308221069425, 0.14516591846232488, 0.1412642147039884, 0.1677960916050266, 0.12560832294813265], "(-1, 2, 0, 0)": [0.014065350773203011, 0.02137040187059469, 0.02819979807151558, 0.011076120763039545, 0.03980829010432264, 0.017635712837368596, 0.005476722782963813, 0.015237816823532882, 0.02214293824301223, 0.007938309844770178, 0.01985412031890789], "(1, 1, 0, 0)": [0.009752017411504152, 0.0, 0.29933454954011285, 0.0, 0.006691147833784841, 0.053574121767711744, 0.0, 0.029578455981599, 0.0035038922738823523, 0.0, 0.030246675688385016], "(1, 2, 0, 0)": [0.0019012192264199258, 0.030647577301955338, 0.01786100518604548, 0.0, 0.018216360342779618, 0.031016173764928108, 0.07207925665478086, 0.0, 0.017848125926161123, 0.03223532789867411, 0.017873137711489514], "(-1, 0, 0, 0)": [0.039877791380431266, 0.045411221230977156, 0.09014161230484746, 0.06708317936754814, 0.0, 0.06879709981269602, 0.07982650957377625, 0.005979673289062588, 0.04133339448373278, 0.287181052303582, 0.0], "(-2, 1, 0, 0)": [0.0, 0.0, 0.0, 0.0, 0.0, 0.0, 0.0019504040479660035, 0.0, 0.003925069067627192, 0.0, 0.0], "(-2, 2, 0, 0)": [0.0, 0.0, 0.0, 0.0, 0.0, 0.0, 0.0, 0.0, 0.013216323148737639, 0.0, 0.0]}}