{"q_values": {"(0, 4, 0, 0)": [-0.003945277321600811, -0.01121528155991813, -0.009859451704540667, -0.010636995405286592, -0.006947146305052766, -0.004712047588044951, 0.0016715422706801775, -0.006216996021600451, 7.507312348846657e-05, -0.005651279089602148, -0.005352468560767426], "(0, 3, 0, 0)": [0.08486460868501561, 0.038536546725649753, 0.05333414913247143, 0.05960269443572376, 0.0749552937239183, 0.0746153324973353, 0.055828736003997854, 0.061189517031421635, 0.05105474248690758, 0.05823525325742409, 0.045534835852806085], "(0, 2, 0, 0)": [0.1896946098778731, 0.23874246333787957, 0.19682831338067674, 0.1778762140363213, 0.19449825010803587, 0.20047627574699386, 0.20808801811699823, 0.2087699956196499, 0.2070626859167039, 0.14155300501536272, 0.20033334342433837], "(0, 1, 0, 0)": [0.40945731248564027, 0.44445759141553326, 0.4734312985590365, 0.40441348370545915, 0.39974679579230077, 0.3524599350586822, 0.3869513182440022, 0.40681092626016435, 0.3963038397274315, 0.4006873546763841, 0.40591902585103373], "(0, 0, 0, 0)": [0.5396048684119347, 0.5058889103960019, 0.5302465554380452, 0.5401960375602715, 0.5318271384275407, 0.5515754108070243, 0.5594797649663519, 0.5830410344972108, 0.5036165547233201, 0.521482798530028, 0.5010492550561466], "(0, -4, 0, 0)": [-0.003534217908333839, -0.009381661095534654, -0.009424805305887376, -0.01098040131853811, -0.006580127928379717, -0.006510617982248722, -0.005911824013812385, -0.007662065572614556, -0.009992537265491422, -0.006897589878899757, -0.003191321468909827], "(0, -3, 0, 0)": [0.04532145693121411, 0.04907794161027923, 0.0435232970255964, 0.0550653372880245, 0.03300153661228271, 0.0557496610316044, 0.04510021019640957, 0.04403117655049496, 0.05198663380521167, 0.03905049897963791, 0.05279181874486229], "(0, -2, 0, 0)": [0.15272402586991096, 0.18547409529882825, 0.1709558728323607, 0.20671397213894607, 0.20672169391996115, 0.15514722195531847, 0.19479290176000927, 0.1791728770530629, 0.15747956783847067, 0.199470144336718, 0.2744409868254841], "(0, -1, 0, 0)": [0.3838357549932332, 0.3901303098030023, 0.4276220111296803, 0.3969493788242549, 0.4733170665796055, 0.47323017891015373, 0.48016410858914393, 0.56649008444209, 0.478270021297456, 0.43835491380315406, 0.37461068552240284], "(1, -2, 0, 0)": [0.015136221877748489, 0.0, 0.04357080240037961, 0.011582050529780187, 0.01865682097448173, 0.009795739514420526, 0.01690160105247753, 0.0, 0.03282282893092295, 0.025556570246220635, 0.023851080027494573], "(1, -4, 0, 0)": [-0.004364912211894989, 0.0, 0.0, -0.0026417178213596344, -0.0008968730297684666, 0.0, 0.0, 0.0, 0.0, 0.0, 0.0], "(1, -3, 0, 0)": [0.008697856842886601, 0.0, 0.008326818741630533, 0.0, 0.0, 0.004424943252589199, 0.0, 0.0, 0.0, 0.0, 0.0]}, "n_values": {"(0, 4, 0, 0)": [24.0, 18.0, 14.0, 14.0, 9.0, 15.0, 25.0, 21.0, 13.0, 19.0, 15.0], "(0, 3, 0, 0)": [78.0, 20.0, 28.0, 39.0, 36.0, 39.0, 27.0, 18.0, 33.0, 34.0, 27.0], "(0, 2, 0, 0)": [46.0, 76.0, 60.0, 38.0, 57.0, 60.0, 53.0, 69.0, 41.0, 44.0, 50.0], "(0, 1, 0, 0)": [112.0, 132.0, 87.0, 113.0, 65.0, 94.0, 68.0, 108.0, 84.0, 87.0, 86.0], "(0, 0, 0, 0)": [91.0, 95.0, 79.0, 119.0, 109.0, 99.0, 91.0, 104.0, 100.0, 93.0, 87.0], "(0, -4, 0, 0)": [23.0, 18.0, 20.0, 21.0, 30.0, 19.0, 26.0, 30.0, 36.0, 25.0, 22.0], "(0, -3, 0, 0)": [45.0, 48.0, 42.0, 32.0, 44.0, 46.0, 50.0, 54.0, 51.0, 52.0, 45.0], "(0, -2, 0, 0)": [88.0, 82.0, 84.0, 83.0, 75.0, 81.0, 99.0, 75.0, 96.0, 123.0, 122.0], "(0, -1, 0, 0)": [122.0, 97.0, 86.0, 109.0, 103.0, 95.0, 97.0, 138.0, 102.0, 133.0, 156.0], "(1, -4, 0, 0)": [1.0, 0.0, 0.0, 1.0, 1.0, 0.0, 0.0, 0.0, 0.0, 0.0, 0.0], "(1, -3, 0, 0)": [2.0, 0.0, 2.0, 0.0, 0.0, 1.0, 0.0, 0.0, 0.0, 0.0, 0.0], "(1, -2, 0, 0)": [1.0, 0.0, 2.0, 1.0, 1.0, 1.0, 1.0, 0.0, 2.0, 1.0, 1.0]}}