{"q_values": {"(0, 4, 0, 0)": [-0.0025255240016625793, -0.004687200175024433, -0.0145232662654471, -0.002939446127766832, -0.006458212347664049, -0.006027182688961604, 0.0021091269632890395, -0.003752305877644032, -0.002225143275777093, -0.005367452063192934, -0.010618848858691767], "(0, 3, 0, 0)": [0.07282777350371379, 0.07409619677559126, 0.07774784953427917, 0.05760454894442826, 0.06486030028809701, 0.07218249610085654, 0.06409971595213158, 0.05095736640115136, 0.036411016017175155, 0.05978506163684312, 0.060275608399584145], "(0, 2, 0, 0)": [0.6268681936041399, 0.27035062602573345, 0.19821869245448637, 0.2319206523863334, 0.42883540089498967, 0.45429462369567225, 0.31393845741644055, 0.26272099889848827, 0.20145998659994413, 0.25363765019690676, 0.44896235402039913], "(0, 1, 0, 0)": [0.576768318131936, 0.5292445344869636, 0.7681690066269063, 0.43833482517222383, 0.6042126799402526, 0.5869647786071818, 0.5372890502308384, 0.5189119530183536, 0.5285538236941787, 0.5996646082959715, 0.6207798039834826], "(0, 0, 0, 0)": [0.5762977267367554, 0.43058531092524976, 0.5675393183035661, 0.47239685244353197, 0.5217649661490225, 0.5420123552473999, 0.5936265916720299, 0.4630159965397778, 0.5326793766490215, 0.4882170097732829, 0.5200709261535804], "(0, -4, 0, 0)": [-0.0028182819912224923, -0.010055123324397066, -0.005619677558035169, -0.0026486153963156383, -0.006142140900063537, 0.00018985371920689133, -0.00289037482751839, -0.008710441576715763, -0.0010796816819296819, 0.0019008394673495216, 0.018010200867421295], "(0, -3, 0, 0)": [0.06962579757083304, 0.06586486585228843, 0.06980116897959099, 0.09407834226908668, 0.09566746133398799, 0.0883356428255273, 0.06585514270057165, 0.07986002844549282, 0.09435729787119025, 0.10364738741294605, 0.13372945292583904], "(0, -2, 0, 0)": [0.22441890545070742, 0.3530411995057012, 0.2290544060260557, 0.3305269339738232, 0.3082166805129279, 0.27410882986971985, 0.2901235209885884, 0.45750653267376185, 0.35150493079511735, 0.32159293103264286, 0.2645511275461745], "(0, -1, 0, 0)": [0.46784301761524894, 0.3794100306371487, 0.4507716771326437, 0.4204872763188138, 0.4068457595685969, 0.45662093003547977, 0.44133598700365645, 0.42449766580447745, 0.4392475676737944, 0.4977824755172371, 0.45332493534266916], "(1, -2, 0, 0)": [0.06003181234531481, 0.016676026125119325, 0.09317636839237203, 0.04557717038838133, 0.04107146121457218, 0.0612516803551446, 0.01690160105247753, 0.03342666703639674, 0.08605449152680035, 0.0508777073135064, 0.03423595169421839], "(1, -4, 0, 0)": [-0.004364912211894989, -0.006180752333253622, -0.008476380479753017, -0.0013129193432249132, -0.0032963918020550162, -0.001839465115652185, -0.006771005805677177, -0.003091599642559886, 0.00031414552231851574, -0.005876471754722296, -0.0020619347968387604], "(1, -3, 0, 0)": [0.0175025273445156, 0.010266912733789466, 0.029980422935728435, 0.022763388900844752, 0.004834508062055726, 0.011343921311554823, 0.018826866689097208, 0.0, 0.01070944429057619, 0.0, 0.0], "(-1, 1, 0, 0)": [0.264513822653815, 0.3169263604249938, 0.3606172698852541, 0.38748032142728256, 0.33751769202707166, 0.3328919624399647, 0.302889210470028, 0.34401079611417973, 0.361291702031677, 0.34997438023378663, 0.3683778483234616], "(-1, 2, 0, 0)": [0.38503612601483916, 0.24868973233491865, 0.16154145962833857, 0.20547700075666842, 0.20705925145613344, 0.19192478668323523, 0.20293522631871633, 0.1551015151799268, 0.11388423004182326, 0.16972844373326393, 0.12203727200446403], "(-1, 3, 0, 0)": [0.05627815664188729, 0.03292810149468841, 0.03842397413497194, 0.02936625122522232, 0.05782165828137381, 0.030633872013722627, 0.018581778952474665, 0.04078751186513614, 0.03441655485694648, 0.042316725335266106, 0.029980193386698738], "(-1, 4, 0, 0)": [-0.0007765937814084752, -0.002435034467009075, -0.0012997762961806712, -0.009017842844280482, -0.004030946595789797, -0.005163902185231447, -0.004791157046705485, -0.004236578187604243, -0.008507873488270415, -0.007863690853118898, 0.0001361525021147073], "(-1, 0, 0, 0)": [0.5020634610209165, 0.37502855442079924, 0.4165286730974554, 0.1892624331090677, 0.47580404955800565, 0.4903321971942875, 0.27339984513508353, 0.4748960650652472, 0.43690655302429937, 0.24482120991299922, 0.24025101858875372], "(1, 0, 0, 0)": [0.12390977343332259, 0.0, 0.0, 0.03891878178558568, 0.0, 0.0, 0.037294895606729515, 0.0, 0.0, 0.0, 0.0], "(1, -1, 0, 0)": [0.195467441155917, 0.07997219540479669, 0.11806067659917667, 0.056238915826856556, 0.09194345420883344, 0.051445343580706564, 0.07482397427664055, 0.09154907862695015, 0.0689402803631422, 0.06328588012772403, 0.0], "(-2, 3, 0, 0)": [0.022156830842226465, 0.0, 0.0, 0.0, 0.0, 0.007770987550118114, 0.007604077850036909, 0.0, 0.011270826774512277, 0.0, 0.0], "(-2, 4, 0, 0)": [-0.003118651248961687, -0.0008373799484096163, -0.004358082264661789, 0.0, -0.0010538569177701023, 0.0, 0.0, 0.0, -0.0009207996647059916, 0.0, 0.0], "(-2, 1, 0, 0)": [0.13850799296176386, 0.0, 0.07145391224114729, 0.0, 0.0, 0.0, 0.03344585903290973, 0.038270831490227364, 0.03985021290016382, 0.0, 0.0], "(-2, 2, 0, 0)": [0.03490840124141338, 0.04475499641028244, 0.02849079379187059, 0.0, 0.0, 0.0, 0.01997683907019522, 0.025187443387673356, 0.02511689795115495, 0.04554018704571261, 0.0]}, "n_values": {"(0, 4, 0, 0)": [66.0, 25.0, 27.0, 24.0, 18.0, 26.0, 50.0, 32.0, 39.0, 31.0, 30.0], "(0, 3, 0, 0)": [120.0, 96.0, 60.0, 60.0, 73.0, 79.0, 68.0, 50.0, 53.0, 59.0, 48.0], "(0, 2, 0, 0)": [106.0, 207.0, 166.0, 152.0, 111.0, 137.0, 107.0, 116.0, 107.0, 94.0, 94.0], "(0, 1, 0, 0)": [266.0, 429.0, 542.0, 305.0, 171.0, 225.0, 193.0, 211.0, 186.0, 201.0, 186.0], "(0, 0, 0, 0)": [217.0, 202.0, 168.0, 201.0, 200.0, 217.0, 170.0, 263.0, 187.0, 225.0, 205.0], "(0, -4, 0, 0)": [41.0, 37.0, 32.0, 38.0, 43.0, 37.0, 39.0, 47.0, 81.0, 41.0, 41.0], "(0, -3, 0, 0)": [69.0, 70.0, 86.0, 74.0, 72.0, 71.0, 89.0, 91.0, 82.0, 90.0, 199.0], "(0, -2, 0, 0)": [135.0, 135.0, 137.0, 152.0, 146.0, 135.0, 171.0, 183.0, 182.0, 230.0, 292.0], "(0, -1, 0, 0)": [196.0, 189.0, 177.0, 217.0, 216.0, 180.0, 246.0, 242.0, 357.0, 300.0, 383.0], "(1, -4, 0, 0)": [1.0, 2.0, 4.0, 2.0, 3.0, 5.0, 3.0, 2.0, 3.0, 3.0, 2.0], "(1, -3, 0, 0)": [4.0, 2.0, 11.0, 3.0, 2.0, 2.0, 3.0, 0.0, 2.0, 0.0, 0.0], "(1, -2, 0, 0)": [3.0, 1.0, 19.0, 3.0, 3.0, 3.0, 1.0, 2.0, 6.0, 2.0, 2.0], "(-1, 4, 0, 0)": [3.0, 3.0, 10.0, 6.0, 5.0, 2.0, 2.0, 5.0, 8.0, 2.0, 5.0], "(-1, 3, 0, 0)": [44.0, 4.0, 4.0, 2.0, 6.0, 5.0, 6.0, 5.0, 7.0, 6.0, 5.0], "(-1, 2, 0, 0)": [110.0, 15.0, 16.0, 12.0, 12.0, 11.0, 18.0, 9.0, 5.0, 13.0, 10.0], "(-1, 1, 0, 0)": [123.0, 27.0, 23.0, 27.0, 19.0, 21.0, 10.0, 12.0, 15.0, 13.0, 18.0], "(-1, 0, 0, 0)": [8.0, 5.0, 8.0, 2.0, 9.0, 41.0, 4.0, 25.0, 6.0, 3.0, 3.0], "(1, -1, 0, 0)": [21.0, 4.0, 3.0, 2.0, 2.0, 1.0, 4.0, 2.0, 2.0, 1.0, 0.0], "(1, 0, 0, 0)": [4.0, 0.0, 0.0, 1.0, 0.0, 0.0, 1.0, 0.0, 0.0, 0.0, 0.0], "(-2, 4, 0, 0)": [2.0, 3.0, 1.0, 0.0, 2.0, 0.0, 0.0, 0.0, 1.0, 0.0, 0.0], "(-2, 3, 0, 0)": [6.0, 0.0, 0.0, 0.0, 0.0, 1.0, 1.0, 0.0, 1.0, 0.0, 0.0], "(-2, 2, 0, 0)": [2.0, 2.0, 1.0, 0.0, 0.0, 0.0, 1.0, 2.0, 1.0, 2.0, 0.0], "(-2, 1, 0, 0)": [5.0, 0.0, 2.0, 0.0, 0.0, 0.0, 1.0, 1.0, 1.0, 0.0, 0.0]}}