{"q_values": {"(0, 4, 0, 0)": [0.0009522557009887738, 0.007690018936201017, -0.000166230068782444, 0.007041467633721328, 0.0027820504662875367, -0.00046716573766609603, 0.0018379032413160775, -0.004143695509846084, -0.0007717595783688124, 0.002260830345283079, -0.011520041305298016], "(0, 3, 0, 0)": [0.06470711853870217, 0.09408564826648143, 0.05165581342545366, 0.08248802132524172, 0.08668346616383547, 0.0748445508677403, 0.08683153581431227, 0.07896808967890882, 0.06625913896210162, 0.07801735689487779, 0.07987167192615613], "(0, 2, 0, 0)": [0.2706969162187436, 0.1985667858042543, 0.27129335944373983, 0.26154890464371783, 0.20593565588185866, 0.2110422252066436, 0.25035794805996064, 0.22801197389181155, 0.21888883574361243, 0.2365450312672913, 0.20779083796544356], "(0, 1, 0, 0)": [0.4518509217734922, 0.3538179538256904, 0.48185344629928223, 0.43065183698373694, 0.4018619580895626, 0.43084072551214087, 0.33903027359294163, 0.3794976396721245, 0.3371598725552839, 0.34317331387703365, 0.4108704716520131], "(0, 0, 0, 0)": [0.6230741623126936, 0.4588296887496603, 0.5602743910256092, 0.5773585405511652, 0.5201492419236662, 0.5385012976902427, 0.5818736669163274, 0.5703661612516886, 0.5276702894067142, 0.5597883603763097, 0.48700945059768824], "(0, -4, 0, 0)": [-0.005376607836508868, -0.006349467489018293, -0.0035053532876927473, -0.007517918068824319, -0.005705770561381215, -0.008839016908852151, -0.008232082222555092, -0.011693139463500118, -0.0033271111499278104, -0.003049788764724194, -0.004827240793767525], "(0, -3, 0, 0)": [0.06160538555888954, 0.05706005537943741, 0.04407331128946396, 0.0550252238381511, 0.053352324637595996, 0.04864424737873016, 0.058040676432927346, 0.06951228392344512, 0.06178890778315864, 0.06405668783879206, 0.05805016299376101], "(0, -2, 0, 0)": [0.1741699681363161, 0.2692393625447001, 0.19824180370359565, 0.26306331032735586, 0.20998006793660046, 0.2239727784847208, 0.28373134480728235, 0.407577384415519, 0.24334559694216823, 0.25119864825539673, 0.24747009827390012], "(0, -1, 0, 0)": [0.6321709583446943, 0.5039948844370962, 0.5032485827607296, 0.5224508332301872, 0.6792102664438943, 0.4901700946550745, 0.5151726910949349, 0.5459381131878518, 0.6286329891915542, 0.6318698253428507, 0.5805262437591246], "(1, -2, 0, 0)": [0.10929944641757093, 0.11578484976342131, 0.10938692366806799, 0.11690601176695382, 0.12291399012305118, 0.10752148490977438, 0.12103083781830419, 0.12893898371770457, 0.14075808235271545, 0.14503649539242466, 0.13004993488849997], "(1, -4, 0, 0)": [-0.008800549020789741, -0.012671310647937011, -0.0077392654796536835, -0.010024741666856952, -0.00562346694891353, -0.007037797432587657, -0.008995131980018643, -0.00981835773063111, -0.006558283664087104, -0.010324891173235774, -0.009273559192543314], "(1, -3, 0, 0)": [0.03694177967599229, 0.028860841203356538, 0.03097748929829632, 0.030475777415706923, 0.034727886608148725, 0.031501021096366495, 0.026476444054848124, 0.04153229284971717, 0.039088292817423806, 0.05654987937537395, 0.007650214971337303], "(-1, 1, 0, 0)": [0.29135902979486633, 0.318302224622238, 0.31199768484663837, 0.24621678509358763, 0.3062957084189164, 0.2725140323564438, 0.2657380931324114, 0.3513353349591772, 0.21185087071161066, 0.27725564513825735, 0.2745164466243458], "(-1, 2, 0, 0)": [0.11915355331139887, 0.13996385339883205, 0.1661188762743508, 0.135404390087568, 0.12948658668453777, 0.13547565916379078, 0.11516898493651526, 0.11278411612931617, 0.11299536207960553, 0.13304802584077077, 0.11621226364808869], "(-1, 3, 0, 0)": [0.13710481010870745, 0.03697443928010403, 0.03677367945780857, 0.02936625122522232, 0.046414457479868554, 0.08347669738055483, 0.027169994001169217, 0.034624215326847244, 0.0357657281483192, 0.038145559370077076, 0.0396180610743912], "(-1, 4, 0, 0)": [-0.009971636948367099, -0.004611810226074749, -0.004269543481120176, -0.007668899580047274, -0.006707787313800155, 0.005357233496742266, -0.00561447746447295, -0.010126661838764808, -0.007769482570854364, -0.004967340954293263, -0.004326338995103173], "(-1, 0, 0, 0)": [0.38040456269514134, 0.38179992546370894, 0.45853203933366676, 0.3476826607754434, 0.4507918245421455, 0.3769190506093692, 0.30864536091873424, 0.4447800392829674, 0.43690655302429937, 0.23885005245211466, 0.3049133711801523], "(1, 0, 0, 0)": [0.41935057156669336, 0.20343000149759863, 0.20127108012640105, 0.18352515913953102, 0.11618626981116131, 0.2680588539551722, 0.177082567547239, 0.055418254578820214, 0.2616750119843595, 0.20803431293825986, 0.14684273797762443], "(1, -1, 0, 0)": [0.24212178410483864, 0.31665849176852534, 0.31271829294372455, 0.28168590411823996, 0.3571971565761826, 0.3347519987221806, 0.4192772545968127, 0.34373106028535044, 0.30142095300015637, 0.45097655942596787, 0.3441091841284838], "(-2, 3, 0, 0)": [0.022156830842226465, 0.0, 0.0, 0.0, 0.0, 0.007770987550118114, 0.007604077850036909, 0.0, 0.011270826774512277, 0.0, 0.0], "(-2, 4, 0, 0)": [-0.003118651248961687, -0.0008373799484096163, -0.004358082264661789, 0.0, -0.0010538569177701023, 0.0, 0.0, 0.0, -0.0009207996647059916, 0.0, 0.0], "(-2, 1, 0, 0)": [0.13850799296176386, 0.0, 0.07145391224114729, 0.0, 0.0, 0.0, 0.03344585903290973, 0.038270831490227364, 0.03985021290016382, 0.0, 0.0], "(-2, 2, 0, 0)": [0.03490840124141338, 0.04475499641028244, 0.02849079379187059, 0.0, 0.0, 0.0, 0.01997683907019522, 0.025187443387673356, 0.02511689795115495, 0.04554018704571261, 0.0], "(1, 1, 0, 0)": [0.4256647755561331, 0.0, 0.10737507815120591, 0.10828082053321991, 0.08789972056336594, 0.1748228605372477, 0.08332773839168583, 0.0, 0.0, 0.0, 0.08448924704676376], "(1, 4, 0, 0)": [-0.004370878636837006, 0.0, 0.0, 0.0, 0.0, 0.0, 0.0, 0.0, 0.0, 0.0, 0.0], "(-1, -1, 0, 0)": [0.1077574911703948, 0.0, 0.0370691376133966, 0.0, 0.0, 0.0, 0.0, 0.032121207901623657, 0.0, 0.025360259253194885, 0.0], "(-1, -2, 0, 0)": [0.05967274966356293, 0.0, 0.0, 0.0, 0.013169319677045167, 0.020186197600139004, 0.0, 0.023645616416488588, 0.0, 0.0, 0.0], "(-1, -3, 0, 0)": [0.012751426852683297, 0.0, 0.0, 0.01170791685746979, 0.000841568908223137, 0.0, 0.0, 0.0, 0.0, 0.0, 0.004344094174560075], "(-1, -4, 0, 0)": [-0.004382526302449405, 0.0, 0.0, 0.0, 0.0, 0.0, 0.0, -0.002632122699171305, 0.0, 0.0, 0.0], "(1, 2, 0, 0)": [0.14221812762471603, 0.0, 0.04489568814953954, 0.04193066964501016, 0.0, 0.0, 0.0, 0.0, 0.0, 0.0, 0.0], "(2, -4, 0, 0)": [-0.0043785817921161655, 0.0, 0.0, 0.0, 0.0, 0.0, -0.00267664709687233, -0.000960185990333557, 0.0, 0.0007682558725833895, 0.0], "(2, -3, 0, 0)": [0.004254243801845298, 0.0, 0.002507220746304035, 0.0, 0.0, 0.0, 0.0, 0.0, 0.0, 0.0, 0.0]}, "n_values": {"(0, 4, 0, 0)": [122.0, 43.0, 32.0, 52.0, 27.0, 39.0, 62.0, 56.0, 48.0, 34.0, 38.0], "(0, 3, 0, 0)": [234.0, 157.0, 77.0, 77.0, 85.0, 102.0, 87.0, 72.0, 69.0, 79.0, 65.0], "(0, 2, 0, 0)": [144.0, 275.0, 189.0, 272.0, 175.0, 206.0, 135.0, 143.0, 139.0, 124.0, 116.0], "(0, 1, 0, 0)": [706.0, 537.0, 964.0, 460.0, 306.0, 346.0, 283.0, 300.0, 277.0, 308.0, 274.0], "(0, 0, 0, 0)": [314.0, 605.0, 376.0, 381.0, 390.0, 404.0, 380.0, 556.0, 457.0, 362.0, 307.0], "(0, -4, 0, 0)": [50.0, 46.0, 38.0, 43.0, 50.0, 40.0, 52.0, 51.0, 105.0, 49.0, 106.0], "(0, -3, 0, 0)": [78.0, 93.0, 108.0, 107.0, 94.0, 94.0, 114.0, 105.0, 101.0, 134.0, 307.0], "(0, -2, 0, 0)": [164.0, 176.0, 187.0, 198.0, 205.0, 185.0, 233.0, 289.0, 296.0, 468.0, 404.0], "(0, -1, 0, 0)": [305.0, 278.0, 291.0, 366.0, 315.0, 315.0, 372.0, 347.0, 989.0, 508.0, 1045.0], "(1, -4, 0, 0)": [6.0, 9.0, 12.0, 7.0, 12.0, 16.0, 10.0, 11.0, 35.0, 7.0, 10.0], "(1, -3, 0, 0)": [15.0, 12.0, 44.0, 45.0, 10.0, 6.0, 10.0, 8.0, 6.0, 49.0, 2.0], "(1, -2, 0, 0)": [17.0, 11.0, 33.0, 14.0, 15.0, 16.0, 14.0, 25.0, 116.0, 11.0, 12.0], "(-1, 4, 0, 0)": [11.0, 4.0, 17.0, 10.0, 13.0, 17.0, 5.0, 8.0, 9.0, 6.0, 11.0], "(-1, 3, 0, 0)": [101.0, 7.0, 5.0, 2.0, 12.0, 15.0, 8.0, 13.0, 10.0, 18.0, 10.0], "(-1, 2, 0, 0)": [131.0, 26.0, 29.0, 18.0, 22.0, 22.0, 35.0, 21.0, 8.0, 20.0, 15.0],