{"q_values": {"(0, 4, 0, 0)": [0.006945541544967375, 0.006959623979815911, 0.00517802739409676, 0.002613013584662727, -0.0013469859175800755, -0.0016479891361297488, 0.005085326875009645, -0.004143695509846084, -0.007192773468162871, 1.0268956415994054e-06, -0.0015480193938126954], "(0, 3, 0, 0)": [0.16059744848019666, 0.1241980495473318, 0.16581016047293992, 0.11702642732793869, 0.1615580542503715, 0.0873316056840431, 0.07258116623936417, 0.10836545078046592, 0.08806713738708288, 0.09058246069030322, 0.1350876765841107], "(0, 2, 0, 0)": [0.20977621993852252, 0.20284814553804212, 0.15222744607486516, 0.24391406246890818, 0.21296584730857296, 0.28238974127228256, 0.20476472658874154, 0.18303996813330953, 0.20167462886449508, 0.21498947717307695, 0.24465373771941515], "(0, 1, 0, 0)": [0.799580887379545, 0.7429359483808046, 0.758067650893658, 0.6988270295394511, 0.7212464423857465, 0.7701136310795408, 0.6576345602141914, 0.749781735492195, 0.7372779901547352, 0.6431920797952368, 0.7055017415967261], "(0, 0, 0, 0)": [0.6781302222029516, 0.7793032465794612, 0.7511985222125572, 0.7866634126893133, 0.7501161510031976, 0.8007746607985947, 0.8086905489348932, 0.8156098047659571, 0.7524418647439988, 0.7865882375270175, 0.808110342801102], "(0, -4, 0, 0)": [-0.0051976980947322955, -0.006037145527293683, -0.00721134805041506, -0.007890820838452568, -0.0035211901384457206, -0.011432942850945704, 0.008815064654367873, -0.013730071779955177, -0.004861624637808934, -0.00488836183961323, -0.0060946297684838936], "(0, -3, 0, 0)": [0.1541798486295946, 0.12154158147869869, 0.09878795525228987, 0.19073175767847778, 0.05487246428220976, 0.24874915161873243, 0.11176249942193422, 0.10513459612834437, 0.1772336023527838, 0.22417135699332735, 0.15190868430552798], "(0, -2, 0, 0)": [0.3163349170503466, 0.21374036504027694, 0.3497579581865951, 0.23397546118460127, 0.22573904365859274, 0.39386679669994906, 0.31330845772147703, 0.38175247699214593, 0.260716253272762, 0.34935060069147705, 0.29369975854772323], "(0, -1, 0, 0)": [0.7068014037537561, 0.8235857524862428, 0.8325659259886451, 0.7868318807425845, 0.8000321803318905, 0.8221555419536956, 0.7818799213206792, 0.7811451397258754, 0.9551954635189208, 0.7284058565322337, 0.6856912464289814], "(1, -2, 0, 0)": [0.13916289360575682, 0.09418200799755147, 0.11985445817648079, 0.10454689035004608, 0.1342552935852031, 0.14464301431990892, 0.1101484093337605, 0.13126553518446016, 0.12609714036946884, 0.1181333432240464, 0.13490636319807453], "(1, -4, 0, 0)": [-0.013483268951048965, -0.012919988990626638, -0.012626904489844033, -0.011850310472935334, -0.006032226918781788, -0.009653373814647906, -0.008995131980018643, -0.0032666933548441473, -0.00893773503100225, -0.009822460054388091, -0.008980176148914693], "(1, -3, 0, 0)": [0.032308154150698355, 0.041004957932158186, 0.028918683446730566, 0.035444805825665594, 0.042370393328326456, 0.03544277847992278, 0.028409924786175766, 0.08142668925420181, 0.052349341418384134, 0.037502368394059016, 0.017464678926129216], "(-1, 1, 0, 0)": [0.40061510919153503, 0.5117450112086049, 0.49578573167266826, 0.4243013900565611, 0.3925702882089883, 0.37660045435005507, 0.47253239856448886, 0.3877498496112436, 0.266303451585829, 0.4565933285897987, 0.3551818721346931], "(-1, 2, 0, 0)": [0.12222795748061172, 0.13046862752501137, 0.12415347430769273, 0.1476205764878101, 0.12754779234407443, 0.12380088710375212, 0.11614672882414247, 0.10777981069606495, 0.12363479047617494, 0.10812763708836434, 0.1184441016708527], "(-1, 3, 0, 0)": [0.07114354179993992, 0.04360002349422495, 0.03677367945780857, 0.05079904053013987, 0.05175280911952405, 0.05811633620847013, 0.04894930605241912, 0.03532044886110518, 0.03603428477043236, 0.044886247827157805, 0.03771233631145449], "(-1, 4, 0, 0)": [-0.009971636948367099, -0.0029768584566520154, -0.006417082254249753, -0.006264446203685726, -0.003093580279825747, -0.006796845870866142, -0.004091809652130462, -0.01074995423017928, -0.0054514502521432005, -0.007756230990028893, -0.005340179694841599], "(-1, 0, 0, 0)": [0.5990938032538355, 0.5540877985612167, 0.4672415365646554, 0.5623646399224972, 0.4907660956890821, 0.5644693512647203, 0.5610136644167266, 0.596766301201561, 0.5359355133125971, 0.5365159853566003, 0.4982244768649656], "(1, 0, 0, 0)": [0.637010986882769, 0.637563917115639, 0.6684405354698475, 0.6590592051022152, 0.5627736455381975, 0.6459158109367451, 0.6404000414510087, 0.5488914286348131, 0.475361548872932, 0.6738127625841975, 0.4710020832100377], "(1, -1, 0, 0)": [0.31368047629639445, 0.3670899661176975, 0.3316353840315995, 0.3629891741987428, 0.29949025004978486, 0.40781758296123305, 0.34201795942417423, 0.3720679113087998, 0.40729384124413137, 0.4472804504768837, 0.7228747716640179], "(-2, 3, 0, 0)": [0.04223866487022067, 0.0, 0.0, 0.012375908511964063, 0.011110126527608883, 0.02087307893132884, 0.014673535737715104, 0.014789815752996463, 0.011270826774512277, 0.011198630911228547, 0.005842589294572289], "(-2, 4, 0, 0)": [-0.00350502235579581, -0.007064923836699944, -0.007184779831655324, -0.003942232860351726, -0.001650287721220957, -0.005875787484161557, -0.006141138721257449, -0.0026360357664525513, -0.0009207996647059916, -0.0017167819030012937, -0.005085921239465476], "(-2, 1, 0, 0)": [0.5583240016120772, 0.33092423584877684, 0.185496069007909, 0.26182218680961666, 0.0, 0.26180759030127637, 0.17135161711124067, 0.28804813323859196, 0.1661824659222464, 0.27080397071012413, 0.2374208425670134], "(-2, 2, 0, 0)": [0.06561073712954996, 0.0543779504920938, 0.048301071951559305, 0.03625434691983507, 0.0, 0.0, 0.01997683907019522, 0.02987222679469581, 0.040228948241042534, 0.08173994701288347, 0.020438287707899832], "(1, 1, 0, 0)": [0.6016178975880629, 0.4914342826352089, 0.4979363002908147, 0.5261386090305744, 0.5854540257858211, 0.5427388368031113, 0.489402928285723, 0.5573100782148206, 0.5763682960070156, 0.5892566818968552, 0.3276475333971285], "(1, 4, 0, 0)": [-0.004370878636837006, 0.027789306093311324, 0.0, 0.0, 0.007438454068817674, 0.001692720214605314, 0.0, -0.004352519288659096, -0.0026447381637990475, 0.0, 0.0], "(-1, -1, 0, 0)": [0.14986576005944305, 0.0, 0.08031663476187387, 0.0, 0.06007224746770657, 0.021896650858595147, 0.09345397891759909, 0.032121207901623657, 0.0, 0.05728802509331696, 0.0], "(-1, -2, 0, 0)": [0.08171493454628773, 0.01682367332602432, 0.01818603070846808, 0.03360972567716133, 0.013169319677045167, 0.020186197600139004, 0.027646866327564072, 0.042744706978153614, 0.03360167422069972, 0.01853093721708695, 0.0], "(-1, -3, 0, 0)": [0.0248104965090031, 0.004294275175919997, 0.009586738040988273, 0.028911358377126464, 0.008383446050542781, 0.0, 0.007592965030420482, 0.017186599093043476, 0.02282508649433007, 0.014698247331134253, 0.016529126986111402], "(-1, -4, 0, 0)": [-0.004382526302449405, -0.004061013689192236, -0.005864931586459279, -0.002505128989312113, -0.003632248156497167, -0.005122031004339458, 0.0, -0.002632122699171305, 0.0, -0.006716706722763738, -0.003553695423197059], "(1, 2, 0, 0)": [0.5529125979344333, 0.3014829262979535, 0.39967473440273316, 0.32513022075559483, 0.2011045485744496, 0.38119856739044516, 0.2866407886043655, 0.1929913854915066, 0.37445840414033627, 0.34064186281216774, 0.2628813726415419], "(2, -4, 0, 0)": [-0.0043785817921161655, -0.002667578224092722, -0.007877575010061266, -0.0026640189960598945, -0.0058887845185026525, -0.0026447684578597545, -0.0030639043000340463, -0.000960185990333557, 0.0, -0.005426836361748804, -0.002619176965206862], "(2, -3, 0, 0)": [0.009835883072892581, 0.0, 0.002507220746304035, 0.008546762518136056, 0.0, 0.0, 0.0, 0.0, 0.009451714603756751, 0.0008409358147054912, 0.0], "(2, -1, 0, 0)": [0.10285855380754579, 0.0, 0.04812812014387011, 0.018992304074954135, 0.03771636806590532, 0.03577496929386516, 0.058778774701269354, 0.0, 0.0, 0.02083098473117685, 0.018793050019539882],