{"q_values": {"(0, 4, 0, 0)": [0.003183892808647072, 0.009884729320387033, 0.01046970019248564, -0.00481166183797566, 0.0021381036876615255, -0.005672486395359145, -0.00028666207702854676, -0.010098892606213305, -0.010128503071758155, 0.005965202532090367, -0.0013349688319022027], "(0, 3, 0, 0)": [0.11078968560342364, 0.08264672203594117, 0.09889471497322766, 0.10489968102636127, 0.09694709084111125, 0.06457684494513642, 0.080556978307924, 0.0591001289297267, 0.09057900298164899, 0.08131065088110559, 0.10517792959904726], "(0, 2, 0, 0)": [0.3773121815390894, 0.5897892387926462, 0.42769565509785423, 0.339189581862465, 0.2802251830451739, 0.3358050686897746, 0.37135837574012404, 0.40418669627116066, 0.26567777252833613, 0.3475750955778339, 0.3554142986126594], "(0, 1, 0, 0)": [0.5305412234294794, 0.5809464184773325, 0.5580149130081045, 0.5471996607775863, 0.5590801574620805, 0.4899729331982041, 0.5511030471384337, 0.4913035526828225, 0.6246715623018837, 0.5423423835933618, 0.5362491801502876], "(0, 0, 0, 0)": [0.6628305502569171, 0.5987154506791644, 0.61274291391806, 0.6760439953509654, 0.6070524616158607, 0.6476777181222133, 0.660046634099808, 0.653445908159405, 0.6775049840112705, 0.6257387273014253, 0.6737868708881937], "(0, -4, 0, 0)": [-0.003396155383045733, -0.0037630403598064178, -0.010132180161141984, -0.008954925376875155, -0.007202216328610123, -0.011432942850945704, -0.0015100622042049695, -0.012195119167959689, -0.004861624637808934, -0.00488836183961323, -0.0075140863315884725], "(0, -3, 0, 0)": [0.09188335542922278, 0.055118520447899694, 0.09878795525228987, 0.06354794247004063, 0.05487246428220976, 0.08170295441908348, 0.08300111978403484, 0.10837014096183463, 0.10627065829877393, 0.10031102862806575, 0.12612935228684538], "(0, -2, 0, 0)": [0.3814615600062645, 0.3099098776506037, 0.31300521631483635, 0.30392355140257976, 0.3341193303701206, 0.3774601536122419, 0.4008874125107926, 0.4344985178947807, 0.38447367135509314, 0.2920535466917654, 0.3312483700025895], "(0, -1, 0, 0)": [0.6435880360452373, 0.6785694142734011, 0.5956479227638798, 0.5016199912664849, 0.6516806744219424, 0.5639528436334126, 0.5720504302586158, 0.6495006578043883, 0.681795092048175, 0.6975597891352534, 0.5485592765225711], "(1, -2, 0, 0)": [0.14735508217687152, 0.12676209093653748, 0.14035217016493817, 0.13754893274551036, 0.14020354484870864, 0.13316060138271002, 0.17156002274077387, 0.11755333122624116, 0.13136792482806542, 0.13954894815973892, 0.2097870440397202], "(1, -4, 0, 0)": [-0.01533940198906988, -0.012919988990626638, -0.0025003777294597077, -0.012286466522628492, -0.009203037123795343, -0.011183704621258981, -0.010515745855478018, -0.005508463377272163, -0.009832346206153999, -0.0072608114450219766, -0.00645530967806924], "(1, -3, 0, 0)": [0.028217675431366083, 0.04548175584145905, 0.0372815977941963, 0.05208719230429809, 0.049888499672588876, 0.05782912707564863, 0.04583492252665342, 0.05504406523085061, 0.10821482730591422, 0.06007951778623658, 0.05155320582921761], "(-1, 1, 0, 0)": [0.2840540092363095, 0.31632040644830883, 0.3199022924908704, 0.3140068104782224, 0.34313047734737273, 0.2744014877533094, 0.28068845166779766, 0.35088163185851867, 0.3405207119531053, 0.3310081703807419, 0.33786123589156525], "(-1, 2, 0, 0)": [0.12647827493298994, 0.16035317479045866, 0.1208138710354565, 0.13965290398287003, 0.11092739162061217, 0.12865980559946222, 0.13618339059896944, 0.13122774958225192, 0.10399568264420483, 0.09463349128782089, 0.1121649552023449], "(-1, 3, 0, 0)": [0.04630589300569382, 0.04835096038775353, 0.07927760700110494, 0.04386708830705331, 0.042590242808083136, 0.045180436845662086, 0.04231177049729477, 0.04798987408801713, 0.033156482070140735, 0.05000170159634937, 0.03942522726238992], "(-1, 4, 0, 0)": [-0.010835136622387458, -0.006602997248794235, -0.002423709283830326, -0.007675166944485446, -0.009507769177501426, -0.009699909723939486, -0.007161630389706191, -0.00874946982208331, -0.0076484955847744476, -0.007504712905514906, -0.009297397539642939], "(-1, 0, 0, 0)": [0.4711266210953553, 0.29465892068740923, 0.42662510444498447, 0.5056619363377522, 0.4577503557814967, 0.4924638988131133, 0.46686499256015807, 0.4035197325169945, 0.43754212643312546, 0.42795630882688296, 0.4765503402737443], "(1, 0, 0, 0)": [0.686711273521817, 0.7775085949807193, 0.68942716603533, 0.7402701465661213, 0.6203342097606412, 0.6570841223064217, 0.6472944192697837, 0.7385397689726523, 0.5276822777447194, 0.7426366907162618, 0.5800851011285393], "(1, -1, 0, 0)": [0.3346303383106382, 0.26729560836367405, 0.23555891790112915, 0.27453783529742887, 0.3206018664970438, 0.33346409850307174, 0.29969353601690985, 0.3049220346799816, 0.3594363156522385, 0.3428539622859607, 0.3226753424617421], "(-2, 3, 0, 0)": [0.038533295060292516, 0.0, 0.0, 0.012375908511964063, 0.011110126527608883, 0.017509138662016765, 0.014673535737715104, 0.014789815752996463, 0.011270826774512277, 0.011198630911228547, 0.005842589294572289], "(-2, 4, 0, 0)": [-0.00350502235579581, -0.007064923836699944, -0.006656693157725037, -0.003942232860351726, -0.004915912735658884, -0.005875787484161557, -0.006141138721257449, -0.0026360357664525513, -0.006335103256346881, -0.0017167819030012937, -0.005085921239465476], "(-2, 1, 0, 0)": [0.40800525900248175, 0.3060541809237376, 0.185496069007909, 0.3082573632619235, 0.082369966771188, 0.26180759030127637, 0.16595841518076707, 0.2784862157735113, 0.1661824659222464, 0.27080397071012413, 0.2374208425670134], "(-2, 2, 0, 0)": [0.06561073712954996, 0.0543779504920938, 0.05006264911857891, 0.04753513406456507, 0.0, 0.013040670716583597, 0.01997683907019522, 0.02987222679469581, 0.040228948241042534, 0.08432886654126008, 0.04194957015698779], "(1, 1, 0, 0)": [0.6132761915690406, 0.9423303359357905, 0.714286614510565, 0.8696118591139793, 0.8284033083271919, 0.7646058256232908, 0.7743812952440937, 0.828887957872605, 0.7717219969115475, 0.7635960669401274, 0.7033367287679809], "(1, 4, 0, 0)": [-0.004370878636837006, 0.027789306093311324, 0.0, 0.0, 0.007438454068817674, 0.001692720214605314, 0.0, -0.004352519288659096, -0.0026447381637990475, 0.0, 0.0], "(-1, -1, 0, 0)": [0.16990876976679464, 0.0, 0.09833033507610589, 0.0, 0.06007224746770657, 0.05979986936732276, 0.11108836993619584, 0.05448354031778961, 0.022138972876500504, 0.10524072625747484, 0.0], "(-1, -2, 0, 0)": [0.09923372512517613, 0.031564692572472165, 0.034722480642759075, 0.05172262844751142, 0.037041406524294815, 0.048305442660527484, 0.027646866327564072, 0.045724943500727235, 0.03360167422069972, 0.036381546322479655, 0.03146149554313487], "(-1, -3, 0, 0)": [0.02588332450116308, 0.004294275175919997, 0.009586738040988273, 0.04130967574515919, 0.008383446050542781, 0.016350299688046806, 0.015645093040510732, 0.017186599093043476, 0.02282508649433007, 0.014698247331134253, 0.02265334174070757], "(-1, -4, 0, 0)": [-0.004382526302449405, -0.005891511925251961, -0.005639150410242378, -0.004588906358868935, -0.003632248156497167, -0.008449588278818131, -0.005870992056541144, -0.0007555697785233675, -0.004145189150908217, -0.006716706722763738, -0.003553695423197059], "(1, 2, 0, 0)": [0.5529125979344333, 0.3014829262979535, 0.39967473440273316, 0.32513022075559483, 0.2011045485744496, 0.38119856739044516, 0.2866407886043655, 0.1929913854915066, 0.37445840414033627, 0.34064186281216774, 0.2628813726415419], "(2, -4, 0, 0)": [-0.009311693572998048, -0.007228088968113066, -0.010161244387567044, -0.008327496640852094, -0.0068340463601663706, -0.009543456439971924, -0.009431137844678165, -0.006660813943244219, -0.008384341888299585, -0.006476878069930485, 0.013191459657929224], "(2, -3, 0, 0)": [0.013235801426704313, 0.0008693263401340694, 0.010218802587360276, 0.0034787843777645184, 0.0, 0.0026762307897263506, 0.0026560794680401123, 0.0, 0.019254125199643923, 0.003259182308594756, 0.0],