{"q_values": {"(0, 4, 0, 0)": [-0.0062664517577458905, -0.001777460909665866, -0.0005046132982577806, -0.00481166183797566, -0.008175774772832323, -0.005517298243096555, -0.003287392821251011, -0.009017963677105001, -0.010924415964914384, -0.0034983399398678993, -0.005454930537155854], "(0, 3, 0, 0)": [0.09313101062838457, 0.08978094421831678, 0.0770853611850181, 0.07598693439860485, 0.0699184187908307, 0.05328859685408073, 0.089341732566236, 0.08087716394344054, 0.09870386102927219, 0.058053359711119024, 0.08651354516067865], "(0, 2, 0, 0)": [0.5539706275634384, 0.3038326094370753, 0.4006989127818299, 0.15683311538066932, 0.3902866616926671, 0.3444791013036717, 0.3421810028362581, 0.2920968986481764, 0.4343385491992686, 0.3742441140575604, 0.2302960115317608], "(0, 1, 0, 0)": [0.4718732218372916, 0.4533277934699096, 0.37849090132642227, 0.4987691510216741, 0.411517689844845, 0.4112701598169081, 0.6237330784501052, 0.39217474425020693, 0.5014725184582265, 0.3896959537842157, 0.44547873618127026], "(0, 0, 0, 0)": [0.7464013064740869, 0.761324338086347, 0.7966493157972803, 0.7412194486979721, 0.7585501758261431, 0.7822239961824212, 0.6986696319166489, 0.7222033628612382, 0.7161072645188079, 0.6755372074025315, 0.7256947785164108], "(0, -4, 0, 0)": [-0.00827622001411586, -0.001834298804315967, -0.010132180161141984, -0.008954925376875155, 6.106646889835095e-05, -0.011432942850945704, -0.00706707531566596, -0.012195119167959689, 0.030543612901200248, -0.00488836183961323, -0.0075140863315884725], "(0, -3, 0, 0)": [0.0683586515639307, 0.07155747846717778, 0.0711611634160471, 0.08006135616408584, 0.09517766619422058, 0.0969283562371226, 0.08837424794806877, 0.08524503886722573, 0.09770149554815588, 0.08699429594436399, 0.14397894296738947], "(0, -2, 0, 0)": [0.37853375843592935, 0.44621181142354266, 0.38198210278319783, 0.5250279067101771, 0.4380246595885861, 0.5025192517084369, 0.5489196327078958, 0.36501224726517095, 0.4500701525689316, 0.5056396906601014, 0.6394959807701741], "(0, -1, 0, 0)": [0.812004824908596, 0.8100726383075931, 0.7355861419351944, 0.6675285164206552, 0.733946460586377, 0.7888843819896252, 0.7519079929145207, 0.7552036483275737, 0.8202075438466793, 0.6998781878391278, 0.8477551354867005], "(1, -2, 0, 0)": [0.1499828403363607, 0.20656354503368674, 0.1905296604407766, 0.16069513151052672, 0.18200151247842913, 0.15541058705421618, 0.17419589891456044, 0.17252995683197067, 0.23020017298565704, 0.16468105818673165, 0.3225222887755752], "(1, -4, 0, 0)": [-0.01533940198906988, -0.012919988990626638, -0.008303471381290515, -0.012286466522628492, -0.012379370360162094, -0.005727184629300518, -0.0029165004512460907, -0.00735091423439072, -0.009832346206153999, 0.009552706779672744, -0.009528009584706216], "(1, -3, 0, 0)": [0.02849800999148378, 0.05105723725971978, 0.045292414990247, 0.06248407898337012, 0.05929152987955389, 0.057208689001870275, 0.06664305395244965, 0.07028758345698238, 0.05850034113975122, 0.11232566382191281, 0.06639060787016704], "(-1, 1, 0, 0)": [0.29039875083570693, 0.28733811385882224, 0.33353308750600535, 0.2825831685053968, 0.26000108063887406, 0.2744014877533094, 0.2900581965883361, 0.2371498537226222, 0.27014595387621826, 0.28214659702197253, 0.23819428827071093], "(-1, 2, 0, 0)": [0.22096161158453212, 0.1796752218402457, 0.2062702401337232, 0.22332448239987135, 0.19610717769209624, 0.11862013256956122, 0.19177618977312486, 0.1705219139516971, 0.17381737180833376, 0.1288164734672743, 0.17291875578593568], "(-1, 3, 0, 0)": [0.07640783446368778, 0.07379733720389214, 0.051179783553753085, 0.05716447350694208, 0.05645271654882822, 0.07512479016445357, 0.05015087509946814, 0.06761826297448952, 0.059950542140883495, 0.049750297086365455, 0.05775727657030088], "(-1, 4, 0, 0)": [-0.007914769156698516, -0.005179466346807616, -0.00399963331764008, -0.0037741981350397453, -0.0076409885830884695, -0.010417904589040667, -0.007924540211120582, -0.00874946982208331, -0.007546853084043285, -0.011319714539506384, -0.01179728403141299], "(-1, 0, 0, 0)": [0.23056757281105528, 0.29465892068740923, 0.4061476257372305, 0.33872325678206194, 0.3235711239788968, 0.4218731207570552, 0.32397784921158856, 0.411836797664329, 0.40178296483760645, 0.42795630882688296, 0.42636455374912546], "(1, 0, 0, 0)": [0.7100768121217763, 0.6800437469346065, 0.6130356020886412, 0.713455982807581, 0.7094957245847511, 0.6022360433958235, 0.7319427509670766, 0.799919832913471, 0.48821721651242267, 0.892236958639884, 0.7619456051853716], "(1, -1, 0, 0)": [0.4089522779835817, 0.49726823264508474, 0.4664714443063302, 0.46969142607487735, 0.4439425789673995, 0.5009044092914202, 0.48001619031405623, 0.42733851992043564, 0.4170532639621057, 0.48638946910825603, 0.5142251005092265], "(-2, 3, 0, 0)": [0.03332577359089974, 0.0, 0.0, 0.012375908511964063, 0.011110126527608883, 0.017509138662016765, 0.014673535737715104, 0.014789815752996463, 0.011270826774512277, 0.011198630911228547, 0.005842589294572289], "(-2, 4, 0, 0)": [-0.00350502235579581, -0.007064923836699944, -0.006656693157725037, -0.003942232860351726, -0.006619690416314602, -0.009085932203143837, -0.006141138721257449, -0.0026360357664525513, -0.006335103256346881, -0.003784017478053529, -0.008441625422525408], "(-2, 1, 0, 0)": [0.40800525900248175, 0.3060541809237376, 0.185496069007909, 0.3082573632619235, 0.082369966771188, 0.26180759030127637, 0.16595841518076707, 0.2784862157735113, 0.1661824659222464, 0.27080397071012413, 0.2374208425670134], "(-2, 2, 0, 0)": [0.06561073712954996, 0.0543779504920938, 0.05006264911857891, 0.04753513406456507, 0.0, 0.013040670716583597, 0.01997683907019522, 0.02987222679469581, 0.040228948241042534, 0.08432886654126008, 0.04194957015698779], "(1, 1, 0, 0)": [0.654020277195185, 0.5857350148737236, 0.608270332184439, 0.6170490958430762, 0.868896647652064, 0.7122253977291161, 0.7097968147876674, 0.7375505998199718, 0.6753869466239688, 0.6560191914943058, 0.7440460775136094], "(1, 4, 0, 0)": [-0.004370878636837006, 0.027789306093311324, 0.0, 0.0, 0.007438454068817674, 0.001692720214605314, 0.0, -0.004352519288659096, -0.0026447381637990475, 0.0, 0.0], "(-1, -1, 0, 0)": [0.1271629646400491, 0.0, 0.12154859593252386, 0.0, 0.066659785281001, 0.05979986936732276, 0.1144914422623592, 0.07264884375123946, 0.022138972876500504, 0.11739350754380115, 0.0], "(-1, -2, 0, 0)": [0.07414419188494871, 0.03493151831232449, 0.05038166109983958, 0.05172262844751142, 0.05415236026319191, 0.048305442660527484, 0.027646866327564072, 0.045724943500727235, 0.06011670494807341, 0.04707558867426151, 0.03146149554313487], "(-1, -3, 0, 0)": [0.02588332450116308, 0.004294275175919997, 0.009586738040988273, 0.027387312205997483, 0.008383446050542781, 0.0309123989728489, 0.01874039812142146, 0.021347160793330648, 0.02282508649433007, 0.015942330363097966, 0.02265334174070757], "(-1, -4, 0, 0)": [-0.004382526302449405, -0.006767074292555625, -0.005639150410242378, -0.004588906358868935, -0.0076960245970620665, -0.004290714192098976, -0.005870992056541144, -0.004244595844433673, -0.004145189150908217, -0.006716706722763738, -0.0078736034821287], "(1, 2, 0, 0)": [0.3376729510301162, 0.3603163828929762, 0.403441379442956, 0.4441770738602684, 0.32587792920893344, 0.38568726162744876, 0.360923859254556, 0.3661466746419757, 0.41473120659601936, 0.4274587310176757, 0.27593302312287965], "(2, -4, 0, 0)": [-0.0083399241527915, -0.014600498375454827, -0.009536715135576428, -0.01245668047854396, -0.007266367422966059, -0.009205160658431053, -0.011915939041778565, -0.012127521419367054, -0.007128121915470412, -0.009708456902434905, -0.01183243056687138], "(2, -3, 0, 0)": [0.024331256648621902, 0.0018388156938742568, 0.012589926974788387, 0.011647044135001299, 0.012052326795995858, 0.01870543113217921, 0.004595807442073881, 0.006286729525499555, 0.0413339501033225, 0.028348241255222853, 0.023542372895332245],