{"q_values": {"(0, 4, 0, 0)": [0.0017306415915693775, 0.020932817144265953, -0.0007586237348131369, -0.004775698462150378, -0.008175774772832323, -0.005517298243096555, -0.007410445016655716, -0.009017963677105001, -0.01309709945641599, 0.0009286187077709326, -0.0018907654830633783], "(0, 3, 0, 0)": [0.08015063333980633, 0.12069018504538184, 0.06901385260810193, 0.07598693439860485, 0.058216739304156793, 0.0706551834749522, 0.08310739714810185, 0.07938284093231328, 0.07490573845846049, 0.05155024309681076, 0.07171032806046637], "(0, 2, 0, 0)": [0.7915256746715932, 0.29457778990496974, 0.3061305435119611, 0.2882624406471777, 0.25839589773437704, 0.295142523859269, 0.4116487612880587, 0.1947769610658187, 0.16532698607848212, 0.29902285591659394, 0.17004294956341176], "(0, 1, 0, 0)": [0.7963087077686413, 0.7406717901561064, 0.7939991199349624, 0.8288905189840171, 0.7503685562969772, 0.756886548686168, 0.7527200427147508, 0.7920657909885178, 0.7240745145748536, 0.8140902112833398, 0.8005503093543164], "(0, 0, 0, 0)": [0.8346368677402042, 0.7931119796814936, 0.7512391437092176, 0.8197113086791795, 0.822838491712517, 0.8029710838104348, 0.7889441709786471, 0.7989495294013087, 0.8624115212183469, 0.7181398444958154, 0.7925685157479977], "(0, -4, 0, 0)": [-0.009288296646462434, -0.0011752010309109804, -0.010132180161141984, -0.008954925376875155, -0.0026007986279575866, -0.011432942850945704, -0.004834967719869341, -0.0038907650608038646, -0.0025038827270761448, -0.002339822036304348, -0.0075140863315884725], "(0, -3, 0, 0)": [0.06193339067477051, 0.06652559762256734, 0.06291488311915404, 0.087351560236875, 0.07028476889287223, 0.0969283562371226, 0.07412033574991975, 0.05684007756138923, 0.06901637619571344, 0.07716503357954393, 0.07136543449035022], "(0, -2, 0, 0)": [0.31286388861385, 0.2523335079877426, 0.2193521865777473, 0.30263285956567443, 0.36058280965055184, 0.32336779604845783, 0.36970664489577665, 0.20896649729067854, 0.4395971132298472, 0.5689718450998489, 0.35634778027289155], "(0, -1, 0, 0)": [0.4318096624940386, 0.5310637677792345, 0.5520274719036561, 0.6415315497434826, 0.6580388543906923, 0.6019556435336328, 0.6811778121906154, 0.5876507559598434, 0.6105317006109291, 0.6116745847441958, 0.8398851556302218], "(1, -2, 0, 0)": [0.1513964365722669, 0.18194736457670213, 0.16793765821836554, 0.16810901223477848, 0.15087344563345764, 0.18059803643488606, 0.1747442028394238, 0.16553727361187132, 0.2141869528022719, 0.20688950804464326, 0.2067635593955721], "(1, -4, 0, 0)": [-0.01533940198906988, -0.012919988990626638, -0.008303471381290515, -0.012286466522628492, -0.009163925082907441, -0.008855718139454674, -0.008606627288218135, -0.00735091423439072, -0.0015296239518293423, -0.007144177585443445, -0.009528009584706216], "(1, -3, 0, 0)": [0.04267174597446344, 0.05105723725971978, 0.037856618843590976, 0.04453596966893464, 0.05325079839044633, 0.0653082683972342, 0.05132945293451809, 0.05585580574196941, 0.0860737668795932, 0.050558621823664905, 0.055949947510333636], "(-1, 1, 0, 0)": [0.5833707063057447, 0.6273192445761486, 0.5208011175311275, 0.5976671376025614, 0.4915966669185995, 0.535788279908691, 0.4492048184219559, 0.5457994100311729, 0.4950175569897449, 0.6253682271020146, 0.5359318914749955], "(-1, 2, 0, 0)": [0.21249967636133502, 0.35601225658708846, 0.14620826258200442, 0.167349864947061, 0.20030393809049032, 0.15554597190556765, 0.2079434342885144, 0.2235997814728695, 0.16134768951359724, 0.19627449433971417, 0.24725963276897295], "(-1, 3, 0, 0)": [0.09717407177788588, 0.052118524083066047, 0.0483290707813052, 0.06416283706761032, 0.06865387635069597, 0.07937100479986683, 0.07495190903266727, 0.04966772654230769, 0.06582340899438147, 0.0517046700381735, 0.07051623744497411], "(-1, 4, 0, 0)": [-0.007914769156698516, -0.0020741150458990863, -0.010357114458377462, -0.008476618603539092, -0.008787880102819643, -0.011009152040402962, -0.0021959765403141273, -0.0045720707028752, -0.008720320717186229, -0.011319714539506384, -0.004457592242381513], "(-1, 0, 0, 0)": [0.4210088360721541, 0.5125616288618722, 0.5022006208806161, 0.4386108957921678, 0.42616665054043895, 0.4968663973394459, 0.4582924420362473, 0.411836797664329, 0.40178296483760645, 0.290735119211877, 0.5718155519272254], "(1, 0, 0, 0)": [0.6116558141420765, 0.6508676979842742, 0.6567654046952535, 0.6220923307622859, 0.5585172328961773, 0.5691615563516519, 0.5756929283512949, 0.5727476534624618, 0.5904971951624849, 0.5235850424738239, 0.5788561637279299], "(1, -1, 0, 0)": [0.4093527399684347, 0.5161597933166772, 0.21298079225188005, 0.5010806862082688, 0.4575919540293887, 0.5419378081357695, 0.4173938830409648, 0.44500720143289646, 0.5009799653035758, 0.5088051537488212, 0.5404953625431985], "(-2, 3, 0, 0)": [0.08900852644658828, 0.015048049744646236, 0.020196391164562656, 0.02832637141045319, 0.02855753569903219, 0.02301787414203415, 0.0231250511212297, 0.014789815752996463, 0.018935060497897983, 0.011198630911228547, 0.026414129636291285], "(-2, 4, 0, 0)": [-0.006810853649285135, 0.0035158270685481845, -0.006656693157725037, -0.007516079248567522, -0.007924711064941406, -0.009085932203143837, -0.008198152135927245, -0.007861178994754922, -0.007735899791641712, -0.008686156561250219, -0.009439776740005018], "(-2, 1, 0, 0)": [0.29992942132597256, 0.2714071639353156, 0.185496069007909, 0.3026446455467854, 0.27053155234309406, 0.3757331962030393, 0.2418029308651968, 0.3373667050305504, 0.22753676311234722, 0.36094951170131334, 0.3053485487836483], "(-2, 2, 0, 0)": [0.20368813693710866, 0.11393404170076488, 0.062039982356474566, 0.05658195546311734, 0.11405160482107451, 0.06976629926256342, 0.04880414210758286, 0.08011194805649594, 0.052952763858674576, 0.08125079791120339, 0.06525674864375335], "(1, 1, 0, 0)": [0.5395641601612098, 0.5405132342030359, 0.8968769588903449, 0.5890201166985745, 0.5641258215933007, 0.536088148370759, 0.5106174254633022, 0.720657580111918, 0.533720803968424, 0.33512340835270543, 0.48084716753646534], "(1, 4, 0, 0)": [-0.004370878636837006, 0.09182752916265617, 0.005848603395951532, 0.0, 0.007438454068817674, -0.0013181387254953525, 0.012268513036972488, -0.004352519288659096, -0.0026447381637990475, 0.0, 0.005676607186831684], "(-1, -1, 0, 0)": [0.12846853371029873, 0.0, 0.12154859593252386, 0.0, 0.0771444509750928, 0.05979986936732276, 0.1144914422623592, 0.07264884375123946, 0.022138972876500504, 0.11739350754380115, 0.0], "(-1, -2, 0, 0)": [0.07295404484057202, 0.03493151831232449, 0.051736906861827366, 0.05172262844751142, 0.05415236026319191, 0.048305442660527484, 0.035328571407461706, 0.045724943500727235, 0.06011670494807341, 0.04707558867426151, 0.03146149554313487], "(-1, -3, 0, 0)": [0.026522886098763427, 0.004294275175919997, 0.009586738040988273, 0.0279098682512812, 0.008383446050542781, 0.024341453200979166, 0.01874039812142146, 0.021347160793330648, 0.024364637592199572, 0.015336399289380324, 0.02265334174070757], "(-1, -4, 0, 0)": [-0.004382526302449405, -0.006767074292555625, -0.005639150410242378, -0.004588906358868935, -0.0076960245970620665, -0.005689149844548602, -0.005870992056541144, -0.007972228835227208, -0.00791459039533255, -0.006716706722763738, -0.0078736034821287], "(1, 2, 0, 0)": [0.32254898446767205, 0.4023033077391813, 0.35388296375827916, 0.3112560092781099, 0.36969746224616046, 0.4023979361231116, 0.3341008669171085, 0.3733182758592468, 0.2724281950182169, 0.28004142624704287, 0.28665770081540787], "(2, -4, 0, 0)": [-0.007635694272324443, -0.016063593891985643, -0.009536715135576428, -0.01245668047854396, -0.010168038391016241, -0.0051567339046460405, -0.011915939041778565, -0.012127521419367054, -0.007771321706803446, -0.009293155247790518, -0.01183243056687138], "(2, -3, 0, 0)": [0.025578866879565947, 0.0018388156938742568, 0.012553103636821028, 0.013541083668721494, 0.017264108551040342, 0.01870543113217921, 0.021673599708931655, 0.024478197062703863, 0.052948226253053156, 0.033993573411792856, 0.023542372895332245],