{"q_values": {"(0, 4, 0, 0)": [-0.003566299695995058, -0.0014668838463176386, 0.002648214354450935, -0.007856828516795242, -0.0045307561167648325, -0.005359784073713787, -0.0017196943680752325, -0.002469987798315203, -0.014838484271944697, -0.00190651280054265, -0.0029460393880848357], "(0, 3, 0, 0)": [0.08092962389627409, 0.07660658584464648, 0.07998355372805438, 0.05858300768989082, 0.07714177186040314, 0.0706551834749522, 0.08236010382981675, 0.055052654801404456, 0.08424019890304293, 0.06494520223801295, 0.06658707700244816], "(0, 2, 0, 0)": [0.5272203972535539, 0.2730617407653934, 0.32346616507216264, 0.23674421913448024, 0.14851438330889016, 0.3032844890812918, 0.22906508842018478, 0.21379109509497002, 0.2734344955402655, 0.21617217792372748, 0.2538373366478984], "(0, 1, 0, 0)": [0.5185644291731576, 0.44735495403041653, 0.4159140397244512, 0.43259547994478365, 0.5021619148773985, 0.525906300799099, 0.5377417332154047, 0.4613094766744627, 0.5607043257137841, 0.4773943893977763, 0.44309408381243554], "(0, 0, 0, 0)": [0.7737114070479856, 0.8590744176540392, 0.861437104984272, 0.8596064659935769, 0.896593525871399, 0.705286441137877, 0.7339088125020966, 0.7711813981510247, 0.8501569920399203, 0.8222141718897256, 0.870486280191182], "(0, -4, 0, 0)": [-0.009288296646462434, -0.005439729113728278, -0.010132180161141984, -0.008954925376875155, -0.0026007986279575866, -0.00842115114011556, -0.004834967719869341, 0.004347003224894902, 0.007997677733439802, -0.006249205232483764, -0.006986760959791598], "(0, -3, 0, 0)": [0.06193339067477051, 0.06652559762256734, 0.06291488311915404, 0.04742019478069826, 0.07028476889287223, 0.06990244957072585, 0.0666167216727803, 0.051833806322106296, 0.06901637619571344, 0.06332048866111165, 0.07136543449035022], "(0, -2, 0, 0)": [0.4395783081164836, 0.3861026171406112, 0.26372799348767206, 0.47239198175429836, 0.3318444533497354, 0.2656268204443303, 0.31468343268087423, 0.3839535773232657, 0.3361354191851545, 0.24810074656983594, 0.7178488171796635], "(0, -1, 0, 0)": [0.8062837098731767, 0.8302163596095982, 0.7844365482690491, 0.8514846558280431, 0.7287582327083036, 0.813827455012724, 0.8360944633324168, 0.8390638558659292, 0.7791361369818256, 0.8293496140018681, 0.8279586798002153], "(1, -2, 0, 0)": [0.1435827934836943, 0.18194736457670213, 0.1327891865236142, 0.23130221974722828, 0.14392103577706386, 0.14663682598041813, 0.22234760852942673, 0.2148809878604292, 0.1854805283154781, 0.14819426694371438, 0.5290006203940172], "(1, -4, 0, 0)": [-0.01533940198906988, -0.012919988990626638, -0.008303471381290515, -0.012286466522628492, -0.012023220331830016, -0.008855718139454674, -0.008606627288218135, -0.00735091423439072, -0.007941393561945334, -0.004916990652416039, -0.009528009584706216], "(1, -3, 0, 0)": [0.04531450789641508, 0.035812179474653996, 0.04484992568708497, 0.038141146310502284, 0.04867164365278827, 0.046413003582229655, 0.04471027258925729, 0.04890822966466749, 0.04789575657971452, 0.046826639495049574, 0.04676621826127463], "(-1, 1, 0, 0)": [0.4735721142223712, 0.44003150905426824, 0.37416904934545503, 0.4595737028479144, 0.44306147884008595, 0.327901765064108, 0.46398541491198064, 0.45844874374909783, 0.23910309620141745, 0.40184179007609316, 0.41739373287037385], "(-1, 2, 0, 0)": [0.19887673672203218, 0.18836239262786234, 0.15378721745331933, 0.20170774190958685, 0.1398150572014156, 0.15211246097592576, 0.14132108861304887, 0.13959092421117714, 0.13212257261281996, 0.12892853261484624, 0.14222406376060165], "(-1, 3, 0, 0)": [0.04970367395958269, 0.053531841172369914, 0.04805529172001816, 0.037556783518265024, 0.04414620470750718, 0.04750033829154371, 0.04757257954063337, 0.04966772654230769, 0.04357161180391689, 0.054190868741812996, 0.04060327179362263], "(-1, 4, 0, 0)": [-0.010702043899038737, -0.0012335049588391167, -0.010357114458377462, -0.008476618603539092, -0.008302289097431487, -0.006377271741510306, -0.00625558707034202, -0.008127674158711578, -0.011750033265493232, -0.011319714539506384, -0.00701829026757754], "(-1, 0, 0, 0)": [0.4210088360721541, 0.24712195805898124, 0.4342094685600129, 0.46140425448356437, 0.42616665054043895, 0.4968663973394459, 0.4582924420362473, 0.411836797664329, 0.40178296483760645, 0.290735119211877, 0.23599465901122438], "(1, 0, 0, 0)": [0.6593951739004831, 0.7082363400985696, 0.6769108970138967, 0.698825629902363, 0.6945801585636033, 0.6597434311306583, 0.6090174750660359, 0.6361116327682205, 0.6384976327328374, 0.6896170287830868, 0.5405602947800197], "(1, -1, 0, 0)": [0.4760912784971644, 0.34073679167828547, 0.26422960023129133, 0.5038332697175019, 0.5687125101075157, 0.47693521375862596, 0.49825933356602337, 0.4391386714163752, 0.5026843717447732, 0.3346149700310129, 0.44994209546189806], "(-2, 3, 0, 0)": [0.10946245925787505, 0.015048049744646236, 0.020196391164562656, 0.045406230350773784, 0.0339221786621226, 0.02301787414203415, 0.0231250511212297, 0.014789815752996463, 0.018935060497897983, 0.011198630911228547, 0.026414129636291285], "(-2, 4, 0, 0)": [-0.006810853649285135, -0.004517672189020669, -0.006656693157725037, -0.007516079248567522, 0.0007791507684556257, -0.009085932203143837, -0.010930394998088492, -0.007861178994754922, -0.007735899791641712, -0.008686156561250219, -0.011914432492081644], "(-2, 1, 0, 0)": [0.29992942132597256, 0.2714071639353156, 0.19362732310681374, 0.3026446455467854, 0.27053155234309406, 0.24612005433467116, 0.23556363389777302, 0.3373667050305504, 0.2225465795927258, 0.25426972068991716, 0.3053485487836483], "(-2, 2, 0, 0)": [0.17433165725233266, 0.11393404170076488, 0.062039982356474566, 0.05658195546311734, 0.11405160482107451, 0.06976629926256342, 0.04880414210758286, 0.08011194805649594, 0.07952693944783902, 0.0942598360573961, 0.07658513039496052], "(1, 1, 0, 0)": [0.6808380479520023, 0.662606327310222, 0.6694536866205336, 0.9341480277358063, 0.637098630934577, 0.6275527936014835, 0.7592196142255314, 0.7025238156551326, 0.6677799125151443, 0.6895783502247098, 0.6321675812730091], "(1, 4, 0, 0)": [-0.004370878636837006, 0.036826615239896644, 0.005848603395951532, 0.004108161552755745, 0.007438454068817674, -0.0013181387254953525, 0.012268513036972488, -0.004352519288659096, -0.0026447381637990475, 0.0, 0.005676607186831684], "(-1, -1, 0, 0)": [0.12178881615538427, 0.0, 0.12154859593252386, 0.0, 0.0771444509750928, 0.05979986936732276, 0.1144914422623592, 0.07264884375123946, 0.03997447119180207, 0.11739350754380115, 0.0], "(-1, -2, 0, 0)": [0.06591063448500563, 0.03493151831232449, 0.051736906861827366, 0.05172262844751142, 0.058257927435468745, 0.048305442660527484, 0.04344126388130342, 0.045724943500727235, 0.06011670494807341, 0.04707558867426151, 0.03146149554313487], "(-1, -3, 0, 0)": [0.020371017428195862, 0.004294275175919997, 0.009586738040988273, 0.02401599157804621, 0.008383446050542781, 0.024341453200979166, 0.01874039812142146, 0.021347160793330648, 0.024364637592199572, 0.014796605208787738, 0.02265334174070757], "(-1, -4, 0, 0)": [-0.006390298901061193, -0.006767074292555625, -0.009721195834013223, -0.008140886002160432, -0.0076960245970620665, -0.005689149844548602, -0.005870992056541144, -0.007972228835227208, -0.00791459039533255, -0.006319997793080955, -0.0078736034821287], "(1, 2, 0, 0)": [0.4581422341782471, 0.6257219288012464, 0.47503586673215287, 0.4971942844715264, 0.5284633166681815, 0.5706875766098267, 0.5433925588276842, 0.5546543890906284, 0.4738514476612544, 0.45227903543589293, 0.3907093160322526], "(2, -4, 0, 0)": [-0.009210519788363078, -0.016063593891985643, -0.009536715135576428, -0.01245668047854396, -0.009611784088818314, -0.009219637128416393, -0.011915939041778565, -0.012127521419367054, -0.006945617384643327, -0.011787562419830085, -0.01183243056687138],