{"q_values": {"(0, 0, 0, 0)": [0.48699343942201234, 0.4896772068805726, 0.48645087867831377, 0.4871526996112827, 0.4907229184760092, 0.48877496252526914, 0.4637075490961934, 0.4740414251930618, 0.49236550696722664, 0.43725268016466434, 0.48737235852685207], "(0, 1, 0, 0)": [0.4071830013274043, 0.4012825964861627, 0.42031815723326477, 0.44749410574945464, 0.41652361482891015, 0.4449793751073849, 0.4305180975595151, 0.4244545980475345, 0.44368946021892447, 0.4153510914553713, 0.42961859242072087], "(0, 2, 0, 0)": [0.22763069048719176, 0.22127662030025477, 0.24394051904531538, 0.23868708166148916, 0.23315715117482308, 0.235923647637032, 0.22981068857331266, 0.21843629491151717, 0.23245868207049447, 0.2355802967166703, 0.20427567512880596], "(0, 3, 0, 0)": [0.08326670769993437, 0.09042474061437447, 0.07324645737730363, 0.0724608165930164, 0.0886174697379711, 0.08484206599260583, 0.08921662443124125, 0.08757936641552361, 0.08808777317773282, 0.08601481653388568, 0.0859961124663767], "(0, 4, 0, 0)": [0.005889540652221551, 0.00720708968875305, 0.0028167936813038473, 0.004266619665203937, 0.00021433574663558361, 0.008023645051210972, 0.009941705804465866, 0.006216651811647478, 0.008018836752266893, 0.009782875834669696, 0.01050323367846079], "(0, -2, 0, 0)": [0.3501967802678554, 0.3455217781558459, 0.3232470444016933, 0.3422792048816143, 0.32519544484672613, 0.3073816588832779, 0.31252215698216695, 0.34939961303352074, 0.3240613136816873, 0.32878657641354764, 0.39288828856096997], "(0, -3, 0, 0)": [0.08165593439776458, 0.07597008570950807, 0.08726487675146283, 0.08248019656378189, 0.08152163545387574, 0.07563679117880827, 0.07867164622516674, 0.08907226715767957, 0.08806731922969066, 0.08761517891370911, 0.0724176737834128], "(0, -4, 0, 0)": [0.008197302003232834, 0.01245001331205269, 0.006554972276060274, 0.004107987691826919, 0.009467515815271832, 0.010096453176385342, 0.010928373592367828, 0.00795639503774962, 0.01166105240280325, 0.012801662819316804, -0.00022689451320018986], "(0, -1, 0, 0)": [0.3994303265469113, 0.40774363758603305, 0.4316659594305926, 0.4231142495932118, 0.43779680617306194, 0.41009484152074144, 0.43205694458350286, 0.44602386901595586, 0.43591982904831533, 0.4381399076797585, 0.47976053398085206], "(-1, 3, 0, 0)": [0.008586509620348922, 0.028632645445824317, 0.022715326388147657, 0.00911262796168107, 0.025088781804545122, 0.04160709238432429, 0.01018065407585927, 0.0336511694684935, 0.004584691733642557, 0.014398543085240077, 0.03008930675822778], "(-1, 4, 0, 0)": [0.002458288311677875, 0.0013285089536480754, -0.0031434534054403836, -0.0005794912846198504, 0.0001270070174550289, -0.010685242846608161, -0.0003007290058438441, 0.000631665709873528, -0.0005890523606707143, -0.004356875643134118, -0.00019407670305634193], "(-1, -2, 0, 0)": [0.007223380295146497, 0.005353907904564718, 0.05954598725144436, 0.01947238873961274, 0.013859264669905079, 0.021853911948228957, 0.0029747903029143756, 0.03486624410864271, 0.022937341302728162, 0.019423053192149896, 0.011533671644709273], "(-1, -3, 0, 0)": [0.021789524746633523, 0.04000129798265622, 0.026419390025317055, 0.03291472363956688, 0.02587129327028811, 0.02948047177624495, 0.043619999350226576, 0.03415007458643593, 0.03589629434331761, 0.05138150647614782, 0.034670776742573656], "(-1, -4, 0, 0)": [-0.0010116964486722472, 0.00019232774877786345, 0.007577475087171626, 0.008204452143796342, 0.009569680738456326, -0.0018573569571208683, 0.009073959308559018, -0.004362856969237328, 0.0070977795511614, 0.008019367412447253, -0.002228876597329157], "(-1, -1, 0, 0)": [0.046719415748152957, 0.013207288610473902, 0.015698623556891254, 0.01669699459538589, 0.0, 0.008807146606259315, 0.006818691486270592, 0.011132200135271286, 0.00802817351253159, 0.011203547732250036, 0.0], "(-1, 0, 0, 0)": [0.07405449915526836, 0.12493294298315814, 0.10538564683931088, 0.1113463008991749, 0.0901584756227438, 0.09590109713876128, 0.11433981427381351, 0.10780088164985382, 0.15613165593225903, 0.09881073882915824, 0.10459780214718462], "(-1, 1, 0, 0)": [0.14480941213553863, 0.15530493258057562, 0.15936830882601635, 0.13846478092519995, 0.15065664027033693, 0.13672556225145185, 0.13360214669831694, 0.16616859909152107, 0.1458399262795853, 0.15333141305469347, 0.16151988675356374], "(-1, 2, 0, 0)": [0.11055815848913172, 0.10192980850011849, 0.1123145312460749, 0.10395786695085749, 0.07707954980502822, 0.08830234512139758, 0.0847250436060805, 0.06600708405237181, 0.09989029229216871, 0.0868281751483252, 0.0982251614011482], "(-2, 2, 0, 0)": [0.04541365619102876, 0.002946046770299077, 0.02391530304163231, 0.005486940803177834, 0.005167654242480009, 0.012063758711092176, 0.014721014213652298, 0.002945382324258299, 0.02868835673541259, 0.02490664453428186, 0.0206207190190012], "(-2, 3, 0, 0)": [0.00219528465994373, 0.002173369896039367, 0.014104544341169025, 0.00690072232127455, 0.0018305161967873574, 0.0017182819545269014, 0.001854037679731846, 0.007894952355271382, 0.0, 0.029845277553082125, 0.00932915182410178], "(-2, 4, 0, 0)": [-0.0043862685561180115, -0.0013549674410634266, 0.0, 0.002013876328776265, -0.0016868700999021534, -0.002774749443233013, 0.0, -0.00439077839255333, 0.0003677361307144163, 0.0, -0.0043601408600807195], "(1, -1, 0, 0)": [0.1452850385373596, 0.14393821586629837, 0.13587727967181945, 0.13341003882576594, 0.11795713529153444, 0.17263394161008613, 0.1502901191828084, 0.13101741982314596, 0.1482864363207515, 0.13682698138757396, 0.14029999860852907], "(1, -2, 0, 0)": [0.09454684877453923, 0.09528326652240726, 0.09539399403796314, 0.08696662623572583, 0.09412951051670554, 0.08128618495037945, 0.09663742290935388, 0.08396241558989428, 0.0948875715654566, 0.10858137426304655, 0.09616710395952092], "(1, -3, 0, 0)": [0.042318646560124726, 0.03410596426211112, 0.037257693547033136, 0.03661615136798412, 0.04501583730055877, 0.034406728861236476, 0.042665877343634834, 0.04923514165253283, 0.03773637976572793, 0.04922864603284737, 0.03508911516669429], "(1, 4, 0, 0)": [0.0, -0.00435933955013752, -0.004368335008621216, 0.0, -0.004376889020204544, 0.0, 0.0, 0.0, 0.0, 0.002465404572647872, 0.0016171723261394844], "(1, -4, 0, 0)": [-0.007897264443188381, -0.0018630292015212558, -0.004531251952808651, -0.004583670973664257, -0.003050188119687471, -0.005135634184181622, -0.006378530600118094, -0.004201746790022543, -0.0041539897946814, -0.00596182465259246, -0.004450665525495413], "(1, 0, 0, 0)": [0.07223807731127865, 0.10009981103430816, 0.06575323340920879, 0.07321872805114613, 0.13832089944010115, 0.057983673175582874, 0.035772159546340346, 0.0823599247913464, 0.024919950286099207, 0.05082049350988625, 0.09837500827438642], "(1, 2, 0, 0)": [0.03603952144503095, 0.13901371645539917, 0.04079318909377448, 0.03836893925103504, 0.05032716011137789, 0.06557897138460347, 0.06078866469818584, 0.04463236437906848, 0.04476964660909351, 0.03819855549582078, 0.02454814468823637], "(1, 3, 0, 0)": [0.0, 0.0, 0.020133713262372514, 0.0, 0.00482420605523954, 0.005409516041783304, 0.004043622281310813, 0.007875894629459774, 0.0, 0.0, 0.0], "(-2, 1, 0, 0)": [0.0739672831738529, 0.024496860484751228, 0.02384632611721224, 0.02051724716739232, 0.02953413724871591, 0.022925507010594037, 0.009134420936359288, 0.02190888613908684, 0.04768811050723899, 0.008245841070633657, 0.027469752905524655], "(-2, 0, 0, 0)": [0.07147473382104948, 0.04570290200454239, 0.027123022835972666, 0.041420018019125045, 0.0449425571400988, 0.031657587848238494, 0.028680808251371176, 0.05705231718716831, 0.03643130975951768, 0.03426856904131461, 0.05952441339490278], "(-2, -1, 0, 0)": [0.014083522814922486, 0.010420333937188195, 0.014574489982307348, 0.011070002239378075, 0.01507062273152028, 0.01454083980835581, 0.025343701119274295, 0.001991705968976021, 0.05808491619663474, 0.001994048058986664, 0.008161949482311751],