{"q_values": {"(0, 0, 0, 0)": [0.7992547694856624, 0.7774564453023167, 0.7861891568744307, 0.7917658116207604, 0.7980206099319656, 0.8046453566869157, 0.7913802282641577, 0.8096352657193183, 0.8226566392337055, 0.7637888618194294, 0.8076748815910818], "(0, 1, 0, 0)": [0.7869840979976428, 0.7951165878819307, 0.7160690003563241, 0.7892119050665287, 0.7955910207560822, 0.7920836835962533, 0.7970805882750776, 0.7635664361441458, 0.7941601287798289, 0.7931368203093385, 0.7922151380846773], "(0, 2, 0, 0)": [0.6955766941570767, 0.5966242628244727, 0.6672148557718853, 0.5939881573695311, 0.6155798026972177, 0.5500780319495833, 0.55025772075902, 0.5860031851514121, 0.5961420086743467, 0.5551577244104499, 0.6018437530803113], "(0, 3, 0, 0)": [0.2140781172921733, 0.14996610366179847, 0.15919331283603994, 0.1683594107444421, 0.176083025187939, 0.18048076850476177, 0.1549621617890345, 0.14713561374834444, 0.15044709291817923, 0.16657813701247826, 0.17277382082038945], "(0, 4, 0, 0)": [0.016263886235051803, 0.01384973791743324, 0.016564505443272357, 0.014974157855195992, 0.01495101678361692, 0.013480399063889249, 0.008613931449871388, 0.013995691545631331, 0.014941190697157646, 0.01701131818689921, 0.00958740967091778], "(0, -2, 0, 0)": [0.447216414682845, 0.46263225831158594, 0.4526911673485889, 0.4973830495604284, 0.483083188908364, 0.4527820922422502, 0.47457179011643624, 0.4554916179728824, 0.4590022885146332, 0.459017875869378, 0.7420358497055864], "(0, -3, 0, 0)": [0.08078422886357733, 0.07886605589537969, 0.08006805744974313, 0.07882092760569878, 0.08636834892926229, 0.08284026036869051, 0.08545309850338347, 0.08231502103310076, 0.07959325043269982, 0.07940861369553946, 0.2068019595597505], "(0, -4, 0, 0)": [-0.0031342530552731307, -0.0019661624260415827, -0.001195382414327227, 0.0029004850592441733, 0.00013448866144754462, -0.0006182254467385594, -5.4872016546679905e-06, -0.000252380035955381, 9.33525807148318e-05, 0.001029508880101968, -0.001176854389572094], "(0, -1, 0, 0)": [0.7480092424659044, 0.6951582952204132, 0.5965470706999075, 0.6605413382409624, 0.6409216508546305, 0.6473108794720805, 0.6529833080144427, 0.6329719144021769, 0.639961466420059, 0.8365959164752504, 0.6297395150059522], "(-1, 3, 0, 0)": [0.08053640339276341, 0.0762226775263602, 0.07738282428009835, 0.0767423026870353, 0.07577964571033775, 0.07479741933209688, 0.07640214379498442, 0.07877062682982681, 0.07770201496156846, 0.06388016477814458, 0.0771663726595315], "(-1, 4, 0, 0)": [0.0069009939426624, 0.0021340254686032564, -0.002405578601356751, -0.001985418459679261, 0.003898936699927377, -0.006504058502663803, -0.0082491106624456, -0.0020388922182156214, -0.0019631392625559145, 0.000951770239087193, 0.00416853757133455], "(-1, -2, 0, 0)": [0.007223380295146497, 0.02823237942571786, 0.26977208694517807, 0.01947238873961274, 0.013859264669905079, 0.03998110067065536, 0.07608014430516183, 0.03486624410864271, 0.022937341302728162, 0.0885247009878057, 0.04097293994059201], "(-1, -3, 0, 0)": [0.08487191403011599, 0.08807116179251934, 0.17361252026247423, 0.14152061782140368, 0.16110342373279218, 0.17938978542791817, 0.1405050544690299, 0.13549888801810211, 0.09656959043852426, 0.21575665679228362, 0.15178139509940333], "(-1, -4, 0, 0)": [0.03857110903997392, 0.05626744362324072, 0.007577475087171626, 0.030971910025980418, 0.038681543185099185, 0.015484153422363969, 0.038130524038276714, -0.004362856969237328, 0.0070977795511614, 0.1386026235123354, 0.034999111406008726], "(-1, -1, 0, 0)": [0.291025075390193, 0.07085932008763862, 0.015698623556891254, 0.06388034636421946, 0.06827741856652515, 0.06993059729577691, 0.006818691486270592, 0.031140237555630997, 0.020984947467173835, 0.08551559841871999, 0.029760297146699123], "(-1, 0, 0, 0)": [0.6385593676015296, 0.659587867005263, 0.6743879740299932, 0.6519160742276254, 0.672326864919315, 0.6820913185614826, 0.6716368308318708, 0.6816858325980357, 0.719016535095219, 0.6657966572395092, 0.6820186660010301], "(-1, 1, 0, 0)": [0.6806671304789482, 0.6524677578083059, 0.6173827824482473, 0.6580848735689118, 0.6820727407337266, 0.6299513321972368, 0.62191459173913, 0.6197370525608032, 0.6547175471467814, 0.6737327678986357, 0.6741934628787702], "(-1, 2, 0, 0)": [0.4049591078208179, 0.32355835313031955, 0.31458853469296705, 0.30665235278648817, 0.31306175728044894, 0.3224446634264441, 0.31264946875649785, 0.2949190394604158, 0.29531382520152993, 0.30276981754571675, 0.32539136013324976], "(-2, 2, 0, 0)": [0.17297187074998938, 0.1283425653357741, 0.1267070291716428, 0.10459091650321109, 0.09819713907984011, 0.13509752909471567, 0.10539171121545553, 0.11078807764524412, 0.13963948250126762, 0.10148535033625095, 0.1329811775063793], "(-2, 3, 0, 0)": [0.023088924925119606, 0.023095026062606664, 0.044338473327755853, 0.05190622599625249, 0.03129367155576014, 0.03383406317316045, 0.023118144892636326, 0.04455509402425183, 0.011555669553237561, 0.03505591708439453, 0.020599682769849935], "(-2, 4, 0, 0)": [-0.0024104209042573165, -0.012102512983722946, -0.012333024323615879, -0.01221370465819303, -0.015626274301921025, -0.008211931921031822, -0.007250415372763353, -0.012068055036220847, -0.009753861167024067, -0.008835645526247653, -0.01423020007836028], "(1, -1, 0, 0)": [0.4037455653706293, 0.5002287428465614, 0.4083678271020763, 0.40909419208810477, 0.41183317401256825, 0.3820405152059223, 0.40100490050971604, 0.3913914575721838, 0.3605934844406574, 0.4011643425009976, 0.39968735686802564], "(1, -2, 0, 0)": [0.2693715173445816, 0.273507851246801, 0.2607664252120378, 0.23778949608601924, 0.26436282053259164, 0.2378983125019837, 0.27516449722189373, 0.27211596141285443, 0.26236720372210065, 0.23997608513753027, 0.39243782834163965], "(1, -3, 0, 0)": [0.07424356341672084, 0.07501315294561736, 0.07957468564353401, 0.07945546226929186, 0.07885947223160264, 0.06603224137025741, 0.07873245113815275, 0.07956796720767834, 0.07794620625570887, 0.09434054160352956, 0.07556588303692785], "(1, 4, 0, 0)": [0.07222078920121405, -0.00435933955013752, -0.004368335008621216, 0.0, -0.004376889020204544, 0.0, 0.0, 0.0, 0.0, -0.0023858960697555045, -0.00173898830110956], "(1, -4, 0, 0)": [-0.00881978991264094, -0.006855373308986964, -0.0069825305721361725, -0.002097505838193281, -0.004531834423499282, -0.0029561229824938014, -0.0027785353943871422, 0.002987767508582215, -0.0023221087802228722, -0.003815841477908742, -0.0035270174255945946], "(1, 0, 0, 0)": [0.5408186907435454, 0.14588875377770663, 0.2990066533059391, 0.2114340921748626, 0.3616231576791814, 0.3592450101249975, 0.31857896387003937, 0.41698719311807764, 0.2144843782376387, 0.24361326666962344, 0.21992505126520517], "(1, 2, 0, 0)": [0.34482547075337644, 0.7478271011088405, 0.4673549972692079, 0.4831712782368196, 0.361912197386893, 0.3474135464453341, 0.4705867629281112, 0.5439152246957446, 0.33262815814390534, 0.5503426231353745, 0.5935411641758366], "(1, 3, 0, 0)": [0.0, 0.010511189264158087, 0.27822573087004154, 0.0, 0.021478939592940956, 0.005409516041783304, 0.004043622281310813, 0.015169152550284766, 0.0, 0.0, 0.0], "(-2, 1, 0, 0)": [0.5414311814958479, 0.48393121271689155, 0.44572084204918366, 0.5307950989503025, 0.504529101908954, 0.4541589760586184, 0.495371466460399, 0.4929714391317747, 0.4640680114474577, 0.5014751307212554, 0.5142770664469954], "(-2, 0, 0, 0)": [0.49725232258611834, 0.49397281162449613, 0.5327802855386343, 0.5780112797283211, 0.5254693371335365, 0.5209331585047673, 0.5343783398719892, 0.5138945887158417, 0.5170063567441247, 0.5094231706355055, 0.5325686323480057], "(-2, -1, 0, 0)": [0.1428052311765644, 0.0806804913903158, 0.17952802386328928, 0.011070002239378075, 0.15762857650109222, 0.07723513420578176, 0.08892487607079406, 0.09262053613392406, 0.5205901635646847, 0.001994048058986664, 0.008161949482311751],