{"q_values": {"(0, 0, 0, 0)": [0.786056530207949, 0.7869454178792772, 0.7955776166892343, 0.77062403319303, 0.7900460319914464, 0.7816434311680651, 0.7889558468116256, 0.8011545181022603, 0.7612025452578055, 0.7862552503581035, 0.8282480913864604], "(0, 1, 0, 0)": [0.7958278031354115, 0.8028627196719318, 0.7689783266103515, 0.7763681986533906, 0.7787104872643378, 0.8031945640065228, 0.7787871550230742, 0.7755694380766587, 0.7867688987431428, 0.7592525618607856, 0.7520481805302583], "(0, 2, 0, 0)": [0.706434598814376, 0.6249795252655296, 0.653304947349362, 0.5888426168230724, 0.5186293484337248, 0.6586922378241088, 0.6664145539996382, 0.6165943367191863, 0.5495008876586646, 0.568983035504192, 0.6129609722931333], "(0, 3, 0, 0)": [0.21349847075954348, 0.14996610366179847, 0.12710190017373776, 0.1683594107444421, 0.13350249541784387, 0.18048076850476177, 0.1549621617890345, 0.14713561374834444, 0.15044709291817923, 0.16657813701247826, 0.17277382082038945], "(0, 4, 0, 0)": [0.025774821256465533, 0.01384973791743324, 0.016564505443272357, 0.014974157855195992, 0.03136641358140374, 0.013480399063889249, 0.008613931449871388, 0.013995691545631331, 0.017470084146204178, 0.025719970782143373, 0.00958740967091778], "(0, -2, 0, 0)": [0.3782060866445349, 0.39905275133257956, 0.39167311737949173, 0.45464520814214104, 0.38434088528401267, 0.46093536778807137, 0.3860002301850769, 0.39207204416411284, 0.3973631829819759, 0.7946257882236191, 0.42175925922718], "(0, -3, 0, 0)": [0.11124166418853924, 0.1039645297597518, 0.10057126544877236, 0.10575611878731622, 0.09969867709546588, 0.10032945301496399, 0.11158789043802016, 0.10889726029458902, 0.10445600144413895, 0.10568283215503123, 0.1125101395033618], "(0, -4, 0, 0)": [0.004886484103410586, 0.007491541688389223, 0.0041682525450649635, 0.004664743895561616, 0.004978825062468267, 0.003703922240508058, 0.004231132237955675, 0.003450385384268239, 0.0021659723251920707, 0.004656665315078016, -0.001176854389572094], "(0, -1, 0, 0)": [0.6730439354481136, 0.7004251899982964, 0.6809553367037615, 0.6770079082021273, 0.6867152802638331, 0.6746103032755438, 0.677381702643979, 0.6752939699419042, 0.8209059298746776, 0.7319917101563054, 0.7373638430818878], "(-1, 3, 0, 0)": [0.16800296874246132, 0.11160828502869555, 0.06162697311586951, 0.07925003577098533, 0.09031403039280397, 0.06070686897339088, 0.07640214379498442, 0.08785903493529558, 0.07735165725470815, 0.06388016477814458, 0.07482546280255267], "(-1, 4, 0, 0)": [0.026034326432075604, -0.001963421406049652, -0.002405578601356751, -0.001985418459679261, -0.0017004600437898181, -0.006504058502663803, -0.0082491106624456, -0.0020388922182156214, -0.0019631392625559145, 0.0034117762570381703, -0.0009012977964544455], "(-1, -2, 0, 0)": [0.007223380295146497, 0.02823237942571786, 0.2652354732914856, 0.01947238873961274, 0.013859264669905079, 0.03998110067065536, 0.07608014430516183, 0.03486624410864271, 0.022937341302728162, 0.0885247009878057, 0.04097293994059201], "(-1, -3, 0, 0)": [0.04558973531079371, 0.05607478855606529, 0.13627804453570874, 0.14152061782140368, 0.16976114913881526, 0.13858296663593342, 0.1177075091709418, 0.13549888801810211, 0.09656959043852426, 0.16282184783499049, 0.12115395329568884], "(-1, -4, 0, 0)": [0.025797587788659225, 0.07346811522814778, 0.007577475087171626, 0.008204452143796342, 0.038681543185099185, 0.015484153422363969, 0.044527906165402156, -0.004362856969237328, 0.0070977795511614, 0.12338034180716688, 0.010586837353871635], "(-1, -1, 0, 0)": [0.36008266471296696, 0.013207288610473902, 0.015698623556891254, 0.06388034636421946, 0.06827741856652515, 0.008807146606259315, 0.006818691486270592, 0.031140237555630997, 0.020984947467173835, 0.023520848951486744, 0.029760297146699123], "(-1, 0, 0, 0)": [0.6630026434994031, 0.6518383958124809, 0.6193623892583474, 0.6436876899539739, 0.6449156607597509, 0.6988400402063378, 0.6647759286210801, 0.6661494336694302, 0.6611723903587284, 0.6612407933100565, 0.6540062643307055], "(-1, 1, 0, 0)": [0.6361554957851182, 0.6462292046364198, 0.635178093543381, 0.6295239762617506, 0.6501758344907944, 0.6200513761606548, 0.6555780445856738, 0.6518214623548566, 0.6514266647480844, 0.63335370861659, 0.6295385752632563], "(-1, 2, 0, 0)": [0.42020608644149515, 0.3512858605712663, 0.3095245846267256, 0.3230176984555545, 0.32330630809091243, 0.2909611707125522, 0.3195781028387918, 0.27506722200144273, 0.2753027917532267, 0.33453034737562276, 0.31613439314690683], "(-2, 2, 0, 0)": [0.16475789239128422, 0.11144989061461925, 0.09191417096855657, 0.10459091650321109, 0.10747214988401463, 0.10884484380041749, 0.10305087653863647, 0.11078807764524412, 0.09968195339205327, 0.10148535033625095, 0.1019773402995463], "(-2, 3, 0, 0)": [0.023088924925119606, 0.023095026062606664, 0.026031433937106187, 0.051422216182589214, 0.01959381800859143, 0.01594772329740096, 0.00951008951400404, 0.022801640039319948, 0.011555669553237561, 0.022536994644061423, 0.02601273945106815], "(-2, 4, 0, 0)": [-0.0022718074953446805, -0.012102512983722946, -0.012333024323615879, -0.01221370465819303, -0.012123691429251645, -0.012151957899783142, -0.011772152718781584, -0.012068055036220847, -0.009753861167024067, -0.013771243393603961, -0.012330241720219504], "(1, -1, 0, 0)": [0.44940627306608555, 0.44360385767616767, 0.4423014085570573, 0.4605280406987637, 0.4247480940478593, 0.42459474119212054, 0.4093604799334125, 0.48226978148771255, 0.39539491845075525, 0.45049774771701545, 0.4058250772938539], "(1, -2, 0, 0)": [0.2884081724305808, 0.2851830047435075, 0.3084173205647999, 0.30115457820081326, 0.2856703744791522, 0.2889398070107766, 0.25349881836873395, 0.26322602944927753, 0.2941640812298221, 0.2977042804493164, 0.2706162688010697], "(1, -3, 0, 0)": [0.09457786577503899, 0.11956570885612533, 0.11766508331952148, 0.09918469448193931, 0.10441068845169885, 0.11166228719121407, 0.0857429681236647, 0.11206655852814199, 0.08885405379561645, 0.08144978506847006, 0.12050735455503574], "(1, 4, 0, 0)": [0.09120826750387573, -0.00435933955013752, -0.004368335008621216, 0.0, -0.004376889020204544, 0.0, 0.0, 0.0, 0.0, -0.0023858960697555045, -0.00173898830110956], "(1, -4, 0, 0)": [-0.013285703534983564, -0.006855373308986964, -0.0032652126539746036, -0.00028504751659525363, -0.004531834423499282, 0.0035234953672882152, -0.0008736240482427665, 0.0032180151336466505, -0.0023221087802228722, -0.001694773733545588, -0.0006171443146852761], "(1, 0, 0, 0)": [0.6098758660070269, 0.14588875377770663, 0.11059959451414081, 0.11126608784940331, 0.3616231576791814, 0.2676475094720442, 0.31857896387003937, 0.4010735081011325, 0.2144843782376387, 0.24361326666962344, 0.21992505126520517], "(1, 2, 0, 0)": [0.24859804011381864, 0.7681599826633334, 0.4673549972692079, 0.3461226752111042, 0.28403300220468186, 0.3474135464453341, 0.4093083672189352, 0.3780371643727832, 0.3518348057502174, 0.4576761326310719, 0.480480152407489], "(1, 3, 0, 0)": [0.0, 0.010511189264158087, 0.22600979448431324, 0.0, 0.021478939592940956, 0.005409516041783304, 0.004043622281310813, 0.015169152550284766, 0.0, 0.0, 0.0], "(-2, 1, 0, 0)": [0.5217265106921671, 0.4762863120057301, 0.47968005670847413, 0.45633284478201713, 0.47681065268499057, 0.4885647242972827, 0.48992063634733307, 0.4642800286870546, 0.4315626538914421, 0.47250236805792034, 0.4596799499025477], "(-2, 0, 0, 0)": [0.5021954023066167, 0.4985666757517956, 0.5096292904590126, 0.4763894716243281, 0.5170070576561093, 0.5148431320105451, 0.5096556303239361, 0.4959193877433104, 0.5510958787669581, 0.4900448587066545, 0.4978993449392999], "(-2, -1, 0, 0)": [0.1428052311765644, 0.0806804913903158, 0.17952802386328928, 0.011070002239378075, 0.062289435236948715, 0.07723513420578176, 0.08892487607079406, 0.09262053613392406, 0.3878418784140939, 0.001994048058986664, 0.008161949482311751],