{"q_values": {"(0, 0, 0, 0)": [0.7644331244569863, 0.7933840402812995, 0.7994797820409534, 0.8016936755160827, 0.8065121117625521, 0.7846735666731334, 0.8296868123293599, 0.7925427306555515, 0.7822270515294589, 0.8168131775629354, 0.8119461680234645], "(0, 1, 0, 0)": [0.7863754334708731, 0.8588631795071562, 0.794697076395708, 0.7593085994244528, 0.7781262367741048, 0.7877593937673644, 0.7882069468206648, 0.7874142262615794, 0.7852109976726941, 0.7683298995918506, 0.7809964952129831], "(0, 2, 0, 0)": [0.7913308708895291, 0.5934257554300443, 0.6099020163528776, 0.5374523538583549, 0.5186293484337248, 0.621851489540201, 0.6066813399384993, 0.6165943367191863, 0.6327212494561559, 0.568983035504192, 0.6129609722931333], "(0, 3, 0, 0)": [0.21693448969468893, 0.14996610366179847, 0.12710190017373776, 0.1683594107444421, 0.13350249541784387, 0.18048076850476177, 0.1549621617890345, 0.14713561374834444, 0.15044709291817923, 0.16657813701247826, 0.17277382082038945], "(0, 4, 0, 0)": [0.025774821256465533, 0.01384973791743324, 0.016564505443272357, 0.014974157855195992, 0.031720454280955324, 0.013480399063889249, 0.008613931449871388, 0.013995691545631331, 0.017470084146204178, 0.025719970782143373, 0.00958740967091778], "(0, -2, 0, 0)": [0.3782060866445349, 0.39905275133257956, 0.39167311737949173, 0.45464520814214104, 0.38434088528401267, 0.4001046302106999, 0.3860002301850769, 0.39207204416411284, 0.3973631829819759, 0.6654247777593526, 0.42175925922718], "(0, -3, 0, 0)": [0.11124166418853924, 0.1039645297597518, 0.10057126544877236, 0.10575611878731622, 0.09969867709546588, 0.10032945301496399, 0.10751265524161986, 0.10889726029458902, 0.1136919474571942, 0.1136436879773117, 0.1125101395033618], "(0, -4, 0, 0)": [0.004886484103410586, 0.0056499440072134, 0.0041682525450649635, 0.004664743895561616, 0.004978825062468267, 0.003703922240508058, 0.004231132237955675, 0.003450385384268239, 0.0021659723251920707, 0.004656665315078016, -0.001176854389572094], "(0, -1, 0, 0)": [0.6788090431522102, 0.7052967936092749, 0.7150928009697944, 0.7294980778758677, 0.7521440453101009, 0.7345085028927708, 0.735143813841684, 0.7126207199665937, 0.7531640607156851, 0.7274676196405945, 0.8444008983029981], "(-1, 3, 0, 0)": [0.15516648964702015, 0.09671719369224344, 0.06162697311586951, 0.07925003577098533, 0.09031403039280397, 0.06070686897339088, 0.07640214379498442, 0.06416208245180188, 0.06284351486580456, 0.06388016477814458, 0.053781715149458356], "(-1, 4, 0, 0)": [0.029826300232931046, -0.001963421406049652, -0.002405578601356751, -0.001985418459679261, -0.0017004600437898181, -0.006504058502663803, -0.0082491106624456, -0.0020388922182156214, -0.0019631392625559145, 0.0034117762570381703, -0.0009012977964544455], "(-1, -2, 0, 0)": [0.007223380295146497, 0.02823237942571786, 0.35103288149359735, 0.01947238873961274, 0.013859264669905079, 0.03998110067065536, 0.07608014430516183, 0.03486624410864271, 0.022937341302728162, 0.0885247009878057, 0.04097293994059201], "(-1, -3, 0, 0)": [0.04558973531079371, 0.05607478855606529, 0.13627804453570874, 0.14152061782140368, 0.12634804132558436, 0.13858296663593342, 0.1177075091709418, 0.13549888801810211, 0.09656959043852426, 0.3310074706190191, 0.12115395329568884], "(-1, -4, 0, 0)": [0.025797587788659225, 0.07346811522814778, 0.007577475087171626, 0.008204452143796342, 0.038681543185099185, 0.015484153422363969, 0.044527906165402156, -0.004362856969237328, 0.0070977795511614, 0.08074075356423478, 0.010586837353871635], "(-1, -1, 0, 0)": [0.288816974511291, 0.013207288610473902, 0.015698623556891254, 0.06388034636421946, 0.06827741856652515, 0.008807146606259315, 0.006818691486270592, 0.031140237555630997, 0.020984947467173835, 0.023520848951486744, 0.029760297146699123], "(-1, 0, 0, 0)": [0.6548247524863823, 0.6074563209186657, 0.6487555513488371, 0.6375927287693929, 0.6648195944121587, 0.6542275220670755, 0.6536073638974855, 0.6682993395424249, 0.668990929702617, 0.6681591699803541, 0.6729054583500307], "(-1, 1, 0, 0)": [0.6981755714312623, 0.6558726245338693, 0.6579746364096198, 0.6275850884794042, 0.6194267270390736, 0.6316454620237055, 0.5912046698297594, 0.6513013869234799, 0.632950096882814, 0.6176875134791653, 0.6433792384144599], "(-1, 2, 0, 0)": [0.3130383642039956, 0.28510164387248593, 0.3095245846267256, 0.2799657945459829, 0.35089042055546654, 0.3134673446505917, 0.2675257276497126, 0.27506722200144273, 0.2753027917532267, 0.3040470591886638, 0.2798042915253134], "(-2, 2, 0, 0)": [0.18399804343246778, 0.13703163360194703, 0.09191417096855657, 0.0840816068674709, 0.11211572789431437, 0.10884484380041749, 0.1391500666296749, 0.12180467798578051, 0.11925449723030289, 0.10148535033625095, 0.11964586255498673], "(-2, 3, 0, 0)": [0.016743331406440413, 0.017592214699507863, 0.026031433937106187, 0.0267772516746751, 0.01959381800859143, 0.01594772329740096, 0.00951008951400404, 0.031349309511116544, 0.011555669553237561, 0.027095934369946992, 0.02601273945106815], "(-2, 4, 0, 0)": [-0.004804579195743204, -0.012102512983722946, -0.012333024323615879, -0.01221370465819303, -0.012123691429251645, -0.012151957899783142, -0.011772152718781584, -0.012068055036220847, -0.011833257148277546, -0.013771243393603961, -0.012330241720219504], "(1, -1, 0, 0)": [0.6278166180968794, 0.44360385767616767, 0.4423014085570573, 0.43153009592569036, 0.4157931355998717, 0.42459474119212054, 0.4093604799334125, 0.4662641859162506, 0.39539491845075525, 0.4622577317527655, 0.45205947537618807], "(1, -2, 0, 0)": [0.35777035875464447, 0.2851830047435075, 0.272062040805475, 0.2797456171122338, 0.2856703744791522, 0.29022657126833445, 0.25349881836873395, 0.26322602944927753, 0.2941640812298221, 0.2951571878740507, 0.2706162688010697], "(1, -3, 0, 0)": [0.09457786577503899, 0.12608662521235303, 0.10764488653445102, 0.09918469448193931, 0.12211616483713218, 0.12537179170098414, 0.0857429681236647, 0.1233950370685702, 0.08885405379561645, 0.08144978506847006, 0.17483658513871522], "(1, 4, 0, 0)": [0.09331560108127844, -0.00435933955013752, -0.004368335008621216, 0.0, -0.004376889020204544, 0.0, 0.0, 0.0, 0.0, -0.0023858960697555045, -0.00173898830110956], "(1, -4, 0, 0)": [-0.013285703534983564, -0.006855373308986964, -0.0032652126539746036, -0.00028504751659525363, -0.004531834423499282, 0.0035234953672882152, -0.0008736240482427665, 0.017026901454509538, -0.0023221087802228722, -0.001694773733545588, -0.0006171443146852761], "(1, 0, 0, 0)": [0.5597830698313634, 0.14588875377770663, 0.11059959451414081, 0.11126608784940331, 0.3616231576791814, 0.2676475094720442, 0.31857896387003937, 0.4010735081011325, 0.2144843782376387, 0.24361326666962344, 0.21992505126520517], "(1, 2, 0, 0)": [0.24859804011381864, 0.6497855893723621, 0.4673549972692079, 0.3461226752111042, 0.28403300220468186, 0.3474135464453341, 0.4093083672189352, 0.3780371643727832, 0.3518348057502174, 0.39482349803846395, 0.480480152407489], "(1, 3, 0, 0)": [0.0, 0.010511189264158087, 0.25341417067115823, 0.0, 0.021478939592940956, 0.005409516041783304, 0.004043622281310813, 0.015169152550284766, 0.0, 0.0, 0.0], "(-2, 1, 0, 0)": [0.5622628512438268, 0.4899774873222106, 0.48271739286699666, 0.5311470813983669, 0.5156715733118389, 0.5078428698623219, 0.49331259271164096, 0.4843235787571156, 0.5291675002545382, 0.4854800821167598, 0.49142216314459064], "(-2, 0, 0, 0)": [0.5104566105417053, 0.5200149135410996, 0.5135468170179686, 0.4763894716243281, 0.5225599254934782, 0.5130381064360151, 0.5096556303239361, 0.5120028012246668, 0.5036768828863583, 0.5640045610238973, 0.5166806113373684], "(-2, -1, 0, 0)": [0.1428052311765644, 0.0806804913903158, 0.17952802386328928, 0.011070002239378075, 0.062289435236948715, 0.07723513420578176, 0.08892487607079406, 0.001991705968976021, 0.4496684166607377, 0.001994048058986664, 0.008161949482311751],