{"q_values": {"(0, 0, 0, 0)": [0.7970065278210033, 0.7836188054468016, 0.7889734940152426, 0.7816113246478956, 0.7900826155531457, 0.7957420042481484, 0.7775547555888053, 0.7772272497687384, 0.8354328902689138, 0.7756585717913006, 0.7750414977644506], "(0, 1, 0, 0)": [0.8086808217245106, 0.7930058351128655, 0.7955636778478868, 0.7849431740413614, 0.7952652202683538, 0.7696493236158732, 0.7848330271821825, 0.7813585073632887, 0.772638904745998, 0.799352890182597, 0.7902581571713766], "(0, 2, 0, 0)": [0.8013835994209233, 0.6329200204827106, 0.6035227863009568, 0.5870580186005782, 0.5997815019581838, 0.5999169750739926, 0.597065706907665, 0.6165943367191863, 0.6018658148413519, 0.619741242413331, 0.5922366906922311], "(0, 3, 0, 0)": [0.3169286608285326, 0.14996610366179847, 0.12710190017373776, 0.1683594107444421, 0.1963761914774922, 0.18048076850476177, 0.1549621617890345, 0.14713561374834444, 0.15044709291817923, 0.16657813701247826, 0.17277382082038945], "(0, 4, 0, 0)": [0.016263886235051803, 0.01384973791743324, 0.016564505443272357, 0.014974157855195992, 0.023847552195009954, 0.013480399063889249, 0.008613931449871388, 0.013995691545631331, 0.017470084146204178, 0.025719970782143373, 0.00958740967091778], "(0, -2, 0, 0)": [0.45782103350486375, 0.39905275133257956, 0.4172382118580181, 0.3840313971291196, 0.38434088528401267, 0.40378111328334215, 0.5059702876268598, 0.3881894340331573, 0.3973631829819759, 0.459017875869378, 0.755048616433234], "(0, -3, 0, 0)": [0.08078422886357733, 0.07886605589537969, 0.08006805744974313, 0.08793064605524636, 0.08636834892926229, 0.08284026036869051, 0.08545309850338347, 0.0837811376201266, 0.08901727215970134, 0.08837515018781456, 0.08747756464423341], "(0, -4, 0, 0)": [0.0014728230675887608, -0.0019661624260415827, 0.0023153169899753833, 0.0010683716148028244, 0.00013448866144754462, 0.001288628885308109, -5.4872016546679905e-06, -0.000252380035955381, 9.33525807148318e-05, 0.001029508880101968, -0.001176854389572094], "(0, -1, 0, 0)": [0.6730439354481136, 0.7008835711856143, 0.7122380440792729, 0.6702035925213488, 0.6468181349377696, 0.6507404137856422, 0.6678375720862221, 0.6709662359485835, 0.6452437424668144, 0.6702730031439775, 0.8293639222254123], "(-1, 3, 0, 0)": [0.08702736987816923, 0.09230770919259199, 0.08238647858948397, 0.08760117148909319, 0.09031403039280397, 0.06070686897339088, 0.07640214379498442, 0.08561412224725129, 0.07735165725470815, 0.06388016477814458, 0.07482546280255267], "(-1, 4, 0, 0)": [0.018803492413390004, -0.001963421406049652, -0.002405578601356751, -0.001985418459679261, -0.0017004600437898181, -0.006504058502663803, -0.0082491106624456, -0.0020388922182156214, -0.0019631392625559145, 0.0034117762570381703, -0.0009012977964544455], "(-1, -2, 0, 0)": [0.007223380295146497, 0.02823237942571786, 0.22131967116362697, 0.01947238873961274, 0.013859264669905079, 0.03998110067065536, 0.07608014430516183, 0.03486624410864271, 0.022937341302728162, 0.0885247009878057, 0.04097293994059201], "(-1, -3, 0, 0)": [0.08487191403011599, 0.05607478855606529, 0.15060193259937826, 0.14152061782140368, 0.16110342373279218, 0.17938978542791817, 0.1405050544690299, 0.13549888801810211, 0.09656959043852426, 0.2479306394066516, 0.12115395329568884], "(-1, -4, 0, 0)": [0.03857110903997392, 0.05626744362324072, 0.007577475087171626, 0.030971910025980418, 0.038681543185099185, 0.015484153422363969, 0.044527906165402156, -0.004362856969237328, 0.0070977795511614, 0.062494559715067524, 0.010586837353871635], "(-1, -1, 0, 0)": [0.29266345218868756, 0.013207288610473902, 0.015698623556891254, 0.06388034636421946, 0.06827741856652515, 0.06993059729577691, 0.006818691486270592, 0.031140237555630997, 0.020984947467173835, 0.08551559841871999, 0.029760297146699123], "(-1, 0, 0, 0)": [0.6693456132971896, 0.6749133503447152, 0.6763627500779889, 0.6633961729403607, 0.6455034417022373, 0.6687599838143145, 0.7251809345042338, 0.6767642431006659, 0.656257630652437, 0.6677199102608379, 0.6752853531111602], "(-1, 1, 0, 0)": [0.6897001828127177, 0.6606985663052047, 0.6398203634331644, 0.6252128296763253, 0.6681022936252632, 0.6164486408908924, 0.6545682366220469, 0.632118727753267, 0.6746002090102047, 0.6628756478939726, 0.6392118631727388], "(-1, 2, 0, 0)": [0.34292443811486994, 0.344946045053329, 0.31458853469296705, 0.30665235278648817, 0.3267423441691711, 0.31607681638635726, 0.3253134685990335, 0.29693082078067434, 0.3222467503799572, 0.3189083149115517, 0.3021649947627259], "(-2, 2, 0, 0)": [0.22161013278375474, 0.1283425653357741, 0.1267070291716428, 0.10459091650321109, 0.09819713907984011, 0.12798672691652513, 0.10305087653863647, 0.11078807764524412, 0.1341558369421911, 0.10148535033625095, 0.12089685911669977], "(-2, 3, 0, 0)": [0.023088924925119606, 0.023095026062606664, 0.044338473327755853, 0.045370971119736536, 0.01959381800859143, 0.02719456168858113, 0.023118144892636326, 0.022801640039319948, 0.011555669553237561, 0.022536994644061423, 0.02601273945106815], "(-2, 4, 0, 0)": [-0.0004749006294746628, -0.012102512983722946, -0.012333024323615879, -0.01221370465819303, -0.014075108653946093, -0.008211931921031822, -0.011772152718781584, -0.012068055036220847, -0.009753861167024067, -0.008835645526247653, -0.01423020007836028], "(1, -1, 0, 0)": [0.41769917008936824, 0.41765653711337664, 0.409680223771357, 0.4159896277484727, 0.4158299963256586, 0.3820405152059223, 0.4077345012752481, 0.41509098931165145, 0.412684761617234, 0.4496922238346377, 0.41891966484311], "(1, -2, 0, 0)": [0.27473363773921705, 0.2553523815464157, 0.2931955993515993, 0.23778949608601924, 0.23661016057638798, 0.2378983125019837, 0.25349881836873395, 0.27866340328330846, 0.2536989883383805, 0.23997608513753027, 0.3329609909653183], "(1, -3, 0, 0)": [0.08461171276416679, 0.08027631509194555, 0.08103381383893554, 0.07945546226929186, 0.08286636709074653, 0.08175737052008411, 0.07873245113815275, 0.0830844471774061, 0.08704338217691798, 0.08090374603525614, 0.08360103922487788], "(1, 4, 0, 0)": [0.08312441360327796, -0.00435933955013752, -0.004368335008621216, 0.0, -0.004376889020204544, 0.0, 0.0, 0.0, 0.0, -0.0023858960697555045, -0.00173898830110956], "(1, -4, 0, 0)": [-0.013285703534983564, -0.006855373308986964, -0.0069825305721361725, -0.0017468329943109615, -0.004531834423499282, -0.0029561229824938014, -0.0027785353943871422, -0.0017616000474739869, -0.0023221087802228722, 0.007300682674733323, -0.0035270174255945946], "(1, 0, 0, 0)": [0.5597010369230637, 0.14588875377770663, 0.24370587326570312, 0.2098553349150314, 0.3616231576791814, 0.2676475094720442, 0.31857896387003937, 0.4010735081011325, 0.2144843782376387, 0.24361326666962344, 0.21992505126520517], "(1, 2, 0, 0)": [0.24859804011381864, 0.7107912023358217, 0.4673549972692079, 0.4831712782368196, 0.361912197386893, 0.3474135464453341, 0.4093083672189352, 0.49285200638791976, 0.33262815814390534, 0.5004046817486596, 0.5384262950393361], "(1, 3, 0, 0)": [0.0, 0.010511189264158087, 0.3169195938964826, 0.0, 0.021478939592940956, 0.005409516041783304, 0.004043622281310813, 0.015169152550284766, 0.0, 0.0, 0.0], "(-2, 1, 0, 0)": [0.5270158300519688, 0.5006467678653485, 0.5086343070573823, 0.4996426912075691, 0.4971578785150641, 0.5221503631612605, 0.502165250031675, 0.4964372396710711, 0.4188503545518392, 0.4750173599470206, 0.5201248279907716], "(-2, 0, 0, 0)": [0.5278052690969137, 0.5128225594230109, 0.5012001674999682, 0.5270092486207121, 0.5129311161846554, 0.5137263026320454, 0.5134931470029529, 0.5274987476438835, 0.523171581483107, 0.5092083381280051, 0.5628071634885217], "(-2, -1, 0, 0)": [0.1428052311765644, 0.0806804913903158, 0.17952802386328928, 0.011070002239378075, 0.15762857650109222, 0.07723513420578176, 0.08892487607079406, 0.09262053613392406, 0.4975261770852297, 0.001994048058986664, 0.008161949482311751],