{"q_values": {"(0, 0, 0, 0)": [0.45241388172851776, 0.45131105112611036, 0.45356506597759016, 0.46920272892964404, 0.4538684822061709, 0.4568122933036554, 0.44483152571620116, 0.4599022104792394, 0.4061648115617814, 0.45678356382631674, 0.4574394259978933], "(0, 1, 0, 0)": [0.4005461979715565, 0.4064535050059393, 0.38236194058375544, 0.381292557985396, 0.3813636987790132, 0.39268816650420685, 0.3800957464522424, 0.37977655236197666, 0.401447158674636, 0.3783962207285622, 0.38921014454056224], "(0, 2, 0, 0)": [0.2786778074943336, 0.2147941768405013, 0.17380271510503814, 0.19746377649131217, 0.19568494566088598, 0.20351371428338627, 0.20988450950831825, 0.19701497989942998, 0.20001609894050756, 0.19817834883398966, 0.2051955479425235], "(0, 3, 0, 0)": [0.07587033989326616, 0.07074243331286847, 0.06141428207610989, 0.08481590643700965, 0.07641750241257435, 0.06947014819050899, 0.05243833277088979, 0.0744102141537495, 0.07309095389662354, 0.07447374894687958, 0.07212246506384785], "(0, 4, 0, 0)": [0.017489951962969222, 0.006062758757435112, 0.005924466167997824, 0.0038738670062604718, 0.013210528589428637, 0.003548107173624533, 0.011062557390452877, 0.009990291157901388, 0.00403588294745939, 0.0026252904888653637, 0.008879460421995389], "(0, -2, 0, 0)": [0.22070705136624197, 0.20122334432045438, 0.2085000172946231, 0.21855162773928255, 0.2210884363662513, 0.19905880061799738, 0.2009811710805724, 0.20889972738571638, 0.19914052702951554, 0.2162910839152491, 0.21207506291785805], "(0, -3, 0, 0)": [0.07735987940884022, 0.10172176850170561, 0.08159140456253691, 0.10060895365765994, 0.08390686622567911, 0.09805880111432498, 0.08553543793536965, 0.0894957834855423, 0.10489584548121948, 0.08792377340215489, 0.09843075294491682], "(0, -4, 0, 0)": [0.004247119484272766, 0.010295680929708128, 0.0035921020722088485, 0.007105041698319623, 0.002282740007902002, 0.005931926543246223, 0.006760289040073882, 0.006789752540155674, 0.0066361625173972745, 0.022073493510117056, 0.011309994138034817], "(0, -1, 0, 0)": [0.42712212834635266, 0.3895289431344803, 0.4242601011876612, 0.4267558899999225, 0.38641558270918797, 0.4283490533762171, 0.38924487080648523, 0.4331979212923865, 0.3878371151939185, 0.41350475649230145, 0.4321749907952731], "(-1, 3, 0, 0)": [0.0017376624047756196, 0.003824563277477384, 0.004151734800481945, 0.004917079615492906, 0.005579500421399236, 0.019921160237194483, 0.005494741854781271, 0.008530831550877183, 0.002205742860585451, 0.0018159905448555946, 0.012494523811703934], "(-1, 4, 0, 0)": [0.0, 0.005484556641161938, 0.0024468394047114823, -0.003063439577817917, -0.0019056138273791491, -0.004371502995491028, 0.002105731757349968, 0.0, 5.85402257442455e-06, -0.004356875643134118, 0.0011848796257082298], "(-1, -2, 0, 0)": [0.007223380295146497, 0.005353907904564718, 0.04250515293685543, 0.01947238873961274, 0.013859264669905079, 0.014620386141878692, 0.0029747903029143756, 0.032077200910802815, 0.022937341302728162, 0.0109828916584465, 0.011533671644709273], "(-1, -3, 0, 0)": [0.021789524746633523, 0.02601136385121211, 0.011188074584638061, 0.018101892268770563, 0.02127637250233686, 0.024752752982177207, 0.004025152013504643, 0.015042106142062677, 0.030351430188105835, 0.03227707022824951, 0.019168162492853344], "(-1, -4, 0, 0)": [-0.0010116964486722472, 0.00569192081198394, 0.001773615706351912, 0.004731927535391896, 0.006464095214831071, -0.0018573569571208683, 0.021510261145562763, -0.004362856969237328, 0.001652614213526249, 0.0, -0.002228876597329157], "(-1, -1, 0, 0)": [0.01945266186718239, 0.014017718335036972, 0.015698623556891254, 0.0, 0.0, 0.008807146606259315, 0.0, 0.011428823087340265, 0.00802817351253159, 0.0, 0.0], "(-1, 0, 0, 0)": [0.04112709731544853, 0.05294056639988469, 0.043227327213672506, 0.0580086120301576, 0.06862141483873861, 0.05327393572512047, 0.04130959428574279, 0.04304425582697549, 0.061160502966213205, 0.047046519512932324, 0.041173833770011416], "(-1, 1, 0, 0)": [0.07822977129980092, 0.06288148481200607, 0.06259004499132519, 0.056988395724132876, 0.05522821841816395, 0.06226676404737409, 0.055114971204070676, 0.05485652347294021, 0.05764902556722862, 0.06502141788121321, 0.047794154068423494], "(-1, 2, 0, 0)": [0.014529835993932802, 0.0030142849776461722, 0.011823218485942026, 0.011590111510587487, 0.003560060783672746, 0.006294756296050005, 0.028518172750886722, 0.002438374119982645, 0.0, 0.0066776731311737605, 0.006991446711626522], "(-2, 2, 0, 0)": [0.024561877098598046, 0.002946046770299077, 0.009444601633262734, 0.004505740509117246, 0.0, 0.0045754393834689785, 0.005290765415136113, 0.002945382324258299, 0.010730967009911694, 0.0030631448973039315, 0.005649715009170914], "(-2, 3, 0, 0)": [0.0, 0.002173369896039367, 0.001745228096842766, 0.0, 0.0018305161967873574, 0.0, 0.001854037679731846, 0.0, 0.0, 0.012635951462178333, 0.005850640289490091], "(-2, 4, 0, 0)": [0.0, 0.0, 0.0, 0.0020232701111584906, 0.0, -0.002774749443233013, 0.0, 0.0, 0.001708185486495495, 0.0, -0.0043601408600807195], "(1, -1, 0, 0)": [0.0949543590852678, 0.08256064175803055, 0.091297289285816, 0.07710848928894291, 0.08393785807031834, 0.10165444942365935, 0.0718955536188967, 0.08872100572963039, 0.09676846586116845, 0.09834069278544805, 0.08502045823579715], "(1, -2, 0, 0)": [0.0336513166367365, 0.045241749174291274, 0.04637665204745694, 0.0442953234388933, 0.039037618591318934, 0.045175497031548745, 0.05017013860905492, 0.04691612548305785, 0.044443463965881655, 0.05807819408881125, 0.04674717540056623], "(1, -3, 0, 0)": [0.016570094908755537, 0.019486917525452778, 0.031237332132083455, 0.01880247450582262, 0.003244202183580172, 0.024783732650236038, 0.023554647463807, 0.01634404499756884, 0.004443428748864683, 0.0113408967829335, 0.00841217562433397], "(1, 4, 0, 0)": [0.0, 0.0, -0.004368335008621216, 0.0, -0.004376889020204544, 0.0, 0.0, 0.0, 0.0, 0.000992871358446854, 0.0018675397389348453], "(1, -4, 0, 0)": [-0.004221565460693758, -0.003414933697259928, -0.0034144364455108893, -0.001383496514133086, -0.001169066640872826, -0.00637968178111749, -0.0025147347257130515, -0.0016372734591364865, -0.003056855499744416, -0.002521064093927352, -0.0069151061180420526], "(1, 0, 0, 0)": [0.03762595395510472, 0.009162578324208545, 0.030901753373629333, 0.014114168649011789, 0.08975995307380681, 0.026150044669801246, 0.0, 0.02417847463460134, 0.005743116407129229, 0.014177702806743405, 0.015850970844973625], "(1, 2, 0, 0)": [0.024607669121495628, 0.04617200565021556, 0.021119665924770124, 0.0, 0.0, 0.0, 0.00901776550613336, 0.0, 0.001953220181167126, 0.0, 0.007610499308638172], "(1, 3, 0, 0)": [0.0, 0.0, 0.003142542839050293, 0.0, 0.0, 0.0, 0.0, 0.0, 0.0, 0.0, 0.0], "(-2, 1, 0, 0)": [0.03868901792948308, 0.024496860484751228, 0.02384632611721224, 0.02051724716739232, 0.013010970949830298, 0.012849387208109872, 0.009134420936359288, 0.0, 0.02274592052728763, 0.008245841070633657, 0.027469752905524655], "(-2, 0, 0, 0)": [0.032566923028290236, 0.020599184355104334, 0.007843995801865247, 0.016883500481158997, 0.025165436821473843, 0.0, 0.021191446572457008, 0.006250157887483528, 0.019251705013003786, 0.002909474510804549, 0.02285211039462864], "(-2, -1, 0, 0)": [0.0, 0.0, 0.0054578822017955966, 0.0, 0.01507062273152028, 0.003071146426094288, 0.0, 0.001991705968976021, 0.030259501059861763, 0.001994048058986664, 0.008161949482311751], "(-3, 0, 0, 0)": [0.005603590471314863, 0.0, 0.0, 0.0, 0.0019976988434791568, 0.0, 0.0, 0.0065367277913571924, 0.0, 0.016641776613257237, 0.004034221911458445], "(-3, 1, 0, 0)": [0.0019851649180054665, 0.004204357006545694, 0.011758677697781099, 0.0, 0.0, 0.0, 0.001954600214958191, 0.0, 0.0, 0.0042115646982151585, 0.001972067728638649], "(-3, 2, 0, 0)": [0.020693551083017903, 0.0, 0.003696464417169831, 0.00597840509788462, 0.0, 0.0, 0.005426948557418608, 0.0, 0.0, 0.00678043584067381, 0.008314026765697966],