{"q_values": {"(0, 0, 0, 0)": [0.781411613072542, 0.7374957795217036, 0.7696137200935491, 0.7838034032452478, 0.7810949148546739, 0.7953534743716484, 0.7498072130910777, 0.7783018163156294, 0.7714003570585857, 0.768916503644794, 0.7786339146096343], "(0, 1, 0, 0)": [0.7694128456646893, 0.7757000764779568, 0.8111968950703717, 0.7764720293625674, 0.7746386210359602, 0.7774710362663296, 0.7733617058797962, 0.7635596122614954, 0.7771245630723186, 0.7703706702589233, 0.7758218114774535], "(0, 2, 0, 0)": [0.678509934501272, 0.6364006945145876, 0.6127127805441765, 0.6253119576081062, 0.6155798026972177, 0.588011491600264, 0.55025772075902, 0.6058608167239207, 0.6359782133483189, 0.5551577244104499, 0.6018437530803113], "(0, 3, 0, 0)": [0.1924335846722587, 0.14996610366179847, 0.15919331283603994, 0.1683594107444421, 0.176083025187939, 0.18048076850476177, 0.1549621617890345, 0.14713561374834444, 0.15044709291817923, 0.16657813701247826, 0.17277382082038945], "(0, 4, 0, 0)": [0.016263886235051803, 0.01384973791743324, 0.016564505443272357, 0.014974157855195992, 0.01495101678361692, 0.013480399063889249, 0.008613931449871388, 0.013995691545631331, 0.014941190697157646, 0.01701131818689921, 0.00958740967091778], "(0, -2, 0, 0)": [0.447216414682845, 0.46263225831158594, 0.4526911673485889, 0.4973830495604284, 0.483083188908364, 0.4527820922422502, 0.5444901749623903, 0.47718709530460907, 0.4590022885146332, 0.5070634893629483, 0.5313802004650098], "(0, -3, 0, 0)": [0.08078422886357733, 0.07886605589537969, 0.08006805744974313, 0.07882092760569878, 0.08636834892926229, 0.08284026036869051, 0.08545309850338347, 0.08231502103310076, 0.07959325043269982, 0.07940861369553946, 0.18510250888991628], "(0, -4, 0, 0)": [-0.0031342530552731307, -0.0019661624260415827, -0.001195382414327227, -0.000717384760259396, 0.00013448866144754462, -0.0006182254467385594, -5.4872016546679905e-06, -0.000252380035955381, 9.33525807148318e-05, 0.001029508880101968, -0.001176854389572094], "(0, -1, 0, 0)": [0.6619469462158593, 0.6968890619527108, 0.6370296559851968, 0.6733386617104705, 0.6409216508546305, 0.6473108794720805, 0.6529833080144427, 0.6329719144021769, 0.7579762150232775, 0.657189701389841, 0.6715146496508173], "(-1, 3, 0, 0)": [0.2019649522047045, 0.0762226775263602, 0.07738282428009835, 0.0767423026870353, 0.07577964571033775, 0.07479741933209688, 0.07640214379498442, 0.07877062682982681, 0.07770201496156846, 0.06388016477814458, 0.0771663726595315], "(-1, 4, 0, 0)": [0.026916681098615863, 0.0021340254686032564, -0.002405578601356751, -0.001985418459679261, 0.003898936699927377, -0.006504058502663803, -0.0082491106624456, -0.0020388922182156214, -0.0019631392625559145, 0.000951770239087193, 0.00416853757133455], "(-1, -2, 0, 0)": [0.007223380295146497, 0.02823237942571786, 0.26590739256427465, 0.01947238873961274, 0.013859264669905079, 0.03998110067065536, 0.07608014430516183, 0.03486624410864271, 0.022937341302728162, 0.0885247009878057, 0.04097293994059201], "(-1, -3, 0, 0)": [0.08487191403011599, 0.08807116179251934, 0.17361252026247423, 0.14152061782140368, 0.16110342373279218, 0.17938978542791817, 0.1405050544690299, 0.13549888801810211, 0.09656959043852426, 0.19224344428089848, 0.15178139509940333], "(-1, -4, 0, 0)": [0.06233350047196058, 0.05626744362324072, 0.007577475087171626, 0.030971910025980418, 0.038681543185099185, 0.015484153422363969, 0.038130524038276714, -0.004362856969237328, 0.0070977795511614, 0.13461211313872523, 0.034999111406008726], "(-1, -1, 0, 0)": [0.2948454652424117, 0.07085932008763862, 0.015698623556891254, 0.06388034636421946, 0.06827741856652515, 0.06993059729577691, 0.006818691486270592, 0.031140237555630997, 0.020984947467173835, 0.08551559841871999, 0.029760297146699123], "(-1, 0, 0, 0)": [0.6497958479368999, 0.676450453190205, 0.6844753548488121, 0.6519160742276254, 0.6929647709511578, 0.6764202820059154, 0.6716368308318708, 0.6958218289978564, 0.6873826278304322, 0.6657966572395092, 0.6820186660010301], "(-1, 1, 0, 0)": [0.6418635406166013, 0.6284063483553728, 0.6360595931035884, 0.6222464449608496, 0.6451610757867926, 0.618310642403674, 0.6033014860971578, 0.6304989195790458, 0.6325207671959087, 0.6248478883699312, 0.6267768882085772], "(-1, 2, 0, 0)": [0.3761739465882373, 0.3689721738445911, 0.31458853469296705, 0.34093971926344885, 0.3878269537051987, 0.3224446634264441, 0.31264946875649785, 0.2949190394604158, 0.29531382520152993, 0.30276981754571675, 0.32539136013324976], "(-2, 2, 0, 0)": [0.12047806442158975, 0.12535691528698184, 0.12062385227139792, 0.11226440756145444, 0.09819713907984011, 0.11646038286074337, 0.10539171121545553, 0.11078807764524412, 0.12358540993236454, 0.10148535033625095, 0.11703402997023796], "(-2, 3, 0, 0)": [0.023088924925119606, 0.023095026062606664, 0.047320159874036684, 0.04216118744190407, 0.03129367155576014, 0.03383406317316045, 0.023118144892636326, 0.04374750394414111, 0.011555669553237561, 0.03505591708439453, 0.020599682769849935], "(-2, 4, 0, 0)": [0.0016853967950225222, -0.012102512983722946, -0.012333024323615879, -0.01221370465819303, -0.015626274301921025, -0.008211931921031822, -0.008800877316783626, -0.012068055036220847, -0.009753861167024067, -0.008835645526247653, -0.015749067804234854], "(1, -1, 0, 0)": [0.4037455653706293, 0.5447628755252031, 0.4083678271020763, 0.40909419208810477, 0.41991048227157907, 0.3820405152059223, 0.40100490050971604, 0.3913914575721838, 0.3605934844406574, 0.4011643425009976, 0.39968735686802564], "(1, -2, 0, 0)": [0.2718034122849823, 0.29000977526673016, 0.2607664252120378, 0.2950313738247971, 0.26436282053259164, 0.2643614296338588, 0.27516449722189373, 0.27211596141285443, 0.2869090204763834, 0.28344787131664606, 0.31925222337651205], "(1, -3, 0, 0)": [0.07424356341672084, 0.07501315294561736, 0.07957468564353401, 0.07945546226929186, 0.07885947223160264, 0.06603224137025741, 0.07873245113815275, 0.07956796720767834, 0.07794620625570887, 0.09361063463959546, 0.07556588303692785], "(1, 4, 0, 0)": [0.07222078920121405, -0.00435933955013752, -0.004368335008621216, 0.0, -0.004376889020204544, 0.0, 0.0, 0.0, 0.0, -0.0023858960697555045, -0.00173898830110956], "(1, -4, 0, 0)": [-0.00881978991264094, -0.006855373308986964, -0.0069825305721361725, -0.002097505838193281, -0.004531834423499282, -0.0029561229824938014, -0.0027785353943871422, 0.010737270676746128, -0.0023221087802228722, -0.003815841477908742, -0.0035270174255945946], "(1, 0, 0, 0)": [0.6065924823576969, 0.14588875377770663, 0.2990066533059391, 0.2114340921748626, 0.3616231576791814, 0.3592450101249975, 0.31857896387003937, 0.41698719311807764, 0.2144843782376387, 0.24361326666962344, 0.21992505126520517], "(1, 2, 0, 0)": [0.34482547075337644, 0.7308808561484877, 0.4673549972692079, 0.532385738014616, 0.361912197386893, 0.3474135464453341, 0.4705867629281112, 0.5439152246957446, 0.33262815814390534, 0.5503426231353745, 0.5935411641758366], "(1, 3, 0, 0)": [0.0, 0.010511189264158087, 0.27822573087004154, 0.0, 0.021478939592940956, 0.005409516041783304, 0.004043622281310813, 0.015169152550284766, 0.0, 0.0, 0.0], "(-2, 1, 0, 0)": [0.44327921639921475, 0.4764516167076741, 0.48154809629275896, 0.4244021162596081, 0.464596440585392, 0.47324073577310466, 0.4330321935511499, 0.4494856133984499, 0.43611357129396316, 0.47895676332331205, 0.4701137391656469], "(-2, 0, 0, 0)": [0.49725232258611834, 0.5243668556684103, 0.5327802855386343, 0.5388277835748569, 0.5308166223031288, 0.5363992978588598, 0.577973249701547, 0.5247031226682138, 0.5282894935557579, 0.5094231706355055, 0.5325686323480057], "(-2, -1, 0, 0)": [0.1428052311765644, 0.0806804913903158, 0.17952802386328928, 0.011070002239378075, 0.15762857650109222, 0.07723513420578176, 0.08892487607079406, 0.09262053613392406, 0.5205901635646847, 0.001994048058986664, 0.008161949482311751],