{"q_values": {"(0, 0, 0, 0)": [0.7662512958458492, 0.7789768779707065, 0.7632256845440407, 0.7937891724701044, 0.7928994326704457, 0.7957988592276245, 0.7390804255147797, 0.8002277841949168, 0.7822270515294589, 0.787011703905957, 0.7949036267195885], "(0, 1, 0, 0)": [0.7777889289421428, 0.8291999032213726, 0.7691091980079269, 0.783255834152777, 0.7781004895749398, 0.7795677580418027, 0.7946655914609276, 0.7772587659161326, 0.7687664131362413, 0.7721523456009693, 0.774802489930692], "(0, 2, 0, 0)": [0.7772522302600208, 0.5934257554300443, 0.6099020163528776, 0.5374523538583549, 0.5186293484337248, 0.5845661025262747, 0.5636645973898206, 0.580981681344973, 0.6178811750755672, 0.568983035504192, 0.6108495126973646], "(0, 3, 0, 0)": [0.17973676977311223, 0.14996610366179847, 0.12710190017373776, 0.1683594107444421, 0.13350249541784387, 0.1610568702963748, 0.1549621617890345, 0.14713561374834444, 0.12135224417305167, 0.16657813701247826, 0.17277382082038945], "(0, 4, 0, 0)": [0.025774821256465533, 0.01384973791743324, 0.016564505443272357, 0.014974157855195992, 0.030105322943431927, 0.013480399063889249, 0.008613931449871388, 0.013995691545631331, 0.017470084146204178, 0.025719970782143373, 0.00958740967091778], "(0, -2, 0, 0)": [0.3782060866445349, 0.39905275133257956, 0.39167311737949173, 0.39013665421278704, 0.38434088528401267, 0.4001046302106999, 0.3860002301850769, 0.39207204416411284, 0.3973631829819759, 0.4972067792500624, 0.42175925922718], "(0, -3, 0, 0)": [0.11124166418853924, 0.1039645297597518, 0.10057126544877236, 0.10575611878731622, 0.09969867709546588, 0.10032945301496399, 0.10751265524161986, 0.10889726029458902, 0.1136919474571942, 0.21849934381996622, 0.1125101395033618], "(0, -4, 0, 0)": [0.004886484103410586, 0.007528715148497246, 0.005690884426885641, 0.004664743895561616, 0.006629118338544881, 0.003703922240508058, 0.004231132237955675, 0.0064241387849012675, 0.006526245222314567, 0.004656665315078016, -0.001176854389572094], "(0, -1, 0, 0)": [0.7103770036962533, 0.7052967936092749, 0.6937701742896114, 0.7164731478802416, 0.7317132192880171, 0.6968322291483678, 0.7309061780731958, 0.7126207199665937, 0.7079667172462759, 0.7274676196405945, 0.7359334418088029], "(-1, 3, 0, 0)": [0.1587509717857392, 0.07927581933546615, 0.06162697311586951, 0.07925003577098533, 0.09031403039280397, 0.06070686897339088, 0.07640214379498442, 0.06416208245180188, 0.06284351486580456, 0.06388016477814458, 0.053781715149458356], "(-1, 4, 0, 0)": [0.030825639343952098, -0.001963421406049652, -0.002405578601356751, -0.001985418459679261, -0.0017004600437898181, -0.006504058502663803, -0.0082491106624456, -0.0020388922182156214, -0.0019631392625559145, 0.0034117762570381703, -0.0009012977964544455], "(-1, -2, 0, 0)": [0.007223380295146497, 0.02823237942571786, 0.3389188128541318, 0.01947238873961274, 0.013859264669905079, 0.03998110067065536, 0.07608014430516183, 0.03486624410864271, 0.022937341302728162, 0.0885247009878057, 0.04097293994059201], "(-1, -3, 0, 0)": [0.04558973531079371, 0.05607478855606529, 0.13627804453570874, 0.14152061782140368, 0.12634804132558436, 0.13858296663593342, 0.1177075091709418, 0.13549888801810211, 0.09656959043852426, 0.3235651212502213, 0.12115395329568884], "(-1, -4, 0, 0)": [0.025797587788659225, 0.07346811522814778, 0.007577475087171626, 0.008204452143796342, 0.038681543185099185, 0.015484153422363969, 0.044527906165402156, -0.004362856969237328, 0.0070977795511614, 0.08804134146677205, 0.010586837353871635], "(-1, -1, 0, 0)": [0.3193168940116469, 0.013207288610473902, 0.015698623556891254, 0.06388034636421946, 0.06827741856652515, 0.008807146606259315, 0.006818691486270592, 0.031140237555630997, 0.020984947467173835, 0.023520848951486744, 0.029760297146699123], "(-1, 0, 0, 0)": [0.6282069413030376, 0.6074563209186657, 0.6089818486719888, 0.6620570176880964, 0.6467845661675558, 0.6700444273973979, 0.6683861521607901, 0.6594850787174763, 0.6749028503883683, 0.6683075312946688, 0.6196065100701411], "(-1, 1, 0, 0)": [0.607958413587833, 0.7006753032518905, 0.5678328414640945, 0.6115869329016126, 0.6158230548226118, 0.6128377604031773, 0.6004935320130149, 0.6014471595955049, 0.6222371486379245, 0.6149964825239309, 0.6019365607058634], "(-1, 2, 0, 0)": [0.4449169950284704, 0.28510164387248593, 0.3095245846267256, 0.2799657945459829, 0.3246012869147786, 0.31749392188412057, 0.2675257276497126, 0.27506722200144273, 0.2753027917532267, 0.33589280526888665, 0.2798042915253134], "(-2, 2, 0, 0)": [0.20420865649580716, 0.13703163360194703, 0.09191417096855657, 0.0840816068674709, 0.11211572789431437, 0.10884484380041749, 0.1391500666296749, 0.12180467798578051, 0.11925449723030289, 0.10148535033625095, 0.11964586255498673], "(-2, 3, 0, 0)": [0.016743331406440413, 0.017592214699507863, 0.026031433937106187, 0.0267772516746751, 0.01959381800859143, 0.01594772329740096, 0.00951008951400404, 0.04042651278763095, 0.011555669553237561, 0.027095934369946992, 0.02601273945106815], "(-2, 4, 0, 0)": [-0.008483452723292872, -0.012102512983722946, -0.012333024323615879, -0.01221370465819303, -0.012123691429251645, -0.012151957899783142, -0.011772152718781584, -0.012068055036220847, -0.011833257148277546, -0.013771243393603961, -0.012330241720219504], "(1, -1, 0, 0)": [0.5526957585570842, 0.44360385767616767, 0.4423014085570573, 0.43153009592569036, 0.4157931355998717, 0.42459474119212054, 0.4093604799334125, 0.4662641859162506, 0.39539491845075525, 0.4622577317527655, 0.45205947537618807], "(1, -2, 0, 0)": [0.30422444624239486, 0.2851830047435075, 0.272062040805475, 0.2797456171122338, 0.2856703744791522, 0.29022657126833445, 0.25349881836873395, 0.26322602944927753, 0.2941640812298221, 0.2951571878740507, 0.2706162688010697], "(1, -3, 0, 0)": [0.09457786577503899, 0.12608662521235303, 0.10764488653445102, 0.09918469448193931, 0.12211616483713218, 0.1418083722877317, 0.0857429681236647, 0.11155370324277525, 0.08885405379561645, 0.08144978506847006, 0.19214277689635167], "(1, 4, 0, 0)": [0.024357687980117025, -0.00435933955013752, -0.004368335008621216, 0.0, -0.004376889020204544, 0.0, 0.0, 0.0, 0.0, -0.0023858960697555045, -0.00173898830110956], "(1, -4, 0, 0)": [-0.013285703534983564, -0.006855373308986964, -0.0032652126539746036, -0.00028504751659525363, -0.004531834423499282, 0.0035234953672882152, -0.0008736240482427665, 0.020943713986299503, -0.0023221087802228722, -0.001694773733545588, -0.0006171443146852761], "(1, 0, 0, 0)": [0.5697746059783583, 0.14588875377770663, 0.11059959451414081, 0.11126608784940331, 0.3616231576791814, 0.2676475094720442, 0.31857896387003937, 0.36470762656163574, 0.2144843782376387, 0.24361326666962344, 0.21992505126520517], "(1, 2, 0, 0)": [0.24859804011381864, 0.5959760769961574, 0.4673549972692079, 0.3461226752111042, 0.28403300220468186, 0.3474135464453341, 0.4093083672189352, 0.3176206385167696, 0.3518348057502174, 0.39482349803846395, 0.5169734844619978], "(1, 3, 0, 0)": [0.0, 0.010511189264158087, 0.30307872360865773, 0.0, 0.021478939592940956, 0.005409516041783304, 0.004043622281310813, 0.015169152550284766, 0.0, 0.0, 0.0], "(-2, 1, 0, 0)": [0.4961248900830324, 0.522214296294666, 0.4535501982526672, 0.49137833123413166, 0.4838635236111176, 0.4691690150734669, 0.4836440717422339, 0.4843235787571156, 0.490453102180287, 0.45153798671666706, 0.48591786407353743], "(-2, 0, 0, 0)": [0.48698101113863207, 0.5200149135410996, 0.49568813967179964, 0.4763894716243281, 0.52387239612607, 0.5524290652027167, 0.4900188665233301, 0.47971584770649056, 0.48288791108279905, 0.5093769675757209, 0.5061310975989225], "(-2, -1, 0, 0)": [0.1428052311765644, 0.0806804913903158, 0.17952802386328928, 0.011070002239378075, 0.062289435236948715, 0.07723513420578176, 0.08892487607079406, 0.001991705968976021, 0.42098394209260576, 0.001994048058986664, 0.008161949482311751],