{"q_values": {"(0, 0, 0, 0)": [0.6013884131498336, 0.618991696331968, 0.6168858476431364, 0.6230305725796412, 0.614377589591288, 0.6200690510567707, 0.5572667073881685, 0.6331269691755966, 0.6659152951890881, 0.5777672714882605, 0.5908111392926008], "(0, 1, 0, 0)": [0.626816384798526, 0.6269730029640559, 0.6412657278334206, 0.6046868270873846, 0.6213883739734475, 0.5722696899770191, 0.6298084164277574, 0.5786719959797726, 0.6279734671395594, 0.6291852407927058, 0.6338358960727362], "(0, 2, 0, 0)": [0.5241228360626297, 0.35415487557919795, 0.3422520716924341, 0.3490750432998845, 0.30841599981786066, 0.34058666557607814, 0.36814697159597265, 0.37274808424437045, 0.3202380024199738, 0.32012815752251483, 0.35823503351283315], "(0, 3, 0, 0)": [0.13386181886815854, 0.12413559527640314, 0.12710190017373776, 0.12781735470532016, 0.13350249541784387, 0.13502579323615826, 0.1103238921221199, 0.11572842156740354, 0.12135224417305167, 0.11038311449435369, 0.11504612829883722], "(0, 4, 0, 0)": [0.023688122698585442, 0.01384973791743324, 0.016564505443272357, 0.009915950863807118, 0.007081363611082511, 0.013480399063889249, 0.008613931449871388, 0.013995691545631331, 0.019002512237030166, 0.008107325469318367, 0.019850242632687636], "(0, -2, 0, 0)": [0.4024113465695814, 0.44597098164188276, 0.4107775200257359, 0.40284550467331465, 0.3791510649888561, 0.3849773172403739, 0.4189407320172428, 0.5651369619921446, 0.4134186101165357, 0.45130030259940856, 0.4289901835653725], "(0, -3, 0, 0)": [0.09922030484123297, 0.1337883577025442, 0.1171415684633139, 0.13633641387059572, 0.09969867709546588, 0.08035958484203617, 0.10751265524161986, 0.10627443048228366, 0.14029460941863672, 0.2021037466299992, 0.1532211001801084], "(0, -4, 0, 0)": [0.010016931588497379, 0.007835984986283103, 0.009240711261124704, 0.009149394634901577, 0.006629118338544881, 0.012684607893954801, 0.008638938339662955, 0.008525379274405335, 0.00861069228128649, 0.007920956526928315, 0.00399167069834477], "(0, -1, 0, 0)": [0.5797625511851332, 0.5845044297002154, 0.5949087745741889, 0.604811292984714, 0.5833922824354849, 0.6067262674279964, 0.553298597122038, 0.5822535981683086, 0.5835955849846111, 0.5752988476591804, 0.6783004290772997], "(-1, 3, 0, 0)": [0.061382997309658696, 0.07003912349417941, 0.038314168025463766, 0.058168933240161355, 0.052511715983264595, 0.048902371453415076, 0.04628347584418291, 0.06416208245180188, 0.06588029764375435, 0.07135305486077062, 0.053781715149458356], "(-1, 4, 0, 0)": [0.0011744781670287308, 0.0001637819491886166, -0.002405578601356751, -0.00022483781959172552, 1.063779197368886e-05, -0.0026685167570283403, -0.0082491106624456, -0.00011787501910626164, -0.0019631392625559145, -0.004094788755443236, -0.0003966361549088745], "(-1, -2, 0, 0)": [0.007223380295146497, 0.02823237942571786, 0.15120769568058814, 0.01947238873961274, 0.013859264669905079, 0.03998110067065536, 0.016875609564840792, 0.03486624410864271, 0.022937341302728162, 0.026170750187681235, 0.04097293994059201], "(-1, -3, 0, 0)": [0.04558973531079371, 0.05607478855606529, 0.06003830399918619, 0.0665846072639069, 0.08345139656812268, 0.07611103235951534, 0.09531695122743802, 0.06785528303146654, 0.03589629434331761, 0.13613215818090108, 0.07306021004533798], "(-1, -4, 0, 0)": [0.025797587788659225, 0.04718766996600192, 0.007577475087171626, 0.008204452143796342, 0.009970201843125552, 0.015484153422363969, 0.027358564527582195, -0.004362856969237328, 0.0070977795511614, 0.09085435653491095, 0.010586837353871635], "(-1, -1, 0, 0)": [0.14293485241414913, 0.013207288610473902, 0.015698623556891254, 0.029077955303792744, 0.02898235324003006, 0.008807146606259315, 0.006818691486270592, 0.031140237555630997, 0.020984947467173835, 0.023520848951486744, 0.029760297146699123], "(-1, 0, 0, 0)": [0.30692623683679043, 0.22471763627745028, 0.17771603969663824, 0.30332736762113277, 0.25296027618075406, 0.19478043441647575, 0.26181744550644365, 0.23482115919993782, 0.5019385467832614, 0.24591238288420658, 0.21811829914646777], "(-1, 1, 0, 0)": [0.31871078763818, 0.4943273316867121, 0.42211289119711576, 0.4039236817199166, 0.4129058729091779, 0.3996073052203081, 0.4518182084576402, 0.42739230015788315, 0.3999211087728883, 0.3780913305509333, 0.3359573285428282], "(-1, 2, 0, 0)": [0.2625919986937761, 0.16958907169338353, 0.21076078907786208, 0.20320872380716415, 0.215001109111765, 0.20927981741927085, 0.1996047873734819, 0.20168925335824395, 0.2114527896263206, 0.1735240989098916, 0.18898820795525798], "(-2, 2, 0, 0)": [0.12324800112637861, 0.027945802749716968, 0.035183533839403994, 0.005486940803177834, 0.03728267225806658, 0.02084010267407335, 0.014721014213652298, 0.03678188471077229, 0.02868835673541259, 0.047399401421170065, 0.0206207190190012], "(-2, 3, 0, 0)": [0.00219528465994373, 0.011721618475173126, 0.014104544341169025, 0.014924677408187691, 0.0035845131818475094, 0.009112551497305992, 0.001854037679731846, 0.0176409948454795, 0.0, 0.04937798687323805, 0.01401735071265775], "(-2, 4, 0, 0)": [-0.0043862685561180115, -0.004285166480241655, -0.006275169803066013, -0.004131763449589409, -0.005400423235569782, -0.00575391122469751, -0.004378936067223549, -0.004782362654140313, -0.005295563780246975, -0.0057296134103536605, -0.0043601408600807195], "(1, -1, 0, 0)": [0.3341895455773273, 0.30906355564940474, 0.3302164214459678, 0.3229093271748742, 0.32329033485385894, 0.30961519148822153, 0.35475387777116973, 0.3110628397058283, 0.38902534036513114, 0.328679037538167, 0.30645851708357225], "(1, -2, 0, 0)": [0.22629676802224175, 0.21428092634311746, 0.23816412590475658, 0.2079928173601026, 0.20391529966938945, 0.22792401065537787, 0.19433265027382784, 0.22801580109592187, 0.22715225364234817, 0.22933662789071962, 0.24800308177823885], "(1, -3, 0, 0)": [0.05131058275059025, 0.07588215254264204, 0.059977144524464246, 0.07805219852236715, 0.07477529067610059, 0.06301980723117326, 0.07378665335748436, 0.07301496970774302, 0.06252511545932765, 0.07429203652377259, 0.07710808501592592], "(1, 4, 0, 0)": [0.013268555967389215, -0.00435933955013752, -0.004368335008621216, 0.0, -0.004376889020204544, 0.0, 0.0, 0.0, 0.0, -0.0023858960697555045, -0.00173898830110956], "(1, -4, 0, 0)": [-0.013285703534983564, -0.003111603019051927, -0.0032652126539746036, -0.0033337478921892406, -0.004531834423499282, 0.0068513938589432844, -0.0030430069356076174, -0.0069883996781136895, -0.0023221087802228722, -0.001694773733545588, -0.009291358515225969], "(1, 0, 0, 0)": [0.3952626227764298, 0.14588875377770663, 0.11059959451414081, 0.11126608784940331, 0.24650112029024246, 0.10641553554173006, 0.16929505705137668, 0.1206850676255412, 0.19365899657180996, 0.20417812360626011, 0.09837500827438642], "(1, 2, 0, 0)": [0.16256651810481224, 0.45799561195998406, 0.3143950066775386, 0.1523060797853271, 0.15819653487143515, 0.2746233312020414, 0.25401740567942427, 0.3176206385167696, 0.17600561788059868, 0.24564490058955774, 0.19356866484089338], "(1, 3, 0, 0)": [0.0, 0.010511189264158087, 0.03733491438802653, 0.0, 0.021478939592940956, 0.005409516041783304, 0.004043622281310813, 0.015169152550284766, 0.0, 0.0, 0.0], "(-2, 1, 0, 0)": [0.3349398703507184, 0.06549504145665008, 0.08777168834534228, 0.11517723446219405, 0.10672885037993912, 0.1095595996224252, 0.10884129888806568, 0.0586488639430167, 0.15021723308982743, 0.11304352145460486, 0.11925729819738407], "(-2, 0, 0, 0)": [0.3463300013852282, 0.23345018853395252, 0.10773041558260589, 0.15567010076913285, 0.24144870955656522, 0.22007006831252263, 0.24154793583981518, 0.230505194923244, 0.1457732556041956, 0.1796633074191219, 0.2453454304965096], "(-2, -1, 0, 0)": [0.1428052311765644, 0.010420333937188195, 0.07515723009910563, 0.011070002239378075, 0.062289435236948715, 0.01454083980835581, 0.08892487607079406, 0.001991705968976021, 0.38815496679187583, 0.001994048058986664, 0.008161949482311751],