{"q_values": {"(0, 0, 0, 0)": [0.14648607303790318, 0.14359216832568428, 0.13584715819991963, 0.14131771364731155, 0.14776236788077998, 0.13984867316374405, 0.1407623019536196, 0.1367973487250724, 0.15027682976044573, 0.14678665672712285, 0.13770808308128338], "(0, 1, 0, 0)": [0.11305878138083868, 0.11208400733977415, 0.11575671611820665, 0.12864826753481862, 0.12127480586520407, 0.11723925759026131, 0.11774493238134834, 0.12056016475453427, 0.11984605751502064, 0.12216464552803583, 0.11556022541073124], "(0, 2, 0, 0)": [0.08614356120929713, 0.07552772388136483, 0.07948703385577136, 0.07952827810780101, 0.08477633713220308, 0.0725849973377666, 0.08435433365929992, 0.07735970745713613, 0.07855429165508773, 0.08482973740173026, 0.07607384912569483], "(0, 3, 0, 0)": [0.027295909529436578, 0.03792887524963194, 0.038356553562077525, 0.034168529389216586, 0.02997707241053455, 0.02948136781737493, 0.03968681289674184, 0.03763642926182662, 0.030764601015540946, 0.03730915387024465, 0.027932405703675497], "(0, 4, 0, 0)": [-0.005836449031009015, 0.0029313715639692267, 5.467932277988287e-05, 0.0005198793234572987, 0.001383609925374619, 0.005288285019387752, 0.0018385692687078337, 0.00021929728516378692, -0.0017449842771770242, 0.004104852619795139, 0.004861253689524342], "(0, -2, 0, 0)": [0.12700083913628388, 0.1215442929044475, 0.11843906209371538, 0.11829388955514356, 0.12371169896768064, 0.13775314052652302, 0.12896528446102967, 0.12598565649019408, 0.1287360995352053, 0.11137974956769486, 0.11835634190850618], "(0, -3, 0, 0)": [0.05669431410097388, 0.057731441395444415, 0.058475407153403186, 0.047294157879829796, 0.03751499351196033, 0.052387494428467324, 0.05965290055861054, 0.05553391017089593, 0.05609308421444896, 0.062388262563327884, 0.050374441944287654], "(0, -4, 0, 0)": [0.001444642505143534, 0.009584302978329493, 0.004162837893908222, 0.007714571456246625, 0.0021298715145715123, 0.011272542196372439, 0.008707002964831314, 0.012195898254767457, 0.004788740321292514, 0.0035100409013168283, 0.002298322899977992], "(0, -1, 0, 0)": [0.14943824069109812, 0.14614889346107213, 0.14178740246622293, 0.1441340232534771, 0.1440144064294551, 0.136813395742477, 0.1441749750227894, 0.13611564869641787, 0.14796882721379456, 0.14360667182076783, 0.13694186387566568], "(-1, 3, 0, 0)": [0.0, 0.0, 0.0, 0.0, 0.0, 0.0024282010504603387, 0.0, 0.0017956145107746126, 0.0, 0.0018159905448555946, 0.004394277013838292], "(-1, 4, 0, 0)": [0.0, 0.0, 0.0, 0.0, 0.0, 0.0, 0.0030544387921690942, 0.0, 0.0, 0.0, -0.004356790333986282]}}