{"q_values": {"(0, 0, 0, 0)": [0.8031203110658627, 0.8052002242949887, 0.7951995839070392, 0.776906607164609, 0.7807179384559133, 0.7820080012925981, 0.7845580662756763, 0.7910186718593077, 0.7875438983277023, 0.8235003737699875, 0.7975749155813233], "(0, 1, 0, 0)": [0.7868217387096927, 0.796923865388462, 0.7808181835152589, 0.7698273542942735, 0.8085247427391534, 0.7763292041590358, 0.7897278858793999, 0.785234370729833, 0.7964963497720545, 0.7687579217412772, 0.7777504937869836], "(0, 2, 0, 0)": [0.6248926223908224, 0.6183146961559188, 0.6127127805441765, 0.6382346652353095, 0.615859717079103, 0.6025476269588763, 0.5660619250818146, 0.583450027884968, 0.6000679198045612, 0.5952039610754845, 0.6091961571904186], "(0, 3, 0, 0)": [0.4299796335928944, 0.14996610366179847, 0.15919331283603994, 0.1683594107444421, 0.176083025187939, 0.18048076850476177, 0.1549621617890345, 0.20997765028683835, 0.15044709291817923, 0.16657813701247826, 0.23141199039623803], "(0, 4, 0, 0)": [0.016263886235051803, 0.01384973791743324, 0.016564505443272357, 0.014974157855195992, 0.01495101678361692, 0.013480399063889249, 0.008613931449871388, 0.013995691545631331, 0.014941190697157646, 0.01336198889055868, 0.00958740967091778], "(0, -2, 0, 0)": [0.447216414682845, 0.46263225831158594, 0.4526911673485889, 0.4481889086984696, 0.4484628853393516, 0.4527820922422502, 0.45460455167187475, 0.4634446038728435, 0.4590022885146332, 0.46299269542457555, 0.649444234397057], "(0, -3, 0, 0)": [0.08078422886357733, 0.07886605589537969, 0.11079420289247127, 0.10065979571009664, 0.08636834892926229, 0.08284026036869051, 0.1323191706008956, 0.08231502103310076, 0.07959325043269982, 0.07940861369553946, 0.21366491238856064], "(0, -4, 0, 0)": [-0.0031342530552731307, -0.0019661624260415827, -0.001195382414327227, -0.000717384760259396, 0.00013448866144754462, -0.0006182254467385594, -5.4872016546679905e-06, -0.000252380035955381, 9.33525807148318e-05, 0.010899621372655753, -0.001176854389572094], "(0, -1, 0, 0)": [0.6992135307118333, 0.6618620241730949, 0.6370296559851968, 0.677921671970932, 0.6723515811459412, 0.6473108794720805, 0.7025095188746084, 0.6906523743080079, 0.6781309086847832, 0.8270862388320669, 0.6947618633318654], "(-1, 3, 0, 0)": [0.08279074016914811, 0.09093393756640396, 0.07738282428009835, 0.0767423026870353, 0.07577964571033775, 0.07479741933209688, 0.07640214379498442, 0.07877062682982681, 0.07770201496156846, 0.06388016477814458, 0.0771663726595315], "(-1, 4, 0, 0)": [0.019617557922072, 0.0021340254686032564, -0.002405578601356751, -0.001985418459679261, 0.003898936699927377, -0.006504058502663803, -0.0082491106624456, -0.0020388922182156214, -0.0019631392625559145, 0.000951770239087193, 0.00416853757133455], "(-1, -2, 0, 0)": [0.007223380295146497, 0.07717751714246335, 0.3015587480715953, 0.01947238873961274, 0.013859264669905079, 0.03998110067065536, 0.12194083800539779, 0.03486624410864271, 0.022937341302728162, 0.0885247009878057, 0.04097293994059201], "(-1, -3, 0, 0)": [0.08487191403011599, 0.08807116179251934, 0.17361252026247423, 0.14152061782140368, 0.1865722408011784, 0.17938978542791817, 0.1405050544690299, 0.13549888801810211, 0.09656959043852426, 0.3274370176965976, 0.1791082709311213], "(-1, -4, 0, 0)": [0.06233350047196058, 0.05626744362324072, 0.007577475087171626, 0.030971910025980418, 0.038681543185099185, 0.015484153422363969, 0.038130524038276714, -0.004362856969237328, 0.0070977795511614, 0.09714068325014534, 0.034999111406008726], "(-1, -1, 0, 0)": [0.31454661042850235, 0.07085932008763862, 0.015698623556891254, 0.06388034636421946, 0.06827741856652515, 0.06993059729577691, 0.006818691486270592, 0.031140237555630997, 0.020984947467173835, 0.08551559841871999, 0.029760297146699123], "(-1, 0, 0, 0)": [0.6772457005124024, 0.6596566702776785, 0.6525200766475775, 0.6632252196163444, 0.6501665204254953, 0.677601666850145, 0.7242808576401566, 0.6762022892710268, 0.6796552858214325, 0.6707312291595442, 0.6760153138294395], "(-1, 1, 0, 0)": [0.6973787799419191, 0.6633721329658182, 0.689935099004444, 0.651079617579288, 0.632315650559845, 0.6471538433759774, 0.6479996253563407, 0.6304989195790458, 0.6592259765183612, 0.6727004449598974, 0.6733343619658623], "(-1, 2, 0, 0)": [0.3189870630532353, 0.31256553328208203, 0.31458853469296705, 0.3163896859605951, 0.3077103232663926, 0.3224446634264441, 0.31264946875649785, 0.3280237923512977, 0.31253823843738354, 0.3097793945951817, 0.29056762658006635], "(-2, 2, 0, 0)": [0.11515951529936155, 0.10951998379774615, 0.11352344399543671, 0.11226440756145444, 0.09819713907984011, 0.1105476453843289, 0.10539171121545553, 0.11078807764524412, 0.11747793970630205, 0.10018457760169186, 0.11024544742374405], "(-2, 3, 0, 0)": [0.023088924925119606, 0.023095026062606664, 0.04520658034946126, 0.04216118744190407, 0.03129367155576014, 0.03928134644542252, 0.023118144892636326, 0.04374750394414111, 0.011555669553237561, 0.03505591708439453, 0.020599682769849935], "(-2, 4, 0, 0)": [-0.00320957972403359, -0.012102512983722946, -0.012333024323615879, -0.01221370465819303, -0.015626274301921025, -0.008211931921031822, -0.008800877316783626, -0.012068055036220847, -0.009753861167024067, -0.008835645526247653, -0.015749067804234854], "(1, -1, 0, 0)": [0.43641409240841245, 0.5860756426511939, 0.4083678271020763, 0.40909419208810477, 0.43691885753126414, 0.3820405152059223, 0.40100490050971604, 0.3913914575721838, 0.3605934844406574, 0.4011643425009976, 0.39968735686802564], "(1, -2, 0, 0)": [0.2718034122849823, 0.2507488982354473, 0.2607664252120378, 0.26206494551405857, 0.26436282053259164, 0.2336782061541688, 0.27516449722189373, 0.27211596141285443, 0.27476821471700075, 0.2597000992094608, 0.41714483502095845], "(1, -3, 0, 0)": [0.08600241179314597, 0.07501315294561736, 0.07957468564353401, 0.07945546226929186, 0.07885947223160264, 0.06603224137025741, 0.06720547131847776, 0.07956796720767834, 0.07794620625570887, 0.10445575577288999, 0.07556588303692785], "(1, 4, 0, 0)": [0.1080616111680518, -0.00435933955013752, -0.004368335008621216, 0.0, -0.004376889020204544, 0.0, 0.01697402225476152, 0.0, 0.0, 0.02268079014697444, -0.00173898830110956], "(1, -4, 0, 0)": [-0.00881978991264094, -0.006855373308986964, -0.0069825305721361725, -0.002097505838193281, -0.004531834423499282, -0.0029561229824938014, -0.0027785353943871422, 0.01094271253263877, -0.0023221087802228722, -0.003815841477908742, -0.0035270174255945946], "(1, 0, 0, 0)": [0.6324321518900268, 0.14588875377770663, 0.2990066533059391, 0.2114340921748626, 0.3616231576791814, 0.3592450101249975, 0.31857896387003937, 0.41698719311807764, 0.2144843782376387, 0.24361326666962344, 0.21992505126520517], "(1, 2, 0, 0)": [0.34482547075337644, 0.6813780913344734, 0.4673549972692079, 0.5707739687839193, 0.361912197386893, 0.3474135464453341, 0.5300849160723106, 0.5439152246957446, 0.33262815814390534, 0.5666505436091814, 0.5424835022278793], "(1, 3, 0, 0)": [0.0, 0.010511189264158087, 0.2815248921979709, 0.0, 0.021478939592940956, 0.005409516041783304, 0.004043622281310813, 0.015169152550284766, 0.0, 0.0, 0.0], "(-2, 1, 0, 0)": [0.5339701437168726, 0.5208468440327113, 0.5179384070381514, 0.46957538655670705, 0.49392640612798067, 0.5088216603549075, 0.49222223409061916, 0.4643689833389958, 0.4567354019504198, 0.5207502898699462, 0.5038741358148631], "(-2, 0, 0, 0)": [0.5126121879598422, 0.5243668556684103, 0.5113873204845404, 0.5291083586214373, 0.5272014908743271, 0.5348953172603234, 0.5318204215240362, 0.5355310640639218, 0.5282894935557579, 0.5534096203190905, 0.5322823598397496], "(-2, -1, 0, 0)": [0.1428052311765644, 0.0806804913903158, 0.17952802386328928, 0.011070002239378075, 0.15762857650109222, 0.07723513420578176, 0.08892487607079406, 0.09262053613392406, 0.557144586749171, 0.001994048058986664, 0.008161949482311751],