{"q_values": {"(0, 0, 0, 0)": [0.784820152892172, 0.7778951466150207, 0.7517785395703929, 0.7660413045004282, 0.7803256892487936, 0.7702498753955335, 0.7810490534109881, 0.7623448335361959, 0.7667707488129233, 0.7840473352342191, 0.812937477202745], "(0, 1, 0, 0)": [0.7792915367386205, 0.7628430942140865, 0.7916638635333183, 0.7516914270499289, 0.7872027124264553, 0.7828545716902193, 0.7759928471903731, 0.7791380687680517, 0.7630108381680629, 0.7792758286082322, 0.7662035032990252], "(0, 2, 0, 0)": [0.5530395130363194, 0.5924811027628939, 0.5639698629810048, 0.5507326442372875, 0.5948739256684937, 0.5493001003812479, 0.5793840930591541, 0.5483496485932702, 0.5801455248167341, 0.5603205788493292, 0.5698228244481981], "(0, 3, 0, 0)": [0.32570360885100624, 0.14996610366179847, 0.12710190017373776, 0.13432849692918725, 0.13350249541784387, 0.12674487637828888, 0.1549621617890345, 0.14713561374834444, 0.12135224417305167, 0.15906638612202614, 0.17277382082038945], "(0, 4, 0, 0)": [0.050342688211454545, 0.01384973791743324, 0.016564505443272357, 0.014974157855195992, 0.030105322943431927, 0.013480399063889249, 0.008613931449871388, 0.013995691545631331, 0.017470084146204178, 0.02108253371362287, 0.017429421594699956], "(0, -2, 0, 0)": [0.3971783389092365, 0.38766415450075453, 0.38608604479246134, 0.38842167889910045, 0.3791510649888561, 0.4402015363919118, 0.4172247341869615, 0.42381609873440423, 0.3973631829819759, 0.4226187844331494, 0.6506722185355597], "(0, -3, 0, 0)": [0.12650999590624107, 0.1337883577025442, 0.1171415684633139, 0.1242295043167663, 0.09969867709546588, 0.10032945301496399, 0.10751265524161986, 0.13669563552826466, 0.12196353551301278, 0.12411947908278884, 0.20472461466209535], "(0, -4, 0, 0)": [0.00819333504647255, 0.007835984986283103, 0.005690884426885641, 0.008007771962149125, 0.006629118338544881, 0.008016162855942225, 0.01179061924167119, 0.008525379274405335, 0.00861069228128649, 0.007920956526928315, -0.001176854389572094], "(0, -1, 0, 0)": [0.6467905613660789, 0.6599393383999405, 0.6567382851909505, 0.68669156136194, 0.6875195501241796, 0.7018773012372677, 0.6907004340228119, 0.6739202032133228, 0.6397404592681503, 0.6450655364254387, 0.8166324885779199], "(-1, 3, 0, 0)": [0.10393818507577995, 0.0649568150903294, 0.038314168025463766, 0.07790731390206819, 0.052511715983264595, 0.06070686897339088, 0.08604613156245325, 0.06416208245180188, 0.06284351486580456, 0.08303779146162216, 0.053781715149458356], "(-1, 4, 0, 0)": [-0.000766030094667026, -0.001963421406049652, -0.002405578601356751, -0.001985418459679261, -0.0017004600437898181, -0.0026685167570283403, -0.0082491106624456, -0.00042351452943876003, -0.0019631392625559145, -0.004094788755443236, 0.003593804596046664], "(-1, -2, 0, 0)": [0.007223380295146497, 0.02823237942571786, 0.3025996019129883, 0.01947238873961274, 0.013859264669905079, 0.03998110067065536, 0.016875609564840792, 0.03486624410864271, 0.022937341302728162, 0.026170750187681235, 0.04097293994059201], "(-1, -3, 0, 0)": [0.04558973531079371, 0.05607478855606529, 0.13627804453570874, 0.14152061782140368, 0.12634804132558436, 0.13858296663593342, 0.1177075091709418, 0.09047483745949671, 0.09656959043852426, 0.2938442841799008, 0.07134711874104574], "(-1, -4, 0, 0)": [0.025797587788659225, 0.07346811522814778, 0.007577475087171626, 0.008204452143796342, 0.009970201843125552, 0.015484153422363969, 0.044527906165402156, -0.004362856969237328, 0.0070977795511614, 0.09703387016960444, 0.010586837353871635], "(-1, -1, 0, 0)": [0.29719566673041076, 0.013207288610473902, 0.015698623556891254, 0.06388034636421946, 0.06827741856652515, 0.008807146606259315, 0.006818691486270592, 0.031140237555630997, 0.020984947467173835, 0.023520848951486744, 0.029760297146699123], "(-1, 0, 0, 0)": [0.6251997842345338, 0.6426809190721269, 0.6108023947486247, 0.615574417668463, 0.7149912172631305, 0.6679447071161996, 0.6633414960777155, 0.6706605201016644, 0.6553728112450842, 0.6590103738675916, 0.655124179282132], "(-1, 1, 0, 0)": [0.6787730832542089, 0.637634497936226, 0.6407940922195201, 0.6295944127803713, 0.6360971545529012, 0.6185553575727722, 0.6361345990058797, 0.6280053442371979, 0.6246044874282342, 0.6197452266582893, 0.6321214730315924], "(-1, 2, 0, 0)": [0.5074947223416743, 0.31201420827670906, 0.28861007432564245, 0.2799657945459829, 0.30080129284120916, 0.3077520416259093, 0.32478272674912884, 0.3194407033806933, 0.331469300823812, 0.3074980054685482, 0.3042532107607211], "(-2, 2, 0, 0)": [0.1736564863588511, 0.09108436852227582, 0.09191417096855657, 0.0840816068674709, 0.08977035995515359, 0.08986081967957128, 0.09123172309508054, 0.06188451273945028, 0.08613900423024416, 0.10148535033625095, 0.09682395611448538], "(-2, 3, 0, 0)": [0.016743331406440413, 0.017592214699507863, 0.026031433937106187, 0.0267772516746751, 0.012293912694604066, 0.01594772329740096, 0.00951008951400404, 0.04484494227931189, 0.011555669553237561, 0.027095934369946992, 0.02104023282032298], "(-2, 4, 0, 0)": [-0.011686770332542281, -0.012102512983722946, -0.011657478460310988, -0.01221370465819303, -0.012123691429251645, -0.012151957899783142, -0.011772152718781584, -0.012068055036220847, -0.011833257148277546, -0.011747678276379903, -0.00986186548329576], "(1, -1, 0, 0)": [0.5633465921479144, 0.41229863659158195, 0.3613280795153371, 0.43153009592569036, 0.4157931355998717, 0.42459474119212054, 0.4093604799334125, 0.43894134559896664, 0.39539491845075525, 0.46130718157910094, 0.38947433696260103], "(1, -2, 0, 0)": [0.325519625428645, 0.27508620529419525, 0.272062040805475, 0.3339647412035413, 0.31870811387244263, 0.27194296879506713, 0.25349881836873395, 0.26322602944927753, 0.31637911080684444, 0.2959607173752608, 0.39396009431018203], "(1, -3, 0, 0)": [0.05131058275059025, 0.10972161379631448, 0.07971542234699965, 0.08395546036666725, 0.08385237553373628, 0.06301980723117326, 0.0857429681236647, 0.07301496970774302, 0.07326808625899607, 0.08144978506847006, 0.13475808664276007], "(1, 4, 0, 0)": [0.024357687980117025, -0.00435933955013752, -0.004368335008621216, 0.0, -0.004376889020204544, 0.0, 0.0, 0.0, 0.0, -0.0023858960697555045, -0.00173898830110956], "(1, -4, 0, 0)": [-0.013285703534983564, -0.006855373308986964, -0.0032652126539746036, -0.00028504751659525363, -0.004531834423499282, 0.011773261550478841, -0.0008736240482427665, 0.0041012245528027, -0.0023221087802228722, -0.001694773733545588, -0.009291358515225969], "(1, 0, 0, 0)": [0.5785315086799744, 0.14588875377770663, 0.11059959451414081, 0.11126608784940331, 0.2906961476504054, 0.2676475094720442, 0.23870935880146527, 0.27560390162776677, 0.2144843782376387, 0.24361326666962344, 0.09837500827438642], "(1, 2, 0, 0)": [0.24859804011381864, 0.6008081157987616, 0.33686065058387693, 0.2613903847141556, 0.28403300220468186, 0.3474135464453341, 0.3274141638524833, 0.3176206385167696, 0.25935127906461575, 0.39482349803846395, 0.43002824491465025], "(1, 3, 0, 0)": [0.0, 0.010511189264158087, 0.22767208310101053, 0.0, 0.021478939592940956, 0.005409516041783304, 0.004043622281310813, 0.015169152550284766, 0.0, 0.0, 0.0], "(-2, 1, 0, 0)": [0.4794686417468632, 0.549087719628376, 0.43696333327244713, 0.44093083064970956, 0.47749742497896214, 0.4792801694597786, 0.4367109770674717, 0.4425932036917865, 0.4251979992767995, 0.4053836472381347, 0.4524947398786433], "(-2, 0, 0, 0)": [0.44754803296323986, 0.44888215834026424, 0.3943711857248947, 0.36489250763516123, 0.4731461441993001, 0.5566954700111646, 0.46230397568810716, 0.3424826651796983, 0.37986678159026604, 0.4453397036613298, 0.4446852838136146], "(-2, -1, 0, 0)": [0.1428052311765644, 0.0806804913903158, 0.17952802386328928, 0.011070002239378075, 0.062289435236948715, 0.07723513420578176, 0.08892487607079406, 0.001991705968976021, 0.42098394209260576, 0.001994048058986664, 0.008161949482311751],