{"q_values": {"(0, 0, 0, 0)": [0.7358055952059613, 0.7869978785449021, 0.7867860266763868, 0.7615382816659867, 0.7864999275970128, 0.788912909727181, 0.7863750247115356, 0.7892209060810155, 0.7843145834554165, 0.7754908806177143, 0.8265882125470886], "(0, 1, 0, 0)": [0.7718413747805116, 0.7760380420561771, 0.7712682364507194, 0.7780034231240057, 0.768959472655261, 0.7676884451365091, 0.7732391840989753, 0.7772933780312311, 0.7782633284071125, 0.772559809309469, 0.774062633221862], "(0, 2, 0, 0)": [0.5530395130363194, 0.6612747284088212, 0.5841229336257626, 0.5507326442372875, 0.5462201518075681, 0.5865728535113369, 0.5793840930591541, 0.5897309922502988, 0.5801455248167341, 0.5603205788493292, 0.5398286129550995], "(0, 3, 0, 0)": [0.4127528558934497, 0.14996610366179847, 0.12710190017373776, 0.13432849692918725, 0.13350249541784387, 0.12674487637828888, 0.1549621617890345, 0.14713561374834444, 0.12135224417305167, 0.15906638612202614, 0.17277382082038945], "(0, 4, 0, 0)": [0.04867912510181566, 0.01384973791743324, 0.016564505443272357, 0.014974157855195992, 0.030105322943431927, 0.013480399063889249, 0.008613931449871388, 0.013995691545631331, 0.017470084146204178, 0.02108253371362287, 0.017429421594699956], "(0, -2, 0, 0)": [0.3971783389092365, 0.38766415450075453, 0.38608604479246134, 0.4466208084045382, 0.3791510649888561, 0.4402015363919118, 0.46868046054300966, 0.42381609873440423, 0.3973631829819759, 0.4226187844331494, 0.5803064620902463], "(0, -3, 0, 0)": [0.12650999590624107, 0.1337883577025442, 0.1171415684633139, 0.1242295043167663, 0.09969867709546588, 0.10032945301496399, 0.10751265524161986, 0.13669563552826466, 0.12196353551301278, 0.12411947908278884, 0.16730538271916656], "(0, -4, 0, 0)": [0.00819333504647255, 0.007835984986283103, 0.005690884426885641, 0.008007771962149125, 0.006629118338544881, 0.01049619307857322, 0.011145870044911303, 0.008525379274405335, 0.00861069228128649, 0.007920956526928315, -0.001176854389572094], "(0, -1, 0, 0)": [0.6467905613660789, 0.6599393383999405, 0.6567382851909505, 0.6491027381936705, 0.6644946695642528, 0.6896470153060053, 0.653070206046822, 0.7033367535298634, 0.6397404592681503, 0.6779914719358818, 0.7790528320413488], "(-1, 3, 0, 0)": [0.10891084771386121, 0.0649568150903294, 0.038314168025463766, 0.07790731390206819, 0.06811082274002143, 0.06070686897339088, 0.08604613156245325, 0.06416208245180188, 0.06284351486580456, 0.08303779146162216, 0.053781715149458356], "(-1, 4, 0, 0)": [-0.000766030094667026, -0.001963421406049652, -0.002405578601356751, -0.001985418459679261, -0.0017004600437898181, -0.0026685167570283403, -0.0082491106624456, -0.00042351452943876003, -0.0019631392625559145, -0.004094788755443236, 0.002884144811218131], "(-1, -2, 0, 0)": [0.007223380295146497, 0.02823237942571786, 0.3109203646153671, 0.01947238873961274, 0.013859264669905079, 0.03998110067065536, 0.07608014430516183, 0.03486624410864271, 0.022937341302728162, 0.026170750187681235, 0.04097293994059201], "(-1, -3, 0, 0)": [0.04558973531079371, 0.05607478855606529, 0.13627804453570874, 0.14152061782140368, 0.12634804132558436, 0.13858296663593342, 0.1177075091709418, 0.13549888801810211, 0.09656959043852426, 0.30086796846514796, 0.07134711874104574], "(-1, -4, 0, 0)": [0.025797587788659225, 0.07346811522814778, 0.007577475087171626, 0.008204452143796342, 0.009970201843125552, 0.015484153422363969, 0.044527906165402156, -0.004362856969237328, 0.0070977795511614, 0.12781377037013159, 0.010586837353871635], "(-1, -1, 0, 0)": [0.3200322611588228, 0.013207288610473902, 0.015698623556891254, 0.06388034636421946, 0.06827741856652515, 0.008807146606259315, 0.006818691486270592, 0.031140237555630997, 0.020984947467173835, 0.023520848951486744, 0.029760297146699123], "(-1, 0, 0, 0)": [0.648099971931471, 0.6284257934592214, 0.6775655956716129, 0.6521276148442244, 0.667064755298996, 0.6679447071161996, 0.6820099874771949, 0.6696503523188897, 0.6582456901313839, 0.6660646449326171, 0.6638746552791471], "(-1, 1, 0, 0)": [0.6719379058782153, 0.6445659042633405, 0.6439094893086191, 0.6563622431410996, 0.6319724410532835, 0.6206015397688663, 0.6421269294013735, 0.6118617325361246, 0.6390984218450129, 0.6507435725744054, 0.6366364353381022], "(-1, 2, 0, 0)": [0.43912808455819957, 0.31201420827670906, 0.32611070338943554, 0.2799657945459829, 0.33735295224774453, 0.33394290134739424, 0.34019131629689814, 0.3194407033806933, 0.3510362627475946, 0.3074980054685482, 0.364886036207678], "(-2, 2, 0, 0)": [0.16917559031669793, 0.12263771332130813, 0.09191417096855657, 0.0840816068674709, 0.11211572789431437, 0.08986081967957128, 0.09123172309508054, 0.10451228243091434, 0.11925449723030289, 0.10148535033625095, 0.09682395611448538], "(-2, 3, 0, 0)": [0.016743331406440413, 0.017592214699507863, 0.026031433937106187, 0.0267772516746751, 0.01959381800859143, 0.01594772329740096, 0.00951008951400404, 0.036242454415426784, 0.011555669553237561, 0.027095934369946992, 0.02104023282032298], "(-2, 4, 0, 0)": [-0.010986684732925352, -0.012102512983722946, -0.012333024323615879, -0.01221370465819303, -0.012123691429251645, -0.012151957899783142, -0.011772152718781584, -0.012068055036220847, -0.011833257148277546, -0.011747678276379903, -0.012330241720219504], "(1, -1, 0, 0)": [0.5603628447047554, 0.41229863659158195, 0.3613280795153371, 0.43153009592569036, 0.4157931355998717, 0.42459474119212054, 0.4093604799334125, 0.43894134559896664, 0.39539491845075525, 0.46911508491237514, 0.38947433696260103], "(1, -2, 0, 0)": [0.2926957115045435, 0.27508620529419525, 0.272062040805475, 0.33064873583162147, 0.2856703744791522, 0.27194296879506713, 0.25349881836873395, 0.26322602944927753, 0.29147996004153565, 0.2959607173752608, 0.2706162688010697], "(1, -3, 0, 0)": [0.05131058275059025, 0.09896047053485649, 0.07971542234699965, 0.08395546036666725, 0.09261786066189774, 0.06301980723117326, 0.0857429681236647, 0.07301496970774302, 0.08885405379561645, 0.08144978506847006, 0.10852683752278393], "(1, 4, 0, 0)": [0.024357687980117025, -0.00435933955013752, -0.004368335008621216, 0.0, -0.004376889020204544, 0.0, 0.0, 0.0, 0.0, -0.0023858960697555045, -0.00173898830110956], "(1, -4, 0, 0)": [-0.013285703534983564, -0.006855373308986964, -0.0032652126539746036, -0.00028504751659525363, -0.004531834423499282, 0.0035234953672882152, -0.0008736240482427665, 0.01943251571566257, -0.0023221087802228722, -0.001694773733545588, -0.009291358515225969], "(1, 0, 0, 0)": [0.56326436676128, 0.14588875377770663, 0.11059959451414081, 0.11126608784940331, 0.2906961476504054, 0.2676475094720442, 0.23870935880146527, 0.27560390162776677, 0.2144843782376387, 0.24361326666962344, 0.09837500827438642], "(1, 2, 0, 0)": [0.24859804011381864, 0.6690127224255789, 0.3914061337988235, 0.2613903847141556, 0.28403300220468186, 0.3474135464453341, 0.3274141638524833, 0.3176206385167696, 0.25935127906461575, 0.39482349803846395, 0.4637484345812456], "(1, 3, 0, 0)": [0.0, 0.010511189264158087, 0.22767208310101053, 0.0, 0.021478939592940956, 0.005409516041783304, 0.004043622281310813, 0.015169152550284766, 0.0, 0.0, 0.0], "(-2, 1, 0, 0)": [0.49490198265435514, 0.4744978495737903, 0.5031957482486179, 0.4935075977621111, 0.46060206510740137, 0.5005283031325981, 0.4777072334922739, 0.49113679587929915, 0.4425506684593803, 0.4608710649780933, 0.43554521821274916], "(-2, 0, 0, 0)": [0.44754803296323986, 0.44888215834026424, 0.42480004720120124, 0.36489250763516123, 0.4731461441993001, 0.5735989517510447, 0.46230397568810716, 0.3424826651796983, 0.37986678159026604, 0.47391092486865366, 0.46829889420595255], "(-2, -1, 0, 0)": [0.1428052311765644, 0.0806804913903158, 0.17952802386328928, 0.011070002239378075, 0.062289435236948715, 0.07723513420578176, 0.08892487607079406, 0.001991705968976021, 0.42098394209260576, 0.001994048058986664, 0.008161949482311751],