{"q_values": {"(0, 0, 0, 0)": [0.792277288864944, 0.7808677336622993, 0.7899513126962378, 0.7701824432541583, 0.7584752155712201, 0.787817017104247, 0.75968108263306, 0.8296607984091264, 0.7938490340200461, 0.7807567409161038, 0.775071014886073], "(0, 1, 0, 0)": [0.8007962868376106, 0.7792025957932119, 0.7816183046247038, 0.7775802718347911, 0.7866263093907205, 0.7767558118632881, 0.7767403181125935, 0.7794576704650236, 0.7750576701473897, 0.7822895446015232, 0.7938663139025025], "(0, 2, 0, 0)": [0.7330861516595769, 0.5924811027628939, 0.5639698629810048, 0.6211173432349026, 0.6607104358448773, 0.5493001003812479, 0.6347663716501754, 0.6577530246970125, 0.6599126107100761, 0.606411255027894, 0.660512638185708], "(0, 3, 0, 0)": [0.3575250033986557, 0.14996610366179847, 0.12710190017373776, 0.13432849692918725, 0.13350249541784387, 0.12674487637828888, 0.1103238921221199, 0.14713561374834444, 0.12135224417305167, 0.15906638612202614, 0.11504612829883722], "(0, 4, 0, 0)": [0.06741591522426357, 0.01384973791743324, 0.016564505443272357, 0.014974157855195992, 0.030105322943431927, 0.013480399063889249, 0.008613931449871388, 0.013995691545631331, 0.017470084146204178, 0.02108253371362287, 0.017429421594699956], "(0, -2, 0, 0)": [0.44890383983892723, 0.4420462253873661, 0.4351308935570257, 0.474325711776829, 0.3791510649888561, 0.4301400291963389, 0.4753742306962013, 0.4727482878838166, 0.44992011657336434, 0.6052218583724405, 0.4272842927335013], "(0, -3, 0, 0)": [0.11567767527049654, 0.1337883577025442, 0.1171415684633139, 0.1406806901156837, 0.09969867709546588, 0.10032945301496399, 0.10751265524161986, 0.14464735501953982, 0.14029460941863672, 0.1574833897785737, 0.14283998747765253], "(0, -4, 0, 0)": [0.009034022358623509, 0.007835984986283103, 0.005690884426885641, 0.009149394634901577, 0.006629118338544881, 0.008773018305596587, 0.008638938339662955, 0.008525379274405335, 0.00861069228128649, 0.007920956526928315, -0.001176854389572094], "(0, -1, 0, 0)": [0.6586061360023581, 0.6940052423856052, 0.6635177607817886, 0.6517877947602331, 0.6545576457668032, 0.6878794830247948, 0.66762796358262, 0.6890697333163132, 0.6597655705175125, 0.7879305805556839, 0.6570367079622788], "(-1, 3, 0, 0)": [0.07373731471775807, 0.07530075637758274, 0.038314168025463766, 0.06796869407771333, 0.052511715983264595, 0.06070686897339088, 0.04628347584418291, 0.06416208245180188, 0.06284351486580456, 0.06782498254862077, 0.053781715149458356], "(-1, 4, 0, 0)": [-0.000766030094667026, 0.0013345187109375291, -0.002405578601356751, 0.004633105140074903, -0.0017004600437898181, -0.0026685167570283403, -0.0082491106624456, -0.00042351452943876003, -0.0019631392625559145, -0.004094788755443236, -0.0003966361549088745], "(-1, -2, 0, 0)": [0.007223380295146497, 0.02823237942571786, 0.268228102307246, 0.01947238873961274, 0.013859264669905079, 0.03998110067065536, 0.016875609564840792, 0.03486624410864271, 0.022937341302728162, 0.026170750187681235, 0.04097293994059201], "(-1, -3, 0, 0)": [0.04558973531079371, 0.05607478855606529, 0.13627804453570874, 0.09572595198939642, 0.08345139656812268, 0.13858296663593342, 0.1177075091709418, 0.09047483745949671, 0.03589629434331761, 0.2904371624484842, 0.07306021004533798], "(-1, -4, 0, 0)": [0.025797587788659225, 0.04699993868901939, 0.007577475087171626, 0.008204452143796342, 0.009970201843125552, 0.015484153422363969, 0.044527906165402156, -0.004362856969237328, 0.0070977795511614, 0.14989384086612575, 0.010586837353871635], "(-1, -1, 0, 0)": [0.3112853654007968, 0.013207288610473902, 0.015698623556891254, 0.06388034636421946, 0.06827741856652515, 0.008807146606259315, 0.006818691486270592, 0.031140237555630997, 0.020984947467173835, 0.023520848951486744, 0.029760297146699123], "(-1, 0, 0, 0)": [0.6100674507159703, 0.6718039882509687, 0.6348644928948036, 0.612774508478753, 0.6735123596593072, 0.6637000414044766, 0.6700711312966638, 0.6466490982972505, 0.6959625338056463, 0.6687541892360868, 0.6652697925570897], "(-1, 1, 0, 0)": [0.6358638729060657, 0.667431716255162, 0.6662688064797204, 0.6517324546257679, 0.6517555343339085, 0.6523953562034527, 0.6288927690980012, 0.6528611962033802, 0.6398395162124632, 0.634651896587489, 0.6537396641267403], "(-1, 2, 0, 0)": [0.4516837674084154, 0.33520860163930033, 0.28861007432564245, 0.2799657945459829, 0.2868698739250608, 0.3077520416259093, 0.2831858099818157, 0.28704434431522424, 0.27948739588863114, 0.28425476839174457, 0.278121949306372], "(-2, 2, 0, 0)": [0.0960823639460691, 0.10834282644916653, 0.09710493051978898, 0.0840816068674709, 0.08977035995515359, 0.08986081967957128, 0.09688487047785316, 0.06188451273945028, 0.09291772997818004, 0.08918324894081017, 0.09569481125536701], "(-2, 3, 0, 0)": [0.016743331406440413, 0.017592214699507863, 0.026031433937106187, 0.0267772516746751, 0.012293912694604066, 0.01594772329740096, 0.00951008951400404, 0.03453168472649288, 0.011555669553237561, 0.027095934369946992, 0.02104023282032298], "(-2, 4, 0, 0)": [-0.011686770332542281, -0.012102512983722946, -0.011657478460310988, -0.01221370465819303, -0.012123691429251645, -0.012151957899783142, -0.011772152718781584, -0.012068055036220847, -0.011833257148277546, -0.011747678276379903, -0.009164125809388553], "(1, -1, 0, 0)": [0.5203567759281784, 0.41229863659158195, 0.3613280795153371, 0.43153009592569036, 0.4157931355998717, 0.42459474119212054, 0.4093604799334125, 0.43160769454803605, 0.39539491845075525, 0.4287310735552492, 0.38947433696260103], "(1, -2, 0, 0)": [0.27288242980303423, 0.27508620529419525, 0.272062040805475, 0.29812614800483994, 0.22922981424527705, 0.27194296879506713, 0.25349881836873395, 0.26322602944927753, 0.3220869156869709, 0.2959607173752608, 0.4213202475875986], "(1, -3, 0, 0)": [0.05131058275059025, 0.08214536344659625, 0.07971542234699965, 0.08395546036666725, 0.08385237553373628, 0.06301980723117326, 0.0857429681236647, 0.07301496970774302, 0.07326808625899607, 0.08144978506847006, 0.1847257454176304], "(1, 4, 0, 0)": [0.024357687980117025, -0.00435933955013752, -0.004368335008621216, 0.0, -0.004376889020204544, 0.0, 0.0, 0.0, 0.0, -0.0023858960697555045, -0.00173898830110956], "(1, -4, 0, 0)": [-0.013285703534983564, -0.006855373308986964, -0.0032652126539746036, -0.00028504751659525363, -0.004531834423499282, 0.01123084276115534, -0.0008736240482427665, -0.0013795587434022143, -0.0023221087802228722, -0.001694773733545588, -0.009291358515225969], "(1, 0, 0, 0)": [0.5540678938661768, 0.14588875377770663, 0.11059959451414081, 0.11126608784940331, 0.2906961476504054, 0.2676475094720442, 0.23870935880146527, 0.27560390162776677, 0.2144843782376387, 0.24361326666962344, 0.09837500827438642], "(1, 2, 0, 0)": [0.24859804011381864, 0.6687819781517835, 0.33686065058387693, 0.2613903847141556, 0.28403300220468186, 0.3474135464453341, 0.3274141638524833, 0.3176206385167696, 0.25935127906461575, 0.39482349803846395, 0.3764026385478404], "(1, 3, 0, 0)": [0.0, 0.010511189264158087, 0.17844777516588325, 0.0, 0.021478939592940956, 0.005409516041783304, 0.004043622281310813, 0.015169152550284766, 0.0, 0.0, 0.0], "(-2, 1, 0, 0)": [0.49178606946289455, 0.4635899810002441, 0.4409052668857559, 0.42976184892264463, 0.44187236731589097, 0.4336619936357312, 0.41828090120106265, 0.43483754813417497, 0.43826752736205155, 0.472524091801293, 0.4723635982550634], "(-2, 0, 0, 0)": [0.44754803296323986, 0.44888215834026424, 0.3943711857248947, 0.36489250763516123, 0.4426713254492135, 0.47179873096422564, 0.3734494611271625, 0.3424826651796983, 0.34062614387005274, 0.4195037537969657, 0.5199796317345289], "(-2, -1, 0, 0)": [0.1428052311765644, 0.0806804913903158, 0.17952802386328928, 0.011070002239378075, 0.062289435236948715, 0.07723513420578176, 0.08892487607079406, 0.001991705968976021, 0.42098394209260576, 0.001994048058986664, 0.008161949482311751],