{"q_values": {"(0, 0, 0, 0)": [0.7853334267651678, 0.7829985784177909, 0.7846686323648785, 0.7827895477933007, 0.7865020655731934, 0.7810843505446489, 0.759251596966013, 0.8123124788764192, 0.7779955194309783, 0.7696558403702574, 0.7774010996119762], "(0, 1, 0, 0)": [0.7701236183325785, 0.7723478886377119, 0.7652657459974875, 0.7885577696183864, 0.7794655856495262, 0.7695004606978331, 0.7725108512313575, 0.7743356290418048, 0.7647197325702394, 0.7632804129065247, 0.7695106628069082], "(0, 2, 0, 0)": [0.7436984419532526, 0.5968210965667475, 0.6259304977075845, 0.6344594810568921, 0.5997815019581838, 0.6360225868819585, 0.6414309606685853, 0.6165943367191863, 0.6018658148413519, 0.6651313205484927, 0.6799670810766575], "(0, 3, 0, 0)": [0.45681044327568104, 0.14996610366179847, 0.12710190017373776, 0.1683594107444421, 0.1963761914774922, 0.18048076850476177, 0.1549621617890345, 0.14713561374834444, 0.15044709291817923, 0.16657813701247826, 0.17277382082038945], "(0, 4, 0, 0)": [0.025774821256465533, 0.01384973791743324, 0.016564505443272357, 0.014974157855195992, 0.029988407892767896, 0.013480399063889249, 0.008613931449871388, 0.013995691545631331, 0.017470084146204178, 0.025719970782143373, 0.00958740967091778], "(0, -2, 0, 0)": [0.40303146302094384, 0.39905275133257956, 0.4172382118580181, 0.3840313971291196, 0.38434088528401267, 0.40378111328334215, 0.3832341269887447, 0.3881894340331573, 0.3973631829819759, 0.41049508254805633, 0.5185093574378469], "(0, -3, 0, 0)": [0.08078422886357733, 0.07886605589537969, 0.08006805744974313, 0.08793064605524636, 0.08636834892926229, 0.08284026036869051, 0.08545309850338347, 0.0837811376201266, 0.09486828865792973, 0.08837515018781456, 0.08747756464423341], "(0, -4, 0, 0)": [0.0014728230675887608, 0.0029910499816549084, 0.0016898878636781387, 0.0010683716148028244, 0.00013448866144754462, 0.001288628885308109, -5.4872016546679905e-06, -0.000252380035955381, 9.33525807148318e-05, 0.001029508880101968, -0.001176854389572094], "(0, -1, 0, 0)": [0.6730439354481136, 0.6943465874359092, 0.6809553367037615, 0.6677780480795303, 0.6704287669689083, 0.6795839799802768, 0.6565717753918996, 0.6908372265082563, 0.6946172259369765, 0.673675826234857, 0.7530389677070887], "(-1, 3, 0, 0)": [0.11244187490563744, 0.11136074574496974, 0.08238647858948397, 0.09730989868142396, 0.09031403039280397, 0.06070686897339088, 0.07640214379498442, 0.10434171459417985, 0.07735165725470815, 0.06388016477814458, 0.07482546280255267], "(-1, 4, 0, 0)": [0.023320351657608998, -0.001963421406049652, -0.002405578601356751, -0.001985418459679261, -0.0017004600437898181, -0.006504058502663803, -0.0082491106624456, -0.0020388922182156214, -0.0019631392625559145, 0.0034117762570381703, -0.0009012977964544455], "(-1, -2, 0, 0)": [0.007223380295146497, 0.02823237942571786, 0.22745382910865466, 0.01947238873961274, 0.013859264669905079, 0.03998110067065536, 0.07608014430516183, 0.03486624410864271, 0.022937341302728162, 0.0885247009878057, 0.04097293994059201], "(-1, -3, 0, 0)": [0.08487191403011599, 0.05607478855606529, 0.15060193259937826, 0.14152061782140368, 0.16110342373279218, 0.13858296663593342, 0.1405050544690299, 0.13549888801810211, 0.09656959043852426, 0.20519069955664354, 0.12115395329568884], "(-1, -4, 0, 0)": [0.03857110903997392, 0.07346811522814778, 0.007577475087171626, 0.030971910025980418, 0.038681543185099185, 0.015484153422363969, 0.044527906165402156, -0.004362856969237328, 0.0070977795511614, 0.062494559715067524, 0.010586837353871635], "(-1, -1, 0, 0)": [0.31000322524134827, 0.013207288610473902, 0.015698623556891254, 0.06388034636421946, 0.06827741856652515, 0.008807146606259315, 0.006818691486270592, 0.031140237555630997, 0.020984947467173835, 0.08551559841871999, 0.029760297146699123], "(-1, 0, 0, 0)": [0.6351711762021964, 0.6528724967498877, 0.641511627034626, 0.6169621108174727, 0.6898919226716067, 0.6522920037658598, 0.6287259493969701, 0.6527049000354832, 0.6530467391689656, 0.6492911818605203, 0.6306075965543718], "(-1, 1, 0, 0)": [0.610319600736195, 0.6130718361150409, 0.6130253669698197, 0.6147635236036335, 0.5993067134797093, 0.5914272109686652, 0.6162230382726834, 0.6218461462546182, 0.6110650241259283, 0.6180530499735483, 0.5889347735242239], "(-1, 2, 0, 0)": [0.37012951033033764, 0.344946045053329, 0.31458853469296705, 0.3882471312080723, 0.3267423441691711, 0.31607681638635726, 0.37211162684915544, 0.29693082078067434, 0.3222467503799572, 0.33453034737562276, 0.34545175746689055], "(-2, 2, 0, 0)": [0.18017771408944128, 0.1283425653357741, 0.1267070291716428, 0.10459091650321109, 0.09819713907984011, 0.12798672691652513, 0.10305087653863647, 0.11078807764524412, 0.1341558369421911, 0.10148535033625095, 0.12089685911669977], "(-2, 3, 0, 0)": [0.023088924925119606, 0.023095026062606664, 0.044338473327755853, 0.06278470807222852, 0.01959381800859143, 0.01594772329740096, 0.00951008951400404, 0.022801640039319948, 0.011555669553237561, 0.022536994644061423, 0.02601273945106815], "(-2, 4, 0, 0)": [0.0014945375151565196, -0.012102512983722946, -0.012333024323615879, -0.01221370465819303, -0.014075108653946093, -0.012151957899783142, -0.011772152718781584, -0.012068055036220847, -0.009753861167024067, -0.008835645526247653, -0.01423020007836028], "(1, -1, 0, 0)": [0.4321303125167415, 0.4314541453158166, 0.5340541490159975, 0.4318002152757053, 0.4247480940478593, 0.4094383775863466, 0.4263286888663437, 0.42952348540489843, 0.39539491845075525, 0.4199714296998907, 0.41891966484311], "(1, -2, 0, 0)": [0.24685673463849367, 0.2407250221353427, 0.2644515196234866, 0.2463182518382878, 0.23661016057638798, 0.2378983125019837, 0.25349881836873395, 0.23628191092763878, 0.32494296862963545, 0.2560631694865329, 0.24666056462945776], "(1, -3, 0, 0)": [0.08461171276416679, 0.08699704348423644, 0.08103381383893554, 0.07945546226929186, 0.08376944378176895, 0.08175737052008411, 0.0857429681236647, 0.0830844471774061, 0.08551460882108453, 0.08703083686769422, 0.08360103922487788], "(1, 4, 0, 0)": [0.08312441360327796, -0.00435933955013752, -0.004368335008621216, 0.0, -0.004376889020204544, 0.0, 0.0, 0.0, 0.0, -0.0023858960697555045, -0.00173898830110956], "(1, -4, 0, 0)": [-0.013285703534983564, -0.006855373308986964, -0.0032652126539746036, -0.0017468329943109615, -0.004531834423499282, -0.0029561229824938014, -0.0027785353943871422, -0.0017616000474739869, -0.0023221087802228722, 0.00048747798205947285, -0.0035270174255945946], "(1, 0, 0, 0)": [0.6373231479207423, 0.14588875377770663, 0.11059959451414081, 0.11126608784940331, 0.3616231576791814, 0.2676475094720442, 0.31857896387003937, 0.4010735081011325, 0.2144843782376387, 0.24361326666962344, 0.21992505126520517], "(1, 2, 0, 0)": [0.24859804011381864, 0.6613753927804734, 0.4673549972692079, 0.4149095652435961, 0.361912197386893, 0.3474135464453341, 0.4093083672189352, 0.49285200638791976, 0.33262815814390534, 0.5004046817486596, 0.480480152407489], "(1, 3, 0, 0)": [0.0, 0.010511189264158087, 0.3169195938964826, 0.0, 0.021478939592940956, 0.005409516041783304, 0.004043622281310813, 0.015169152550284766, 0.0, 0.0, 0.0], "(-2, 1, 0, 0)": [0.4675192522165836, 0.4147625175196462, 0.4393892167864237, 0.40317174193512556, 0.39095999114518504, 0.4231933281075157, 0.39962323825629265, 0.4158145530674624, 0.3657791362332451, 0.37762370439915927, 0.4346786534987005], "(-2, 0, 0, 0)": [0.458584600232135, 0.4985666757517956, 0.5012001674999682, 0.5095467065799487, 0.4988634695333043, 0.48488060402210825, 0.5165389490638072, 0.5045691000812488, 0.5061944624926465, 0.5006274605094254, 0.4978993449392999], "(-2, -1, 0, 0)": [0.1428052311765644, 0.0806804913903158, 0.17952802386328928, 0.011070002239378075, 0.15762857650109222, 0.07723513420578176, 0.08892487607079406, 0.09262053613392406, 0.46700747642882035, 0.001994048058986664, 0.008161949482311751],