{"q_values": {"(0, 0, 0, 0)": [0.7728261678446803, 0.7605832206116414, 0.7831407861623364, 0.771094350894032, 0.7519828123439298, 0.7639035214160164, 0.7553060472532793, 0.7664325332191178, 0.7697063119719254, 0.8218360351456732, 0.7842868571473869], "(0, 1, 0, 0)": [0.7695860762586454, 0.7999303777026778, 0.7868185102141433, 0.7390055833686696, 0.7710487587818099, 0.7785340813413014, 0.7765412394850331, 0.7744380957366618, 0.7681082365499146, 0.7704132270611234, 0.7953649436135588], "(0, 2, 0, 0)": [0.798735138743747, 0.5593040070797172, 0.5383563062833285, 0.5509214932599155, 0.5622590812238251, 0.5500780319495833, 0.55025772075902, 0.5409365766785246, 0.5199899026385577, 0.5551577244104499, 0.5589187727768623], "(0, 3, 0, 0)": [0.2140781172921733, 0.14996610366179847, 0.15919331283603994, 0.1683594107444421, 0.176083025187939, 0.18048076850476177, 0.1549621617890345, 0.14713561374834444, 0.15044709291817923, 0.16657813701247826, 0.17277382082038945], "(0, 4, 0, 0)": [0.016263886235051803, 0.01384973791743324, 0.016564505443272357, 0.014974157855195992, 0.01495101678361692, 0.013480399063889249, 0.008613931449871388, 0.013995691545631331, 0.014941190697157646, 0.01701131818689921, 0.00958740967091778], "(0, -2, 0, 0)": [0.45782103350486375, 0.39905275133257956, 0.4526911673485889, 0.4646572683243513, 0.38434088528401267, 0.4527820922422502, 0.47457179011643624, 0.3881894340331573, 0.3973631829819759, 0.459017875869378, 0.5252978099128743], "(0, -3, 0, 0)": [0.08078422886357733, 0.07886605589537969, 0.08006805744974313, 0.07882092760569878, 0.08636834892926229, 0.08284026036869051, 0.08545309850338347, 0.08231502103310076, 0.07959325043269982, 0.07940861369553946, 0.2068019595597505], "(0, -4, 0, 0)": [-0.0031342530552731307, -0.0019661624260415827, -0.001195382414327227, 0.004054904562540036, 0.00013448866144754462, -0.0006182254467385594, -5.4872016546679905e-06, -0.000252380035955381, 9.33525807148318e-05, 0.001029508880101968, -0.001176854389572094], "(0, -1, 0, 0)": [0.6626087744927741, 0.6493663230359211, 0.6540261936352771, 0.6457283180555504, 0.6409216508546305, 0.6152070380536804, 0.649718143085493, 0.6404105308133435, 0.6579118011131214, 0.7243930762625539, 0.6297395150059522], "(-1, 3, 0, 0)": [0.08053640339276341, 0.08213411836896412, 0.07738282428009835, 0.07853130422905705, 0.07577964571033775, 0.07479741933209688, 0.07640214379498442, 0.07877062682982681, 0.07770201496156846, 0.06388016477814458, 0.0771663726595315], "(-1, 4, 0, 0)": [0.002427883625045228, 0.0021340254686032564, -0.002405578601356751, -0.001985418459679261, -0.0017004600437898181, -0.006504058502663803, -0.0082491106624456, -0.0020388922182156214, -0.0019631392625559145, 0.000951770239087193, -0.0009012977964544455], "(-1, -2, 0, 0)": [0.007223380295146497, 0.02823237942571786, 0.2735575361345785, 0.01947238873961274, 0.013859264669905079, 0.03998110067065536, 0.07608014430516183, 0.03486624410864271, 0.022937341302728162, 0.0885247009878057, 0.04097293994059201], "(-1, -3, 0, 0)": [0.08487191403011599, 0.08807116179251934, 0.17361252026247423, 0.14152061782140368, 0.16110342373279218, 0.17938978542791817, 0.1405050544690299, 0.13549888801810211, 0.09656959043852426, 0.23316393235814065, 0.15178139509940333], "(-1, -4, 0, 0)": [0.03857110903997392, 0.05626744362324072, 0.007577475087171626, 0.030971910025980418, 0.038681543185099185, 0.015484153422363969, 0.044527906165402156, -0.004362856969237328, 0.0070977795511614, 0.1222565146703802, 0.010586837353871635], "(-1, -1, 0, 0)": [0.2822505458959781, 0.07085932008763862, 0.015698623556891254, 0.06388034636421946, 0.06827741856652515, 0.06993059729577691, 0.006818691486270592, 0.031140237555630997, 0.020984947467173835, 0.08551559841871999, 0.029760297146699123], "(-1, 0, 0, 0)": [0.5981544418221646, 0.6490645943977318, 0.6162565690393406, 0.6167664859658865, 0.6628731432011518, 0.6444136796518356, 0.6560768345486855, 0.6596063360516548, 0.654200723095151, 0.6620943735069027, 0.713067408220042], "(-1, 1, 0, 0)": [0.5775514400687684, 0.6602065825941766, 0.5957051657557626, 0.6048295836283951, 0.6129091320020728, 0.6161637531113723, 0.6368704771765772, 0.5987262476887203, 0.6133185477178393, 0.5740619738284573, 0.5772548967885993], "(-1, 2, 0, 0)": [0.3716612459094952, 0.31788986229699434, 0.31458853469296705, 0.30665235278648817, 0.31710382278927496, 0.31607681638635726, 0.29978698167130136, 0.29693082078067434, 0.3045100830696201, 0.3152221242697569, 0.32539136013324976], "(-2, 2, 0, 0)": [0.20944005510802044, 0.1283425653357741, 0.1267070291716428, 0.10459091650321109, 0.09819713907984011, 0.12798672691652513, 0.1139003060953241, 0.11078807764524412, 0.1341558369421911, 0.10148535033625095, 0.1329811775063793], "(-2, 3, 0, 0)": [0.023088924925119606, 0.023095026062606664, 0.044338473327755853, 0.0666891239748491, 0.01959381800859143, 0.023282367649143845, 0.023118144892636326, 0.04455509402425183, 0.011555669553237561, 0.03505591708439453, 0.020599682769849935], "(-2, 4, 0, 0)": [0.00017163466399134839, -0.012102512983722946, -0.012333024323615879, -0.01221370465819303, -0.015626274301921025, -0.008211931921031822, -0.007250415372763353, -0.012068055036220847, -0.009753861167024067, -0.008835645526247653, -0.01423020007836028], "(1, -1, 0, 0)": [0.4046424463588115, 0.3930035970779544, 0.40201026235668463, 0.3990343815790317, 0.4043685732380811, 0.3820405152059223, 0.40100490050971604, 0.3913914575721838, 0.4281805442045878, 0.4011643425009976, 0.39968735686802564], "(1, -2, 0, 0)": [0.27096677912716916, 0.273507851246801, 0.2607664252120378, 0.23778949608601924, 0.26436282053259164, 0.2378983125019837, 0.25349881836873395, 0.27211596141285443, 0.2908067646915427, 0.23997608513753027, 0.2740186802793033], "(1, -3, 0, 0)": [0.07424356341672084, 0.08027631509194555, 0.07957468564353401, 0.07945546226929186, 0.07885947223160264, 0.06603224137025741, 0.07873245113815275, 0.07956796720767834, 0.07794620625570887, 0.08090374603525614, 0.07556588303692785], "(1, 4, 0, 0)": [0.07222078920121405, -0.00435933955013752, -0.004368335008621216, 0.0, -0.004376889020204544, 0.0, 0.0, 0.0, 0.0, -0.0023858960697555045, -0.00173898830110956], "(1, -4, 0, 0)": [-0.00881978991264094, -0.006855373308986964, -0.0069825305721361725, -0.002097505838193281, -0.004531834423499282, -0.0029561229824938014, -0.0027785353943871422, -0.0017616000474739869, -0.0023221087802228722, -0.003815841477908742, -0.0035270174255945946], "(1, 0, 0, 0)": [0.5012080844482115, 0.14588875377770663, 0.2990066533059391, 0.2098553349150314, 0.3616231576791814, 0.3592450101249975, 0.31857896387003937, 0.41698719311807764, 0.2144843782376387, 0.24361326666962344, 0.21992505126520517], "(1, 2, 0, 0)": [0.24859804011381864, 0.7204601153455139, 0.4673549972692079, 0.4831712782368196, 0.361912197386893, 0.3474135464453341, 0.4705867629281112, 0.49285200638791976, 0.33262815814390534, 0.5004046817486596, 0.5384262950393361], "(1, 3, 0, 0)": [0.0, 0.010511189264158087, 0.27822573087004154, 0.0, 0.021478939592940956, 0.005409516041783304, 0.004043622281310813, 0.015169152550284766, 0.0, 0.0, 0.0], "(-2, 1, 0, 0)": [0.5713389124369247, 0.4278436359085478, 0.4493563254730622, 0.46052313234606995, 0.4312319240478498, 0.49730021629407145, 0.49734431608574, 0.4177541050977597, 0.4477860271585173, 0.48441060574217115, 0.45614908835385476], "(-2, 0, 0, 0)": [0.5234535185763453, 0.5185996767623322, 0.5249621842176605, 0.5191865411193805, 0.5114911779030493, 0.5137263026320454, 0.5182568228517086, 0.5114931766490105, 0.5170063567441247, 0.5092083381280051, 0.5228808128441773], "(-2, -1, 0, 0)": [0.1428052311765644, 0.0806804913903158, 0.17952802386328928, 0.011070002239378075, 0.15762857650109222, 0.07723513420578176, 0.08892487607079406, 0.09262053613392406, 0.45783700177150555, 0.001994048058986664, 0.008161949482311751],