{"q_values": {"(0, 0, 0, 0)": [0.6044920151107911, 0.5972363513146941, 0.615324745754333, 0.6413898958429861, 0.5762376891143991, 0.6056669580675482, 0.6160567175473276, 0.583715632881708, 0.5904524275298778, 0.603999570685372, 0.5976808079757643], "(0, 1, 0, 0)": [0.5646595785291291, 0.6105697718416652, 0.5713508495525754, 0.5632144494060222, 0.551090660914358, 0.5711183716101942, 0.547543156139203, 0.548185729675503, 0.5460115462649406, 0.5607502625693681, 0.5409606005825393], "(0, 2, 0, 0)": [0.34709528291071345, 0.3644929885295593, 0.36201797361197263, 0.4490986570581913, 0.3629901529094472, 0.3469741574990143, 0.35151810019333607, 0.3563817998509329, 0.35023109008707437, 0.3551951850767278, 0.3525514524796913], "(0, 3, 0, 0)": [0.16115377223976948, 0.15306610597262552, 0.15676672764283342, 0.12781735470532016, 0.14068329755216588, 0.14586346576384362, 0.15688392522165318, 0.15292431054821723, 0.12135224417305167, 0.09676926294760531, 0.13494227315546994], "(0, 4, 0, 0)": [0.04476673219297689, 0.01384973791743324, 0.022839187380765777, 0.02993796237348154, 0.007081363611082511, 0.013480399063889249, 0.008613931449871388, 0.013995691545631331, 0.024242202728397493, 0.008107325469318367, 0.027048131703140715], "(0, -2, 0, 0)": [0.4216467229679264, 0.41723221173371117, 0.40539120256415484, 0.40284550467331465, 0.3791510649888561, 0.40618063173872176, 0.38761164511225016, 0.39157446655707207, 0.4134186101165357, 0.4206868120747015, 0.4763475337727234], "(0, -3, 0, 0)": [0.09922030484123297, 0.1337883577025442, 0.1171415684633139, 0.13633641387059572, 0.09969867709546588, 0.0947154093824823, 0.10751265524161986, 0.08102573090730333, 0.14029460941863672, 0.19178694280013917, 0.1532211001801084], "(0, -4, 0, 0)": [0.010542496597320133, 0.007835984986283103, 0.009240711261124704, 0.009149394634901577, 0.006629118338544881, 0.016373705133821644, 0.008638938339662955, 0.008525379274405335, 0.00861069228128649, 0.007920956526928315, 0.00399167069834477], "(0, -1, 0, 0)": [0.543631998238852, 0.5495576841325297, 0.5446129197105171, 0.5553206442123634, 0.5616188662225865, 0.5631629745318697, 0.5603931031802158, 0.5824392133377567, 0.5347993888476802, 0.5699582729475374, 0.5500887422196725], "(-1, 3, 0, 0)": [0.04735670944710801, 0.11165354913351291, 0.038314168025463766, 0.058168933240161355, 0.052511715983264595, 0.048902371453415076, 0.04628347584418291, 0.05621321906563117, 0.06116769136284482, 0.0671270183707774, 0.053781715149458356], "(-1, 4, 0, 0)": [0.0016594035490524127, -0.003341750537557595, -0.002405578601356751, 0.0018100150715946, 0.003955483088584447, -0.0026685167570283403, -0.0082491106624456, -0.0035805604603137246, -0.0019631392625559145, -0.004094788755443236, -0.010412817040560799], "(-1, -2, 0, 0)": [0.007223380295146497, 0.02823237942571786, 0.14775152659505178, 0.01947238873961274, 0.013859264669905079, 0.03998110067065536, 0.016875609564840792, 0.03486624410864271, 0.022937341302728162, 0.026170750187681235, 0.04097293994059201], "(-1, -3, 0, 0)": [0.04558973531079371, 0.05607478855606529, 0.06003830399918619, 0.0665846072639069, 0.08345139656812268, 0.07611103235951534, 0.09531695122743802, 0.06785528303146654, 0.03589629434331761, 0.1294196902164608, 0.07306021004533798], "(-1, -4, 0, 0)": [-0.0010116964486722472, 0.02868003525055782, 0.007577475087171626, 0.008204452143796342, 0.009970201843125552, 0.015484153422363969, 0.027358564527582195, -0.004362856969237328, 0.0070977795511614, 0.08437535201807109, 0.010586837353871635], "(-1, -1, 0, 0)": [0.15223889608159702, 0.013207288610473902, 0.015698623556891254, 0.029077955303792744, 0.02898235324003006, 0.008807146606259315, 0.006818691486270592, 0.031140237555630997, 0.020984947467173835, 0.023520848951486744, 0.029760297146699123], "(-1, 0, 0, 0)": [0.26274423768663296, 0.22471763627745028, 0.17771603969663824, 0.22398510870890495, 0.21139431268503608, 0.13172173954327812, 0.19941327036318748, 0.1590799777866235, 0.42548951094799303, 0.24591238288420658, 0.21811829914646777], "(-1, 1, 0, 0)": [0.29801405745808585, 0.3345047924577129, 0.32831256855976526, 0.30565898621719473, 0.3319992984312983, 0.2966515232951217, 0.33001897049255635, 0.31424915850573965, 0.335722919396505, 0.353027922632507, 0.42045493290098807], "(-1, 2, 0, 0)": [0.21731068542103557, 0.1520903527734599, 0.18487871715797133, 0.2187950680574887, 0.22791352697984898, 0.17679797174294515, 0.1996047873734819, 0.20168925335824395, 0.3078680894408232, 0.1483630555159086, 0.17857678695344592], "(-2, 2, 0, 0)": [0.11248572125184761, 0.027945802749716968, 0.035183533839403994, 0.005486940803177834, 0.03728267225806658, 0.02084010267407335, 0.014721014213652298, 0.002945382324258299, 0.02868835673541259, 0.02490664453428186, 0.0206207190190012], "(-2, 3, 0, 0)": [0.00219528465994373, 0.011721618475173126, 0.014104544341169025, 0.014924677408187691, 0.0035845131818475094, 0.009112551497305992, 0.001854037679731846, 0.007894952355271382, 0.0, 0.03956062739612465, 0.01401735071265775], "(-2, 4, 0, 0)": [-0.0043862685561180115, -0.004285166480241655, -0.004054499052682654, -0.004131763449589409, -0.005400423235569782, -0.0034171921958108904, -0.004378936067223549, -0.004782362654140313, -0.005295563780246975, -0.0057296134103536605, -0.0043601408600807195], "(1, -1, 0, 0)": [0.2945101333265838, 0.30673906468670975, 0.2902725358329951, 0.2790615184023921, 0.2880337202045089, 0.3061777042371933, 0.3241939904130169, 0.30487542560497044, 0.31310990262243577, 0.3052152540731275, 0.30859537808971466], "(1, -2, 0, 0)": [0.2147928708176637, 0.20452378720673206, 0.22900984987923084, 0.2079928173601026, 0.20838729968191425, 0.2111521057202036, 0.16750262529753648, 0.21395316543739823, 0.18779533890170808, 0.2930254814745962, 0.2197569499464038], "(1, -3, 0, 0)": [0.05131058275059025, 0.07137414331364947, 0.059977144524464246, 0.07405965940646687, 0.07477529067610059, 0.06301980723117326, 0.06679108441048132, 0.07301496970774302, 0.06252511545932765, 0.0860309138347, 0.0773764029131986], "(1, 4, 0, 0)": [0.013268555967389215, -0.00435933955013752, -0.004368335008621216, 0.0, -0.004376889020204544, 0.0, 0.0, 0.0, 0.0, -0.0023858960697555045, -0.00173898830110956], "(1, -4, 0, 0)": [-0.013285703534983564, -0.003111603019051927, -0.0032652126539746036, -0.0033337478921892406, -0.004531834423499282, 0.002063717662782602, -0.0030430069356076174, -0.0032707371483775855, -0.0023221087802228722, -0.001694773733545588, -0.009291358515225969], "(1, 0, 0, 0)": [0.34595303011812245, 0.14588875377770663, 0.11059959451414081, 0.11126608784940331, 0.24650112029024246, 0.10641553554173006, 0.16929505705137668, 0.1206850676255412, 0.19365899657180996, 0.20417812360626011, 0.09837500827438642], "(1, 2, 0, 0)": [0.16256651810481224, 0.41088798322691855, 0.2516663207950375, 0.1523060797853271, 0.15819653487143515, 0.2342683310293285, 0.25401740567942427, 0.2576783405427004, 0.17600561788059868, 0.19851700978391024, 0.19356866484089338], "(1, 3, 0, 0)": [0.0, 0.010511189264158087, 0.03733491438802653, 0.0, 0.021478939592940956, 0.005409516041783304, 0.004043622281310813, 0.015169152550284766, 0.0, 0.0, 0.0], "(-2, 1, 0, 0)": [0.22831262420490814, 0.06549504145665008, 0.02384632611721224, 0.05406688439663307, 0.07289452471456329, 0.06299835526535741, 0.060608990768422, 0.0586488639430167, 0.094404939854145, 0.008245841070633657, 0.06675638805949152], "(-2, 0, 0, 0)": [0.23407751551276418, 0.1752271929572225, 0.06562191782466643, 0.10738165059830991, 0.15413119826026914, 0.12333978528798227, 0.10757590876058455, 0.1746219755329416, 0.1457732556041956, 0.14865331725563063, 0.16054048264855614], "(-2, -1, 0, 0)": [0.041589073874344656, 0.010420333937188195, 0.07515723009910563, 0.011070002239378075, 0.01507062273152028, 0.01454083980835581, 0.025343701119274295, 0.001991705968976021, 0.2672629524193399, 0.001994048058986664, 0.008161949482311751],