{"q_values": {"(0, 0, 0, 0)": [0.4754033268400448, 0.5328283417761903, 0.5283805209835085, 0.5265234994204109, 0.496212693109704, 0.5300427330443322, 0.5294724136470979, 0.5335874447269104, 0.5265560382869471, 0.5288779973371034, 0.5221346384925089], "(0, 1, 0, 0)": [0.4662962018413456, 0.47325173793993547, 0.4704409206892271, 0.42021352236671533, 0.4469832634187853, 0.459878337610066, 0.41923935499388515, 0.46220283866762957, 0.4483879823765654, 0.44668231025864147, 0.47229441187436894], "(0, 2, 0, 0)": [0.2588613057840126, 0.2708661503866411, 0.27221329412824913, 0.2456958453971242, 0.26899839043371493, 0.2534371380094725, 0.25936606602558254, 0.254990920764598, 0.2429365329609889, 0.2651886116929798, 0.24666524626840997], "(0, 3, 0, 0)": [0.07717193804861835, 0.07959504700607517, 0.0819764053240037, 0.08372018498886796, 0.06647944309208381, 0.07654313345141588, 0.07999707059491591, 0.07989865104867791, 0.08079719835102567, 0.07499509802860274, 0.07992344785327213], "(0, 4, 0, 0)": [0.005889540652221551, 0.009966102104865704, 0.007176341058666321, 0.0063339017961951075, 0.00021433574663558361, 0.0031115597416125317, 0.00222602631479201, 0.0009377213152714173, 0.009968701028497758, 0.007079325756966966, 0.008817774443408526], "(0, -2, 0, 0)": [0.36407344754784143, 0.3525036401576224, 0.3355338431213296, 0.355262856211177, 0.33935134045927506, 0.353766817458284, 0.31569451889445543, 0.3535320865114439, 0.3485031378366941, 0.34829561659902647, 0.407098842428178], "(0, -3, 0, 0)": [0.09190683114340976, 0.09820851397651863, 0.10492353608369052, 0.08054836998543442, 0.09615949046029512, 0.09712605589740123, 0.09687811812135123, 0.09767994305623022, 0.09875637845062486, 0.08252763737283193, 0.09490897504889555], "(0, -4, 0, 0)": [0.007672744301926477, 0.015402645152552765, 0.015109328816327814, 0.012933688953351234, 0.012174726033049501, 0.01008403408652157, 0.013810748817709561, 0.009137429191729676, 0.014031606242092714, 0.01080132015338053, -0.002799687307858584], "(0, -1, 0, 0)": [0.5072652539910243, 0.47641438497779165, 0.46966296722039436, 0.47569308370140606, 0.47809392191452016, 0.49961378468041956, 0.4648534149806028, 0.4852193102432243, 0.47245608181064963, 0.4799624864013179, 0.5229961426730196], "(-1, 3, 0, 0)": [0.01684595000989962, 0.022536761184654464, 0.02873172937077215, 0.028667269316505126, 0.03263199840492878, 0.04569286089464919, 0.04085925278105634, 0.03210703980532834, 0.006201602323078328, 0.023699425712291024, 0.03718201879261471], "(-1, 4, 0, 0)": [-0.004444452256501517, -0.003326078037105191, -0.0004324024225705568, -0.0005794912846198504, -0.004261822814805089, -0.010685242846608161, 0.00039428902807516365, -0.0014417750968990506, -0.0005890523606707143, -0.0010538345319157944, -0.0015951676892990855], "(-1, -2, 0, 0)": [0.007223380295146497, 0.02823237942571786, 0.06310340610492403, 0.01947238873961274, 0.013859264669905079, 0.021853911948228957, 0.016875609564840792, 0.03486624410864271, 0.022937341302728162, 0.026170750187681235, 0.011533671644709273], "(-1, -3, 0, 0)": [0.029464830260892357, 0.04713946506374412, 0.044257241514042645, 0.05011946015996985, 0.04332775262494406, 0.05063589847338067, 0.046762217483378436, 0.059572130342987334, 0.03589629434331761, 0.08033001477204185, 0.05947435529920726], "(-1, -4, 0, 0)": [-0.0010116964486722472, 0.0019235684788627549, 0.007577475087171626, 0.008204452143796342, 0.008832895180908094, -0.0018573569571208683, 0.0055682829913176, -0.004362856969237328, 0.0070977795511614, 0.008019367412447253, -0.002228876597329157], "(-1, -1, 0, 0)": [0.07016988558030057, 0.013207288610473902, 0.015698623556891254, 0.01669699459538589, 0.015918897795100556, 0.008807146606259315, 0.006818691486270592, 0.011132200135271286, 0.020984947467173835, 0.023520848951486744, 0.014007014581091127], "(-1, 0, 0, 0)": [0.07405449915526836, 0.12493294298315814, 0.11633240685869442, 0.1113463008991749, 0.10341465042143679, 0.09590109713876128, 0.11433981427381351, 0.12070286941140909, 0.19158880800477363, 0.11507051643092919, 0.11970046510857418], "(-1, 1, 0, 0)": [0.1645106750676737, 0.21013737744685465, 0.15936830882601635, 0.13846478092519995, 0.20669441927009638, 0.16492003390561896, 0.15635395780060704, 0.153995717089787, 0.17068196487803655, 0.15333141305469347, 0.22428582792692237], "(-1, 2, 0, 0)": [0.10534260001604119, 0.12141318318255569, 0.11441006318245549, 0.10668700930510691, 0.08681898092397192, 0.0954055860577626, 0.09958127778590659, 0.09613843781401218, 0.10444587491131008, 0.17179114734624004, 0.11748219563806091], "(-2, 2, 0, 0)": [0.04541365619102876, 0.002946046770299077, 0.02391530304163231, 0.005486940803177834, 0.005167654242480009, 0.012063758711092176, 0.014721014213652298, 0.002945382324258299, 0.02868835673541259, 0.02490664453428186, 0.0206207190190012], "(-2, 3, 0, 0)": [0.00219528465994373, 0.002173369896039367, 0.014104544341169025, 0.00690072232127455, 0.0035845131818475094, 0.009112551497305992, 0.001854037679731846, 0.007894952355271382, 0.0, 0.035007767229606745, 0.00932915182410178], "(-2, 4, 0, 0)": [-0.0043862685561180115, -0.0013549674410634266, 0.0, -0.0014035267561037035, -0.0016868700999021534, -0.002774749443233013, 0.0, -0.00439077839255333, 0.0003677361307144163, 0.0, -0.0043601408600807195], "(1, -1, 0, 0)": [0.16668985857332363, 0.1566127964778035, 0.15804672619254087, 0.15026494867555856, 0.1441102279824815, 0.1868464145628374, 0.15712852113301023, 0.1565191686860294, 0.15881979998025192, 0.1472095504773482, 0.1490219084151589], "(1, -2, 0, 0)": [0.11680459444953738, 0.12286765664101355, 0.12104251850025828, 0.13235723102568245, 0.14367748784263099, 0.13606223347002183, 0.1300912374943246, 0.12432053145005223, 0.13893062953387827, 0.14496536252123135, 0.14170294413445603], "(1, -3, 0, 0)": [0.053850624331238765, 0.05379185726625585, 0.05546617560924359, 0.05031076935025081, 0.05569054077277071, 0.057031990436697606, 0.045611485365329954, 0.04559432333920423, 0.051599964842893996, 0.062283996198580424, 0.044769362412077456], "(1, 4, 0, 0)": [0.0, -0.00435933955013752, -0.004368335008621216, 0.0, -0.004376889020204544, 0.0, 0.0, 0.0, 0.0, -0.0023858960697555045, -0.00173898830110956], "(1, -4, 0, 0)": [-0.005106456597380201, -0.003053521164902101, -0.0021722606473505487, -0.00454307237236807, -0.0022917256577771536, -0.000556820598074082, -0.002279329407870099, -0.0027738446663311397, -0.0041539897946814, -0.009135514107974465, -0.0029159418220064204], "(1, 0, 0, 0)": [0.07223807731127865, 0.11214488890493612, 0.06575323340920879, 0.07321872805114613, 0.1552235093633222, 0.07783426489472488, 0.035772159546340346, 0.10850478734459831, 0.04842800885245548, 0.07697551027415202, 0.09837500827438642], "(1, 2, 0, 0)": [0.06055881873485924, 0.1713134919485204, 0.04079318909377448, 0.03836893925103504, 0.07029010108854367, 0.10104351166162612, 0.08133750720375134, 0.07401657632346237, 0.09351615691509477, 0.07483876796951307, 0.05004564252446994], "(1, 3, 0, 0)": [0.0, 0.0, 0.020133713262372514, 0.0, 0.00482420605523954, 0.005409516041783304, 0.004043622281310813, 0.007875894629459774, 0.0, 0.0, 0.0], "(-2, 1, 0, 0)": [0.0739672831738529, 0.024496860484751228, 0.02384632611721224, 0.02051724716739232, 0.02953413724871591, 0.022925507010594037, 0.009134420936359288, 0.02190888613908684, 0.04768811050723899, 0.008245841070633657, 0.027469752905524655], "(-2, 0, 0, 0)": [0.07147473382104948, 0.04570290200454239, 0.027123022835972666, 0.041420018019125045, 0.0449425571400988, 0.031657587848238494, 0.028680808251371176, 0.05705231718716831, 0.03643130975951768, 0.03426856904131461, 0.05952441339490278], "(-2, -1, 0, 0)": [0.014083522814922486, 0.010420333937188195, 0.014574489982307348, 0.011070002239378075, 0.01507062273152028, 0.01454083980835581, 0.025343701119274295, 0.001991705968976021, 0.05808491619663474, 0.001994048058986664, 0.008161949482311751],