{"q_values": {"(0, 0, 0, 0)": [0.7718006860871414, 0.7471518077690273, 0.7838546879631287, 0.7661286983636407, 0.7704397069837466, 0.7782208253979569, 0.7850459780404766, 0.7803666966623615, 0.7716210335665042, 0.779096144535061, 0.79524710734385], "(0, 1, 0, 0)": [0.7595519192618594, 0.759402549326251, 0.7444231125702784, 0.7593994205747148, 0.765124417937471, 0.747944014790531, 0.7606017776686838, 0.7401997537360373, 0.7643991691621659, 0.7609097101914187, 0.7453272414040104], "(0, 2, 0, 0)": [0.6269591188753368, 0.5804206057118386, 0.5669939265181678, 0.5614754180063228, 0.5791959603052793, 0.6083026157167897, 0.5417145757284774, 0.5640329773569593, 0.5286701204897496, 0.5786526599246115, 0.5561923100550263], "(0, 3, 0, 0)": [0.15768272506198203, 0.16477038454403967, 0.12710190017373776, 0.13432849692918725, 0.13350249541784387, 0.12674487637828888, 0.1103238921221199, 0.12157208664117757, 0.12135224417305167, 0.11038311449435369, 0.11504612829883722], "(0, 4, 0, 0)": [0.06990151768155345, 0.01384973791743324, 0.016564505443272357, 0.014974157855195992, 0.007081363611082511, 0.013480399063889249, 0.008613931449871388, 0.013995691545631331, 0.017470084146204178, 0.008107325469318367, 0.017429421594699956], "(0, -2, 0, 0)": [0.4531217306886252, 0.43409217338712613, 0.41981827960793744, 0.4264543282240922, 0.3791510649888561, 0.3706161768768781, 0.468863344169419, 0.4309599973803581, 0.4546952291577204, 0.4264389769254135, 0.6503434376195051], "(0, -3, 0, 0)": [0.11567767527049654, 0.1337883577025442, 0.1171415684633139, 0.13633641387059572, 0.09969867709546588, 0.08035958484203617, 0.10751265524161986, 0.14464735501953982, 0.14029460941863672, 0.18393539745130155, 0.1951078757245524], "(0, -4, 0, 0)": [0.010016931588497379, 0.007835984986283103, 0.009240711261124704, 0.009149394634901577, 0.006629118338544881, 0.020699137277155104, 0.008638938339662955, 0.008525379274405335, 0.00861069228128649, 0.007920956526928315, -0.001176854389572094], "(0, -1, 0, 0)": [0.6945231050368778, 0.6364180828953205, 0.6782349218018339, 0.7004144223951327, 0.6999992634860756, 0.6835660025636036, 0.6979917886422645, 0.6694728185113048, 0.8059726964392667, 0.6993192064140361, 0.6849597039670622], "(-1, 3, 0, 0)": [0.06965591792871875, 0.07903275078265216, 0.038314168025463766, 0.07505320044253994, 0.052511715983264595, 0.06070686897339088, 0.04628347584418291, 0.06416208245180188, 0.07612303922865403, 0.06782498254862077, 0.053781715149458356], "(-1, 4, 0, 0)": [-0.000766030094667026, 0.014035484773157235, -0.002405578601356751, -0.00022483781959172552, 1.063779197368886e-05, -0.0026685167570283403, -0.0082491106624456, -0.00011787501910626164, -0.0019631392625559145, -0.004094788755443236, -0.0003966361549088745], "(-1, -2, 0, 0)": [0.007223380295146497, 0.02823237942571786, 0.29817453139278427, 0.01947238873961274, 0.013859264669905079, 0.03998110067065536, 0.016875609564840792, 0.03486624410864271, 0.022937341302728162, 0.026170750187681235, 0.04097293994059201], "(-1, -3, 0, 0)": [0.04558973531079371, 0.05607478855606529, 0.06816364132913148, 0.09572595198939642, 0.08345139656812268, 0.09584392043728403, 0.09531695122743802, 0.09047483745949671, 0.03589629434331761, 0.24332493652683415, 0.07306021004533798], "(-1, -4, 0, 0)": [0.025797587788659225, 0.03339569666952261, 0.007577475087171626, 0.008204452143796342, 0.009970201843125552, 0.015484153422363969, 0.044527906165402156, -0.004362856969237328, 0.0070977795511614, 0.08750415127496998, 0.010586837353871635], "(-1, -1, 0, 0)": [0.23901963268415574, 0.013207288610473902, 0.015698623556891254, 0.06388034636421946, 0.06827741856652515, 0.008807146606259315, 0.006818691486270592, 0.031140237555630997, 0.020984947467173835, 0.023520848951486744, 0.029760297146699123], "(-1, 0, 0, 0)": [0.5951141454965444, 0.6063328984017867, 0.6159369826561113, 0.5518416812134376, 0.6164322773552254, 0.6296024918858857, 0.6651316852025208, 0.5676912615072421, 0.5969905943228653, 0.5573201947036154, 0.545474806604692], "(-1, 1, 0, 0)": [0.6177268983425079, 0.6084503249819243, 0.6298361332144496, 0.5905135182733455, 0.6108593848533492, 0.6078431385919956, 0.5975352154316423, 0.5929626072982012, 0.6150469296053784, 0.58490910436328, 0.5750097810609986], "(-1, 2, 0, 0)": [0.34738991065947805, 0.23037463622093074, 0.31542195336257445, 0.31083843018714796, 0.2868698739250608, 0.3077520416259093, 0.32480778520367914, 0.29496445649453984, 0.3528796176078003, 0.31661196383635704, 0.37054571297339023], "(-2, 2, 0, 0)": [0.17068899376510183, 0.08205421164105095, 0.14459069361738233, 0.0840816068674709, 0.08977035995515359, 0.1341298082499951, 0.09791256742360992, 0.06188451273945028, 0.06549831350641283, 0.08918324894081017, 0.11154293849187782], "(-2, 3, 0, 0)": [0.009266040013373389, 0.011721618475173126, 0.026031433937106187, 0.0267772516746751, 0.012293912694604066, 0.01594772329740096, 0.00951008951400404, 0.024554363703616647, 0.011555669553237561, 0.04034352881044277, 0.02104023282032298], "(-2, 4, 0, 0)": [-0.01041476574673093, -0.012102512983722946, -0.011462312617064409, -0.011502017165197177, -0.009122137483805694, -0.011457524399179266, -0.011772152718781584, -0.011487346567549944, -0.011833257148277546, -0.011747678276379903, -0.011531564305769921], "(1, -1, 0, 0)": [0.4783234096787925, 0.40268634420625116, 0.3613280795153371, 0.39440878117815015, 0.4070292201695593, 0.4097883123335173, 0.4093604799334125, 0.42811021688765105, 0.4143685384891547, 0.41509861476168114, 0.38947433696260103], "(1, -2, 0, 0)": [0.23722388749340528, 0.27698684038339466, 0.30253839659028736, 0.2711528381535544, 0.22922981424527705, 0.28963083043815957, 0.19433265027382784, 0.22564793422386714, 0.23027180963847213, 0.3114088705792239, 0.40396027812073276], "(1, -3, 0, 0)": [0.05131058275059025, 0.08976833767809242, 0.07971542234699965, 0.10573901413057658, 0.10440747821828694, 0.06301980723117326, 0.10917429176371851, 0.07301496970774302, 0.05319189249142472, 0.10627990705137866, 0.12918873997734326], "(1, 4, 0, 0)": [0.024357687980117025, -0.00435933955013752, -0.004368335008621216, 0.0, -0.004376889020204544, 0.0, 0.0, 0.0, 0.0, -0.0023858960697555045, -0.00173898830110956], "(1, -4, 0, 0)": [-0.013285703534983564, -0.006855373308986964, -0.0032652126539746036, -0.00028504751659525363, -0.004531834423499282, 0.018716936578895817, -0.0030430069356076174, -0.0069883996781136895, -0.0023221087802228722, -0.001694773733545588, -0.009291358515225969], "(1, 0, 0, 0)": [0.5366078708466274, 0.14588875377770663, 0.11059959451414081, 0.11126608784940331, 0.2906961476504054, 0.18143187903638303, 0.23870935880146527, 0.27560390162776677, 0.19365899657180996, 0.24361326666962344, 0.09837500827438642], "(1, 2, 0, 0)": [0.16256651810481224, 0.4906178583085095, 0.33686065058387693, 0.2613903847141556, 0.21956212148421603, 0.3474135464453341, 0.3274141638524833, 0.3176206385167696, 0.17600561788059868, 0.3113500955072883, 0.28991323582370476], "(1, 3, 0, 0)": [0.0, 0.010511189264158087, 0.08242815393841027, 0.0, 0.021478939592940956, 0.005409516041783304, 0.004043622281310813, 0.015169152550284766, 0.0, 0.0, 0.0], "(-2, 1, 0, 0)": [0.4299088211065737, 0.46501881963076425, 0.421123308769145, 0.40009985232316897, 0.43201754230557626, 0.41154516983029577, 0.4103313882377177, 0.42555954103601834, 0.4262248117130022, 0.4185136842930827, 0.41423196202066226], "(-2, 0, 0, 0)": [0.3842920942075415, 0.35646012661852833, 0.3943711857248947, 0.33185342492896586, 0.3968661142070232, 0.4214073519052052, 0.3734494611271625, 0.3424826651796983, 0.30007621194182704, 0.3080561609858311, 0.4830592743192475], "(-2, -1, 0, 0)": [0.1428052311765644, 0.0806804913903158, 0.17952802386328928, 0.011070002239378075, 0.062289435236948715, 0.07723513420578176, 0.08892487607079406, 0.001991705968976021, 0.3819171493533868, 0.001994048058986664, 0.008161949482311751],