{"q_values": {"(0, 0, 0, 0)": [0.7900362178036289, 0.7518880813179545, 0.7855484892313048, 0.7894544771806735, 0.7752693378730502, 0.7784795967839383, 0.7890008368154241, 0.7849718812979037, 0.7813329793817118, 0.763156845941959, 0.7804956923866739], "(0, 1, 0, 0)": [0.7613742427261656, 0.8030283304678209, 0.7642564444107787, 0.7727796714682534, 0.7771483051165816, 0.7676808759058844, 0.7754948175671147, 0.7649760416357196, 0.7807609073114697, 0.7716041726571975, 0.7679735138704081], "(0, 2, 0, 0)": [0.720095692517726, 0.5968210965667475, 0.6259304977075845, 0.6344594810568921, 0.5997815019581838, 0.6138278357846015, 0.6181797471993792, 0.6165943367191863, 0.5671856442482117, 0.5990644194236098, 0.6129609722931333], "(0, 3, 0, 0)": [0.3972051185631165, 0.14996610366179847, 0.12710190017373776, 0.1683594107444421, 0.1963761914774922, 0.18048076850476177, 0.1549621617890345, 0.14713561374834444, 0.15044709291817923, 0.16657813701247826, 0.17277382082038945], "(0, 4, 0, 0)": [0.025774821256465533, 0.01384973791743324, 0.016564505443272357, 0.014974157855195992, 0.029988407892767896, 0.013480399063889249, 0.008613931449871388, 0.013995691545631331, 0.017470084146204178, 0.025719970782143373, 0.00958740967091778], "(0, -2, 0, 0)": [0.3782060866445349, 0.39905275133257956, 0.39167311737949173, 0.5222012808522853, 0.38434088528401267, 0.46093536778807137, 0.44485206544071176, 0.4454588653191432, 0.3973631829819759, 0.5712602354976009, 0.42175925922718], "(0, -3, 0, 0)": [0.09171374249700309, 0.1039645297597518, 0.10057126544877236, 0.0961910098913967, 0.09969867709546588, 0.10032945301496399, 0.09699210877627268, 0.09228783736115555, 0.08868063241063653, 0.08837515018781456, 0.09701474664223644], "(0, -4, 0, 0)": [0.00225089848847384, 0.001779314815478091, 0.0041682525450649635, 0.003394974191304817, 0.0023125613011617955, 0.003703922240508058, 0.0030635647700084255, 0.003450385384268239, 0.0021659723251920707, 0.0033560193686473705, -0.001176854389572094], "(0, -1, 0, 0)": [0.6730439354481136, 0.7294587252976501, 0.6809553367037615, 0.7167921709341448, 0.7177933216030855, 0.7204190043203333, 0.7050420977693832, 0.7313299089414835, 0.7298956013412983, 0.7043154132482947, 0.6867995124301504], "(-1, 3, 0, 0)": [0.1483767627269223, 0.11160828502869555, 0.08238647858948397, 0.09730989868142396, 0.09031403039280397, 0.06070686897339088, 0.07640214379498442, 0.1124617404845989, 0.07735165725470815, 0.06388016477814458, 0.07482546280255267], "(-1, 4, 0, 0)": [0.03139259660079621, -0.001963421406049652, -0.002405578601356751, -0.001985418459679261, -0.0017004600437898181, -0.006504058502663803, -0.0082491106624456, -0.0020388922182156214, -0.0019631392625559145, 0.0034117762570381703, -0.0009012977964544455], "(-1, -2, 0, 0)": [0.007223380295146497, 0.02823237942571786, 0.24321228724543875, 0.01947238873961274, 0.013859264669905079, 0.03998110067065536, 0.07608014430516183, 0.03486624410864271, 0.022937341302728162, 0.0885247009878057, 0.04097293994059201], "(-1, -3, 0, 0)": [0.04558973531079371, 0.05607478855606529, 0.13627804453570874, 0.14152061782140368, 0.16990904751675245, 0.13858296663593342, 0.1177075091709418, 0.13549888801810211, 0.09656959043852426, 0.16282184783499049, 0.12115395329568884], "(-1, -4, 0, 0)": [0.025797587788659225, 0.07346811522814778, 0.007577475087171626, 0.008204452143796342, 0.038681543185099185, 0.015484153422363969, 0.044527906165402156, -0.004362856969237328, 0.0070977795511614, 0.1145508715874413, 0.010586837353871635], "(-1, -1, 0, 0)": [0.33678247214599744, 0.013207288610473902, 0.015698623556891254, 0.06388034636421946, 0.06827741856652515, 0.008807146606259315, 0.006818691486270592, 0.031140237555630997, 0.020984947467173835, 0.023520848951486744, 0.029760297146699123], "(-1, 0, 0, 0)": [0.6351711762021964, 0.6365421810852084, 0.6193623892583474, 0.6614190931614041, 0.7095420000383991, 0.6589178066370899, 0.6674111982585672, 0.6665439663994402, 0.6643544368447345, 0.6584982689502087, 0.6597179291739961], "(-1, 1, 0, 0)": [0.6852328967529532, 0.6113106557034698, 0.6156114316816339, 0.6160972741847927, 0.6055369209351054, 0.5955082740388649, 0.6089687475402821, 0.6143896941263236, 0.6161840104559397, 0.6426918849738537, 0.6055915523478536], "(-1, 2, 0, 0)": [0.3418683537400428, 0.32490970497350347, 0.3432404244624786, 0.34083835469706486, 0.3267423441691711, 0.3462689403855941, 0.2990121257532904, 0.29693082078067434, 0.3222467503799572, 0.33453034737562276, 0.31613439314690683], "(-2, 2, 0, 0)": [0.197961304006384, 0.1283425653357741, 0.1267070291716428, 0.10459091650321109, 0.09819713907984011, 0.12798672691652513, 0.10305087653863647, 0.11078807764524412, 0.11693037122713446, 0.10148535033625095, 0.12089685911669977], "(-2, 3, 0, 0)": [0.023088924925119606, 0.023095026062606664, 0.036018587324396806, 0.04899589693186956, 0.01959381800859143, 0.01594772329740096, 0.00951008951400404, 0.022801640039319948, 0.011555669553237561, 0.022536994644061423, 0.02601273945106815], "(-2, 4, 0, 0)": [0.002459348603209158, -0.012102512983722946, -0.012333024323615879, -0.01221370465819303, -0.014075108653946093, -0.012151957899783142, -0.011772152718781584, -0.012068055036220847, -0.009753861167024067, -0.008835645526247653, -0.012330241720219504], "(1, -1, 0, 0)": [0.4321303125167415, 0.4314541453158166, 0.4623921571482392, 0.4342577032910576, 0.4247480940478593, 0.43378114994974865, 0.4093604799334125, 0.42952348540489843, 0.39539491845075525, 0.4199714296998907, 0.4058250772938539], "(1, -2, 0, 0)": [0.24685673463849367, 0.2627949266846314, 0.25424960666288593, 0.2463182518382878, 0.26086680078199687, 0.2604305702065858, 0.25349881836873395, 0.23628191092763878, 0.2578909251117649, 0.29280456842780334, 0.24666056462945776], "(1, -3, 0, 0)": [0.09457786577503899, 0.08699704348423644, 0.09553320959199026, 0.08939894039064133, 0.09468065086922885, 0.09163769338491755, 0.0857429681236647, 0.08825713736819195, 0.08885405379561645, 0.08703083686769422, 0.09221965940118915], "(1, 4, 0, 0)": [0.08312441360327796, -0.00435933955013752, -0.004368335008621216, 0.0, -0.004376889020204544, 0.0, 0.0, 0.0, 0.0, -0.0023858960697555045, -0.00173898830110956], "(1, -4, 0, 0)": [-0.013285703534983564, -0.006855373308986964, -0.0032652126539746036, -0.0017468329943109615, -0.004531834423499282, -0.001649231792992755, 0.0002584532065120562, -0.0009451595061771182, -0.0023221087802228722, -0.001694773733545588, -0.0035270174255945946], "(1, 0, 0, 0)": [0.589267212165726, 0.14588875377770663, 0.11059959451414081, 0.11126608784940331, 0.3616231576791814, 0.2676475094720442, 0.31857896387003937, 0.4010735081011325, 0.2144843782376387, 0.24361326666962344, 0.21992505126520517], "(1, 2, 0, 0)": [0.24859804011381864, 0.6884130587395352, 0.4673549972692079, 0.4149095652435961, 0.361912197386893, 0.3474135464453341, 0.4093083672189352, 0.49285200638791976, 0.33262815814390534, 0.5004046817486596, 0.480480152407489], "(1, 3, 0, 0)": [0.0, 0.010511189264158087, 0.21970217853114896, 0.0, 0.021478939592940956, 0.005409516041783304, 0.004043622281310813, 0.015169152550284766, 0.0, 0.0, 0.0], "(-2, 1, 0, 0)": [0.509735016650704, 0.4776216796013881, 0.40724134265211287, 0.4598575495367119, 0.4331583472575737, 0.4730124180678191, 0.4678334227181187, 0.46424681718445115, 0.4260010414944705, 0.46828243248620427, 0.42979336913171545], "(-2, 0, 0, 0)": [0.5129518398595097, 0.4985666757517956, 0.524134814720791, 0.5193961128656541, 0.52280881347521, 0.5148431320105451, 0.5458984717972305, 0.5065666306314903, 0.5061944624926465, 0.4900448587066545, 0.4978993449392999], "(-2, -1, 0, 0)": [0.1428052311765644, 0.0806804913903158, 0.17952802386328928, 0.011070002239378075, 0.062289435236948715, 0.07723513420578176, 0.08892487607079406, 0.09262053613392406, 0.3878418784140939, 0.001994048058986664, 0.008161949482311751],