{"q_values": {"(0, 0, 0, 0)": [0.48767491606949676, 0.4890048036437862, 0.4887410102393924, 0.4812514993663325, 0.4882808730283746, 0.4823790590007169, 0.48830670882793625, 0.4472923809894576, 0.4923576906889816, 0.4876476891260606, 0.47457031732900296], "(0, 1, 0, 0)": [0.4532826262612579, 0.42698170439328376, 0.45951836950324787, 0.43935346368412576, 0.45951793808878943, 0.4621629955284448, 0.44479451377790225, 0.46079867514751066, 0.4130642115536126, 0.46211814515223343, 0.4222910357354452], "(0, 2, 0, 0)": [0.20081590209246236, 0.19660626151405908, 0.17800246089203334, 0.19339220168742088, 0.20216859054373051, 0.18546197304863174, 0.20188644492775237, 0.18844588070380025, 0.19473790510094463, 0.190047313408279, 0.1994000982282975], "(0, 3, 0, 0)": [0.08368751377281738, 0.10196073666952868, 0.09030934819825329, 0.09558023818566969, 0.09352395895451016, 0.09659410487201671, 0.0833411859225707, 0.0672516675677535, 0.09926343070938941, 0.09874223512256206, 0.0814173807413531], "(0, 4, 0, 0)": [0.012856020223595199, 0.012036697063466018, 0.016700133184140934, 0.004266619665203937, 0.011834733327522485, 0.005199111054703298, 0.013961533743888224, 0.0105456186796799, 0.0019583828361920763, 0.014373918048273296, 0.017392153787875606], "(0, -2, 0, 0)": [0.2583806062742759, 0.28192514752796666, 0.30144596420591824, 0.2924681440122494, 0.2992815864890837, 0.2806047445414035, 0.2867743491390704, 0.2966431259360495, 0.28974838102719647, 0.29408726745027647, 0.30437401773286005], "(0, -3, 0, 0)": [0.08449146907121638, 0.08599084067660587, 0.0882865882519737, 0.08248019656378189, 0.08778178633208837, 0.08670562201296991, 0.08951922313942207, 0.09398421797557543, 0.09107505852847925, 0.09271159802096414, 0.07745691122222229], "(0, -4, 0, 0)": [0.008612540007529349, 0.006458489338853757, 0.007039456537045217, 0.010616192823732024, 0.00837691603303795, 0.010096453176385342, 0.009732974751728171, 0.011351222538094423, 0.010832403738220605, 0.008786314639041564, 0.005157733652206181], "(0, -1, 0, 0)": [0.4119279104866995, 0.40291674451107923, 0.4066365317188264, 0.403495862694984, 0.4118839769750391, 0.37814109710354443, 0.414808572094385, 0.4182493359545457, 0.38809417236265015, 0.39184085851299955, 0.4172095220646772], "(-1, 3, 0, 0)": [0.007811935337627204, 0.003824563277477384, 0.008812595426519508, 0.007226161864215142, 0.014476300380789384, 0.029668594739717717, 0.009816791653863437, 0.01503661582226544, 0.004584691733642557, 0.007545360037245822, 0.01499440426609444], "(-1, 4, 0, 0)": [0.0036125205083412867, 0.0013285089536480754, -0.0031434534054403836, 0.0003206370553543738, -0.0019056138273791491, -0.007874676659703254, 0.0027115478810310536, 0.009819850927010801, -0.004362850480618477, -0.004356875643134118, 0.0011848796257082298], "(-1, -2, 0, 0)": [0.007223380295146497, 0.005353907904564718, 0.043550789900535514, 0.01947238873961274, 0.013859264669905079, 0.021853911948228957, 0.0029747903029143756, 0.03486624410864271, 0.022937341302728162, 0.019423053192149896, 0.011533671644709273], "(-1, -3, 0, 0)": [0.021789524746633523, 0.03463969743878287, 0.026419390025317055, 0.02851275160930506, 0.02587129327028811, 0.02948047177624495, 0.023529327550492318, 0.03415007458643593, 0.030351430188105835, 0.045383535892769375, 0.02948881398096425], "(-1, -4, 0, 0)": [-0.0010116964486722472, 0.00019232774877786345, 0.007577475087171626, 0.004731927535391896, 0.006464095214831071, -0.0018573569571208683, 0.013526862127323432, -0.004362856969237328, 0.007193051845896566, 0.011157750262732644, -0.002228876597329157], "(-1, -1, 0, 0)": [0.037158813667794194, 0.013207288610473902, 0.015698623556891254, 0.006825047204048799, 0.0, 0.008807146606259315, 0.006818691486270592, 0.011132200135271286, 0.00802817351253159, 0.0, 0.0], "(-1, 0, 0, 0)": [0.07405449915526836, 0.11076609518607729, 0.0945804826242144, 0.10000619341946865, 0.06818233495437992, 0.0929234135232581, 0.071281736801107, 0.10780088164985382, 0.12470631030297226, 0.07113970868530013, 0.08648102358708679], "(-1, 1, 0, 0)": [0.10336923993467773, 0.08863464122881663, 0.09831026963586736, 0.07866535912266825, 0.10189515810645791, 0.09164393012131246, 0.0957140393349228, 0.08815930333787794, 0.10429194551025821, 0.1126516138097332, 0.10607265057131923], "(-1, 2, 0, 0)": [0.13116328291691196, 0.051003592817515105, 0.062249685557127135, 0.04331624450006052, 0.050390501499616214, 0.04348337547789669, 0.05142909588880723, 0.03138457776996376, 0.03490627393987789, 0.05384715501148764, 0.0661048098078181], "(-2, 2, 0, 0)": [0.029807754316405168, 0.002946046770299077, 0.0125166463581796, 0.005486940803177834, 0.0, 0.0045754393834689785, 0.005290765415136113, 0.002945382324258299, 0.011053246771797507, 0.009566243166572161, 0.016448002817174245], "(-2, 3, 0, 0)": [0.00219528465994373, 0.002173369896039367, 0.014104544341169025, 0.0, 0.0018305161967873574, 0.0, 0.001854037679731846, 0.0, 0.0, 0.0183869011962105, 0.005850640289490091], "(-2, 4, 0, 0)": [-0.0043862685561180115, 0.0, 0.0, -0.00040780565165233606, 0.003353937321901322, -0.002774749443233013, 0.0, 0.0, -0.0016602854433655743, 0.0, -0.0043601408600807195], "(1, -1, 0, 0)": [0.11696705280380898, 0.11293514537728387, 0.1184440971254321, 0.10523257559832054, 0.10982380335607914, 0.12116535332010796, 0.12606692362970318, 0.09817080780813228, 0.11168830885058664, 0.11185844524242815, 0.12153519306154648], "(1, -2, 0, 0)": [0.07666758149455848, 0.10145214072287383, 0.0721694619295423, 0.058974813475273856, 0.07966812477272246, 0.06471111444810346, 0.07678540690157065, 0.07003344588157429, 0.08779516893504663, 0.09163554196292308, 0.08253821386618697], "(1, -3, 0, 0)": [0.043620777222525366, 0.03865038237418208, 0.031116382617831877, 0.02011641583437501, 0.02871783977047717, 0.043759624133069934, 0.042296093598081154, 0.031419005934897284, 0.033279610525254744, 0.03370842678448434, 0.025872259252214532], "(1, 4, 0, 0)": [0.0, 0.0, -0.004368335008621216, 0.0, -0.004376889020204544, 0.0, 0.0, 0.0, 0.0, 0.000992871358446854, 0.0016734796562529741], "(1, -4, 0, 0)": [-0.003342912333748886, -0.0017208345122567735, -0.001911815268026186, -0.003027844613014318, -0.00570746870331131, -0.001671781460221494, -0.006378530600118094, -0.003094591927012923, -0.003056855499744416, -0.0009212948192417305, -0.0031311198160978424], "(1, 0, 0, 0)": [0.06019271160548201, 0.06607144199941575, 0.04430130915253531, 0.03762061223077746, 0.13421126423205032, 0.03855105355165177, 0.035772159546340346, 0.0841764496971995, 0.024919950286099207, 0.03497831442214416, 0.034811975129490094], "(1, 2, 0, 0)": [0.024607669121495628, 0.04031170710220581, 0.021119665924770124, 0.0028127881569358173, 0.024939867257456973, 0.009560686147805643, 0.00901776550613336, 0.0, 0.001953220181167126, 0.002335309918597341, 0.01589514978421381], "(1, 3, 0, 0)": [0.0, 0.0, 0.010960080205196508, 0.0, 0.0, 0.0, 0.004043622281310813, 0.0027044679273962977, 0.0, 0.0, 0.0], "(-2, 1, 0, 0)": [0.04267725686884764, 0.024496860484751228, 0.02384632611721224, 0.02051724716739232, 0.013010970949830298, 0.012849387208109872, 0.009134420936359288, 0.0, 0.02274592052728763, 0.008245841070633657, 0.027469752905524655], "(-2, 0, 0, 0)": [0.05010374724463051, 0.02601895236086329, 0.016980193839978598, 0.020372623336189832, 0.03418138752696262, 0.011416075822493635, 0.030593156225898893, 0.02627285060224179, 0.019251705013003786, 0.01115463331309114, 0.029365208723847173], "(-2, -1, 0, 0)": [0.0, 0.0, 0.0054578822017955966, 0.011070002239378075, 0.01507062273152028, 0.003071146426094288, 0.0, 0.001991705968976021, 0.04256646971249122, 0.001994048058986664, 0.008161949482311751], "(-3, 0, 0, 0)": [0.005603590471314863, 0.0, 0.0, 0.0, 0.0019976988434791568, 0.0, 0.0, 0.0065367277913571924, 0.0, 0.017900815308254953, 0.004034221911458445], "(-3, 1, 0, 0)": [0.0019851649180054665, 0.004204357006545694, 0.01372211358599878, 0.0, 0.0, 0.0, 0.001954600214958191, 0.003789578135947941, 0.0, 0.0042115646982151585, 0.001972067728638649],