{"q_values": {"(0, 0, 0, 0)": [0.7925001373348809, 0.7957670546836115, 0.7919152743145222, 0.7966424238512864, 0.7793528643576522, 0.7825407943278095, 0.8027046163370045, 0.7986107071846285, 0.8011461163056504, 0.7876668158421343, 0.7865612118196438], "(0, 1, 0, 0)": [0.8164545033471312, 0.7806098239008828, 0.790717920619466, 0.794475673754091, 0.7828299039206292, 0.8050204593205834, 0.7799348774215876, 0.8016066103353088, 0.788472701159935, 0.7707022654454563, 0.7939006680305982], "(0, 2, 0, 0)": [0.7874505991762263, 0.6249795252655296, 0.6247876160552625, 0.5374523538583549, 0.5186293484337248, 0.621851489540201, 0.6066813399384993, 0.6165943367191863, 0.5495008876586646, 0.568983035504192, 0.6129609722931333], "(0, 3, 0, 0)": [0.21349847075954348, 0.14996610366179847, 0.12710190017373776, 0.1683594107444421, 0.13350249541784387, 0.18048076850476177, 0.1549621617890345, 0.14713561374834444, 0.15044709291817923, 0.16657813701247826, 0.17277382082038945], "(0, 4, 0, 0)": [0.025774821256465533, 0.01384973791743324, 0.016564505443272357, 0.014974157855195992, 0.03136641358140374, 0.013480399063889249, 0.008613931449871388, 0.013995691545631331, 0.017470084146204178, 0.025719970782143373, 0.00958740967091778], "(0, -2, 0, 0)": [0.3782060866445349, 0.39905275133257956, 0.39167311737949173, 0.45464520814214104, 0.38434088528401267, 0.46093536778807137, 0.3860002301850769, 0.39207204416411284, 0.3973631829819759, 0.6538253916383768, 0.42175925922718], "(0, -3, 0, 0)": [0.11124166418853924, 0.1039645297597518, 0.10057126544877236, 0.10575611878731622, 0.09969867709546588, 0.10032945301496399, 0.11158789043802016, 0.10889726029458902, 0.10445600144413895, 0.11767522931419651, 0.1125101395033618], "(0, -4, 0, 0)": [0.004886484103410586, 0.0064161183964633675, 0.0041682525450649635, 0.004664743895561616, 0.004978825062468267, 0.003703922240508058, 0.004231132237955675, 0.003450385384268239, 0.0021659723251920707, 0.004656665315078016, -0.001176854389572094], "(0, -1, 0, 0)": [0.7059593696466981, 0.7096088852133894, 0.7150928009697944, 0.7081418263605246, 0.710800189232931, 0.7095592634067508, 0.6997972733852352, 0.7149917513278394, 0.6884616286227242, 0.6846155991763907, 0.6778205254058338], "(-1, 3, 0, 0)": [0.27074279873917806, 0.11160828502869555, 0.06162697311586951, 0.07925003577098533, 0.09031403039280397, 0.06070686897339088, 0.07640214379498442, 0.08785903493529558, 0.07735165725470815, 0.06388016477814458, 0.07482546280255267], "(-1, 4, 0, 0)": [0.023189391597630338, -0.001963421406049652, -0.002405578601356751, -0.001985418459679261, -0.0017004600437898181, -0.006504058502663803, -0.0082491106624456, -0.0020388922182156214, -0.0019631392625559145, 0.0034117762570381703, -0.0009012977964544455], "(-1, -2, 0, 0)": [0.007223380295146497, 0.02823237942571786, 0.27487265950007006, 0.01947238873961274, 0.013859264669905079, 0.03998110067065536, 0.07608014430516183, 0.03486624410864271, 0.022937341302728162, 0.0885247009878057, 0.04097293994059201], "(-1, -3, 0, 0)": [0.04558973531079371, 0.05607478855606529, 0.13627804453570874, 0.14152061782140368, 0.16976114913881526, 0.13858296663593342, 0.1177075091709418, 0.13549888801810211, 0.09656959043852426, 0.23439843911399413, 0.12115395329568884], "(-1, -4, 0, 0)": [0.025797587788659225, 0.07346811522814778, 0.007577475087171626, 0.008204452143796342, 0.038681543185099185, 0.015484153422363969, 0.044527906165402156, -0.004362856969237328, 0.0070977795511614, 0.08308782416782604, 0.010586837353871635], "(-1, -1, 0, 0)": [0.32354088789784935, 0.013207288610473902, 0.015698623556891254, 0.06388034636421946, 0.06827741856652515, 0.008807146606259315, 0.006818691486270592, 0.031140237555630997, 0.020984947467173835, 0.023520848951486744, 0.029760297146699123], "(-1, 0, 0, 0)": [0.6548247524863823, 0.6262802863852293, 0.6487555513488371, 0.6629002308691048, 0.6078849061645086, 0.6659479709904443, 0.6618176797900791, 0.6262382525313699, 0.6639628012079919, 0.6727362917038717, 0.6674630215975104], "(-1, 1, 0, 0)": [0.6438509704205301, 0.677259107476714, 0.6417806252350258, 0.6168129438245997, 0.6357393351650155, 0.6505618890819782, 0.6403023305066141, 0.6414496469309736, 0.6227206256614651, 0.668454555479951, 0.6594484338533735], "(-1, 2, 0, 0)": [0.37408127283010373, 0.30509399322927827, 0.3095245846267256, 0.2799657945459829, 0.29811543016532804, 0.2909611707125522, 0.2675257276497126, 0.27506722200144273, 0.2753027917532267, 0.3040470591886638, 0.2798042915253134], "(-2, 2, 0, 0)": [0.12438372805701425, 0.11144989061461925, 0.09191417096855657, 0.0840816068674709, 0.11211572789431437, 0.10884484380041749, 0.11173820926507967, 0.11078807764524412, 0.11056614934037357, 0.10148535033625095, 0.1019773402995463], "(-2, 3, 0, 0)": [0.023088924925119606, 0.023095026062606664, 0.026031433937106187, 0.03880296537970761, 0.01959381800859143, 0.01594772329740096, 0.00951008951400404, 0.022801640039319948, 0.011555669553237561, 0.022536994644061423, 0.02601273945106815], "(-2, 4, 0, 0)": [-0.004257371689059911, -0.012102512983722946, -0.012333024323615879, -0.01221370465819303, -0.012123691429251645, -0.012151957899783142, -0.011772152718781584, -0.012068055036220847, -0.011833257148277546, -0.013771243393603961, -0.012330241720219504], "(1, -1, 0, 0)": [0.4748346891084582, 0.44360385767616767, 0.4423014085570573, 0.4421696797961849, 0.4157931355998717, 0.42459474119212054, 0.4093604799334125, 0.4662641859162506, 0.39539491845075525, 0.4622577317527655, 0.45205947537618807], "(1, -2, 0, 0)": [0.3202827167604274, 0.2851830047435075, 0.272062040805475, 0.28975925937372193, 0.2856703744791522, 0.3208003452885326, 0.25349881836873395, 0.26322602944927753, 0.2941640812298221, 0.3206839993177411, 0.2706162688010697], "(1, -3, 0, 0)": [0.09457786577503899, 0.12608662521235303, 0.13140164150080705, 0.09918469448193931, 0.12211616483713218, 0.12537179170098414, 0.0857429681236647, 0.1233950370685702, 0.08885405379561645, 0.08144978506847006, 0.13314079308630236], "(1, 4, 0, 0)": [0.09120826750387573, -0.00435933955013752, -0.004368335008621216, 0.0, -0.004376889020204544, 0.0, 0.0, 0.0, 0.0, -0.0023858960697555045, -0.00173898830110956], "(1, -4, 0, 0)": [-0.013285703534983564, -0.006855373308986964, -0.0032652126539746036, -0.00028504751659525363, -0.004531834423499282, 0.0035234953672882152, -0.0008736240482427665, 0.01858037259672555, -0.0023221087802228722, -0.001694773733545588, -0.0006171443146852761], "(1, 0, 0, 0)": [0.673763014572269, 0.14588875377770663, 0.11059959451414081, 0.11126608784940331, 0.3616231576791814, 0.2676475094720442, 0.31857896387003937, 0.4010735081011325, 0.2144843782376387, 0.24361326666962344, 0.21992505126520517], "(1, 2, 0, 0)": [0.24859804011381864, 0.725758206204435, 0.4673549972692079, 0.3461226752111042, 0.28403300220468186, 0.3474135464453341, 0.4093083672189352, 0.3780371643727832, 0.3518348057502174, 0.39482349803846395, 0.480480152407489], "(1, 3, 0, 0)": [0.0, 0.010511189264158087, 0.22600979448431324, 0.0, 0.021478939592940956, 0.005409516041783304, 0.004043622281310813, 0.015169152550284766, 0.0, 0.0, 0.0], "(-2, 1, 0, 0)": [0.5346245296891149, 0.479890300152198, 0.4635640988756147, 0.45633284478201713, 0.44621871986008704, 0.4562002299453731, 0.47972807354645614, 0.4316456760280168, 0.4315626538914421, 0.46261637353754015, 0.4297597277596147], "(-2, 0, 0, 0)": [0.5104566105417053, 0.4985666757517956, 0.5135468170179686, 0.4763894716243281, 0.5074888639740859, 0.49269910271345235, 0.5096556303239361, 0.5227379176860476, 0.5096893046082978, 0.5435656359488497, 0.4978993449392999], "(-2, -1, 0, 0)": [0.1428052311765644, 0.0806804913903158, 0.17952802386328928, 0.011070002239378075, 0.062289435236948715, 0.07723513420578176, 0.08892487607079406, 0.09262053613392406, 0.48236094339743185, 0.001994048058986664, 0.008161949482311751],