{"q_values": {"(0, 0, 0, 0)": [0.5503789341004551, 0.5494842007642133, 0.538095244768189, 0.5093090248408293, 0.5404716616402568, 0.5402362766988902, 0.5284913071529577, 0.5434517239691241, 0.5406632683929582, 0.5079782482178228, 0.5620208842718993], "(0, 1, 0, 0)": [0.4905172181003711, 0.5046060563997765, 0.49185927946945035, 0.4995313920655947, 0.48757366364808075, 0.5158671137678573, 0.503008093233062, 0.5150751189161392, 0.47559623310364574, 0.5146369857730279, 0.5100033668785533], "(0, 2, 0, 0)": [0.4361981781817832, 0.3945961548920547, 0.3873075754624321, 0.3608289695794529, 0.3660665142349376, 0.36288178789972936, 0.3595532461647394, 0.36870141966817077, 0.37790700928841314, 0.36154915010460265, 0.3732804242976634], "(0, 3, 0, 0)": [0.08875362566560953, 0.09941432330853373, 0.10020803760300076, 0.09136431826708656, 0.08217324970228705, 0.08555340034872808, 0.08959464748083507, 0.09453860710838137, 0.0694325283330712, 0.09342311884170913, 0.09904183957293185], "(0, 4, 0, 0)": [0.029049930571970955, 0.01384973791743324, 0.01726292235818085, 0.023604343271441605, 0.0024115265993903756, 0.013480399063889249, 0.00938113684318695, 0.019605383492708437, 0.011968431581230461, 0.0013090782992362156, 0.023541873972405886], "(0, -2, 0, 0)": [0.3681769258160633, 0.3367788487517166, 0.3842651985527413, 0.34401020573281843, 0.36811154462819895, 0.3568311765252553, 0.36994216322443996, 0.33381985367389483, 0.44109213653894996, 0.33459308459304454, 0.38293336903039], "(0, -3, 0, 0)": [0.08517526170506162, 0.08447172924671868, 0.09124364742186655, 0.06907678106243632, 0.09101738664845187, 0.08278026628829806, 0.06592149918455788, 0.08102573090730333, 0.08940865208682422, 0.08911200190482738, 0.09084688863915076], "(0, -4, 0, 0)": [0.010542496597320133, 0.007835984986283103, 0.009240711261124704, 0.009462067916123902, 0.004227462430643038, 0.008414423456603426, 0.008408491296327985, 0.009137429191729676, 0.021620753657326748, 0.012020356417608527, 0.00399167069834477], "(0, -1, 0, 0)": [0.4962416959962626, 0.511068662171239, 0.4888543116018029, 0.5083031642839992, 0.51423986603313, 0.5076858559654267, 0.4439795836540315, 0.5065376526976638, 0.4988972627633974, 0.5437128898801792, 0.49732800173138214], "(-1, 3, 0, 0)": [0.03722391057598286, 0.04281892655904854, 0.043394436344212195, 0.04557177662202285, 0.054172435558040466, 0.04013563970454004, 0.039421449818966975, 0.04176342813945404, 0.04078940785364159, 0.041808815105713173, 0.04612558355418662], "(-1, 4, 0, 0)": [-0.0031140050519283657, -0.003341750537557595, -0.001293667621566818, -0.0050980921429346175, -0.003386180957540122, -0.010685242846608161, -0.0082491106624456, -0.004246276992280793, -0.005493343383569492, -0.007598094479280769, -0.007548740555194713], "(-1, -2, 0, 0)": [0.007223380295146497, 0.02823237942571786, 0.09862686435939573, 0.01947238873961274, 0.013859264669905079, 0.03998110067065536, 0.016875609564840792, 0.03486624410864271, 0.022937341302728162, 0.026170750187681235, 0.023582279547836853], "(-1, -3, 0, 0)": [0.04558973531079371, 0.05607478855606529, 0.06003830399918619, 0.0665846072639069, 0.08345139656812268, 0.07611103235951534, 0.08428366327464998, 0.06785528303146654, 0.03589629434331761, 0.10900797615808015, 0.05947435529920726], "(-1, -4, 0, 0)": [-0.0010116964486722472, 0.0019235684788627549, 0.007577475087171626, 0.008204452143796342, 0.009970201843125552, -0.0018573569571208683, 0.007651668553200033, -0.004362856969237328, 0.0070977795511614, 0.05905112138018957, -0.002228876597329157], "(-1, -1, 0, 0)": [0.08009126348953172, 0.013207288610473902, 0.015698623556891254, 0.029077955303792744, 0.02898235324003006, 0.008807146606259315, 0.006818691486270592, 0.031140237555630997, 0.020984947467173835, 0.023520848951486744, 0.014007014581091127], "(-1, 0, 0, 0)": [0.11732646136524033, 0.14273081235486237, 0.11633240685869442, 0.1408377334308359, 0.10341465042143679, 0.13172173954327812, 0.14461246487290727, 0.12070286941140909, 0.2686188288624592, 0.14670860096552435, 0.14515444952303222], "(-1, 1, 0, 0)": [0.21887618751026222, 0.28515458472704003, 0.209330160059886, 0.21238800239070293, 0.23916437568573254, 0.19429336707566502, 0.23711679201964642, 0.20717836943737594, 0.22143655207758675, 0.2573088981144803, 0.22215616333913032], "(-1, 2, 0, 0)": [0.1401378429032943, 0.16791991600277495, 0.14193271073436456, 0.14075512877023427, 0.13256035452172543, 0.13458323265298933, 0.1376925686575367, 0.13793697548918502, 0.14791294854361223, 0.14853736969035142, 0.13793868891639602], "(-2, 2, 0, 0)": [0.049385445762748455, 0.002946046770299077, 0.035183533839403994, 0.005486940803177834, 0.005167654242480009, 0.02084010267407335, 0.014721014213652298, 0.002945382324258299, 0.02868835673541259, 0.02490664453428186, 0.0206207190190012], "(-2, 3, 0, 0)": [0.00219528465994373, 0.002173369896039367, 0.014104544341169025, 0.00690072232127455, 0.0035845131818475094, 0.009112551497305992, 0.001854037679731846, 0.007894952355271382, 0.0, 0.026863382114536538, 0.015685764625771075], "(-2, 4, 0, 0)": [-0.0043862685561180115, -0.0013549674410634266, -0.004054499052682654, -0.0014035267561037035, -0.0016868700999021534, -0.0034171921958108904, -0.004378936067223549, -0.00439077839255333, -0.00141715825728798, -0.0016949832835793494, -0.0043601408600807195], "(1, -1, 0, 0)": [0.2588582643083949, 0.22194892767185562, 0.22582756731700696, 0.15026494867555856, 0.2074204376407855, 0.2197749895093385, 0.17948630268155516, 0.223594221704571, 0.18170846441163052, 0.16428792245946533, 0.24099758455345918], "(1, -2, 0, 0)": [0.14878700074927298, 0.13427724759525916, 0.17190056421594552, 0.16838412273958128, 0.27621486755506935, 0.1697433960808963, 0.16888531663251843, 0.1794150846383546, 0.16777159966187996, 0.15266580901302404, 0.17798585627635835], "(1, -3, 0, 0)": [0.062393189552772024, 0.0662025616702102, 0.06212765964793344, 0.06393674922435637, 0.06527804957567587, 0.05504253687613458, 0.06619276242779704, 0.06973450786216542, 0.06650276272378709, 0.06703752709667662, 0.06311200697159576], "(1, 4, 0, 0)": [0.0, -0.00435933955013752, -0.004368335008621216, 0.0, -0.004376889020204544, 0.0, 0.0, 0.0, 0.0, -0.0023858960697555045, -0.00173898830110956], "(1, -4, 0, 0)": [-0.011138351572184475, -0.003053521164902101, 0.0006166488817035886, -0.0012674465914077728, 0.0012715511448510245, -0.00042451723084687906, 0.00012747291156522522, -0.0004384995671086085, -0.0011409762517120376, -0.005708239832803206, -0.0006348009346467056], "(1, 0, 0, 0)": [0.10294676821554663, 0.14588875377770663, 0.06575323340920879, 0.07581388223756816, 0.23068279600231206, 0.10641553554173006, 0.09742832235097967, 0.1206850676255412, 0.10683653774274304, 0.09610349081604999, 0.09837500827438642], "(1, 2, 0, 0)": [0.16256651810481224, 0.31535211202625874, 0.09722716804737515, 0.10824827596051802, 0.15819653487143515, 0.1883156596052086, 0.17885347163502802, 0.11025954562810103, 0.12351268530374526, 0.13551156924588514, 0.14431791173122077], "(1, 3, 0, 0)": [0.0, 0.010511189264158087, 0.05416926595569639, 0.0, 0.021478939592940956, 0.005409516041783304, 0.004043622281310813, 0.015169152550284766, 0.0, 0.0, 0.0], "(-2, 1, 0, 0)": [0.1116163964672529, 0.024496860484751228, 0.02384632611721224, 0.034872047637917625, 0.02953413724871591, 0.022925507010594037, 0.009134420936359288, 0.02190888613908684, 0.0586017453793518, 0.008245841070633657, 0.027469752905524655], "(-2, 0, 0, 0)": [0.10522545053081991, 0.0643986251963832, 0.027123022835972666, 0.06384637762162881, 0.07754541926331761, 0.039994885577933244, 0.049343633963226705, 0.06288986728965369, 0.03643130975951768, 0.04828211986629021, 0.08380587568241814], "(-2, -1, 0, 0)": [0.014083522814922486, 0.010420333937188195, 0.02589639087587506, 0.011070002239378075, 0.01507062273152028, 0.01454083980835581, 0.025343701119274295, 0.001991705968976021, 0.09012403592970913, 0.001994048058986664, 0.008161949482311751],