{"q_values": {"(0, 0, 0, 0)": [0.7478607944842611, 0.7111739405042483, 0.7397007020585118, 0.7317040994779936, 0.7270006352835666, 0.7088835071750057, 0.7442873988890066, 0.7137030856240704, 0.7387623916240226, 0.792443768429524, 0.7384900118588796], "(0, 1, 0, 0)": [0.7695099715468997, 0.7690291907879786, 0.759080533564487, 0.7887295491068624, 0.7609361911305497, 0.7453196125113016, 0.7568351735177556, 0.7654242294669227, 0.7523105954407064, 0.7628050801876428, 0.7482243668648484], "(0, 2, 0, 0)": [0.7296163310224356, 0.5522378648998054, 0.5285539787913051, 0.5895604431788457, 0.6058008672485392, 0.5493001003812479, 0.5967303981658867, 0.5102327153708818, 0.5910909833219984, 0.5243843618873657, 0.5966249373656629], "(0, 3, 0, 0)": [0.4226992167114755, 0.14996610366179847, 0.12710190017373776, 0.13432849692918725, 0.13350249541784387, 0.12674487637828888, 0.1103238921221199, 0.14713561374834444, 0.12135224417305167, 0.15906638612202614, 0.11504612829883722], "(0, 4, 0, 0)": [0.06324804079646358, 0.01384973791743324, 0.016564505443272357, 0.014974157855195992, 0.030105322943431927, 0.013480399063889249, 0.008613931449871388, 0.013995691545631331, 0.017470084146204178, 0.008107325469318367, 0.017429421594699956], "(0, -2, 0, 0)": [0.44890383983892723, 0.4420462253873661, 0.3741457838648977, 0.474325711776829, 0.3791510649888561, 0.4301400291963389, 0.4061579158843943, 0.49388868143121895, 0.6314360684993694, 0.4805113756982749, 0.4272842927335013], "(0, -3, 0, 0)": [0.11567767527049654, 0.1337883577025442, 0.1171415684633139, 0.16255061190022604, 0.09969867709546588, 0.10032945301496399, 0.10751265524161986, 0.14464735501953982, 0.14029460941863672, 0.18366886245517117, 0.14283998747765253], "(0, -4, 0, 0)": [0.010016931588497379, 0.007835984986283103, 0.009240711261124704, 0.009149394634901577, 0.006629118338544881, 0.008773018305596587, 0.008638938339662955, 0.008525379274405335, 0.00861069228128649, 0.007920956526928315, -0.001176854389572094], "(0, -1, 0, 0)": [0.6543927832292132, 0.6604551021454178, 0.651939571340942, 0.6741127429890019, 0.6534057961729439, 0.6663227169657511, 0.7003218846068897, 0.6643234766839429, 0.6597655705175125, 0.6561880130177029, 0.643256723422412], "(-1, 3, 0, 0)": [0.0854003078520009, 0.07530075637758274, 0.038314168025463766, 0.06796869407771333, 0.052511715983264595, 0.06070686897339088, 0.04628347584418291, 0.06416208245180188, 0.06284351486580456, 0.06782498254862077, 0.053781715149458356], "(-1, 4, 0, 0)": [-0.000766030094667026, -0.002798396169376745, -0.002405578601356751, 0.004275551119950739, -0.0017004600437898181, -0.0026685167570283403, -0.0082491106624456, -0.00042351452943876003, -0.0019631392625559145, -0.004094788755443236, -0.0003966361549088745], "(-1, -2, 0, 0)": [0.007223380295146497, 0.02823237942571786, 0.2631858965379946, 0.01947238873961274, 0.013859264669905079, 0.03998110067065536, 0.016875609564840792, 0.03486624410864271, 0.022937341302728162, 0.026170750187681235, 0.04097293994059201], "(-1, -3, 0, 0)": [0.04558973531079371, 0.05607478855606529, 0.09671613777235745, 0.09572595198939642, 0.08345139656812268, 0.09584392043728403, 0.1177075091709418, 0.09047483745949671, 0.03589629434331761, 0.22715754544384387, 0.07306021004533798], "(-1, -4, 0, 0)": [0.025797587788659225, 0.04699993868901939, 0.007577475087171626, 0.008204452143796342, 0.009970201843125552, 0.015484153422363969, 0.044527906165402156, -0.004362856969237328, 0.0070977795511614, 0.14989384086612575, 0.010586837353871635], "(-1, -1, 0, 0)": [0.2926187679897112, 0.013207288610473902, 0.015698623556891254, 0.06388034636421946, 0.06827741856652515, 0.008807146606259315, 0.006818691486270592, 0.031140237555630997, 0.020984947467173835, 0.023520848951486744, 0.029760297146699123], "(-1, 0, 0, 0)": [0.6097408007577891, 0.6386272242931449, 0.6220528469913802, 0.6144996347555277, 0.6440268999781841, 0.6873448836211705, 0.6198878325624309, 0.6211653314084172, 0.6131899376163681, 0.6043841894683522, 0.6196304804968966], "(-1, 1, 0, 0)": [0.6360996373578367, 0.6610195876653165, 0.5862262770618063, 0.6234788258881592, 0.5913353528022088, 0.6074155871254663, 0.6215740225012819, 0.6308561245324192, 0.6157778322606037, 0.6168947373390492, 0.617870672679956], "(-1, 2, 0, 0)": [0.3529453875937284, 0.23037463622093074, 0.28861007432564245, 0.30420607747617695, 0.2868698739250608, 0.3077520416259093, 0.2831858099818157, 0.28704434431522424, 0.27948739588863114, 0.32482249658534385, 0.278121949306372], "(-2, 2, 0, 0)": [0.10950350548016753, 0.10342402778998488, 0.10981024804176823, 0.0840816068674709, 0.08977035995515359, 0.10603364308025266, 0.11398795015283499, 0.06188451273945028, 0.09291772997818004, 0.08918324894081017, 0.10324797749131279], "(-2, 3, 0, 0)": [0.016743331406440413, 0.011721618475173126, 0.026031433937106187, 0.0267772516746751, 0.012293912694604066, 0.01594772329740096, 0.00951008951400404, 0.03151600249748621, 0.011555669553237561, 0.029815984371166403, 0.02104023282032298], "(-2, 4, 0, 0)": [-0.011686770332542281, -0.012102512983722946, -0.010840316987585991, -0.011502017165197177, -0.011747826046507606, -0.012151957899783142, -0.011772152718781584, -0.011487346567549944, -0.011833257148277546, -0.011747678276379903, -0.011531564305769921], "(1, -1, 0, 0)": [0.43207362186969545, 0.4205959955526143, 0.3613280795153371, 0.42203639499743545, 0.4157931355998717, 0.4273843367211196, 0.4093604799334125, 0.39008721177825245, 0.3849792683954951, 0.4323213639699271, 0.38947433696260103], "(1, -2, 0, 0)": [0.23722388749340528, 0.28744544681218603, 0.29088313610309025, 0.3053308045411381, 0.22922981424527705, 0.27194296879506713, 0.19433265027382784, 0.26322602944927753, 0.2645882050907169, 0.28041107526154124, 0.3426535268505164], "(1, -3, 0, 0)": [0.05131058275059025, 0.08214536344659625, 0.07971542234699965, 0.08900788417343838, 0.08385237553373628, 0.06301980723117326, 0.0857429681236647, 0.07301496970774302, 0.0642828599629093, 0.08144978506847006, 0.08815891439446015], "(1, 4, 0, 0)": [0.024357687980117025, -0.00435933955013752, -0.004368335008621216, 0.0, -0.004376889020204544, 0.0, 0.0, 0.0, 0.0, -0.0023858960697555045, -0.00173898830110956], "(1, -4, 0, 0)": [-0.013285703534983564, -0.006855373308986964, -0.0032652126539746036, -0.00028504751659525363, -0.004531834423499282, 0.0055782373202600405, -0.006805554641398768, -0.0013795587434022143, -0.0023221087802228722, -0.001694773733545588, -0.009291358515225969], "(1, 0, 0, 0)": [0.49541104879174985, 0.14588875377770663, 0.11059959451414081, 0.11126608784940331, 0.2906961476504054, 0.2676475094720442, 0.23870935880146527, 0.27560390162776677, 0.2144843782376387, 0.24361326666962344, 0.09837500827438642], "(1, 2, 0, 0)": [0.24859804011381864, 0.6688485915751212, 0.33686065058387693, 0.2613903847141556, 0.28403300220468186, 0.3474135464453341, 0.3274141638524833, 0.3176206385167696, 0.25935127906461575, 0.39482349803846395, 0.3764026385478404], "(1, 3, 0, 0)": [0.0, 0.010511189264158087, 0.08242815393841027, 0.0, 0.021478939592940956, 0.005409516041783304, 0.004043622281310813, 0.015169152550284766, 0.0, 0.0, 0.0], "(-2, 1, 0, 0)": [0.5348660395545932, 0.4792625374452035, 0.47591215942536547, 0.44334270616479216, 0.47553173987499253, 0.46013130844788785, 0.45469898136320763, 0.4227455011687199, 0.42865255317134654, 0.44253340351683557, 0.4079737096557987], "(-2, 0, 0, 0)": [0.3842920942075415, 0.35646012661852833, 0.3943711857248947, 0.36489250763516123, 0.4196712583077337, 0.4214073519052052, 0.3734494611271625, 0.3424826651796983, 0.34062614387005274, 0.38539822432011, 0.5290424541323279], "(-2, -1, 0, 0)": [0.1428052311765644, 0.0806804913903158, 0.17952802386328928, 0.011070002239378075, 0.062289435236948715, 0.07723513420578176, 0.08892487607079406, 0.001991705968976021, 0.3819171493533868, 0.001994048058986664, 0.008161949482311751],