{"q_values": {"(0, 0, 0, 0)": [0.7728261678446803, 0.7817015996294462, 0.7678287139379876, 0.7908717067807669, 0.7760982984361042, 0.7817474656723418, 0.7660105614619942, 0.7792509448514934, 0.7771232459190847, 0.7723684625031674, 0.8356619264624808], "(0, 1, 0, 0)": [0.7887330670984408, 0.7698323811201885, 0.8011964770958471, 0.7571899194807344, 0.7654869875026786, 0.7718209184359927, 0.7704567955878769, 0.7950453573314024, 0.7721989373228665, 0.7735437758402889, 0.7615771892433638], "(0, 2, 0, 0)": [0.7171807940538601, 0.5966242628244727, 0.6285238806130875, 0.5509214932599155, 0.5622590812238251, 0.5500780319495833, 0.55025772075902, 0.5409365766785246, 0.5588060459528233, 0.5551577244104499, 0.6018437530803113], "(0, 3, 0, 0)": [0.2140781172921733, 0.14996610366179847, 0.15919331283603994, 0.1683594107444421, 0.176083025187939, 0.18048076850476177, 0.1549621617890345, 0.14713561374834444, 0.15044709291817923, 0.16657813701247826, 0.17277382082038945], "(0, 4, 0, 0)": [0.016263886235051803, 0.01384973791743324, 0.016564505443272357, 0.014974157855195992, 0.01495101678361692, 0.013480399063889249, 0.008613931449871388, 0.013995691545631331, 0.014941190697157646, 0.01701131818689921, 0.00958740967091778], "(0, -2, 0, 0)": [0.447216414682845, 0.39905275133257956, 0.4526911673485889, 0.4973830495604284, 0.4402251894301459, 0.4527820922422502, 0.47457179011643624, 0.3881894340331573, 0.4590022885146332, 0.459017875869378, 0.6639629654373823], "(0, -3, 0, 0)": [0.08078422886357733, 0.07886605589537969, 0.08006805744974313, 0.07882092760569878, 0.08636834892926229, 0.08284026036869051, 0.08545309850338347, 0.08231502103310076, 0.07959325043269982, 0.07940861369553946, 0.2068019595597505], "(0, -4, 0, 0)": [-0.0031342530552731307, -0.0019661624260415827, -0.001195382414327227, 0.0029004850592441733, 0.00013448866144754462, -0.0006182254467385594, -5.4872016546679905e-06, -0.000252380035955381, 9.33525807148318e-05, 0.001029508880101968, -0.001176854389572094], "(0, -1, 0, 0)": [0.6587545191108668, 0.6588574467995467, 0.596305130383787, 0.6605413382409624, 0.6409216508546305, 0.6152070380536804, 0.649718143085493, 0.6034328666340458, 0.7386953291910486, 0.6444371802508309, 0.6297395150059522], "(-1, 3, 0, 0)": [0.08053640339276341, 0.09096892180562685, 0.07738282428009835, 0.07853130422905705, 0.07577964571033775, 0.07479741933209688, 0.07640214379498442, 0.07877062682982681, 0.07770201496156846, 0.06388016477814458, 0.0771663726595315], "(-1, 4, 0, 0)": [0.002427883625045228, 0.0021340254686032564, -0.002405578601356751, -0.001985418459679261, -0.0017004600437898181, -0.006504058502663803, -0.0082491106624456, -0.0020388922182156214, -0.0019631392625559145, 0.000951770239087193, -0.0009012977964544455], "(-1, -2, 0, 0)": [0.007223380295146497, 0.02823237942571786, 0.2723086725374785, 0.01947238873961274, 0.013859264669905079, 0.03998110067065536, 0.07608014430516183, 0.03486624410864271, 0.022937341302728162, 0.0885247009878057, 0.04097293994059201], "(-1, -3, 0, 0)": [0.08487191403011599, 0.08807116179251934, 0.17361252026247423, 0.14152061782140368, 0.16110342373279218, 0.17938978542791817, 0.1405050544690299, 0.13549888801810211, 0.09656959043852426, 0.2198807301080457, 0.15178139509940333], "(-1, -4, 0, 0)": [0.03857110903997392, 0.05626744362324072, 0.007577475087171626, 0.030971910025980418, 0.038681543185099185, 0.015484153422363969, 0.038130524038276714, -0.004362856969237328, 0.0070977795511614, 0.15976155518977148, 0.034999111406008726], "(-1, -1, 0, 0)": [0.28979278257481966, 0.07085932008763862, 0.015698623556891254, 0.06388034636421946, 0.06827741856652515, 0.06993059729577691, 0.006818691486270592, 0.031140237555630997, 0.020984947467173835, 0.08551559841871999, 0.029760297146699123], "(-1, 0, 0, 0)": [0.6183536863201925, 0.6490645943977318, 0.6303108935598661, 0.6167664859658865, 0.6518274263640865, 0.6643278942226345, 0.6498737757561719, 0.6596063360516548, 0.6616256373716042, 0.6524166265911306, 0.6942816182042995], "(-1, 1, 0, 0)": [0.670418495028109, 0.608963438233668, 0.6173827824482473, 0.6425668775816465, 0.6327034366580169, 0.6168469023159215, 0.6319804515579682, 0.6467111097131057, 0.5883235154832053, 0.6563685624107363, 0.6340888685172492], "(-1, 2, 0, 0)": [0.47167385426983466, 0.40574123825947583, 0.31458853469296705, 0.30665235278648817, 0.35593895436172496, 0.31607681638635726, 0.29978698167130136, 0.33409088424260636, 0.33683871419889316, 0.34691699535596704, 0.32539136013324976], "(-2, 2, 0, 0)": [0.1710315074999526, 0.1283425653357741, 0.1267070291716428, 0.10459091650321109, 0.09819713907984011, 0.12798672691652513, 0.10539171121545553, 0.11078807764524412, 0.15556628007903378, 0.10148535033625095, 0.1329811775063793], "(-2, 3, 0, 0)": [0.023088924925119606, 0.023095026062606664, 0.044338473327755853, 0.05417474060357429, 0.03129367155576014, 0.03383406317316045, 0.023118144892636326, 0.04455509402425183, 0.011555669553237561, 0.03505591708439453, 0.020599682769849935], "(-2, 4, 0, 0)": [-0.0007218204047746866, -0.012102512983722946, -0.012333024323615879, -0.01221370465819303, -0.015626274301921025, -0.008211931921031822, -0.007250415372763353, -0.012068055036220847, -0.009753861167024067, -0.008835645526247653, -0.01423020007836028], "(1, -1, 0, 0)": [0.4046424463588115, 0.3930035970779544, 0.4083678271020763, 0.3990343815790317, 0.41183317401256825, 0.3820405152059223, 0.40100490050971604, 0.3913914575721838, 0.41933616208269014, 0.4011643425009976, 0.39968735686802564], "(1, -2, 0, 0)": [0.2452164481505737, 0.273507851246801, 0.2607664252120378, 0.23778949608601924, 0.26436282053259164, 0.2378983125019837, 0.25349881836873395, 0.27211596141285443, 0.26236720372210065, 0.23997608513753027, 0.3849430835776325], "(1, -3, 0, 0)": [0.07424356341672084, 0.07501315294561736, 0.07957468564353401, 0.07945546226929186, 0.07885947223160264, 0.06603224137025741, 0.07873245113815275, 0.07956796720767834, 0.07794620625570887, 0.08019936977064182, 0.07556588303692785], "(1, 4, 0, 0)": [0.07222078920121405, -0.00435933955013752, -0.004368335008621216, 0.0, -0.004376889020204544, 0.0, 0.0, 0.0, 0.0, -0.0023858960697555045, -0.00173898830110956], "(1, -4, 0, 0)": [-0.00881978991264094, -0.006855373308986964, -0.0069825305721361725, -0.002097505838193281, -0.004531834423499282, -0.0029561229824938014, -0.0027785353943871422, -0.001000730468784068, -0.0023221087802228722, -0.003815841477908742, -0.0035270174255945946], "(1, 0, 0, 0)": [0.4978382167778828, 0.14588875377770663, 0.2990066533059391, 0.2098553349150314, 0.3616231576791814, 0.3592450101249975, 0.31857896387003937, 0.41698719311807764, 0.2144843782376387, 0.24361326666962344, 0.21992505126520517], "(1, 2, 0, 0)": [0.24859804011381864, 0.7049473447596973, 0.4673549972692079, 0.4831712782368196, 0.361912197386893, 0.3474135464453341, 0.4705867629281112, 0.5439152246957446, 0.33262815814390534, 0.5004046817486596, 0.5384262950393361], "(1, 3, 0, 0)": [0.0, 0.010511189264158087, 0.27822573087004154, 0.0, 0.021478939592940956, 0.005409516041783304, 0.004043622281310813, 0.015169152550284766, 0.0, 0.0, 0.0], "(-2, 1, 0, 0)": [0.524968518521111, 0.49180568899990207, 0.41627094296942313, 0.4347822393307945, 0.45845718032354016, 0.4257147360004885, 0.4705941769003114, 0.4747218527703726, 0.4477860271585173, 0.4376028647540698, 0.4425628604385616], "(-2, 0, 0, 0)": [0.49725232258611834, 0.4644477448919874, 0.522442433939902, 0.5743695677978538, 0.5131893708571781, 0.5313655488884526, 0.5340663323171974, 0.500697227154445, 0.5170063567441247, 0.5287973441874845, 0.4996392540703845], "(-2, -1, 0, 0)": [0.1428052311765644, 0.0806804913903158, 0.17952802386328928, 0.011070002239378075, 0.15762857650109222, 0.07723513420578176, 0.08892487607079406, 0.09262053613392406, 0.49324836805852357, 0.001994048058986664, 0.008161949482311751],