{"q_values": {"(0, 0, 0, 0)": [0.7399314009774037, 0.7316606244962381, 0.730820875806937, 0.7071165173550302, 0.7212089952588756, 0.7192802385315152, 0.7377107564116323, 0.7277376915058266, 0.722804972952914, 0.7369710520551311, 0.7328271136855165], "(0, 1, 0, 0)": [0.7654751017763938, 0.7280886100291806, 0.7151850345793744, 0.7442545869222799, 0.7222488251402552, 0.7346156385701441, 0.6855004409281296, 0.7183517865932527, 0.7182937402433682, 0.6663540721814448, 0.7131108427210969], "(0, 2, 0, 0)": [0.6821838461462925, 0.588323798842044, 0.578179453449196, 0.514734532344288, 0.3747165834752442, 0.5182502770624147, 0.55495406301177, 0.5281216802731709, 0.4872085939995416, 0.5836498769437127, 0.5495219839024569], "(0, 3, 0, 0)": [0.3168647466346364, 0.12413559527640314, 0.12710190017373776, 0.13432849692918725, 0.13350249541784387, 0.12674487637828888, 0.1103238921221199, 0.12157208664117757, 0.12135224417305167, 0.11038311449435369, 0.11504612829883722], "(0, 4, 0, 0)": [0.018523526531405522, 0.01384973791743324, 0.016564505443272357, 0.014974157855195992, 0.007081363611082511, 0.013480399063889249, 0.008613931449871388, 0.013995691545631331, 0.019002512237030166, 0.008107325469318367, 0.020595289947163527], "(0, -2, 0, 0)": [0.4242165198755407, 0.37677693063165624, 0.41644338048518376, 0.41224630097107134, 0.3791510649888561, 0.3706161768768781, 0.38160480119294515, 0.4075231939423273, 0.4415552376181776, 0.6034280621694665, 0.45275118278811366], "(0, -3, 0, 0)": [0.11567767527049654, 0.1337883577025442, 0.1171415684633139, 0.13633641387059572, 0.09969867709546588, 0.08035958484203617, 0.10751265524161986, 0.14464735501953982, 0.14029460941863672, 0.18393539745130155, 0.22659119194118374], "(0, -4, 0, 0)": [0.010016931588497379, 0.007835984986283103, 0.009240711261124704, 0.009149394634901577, 0.006629118338544881, 0.022743587695089253, 0.008638938339662955, 0.008525379274405335, 0.00861069228128649, 0.007920956526928315, -0.001176854389572094], "(0, -1, 0, 0)": [0.6727716275416749, 0.649884748213341, 0.6310442646938395, 0.6455301664803513, 0.6551642348083004, 0.6695034911328217, 0.6302277385198625, 0.653008738174733, 0.7495922331701028, 0.6410086813925695, 0.6672024389783547], "(-1, 3, 0, 0)": [0.061382997309658696, 0.07751790708091894, 0.038314168025463766, 0.06334408135608, 0.052511715983264595, 0.048902371453415076, 0.04628347584418291, 0.06416208245180188, 0.07612303922865403, 0.06782498254862077, 0.053781715149458356], "(-1, 4, 0, 0)": [-0.000766030094667026, 0.010877584847736571, -0.002405578601356751, -0.00022483781959172552, 1.063779197368886e-05, -0.0026685167570283403, -0.0082491106624456, -0.00011787501910626164, -0.0019631392625559145, -0.004094788755443236, -0.0003966361549088745], "(-1, -2, 0, 0)": [0.007223380295146497, 0.02823237942571786, 0.2139188433204069, 0.01947238873961274, 0.013859264669905079, 0.03998110067065536, 0.016875609564840792, 0.03486624410864271, 0.022937341302728162, 0.026170750187681235, 0.04097293994059201], "(-1, -3, 0, 0)": [0.04558973531079371, 0.05607478855606529, 0.06816364132913148, 0.09572595198939642, 0.08345139656812268, 0.09584392043728403, 0.09531695122743802, 0.06785528303146654, 0.03589629434331761, 0.18469283512389809, 0.07306021004533798], "(-1, -4, 0, 0)": [0.025797587788659225, 0.04718766996600192, 0.007577475087171626, 0.008204452143796342, 0.009970201843125552, 0.015484153422363969, 0.027358564527582195, -0.004362856969237328, 0.0070977795511614, 0.08279665583317365, 0.010586837353871635], "(-1, -1, 0, 0)": [0.20056737059212368, 0.013207288610473902, 0.015698623556891254, 0.06388034636421946, 0.02898235324003006, 0.008807146606259315, 0.006818691486270592, 0.031140237555630997, 0.020984947467173835, 0.023520848951486744, 0.029760297146699123], "(-1, 0, 0, 0)": [0.5228601593345512, 0.5317264346025924, 0.4507876940512702, 0.476806078469055, 0.5048473353271906, 0.4983159526367822, 0.5214785197739227, 0.41556253387229053, 0.6450531187339006, 0.40667176496080204, 0.4570400784540486], "(-1, 1, 0, 0)": [0.6253992756432691, 0.5451295172388936, 0.5653815810409876, 0.5756587505282913, 0.5939368450294211, 0.5504174504310613, 0.5349075086647815, 0.541515654473614, 0.5568644707118081, 0.5575253337000396, 0.5362417657890818], "(-1, 2, 0, 0)": [0.5147662017352503, 0.16958907169338353, 0.27853844251185617, 0.31083843018714796, 0.2868698739250608, 0.27553654658738463, 0.3109366948097378, 0.3360114005363633, 0.3167767750271094, 0.2829945784973721, 0.30538016163652776], "(-2, 2, 0, 0)": [0.13575092993352028, 0.046828375045906215, 0.09848408502303428, 0.005486940803177834, 0.1016426522379456, 0.08712462723499301, 0.04389335042120614, 0.06188451273945028, 0.02868835673541259, 0.047399401421170065, 0.07956675478641567], "(-2, 3, 0, 0)": [0.00219528465994373, 0.011721618475173126, 0.021105002747360154, 0.014924677408187691, 0.0035845131818475094, 0.009112551497305992, 0.00951008951400404, 0.024554363703616647, 0.011555669553237561, 0.029984173767990518, 0.02104023282032298], "(-2, 4, 0, 0)": [-0.009629363523916712, -0.00995757154446809, -0.010546417655741679, -0.009688250387417371, -0.009416402303886578, -0.009189236166106977, -0.009227695834504305, -0.009315692269033058, -0.010064603076820021, -0.009107282830199018, -0.00997374616125673], "(1, -1, 0, 0)": [0.3964298827882051, 0.3792839150748813, 0.3613280795153371, 0.4144557297251842, 0.4073775973450436, 0.4097883123335173, 0.4093604799334125, 0.4014867815606295, 0.3957045342492922, 0.414698016152406, 0.3978820571270021], "(1, -2, 0, 0)": [0.22848152299050617, 0.23873094728451555, 0.213323396910297, 0.2079928173601026, 0.24490424429210583, 0.21237785648813973, 0.19433265027382784, 0.2082356284134381, 0.2857775840586354, 0.2405401323425304, 0.24194101823943112], "(1, -3, 0, 0)": [0.05131058275059025, 0.08976833767809242, 0.059977144524464246, 0.06682702623532177, 0.07331321311765962, 0.06301980723117326, 0.07378665335748436, 0.07301496970774302, 0.05319189249142472, 0.07429203652377259, 0.1285812338220734], "(1, 4, 0, 0)": [0.013268555967389215, -0.00435933955013752, -0.004368335008621216, 0.0, -0.004376889020204544, 0.0, 0.0, 0.0, 0.0, -0.0023858960697555045, -0.00173898830110956], "(1, -4, 0, 0)": [-0.013285703534983564, -0.003111603019051927, -0.0032652126539746036, -0.00028504751659525363, -0.004531834423499282, 0.005779701360792153, -0.0030430069356076174, -0.0069883996781136895, -0.0023221087802228722, -0.001694773733545588, -0.009291358515225969], "(1, 0, 0, 0)": [0.4945570095979433, 0.14588875377770663, 0.11059959451414081, 0.11126608784940331, 0.2906961476504054, 0.10641553554173006, 0.16929505705137668, 0.18493405978584385, 0.19365899657180996, 0.20417812360626011, 0.09837500827438642], "(1, 2, 0, 0)": [0.16256651810481224, 0.6068437201444209, 0.33686065058387693, 0.15392905669208307, 0.21956212148421603, 0.3474135464453341, 0.3274141638524833, 0.3176206385167696, 0.17600561788059868, 0.24564490058955774, 0.19356866484089338], "(1, 3, 0, 0)": [0.0, 0.010511189264158087, 0.03733491438802653, 0.0, 0.021478939592940956, 0.005409516041783304, 0.004043622281310813, 0.015169152550284766, 0.0, 0.0, 0.0], "(-2, 1, 0, 0)": [0.5285621667754019, 0.36138891368295, 0.3692565032315972, 0.4329216389660839, 0.37485844309539396, 0.30051153503443967, 0.3863573939693174, 0.33099085197243094, 0.35543089163638153, 0.3762294056034353, 0.4141826736568354], "(-2, 0, 0, 0)": [0.3165566557299832, 0.3141877045528013, 0.32891105553530514, 0.33185342492896586, 0.32358187127068244, 0.36887713280512124, 0.3014355293384155, 0.2969892688400027, 0.23912327007910344, 0.2549357032966295, 0.46739977287399126], "(-2, -1, 0, 0)": [0.1428052311765644, 0.0806804913903158, 0.17952802386328928, 0.011070002239378075, 0.062289435236948715, 0.07723513420578176, 0.08892487607079406, 0.001991705968976021, 0.3819171493533868, 0.001994048058986664, 0.008161949482311751],