{"q_values": {"(0, 0, 0, 0)": [0.7897294301210884, 0.8031012091811308, 0.7958848708852884, 0.8036000958290961, 0.8022587941798627, 0.7948207294557226, 0.804710903669908, 0.79823338049727, 0.7956309327981648, 0.7868826211055544, 0.7841705120459818], "(0, 1, 0, 0)": [0.7710475763804441, 0.7786318507835592, 0.7883435500888436, 0.7871466507876588, 0.7778019148971175, 0.781407745286493, 0.7802926460658038, 0.7852076283039573, 0.78569711704725, 0.7765051290808345, 0.7769188075419574], "(0, 2, 0, 0)": [0.5530395130363194, 0.7360758610255158, 0.5841229336257626, 0.5507326442372875, 0.5916557498307455, 0.5863336610711536, 0.5793840930591541, 0.5897309922502988, 0.5801455248167341, 0.6031220063135019, 0.5913862291585261], "(0, 3, 0, 0)": [0.39685635467374575, 0.14996610366179847, 0.12710190017373776, 0.13432849692918725, 0.13350249541784387, 0.12674487637828888, 0.1549621617890345, 0.14713561374834444, 0.12135224417305167, 0.15906638612202614, 0.17277382082038945], "(0, 4, 0, 0)": [0.04867912510181566, 0.01384973791743324, 0.016564505443272357, 0.014974157855195992, 0.030105322943431927, 0.013480399063889249, 0.008613931449871388, 0.013995691545631331, 0.017470084146204178, 0.02108253371362287, 0.017429421594699956], "(0, -2, 0, 0)": [0.3971783389092365, 0.38766415450075453, 0.38608604479246134, 0.4466208084045382, 0.3791510649888561, 0.4402015363919118, 0.45865563469749593, 0.42381609873440423, 0.3973631829819759, 0.4226187844331494, 0.6521774770650759], "(0, -3, 0, 0)": [0.12650999590624107, 0.1337883577025442, 0.1171415684633139, 0.1242295043167663, 0.09969867709546588, 0.10032945301496399, 0.10751265524161986, 0.13669563552826466, 0.12196353551301278, 0.12411947908278884, 0.24604583461713586], "(0, -4, 0, 0)": [0.00819333504647255, 0.007835984986283103, 0.005690884426885641, 0.008007771962149125, 0.006629118338544881, 0.01049619307857322, 0.011145870044911303, 0.008525379274405335, 0.00861069228128649, 0.007920956526928315, -0.001176854389572094], "(0, -1, 0, 0)": [0.6467905613660789, 0.6807595155518951, 0.6915099392785088, 0.6491027381936705, 0.6644946695642528, 0.6896470153060053, 0.653070206046822, 0.7033367535298634, 0.6397404592681503, 0.7964185347774657, 0.6998785639893343], "(-1, 3, 0, 0)": [0.08262601609071774, 0.0649568150903294, 0.038314168025463766, 0.07790731390206819, 0.06811082274002143, 0.06070686897339088, 0.08604613156245325, 0.06416208245180188, 0.06284351486580456, 0.08303779146162216, 0.053781715149458356], "(-1, 4, 0, 0)": [-0.000766030094667026, -0.001963421406049652, -0.002405578601356751, -0.001985418459679261, -0.0017004600437898181, -0.0026685167570283403, -0.0082491106624456, -0.00042351452943876003, -0.0019631392625559145, -0.004094788755443236, 0.0013447063000464011], "(-1, -2, 0, 0)": [0.007223380295146497, 0.02823237942571786, 0.33367757939030707, 0.01947238873961274, 0.013859264669905079, 0.03998110067065536, 0.07608014430516183, 0.03486624410864271, 0.022937341302728162, 0.026170750187681235, 0.04097293994059201], "(-1, -3, 0, 0)": [0.04558973531079371, 0.05607478855606529, 0.13627804453570874, 0.14152061782140368, 0.12634804132558436, 0.13858296663593342, 0.1177075091709418, 0.13549888801810211, 0.09656959043852426, 0.28639605972659715, 0.07134711874104574], "(-1, -4, 0, 0)": [0.025797587788659225, 0.07346811522814778, 0.007577475087171626, 0.008204452143796342, 0.009970201843125552, 0.015484153422363969, 0.044527906165402156, -0.004362856969237328, 0.0070977795511614, 0.10822384624516629, 0.010586837353871635], "(-1, -1, 0, 0)": [0.32805735683159154, 0.013207288610473902, 0.015698623556891254, 0.06388034636421946, 0.06827741856652515, 0.008807146606259315, 0.006818691486270592, 0.031140237555630997, 0.020984947467173835, 0.023520848951486744, 0.029760297146699123], "(-1, 0, 0, 0)": [0.6665291515898901, 0.6711124341365994, 0.6458053096189681, 0.6585671642782486, 0.6802372060238936, 0.6858709406727228, 0.6801672887129825, 0.718878592892907, 0.6796892155459836, 0.6804486647072109, 0.681306172935359], "(-1, 1, 0, 0)": [0.65570508420079, 0.6961593963742291, 0.6724744442900543, 0.6722929423197695, 0.6438191289860001, 0.6634849979214255, 0.6456689592729572, 0.6627868627357502, 0.6608050420668128, 0.6616122791282921, 0.6343369902254912], "(-1, 2, 0, 0)": [0.4395848442285643, 0.31201420827670906, 0.35525490800983983, 0.2799657945459829, 0.35303393430598484, 0.34627955646745956, 0.34019131629689814, 0.3194407033806933, 0.3510362627475946, 0.3347070746448352, 0.364886036207678], "(-2, 2, 0, 0)": [0.17696748184838576, 0.13703163360194703, 0.09191417096855657, 0.0840816068674709, 0.11211572789431437, 0.08986081967957128, 0.09123172309508054, 0.12180467798578051, 0.11925449723030289, 0.10148535033625095, 0.09682395611448538], "(-2, 3, 0, 0)": [0.016743331406440413, 0.017592214699507863, 0.026031433937106187, 0.0267772516746751, 0.01959381800859143, 0.01594772329740096, 0.00951008951400404, 0.03778757603657625, 0.011555669553237561, 0.027095934369946992, 0.02104023282032298], "(-2, 4, 0, 0)": [-0.0058372632244159004, -0.012102512983722946, -0.012333024323615879, -0.01221370465819303, -0.012123691429251645, -0.012151957899783142, -0.011772152718781584, -0.012068055036220847, -0.011833257148277546, -0.011747678276379903, -0.012330241720219504], "(1, -1, 0, 0)": [0.6420351218770205, 0.41229863659158195, 0.3613280795153371, 0.43153009592569036, 0.4157931355998717, 0.42459474119212054, 0.4093604799334125, 0.43894134559896664, 0.39539491845075525, 0.51373814099024, 0.38947433696260103], "(1, -2, 0, 0)": [0.2926957115045435, 0.3032631265174498, 0.272062040805475, 0.33817682873973903, 0.2856703744791522, 0.27194296879506713, 0.25349881836873395, 0.26322602944927753, 0.30728362333931386, 0.39278117703717313, 0.2706162688010697], "(1, -3, 0, 0)": [0.05131058275059025, 0.09896047053485649, 0.07971542234699965, 0.09918469448193931, 0.09261786066189774, 0.08548456980132155, 0.0857429681236647, 0.07301496970774302, 0.08885405379561645, 0.08144978506847006, 0.20756521670630856], "(1, 4, 0, 0)": [0.024357687980117025, -0.00435933955013752, -0.004368335008621216, 0.0, -0.004376889020204544, 0.0, 0.0, 0.0, 0.0, -0.0023858960697555045, -0.00173898830110956], "(1, -4, 0, 0)": [-0.013285703534983564, -0.006855373308986964, -0.0032652126539746036, -0.00028504751659525363, -0.004531834423499282, 0.0035234953672882152, -0.0008736240482427665, 0.02150421024568165, -0.0023221087802228722, -0.001694773733545588, -0.009291358515225969], "(1, 0, 0, 0)": [0.7157948535993213, 0.14588875377770663, 0.11059959451414081, 0.11126608784940331, 0.2906961476504054, 0.2676475094720442, 0.23870935880146527, 0.27560390162776677, 0.2144843782376387, 0.24361326666962344, 0.09837500827438642], "(1, 2, 0, 0)": [0.24859804011381864, 0.7176027642255556, 0.3914061337988235, 0.3461226752111042, 0.28403300220468186, 0.3474135464453341, 0.4093083672189352, 0.3176206385167696, 0.3518348057502174, 0.39482349803846395, 0.5169734844619978], "(1, 3, 0, 0)": [0.0, 0.010511189264158087, 0.22767208310101053, 0.0, 0.021478939592940956, 0.005409516041783304, 0.004043622281310813, 0.015169152550284766, 0.0, 0.0, 0.0], "(-2, 1, 0, 0)": [0.5509555111116777, 0.4915736674002418, 0.5122062966554661, 0.4880672313883186, 0.49998229648057974, 0.46388698929547223, 0.5145050667343531, 0.5199050185398355, 0.46673858223836934, 0.5236491513491285, 0.4598174750955135], "(-2, 0, 0, 0)": [0.4757719738526008, 0.5167707583525935, 0.46016669776820057, 0.3968333163749448, 0.5577212273419412, 0.48706911511712303, 0.4900188665233301, 0.457159496596632, 0.459712824362354, 0.5112169542542486, 0.4952321832799544], "(-2, -1, 0, 0)": [0.1428052311765644, 0.0806804913903158, 0.17952802386328928, 0.011070002239378075, 0.062289435236948715, 0.07723513420578176, 0.08892487607079406, 0.001991705968976021, 0.42098394209260576, 0.001994048058986664, 0.008161949482311751],