{"q_values": {"(0, 0, 0, 0)": [0.7799746683452214, 0.7752305151132138, 0.7817247371992749, 0.78447376038759, 0.7890623409230597, 0.7850840639348338, 0.7653085179903696, 0.778866092428167, 0.7875438983277023, 0.7766352269037011, 0.8247071123622156], "(0, 1, 0, 0)": [0.7924097785588688, 0.7552440654779587, 0.7658949321362927, 0.7674403646024153, 0.7615626720924595, 0.7496451887797592, 0.7619634998282515, 0.7581233377845346, 0.7464705207634729, 0.7694279578350505, 0.7689185274092177], "(0, 2, 0, 0)": [0.7312122482550608, 0.6183146961559188, 0.6127127805441765, 0.6253119576081062, 0.615859717079103, 0.6316983181698161, 0.55025772075902, 0.583450027884968, 0.6000679198045612, 0.5551577244104499, 0.6018437530803113], "(0, 3, 0, 0)": [0.3941883860066615, 0.14996610366179847, 0.15919331283603994, 0.1683594107444421, 0.176083025187939, 0.18048076850476177, 0.1549621617890345, 0.20997765028683835, 0.15044709291817923, 0.16657813701247826, 0.23141199039623803], "(0, 4, 0, 0)": [0.016263886235051803, 0.01384973791743324, 0.016564505443272357, 0.014974157855195992, 0.01495101678361692, 0.013480399063889249, 0.008613931449871388, 0.013995691545631331, 0.014941190697157646, 0.01701131818689921, 0.00958740967091778], "(0, -2, 0, 0)": [0.447216414682845, 0.46263225831158594, 0.4526911673485889, 0.4481889086984696, 0.483083188908364, 0.4527820922422502, 0.48619697084453606, 0.47718709530460907, 0.4590022885146332, 0.46299269542457555, 0.7276289056046333], "(0, -3, 0, 0)": [0.08078422886357733, 0.07886605589537969, 0.11079420289247127, 0.07882092760569878, 0.08636834892926229, 0.08284026036869051, 0.08545309850338347, 0.08231502103310076, 0.07959325043269982, 0.07940861369553946, 0.19397232504982054], "(0, -4, 0, 0)": [-0.0031342530552731307, -0.0019661624260415827, -0.001195382414327227, -0.000717384760259396, 0.00013448866144754462, -0.0006182254467385594, -5.4872016546679905e-06, -0.000252380035955381, 9.33525807148318e-05, 0.010712365766059466, -0.001176854389572094], "(0, -1, 0, 0)": [0.6992135307118333, 0.6618620241730949, 0.6370296559851968, 0.6733386617104705, 0.6723515811459412, 0.6473108794720805, 0.6851026170787952, 0.674903549561548, 0.6518562308124062, 0.8246492091215298, 0.6947618633318654], "(-1, 3, 0, 0)": [0.10775367399453742, 0.09425882453664687, 0.07738282428009835, 0.0767423026870353, 0.07577964571033775, 0.07479741933209688, 0.07640214379498442, 0.07877062682982681, 0.07770201496156846, 0.06388016477814458, 0.0771663726595315], "(-1, 4, 0, 0)": [0.03557479300440888, 0.0021340254686032564, -0.002405578601356751, -0.001985418459679261, 0.003898936699927377, -0.006504058502663803, -0.0082491106624456, -0.0020388922182156214, -0.0019631392625559145, 0.000951770239087193, 0.00416853757133455], "(-1, -2, 0, 0)": [0.007223380295146497, 0.07717751714246335, 0.2963011282564272, 0.01947238873961274, 0.013859264669905079, 0.03998110067065536, 0.07608014430516183, 0.03486624410864271, 0.022937341302728162, 0.0885247009878057, 0.04097293994059201], "(-1, -3, 0, 0)": [0.08487191403011599, 0.08807116179251934, 0.17361252026247423, 0.14152061782140368, 0.1865722408011784, 0.17938978542791817, 0.1405050544690299, 0.13549888801810211, 0.09656959043852426, 0.29902774034800905, 0.1791082709311213], "(-1, -4, 0, 0)": [0.06233350047196058, 0.05626744362324072, 0.007577475087171626, 0.030971910025980418, 0.038681543185099185, 0.015484153422363969, 0.038130524038276714, -0.004362856969237328, 0.0070977795511614, 0.09714068325014534, 0.034999111406008726], "(-1, -1, 0, 0)": [0.3065665610208583, 0.07085932008763862, 0.015698623556891254, 0.06388034636421946, 0.06827741856652515, 0.06993059729577691, 0.006818691486270592, 0.031140237555630997, 0.020984947467173835, 0.08551559841871999, 0.029760297146699123], "(-1, 0, 0, 0)": [0.663063831450769, 0.6428988629152963, 0.6293957502602651, 0.6632252196163444, 0.6605101561065141, 0.667454017762282, 0.6708122487082387, 0.6674096804544289, 0.6697127004086173, 0.6707312291595442, 0.658020541262982], "(-1, 1, 0, 0)": [0.6357867686320146, 0.6724111215665878, 0.5992973634224333, 0.6080305995279283, 0.6077691645960264, 0.618310642403674, 0.6323060278054019, 0.6304989195790458, 0.6077724545372668, 0.6093637794664384, 0.62028776604612], "(-1, 2, 0, 0)": [0.33600323164114304, 0.31590193015878976, 0.31458853469296705, 0.3163896859605951, 0.32631467916978346, 0.3224446634264441, 0.31264946875649785, 0.31957308155434155, 0.31253823843738354, 0.3522197951798117, 0.3300211436076924], "(-2, 2, 0, 0)": [0.11717580299291545, 0.10951998379774615, 0.11677325523742153, 0.11226440756145444, 0.09819713907984011, 0.1105476453843289, 0.10539171121545553, 0.11078807764524412, 0.11597075914951381, 0.10994554806559181, 0.11703402997023796], "(-2, 3, 0, 0)": [0.023088924925119606, 0.023095026062606664, 0.05203488489605606, 0.04216118744190407, 0.03129367155576014, 0.03928134644542252, 0.023118144892636326, 0.04374750394414111, 0.011555669553237561, 0.03505591708439453, 0.020599682769849935], "(-2, 4, 0, 0)": [0.00024871444917568073, -0.012102512983722946, -0.012333024323615879, -0.01221370465819303, -0.015626274301921025, -0.008211931921031822, -0.008800877316783626, -0.012068055036220847, -0.009753861167024067, -0.008835645526247653, -0.015749067804234854], "(1, -1, 0, 0)": [0.4037455653706293, 0.5593157342222121, 0.4083678271020763, 0.40909419208810477, 0.43691885753126414, 0.3820405152059223, 0.40100490050971604, 0.3913914575721838, 0.3605934844406574, 0.4011643425009976, 0.39968735686802564], "(1, -2, 0, 0)": [0.2718034122849823, 0.2507488982354473, 0.2607664252120378, 0.26206494551405857, 0.26436282053259164, 0.2643614296338588, 0.27516449722189373, 0.27211596141285443, 0.27476821471700075, 0.28344787131664606, 0.281867938303507], "(1, -3, 0, 0)": [0.08600241179314597, 0.07501315294561736, 0.07957468564353401, 0.07945546226929186, 0.07885947223160264, 0.06603224137025741, 0.07873245113815275, 0.07956796720767834, 0.07794620625570887, 0.10260214005972987, 0.07556588303692785], "(1, 4, 0, 0)": [0.07222078920121405, -0.00435933955013752, -0.004368335008621216, 0.0, -0.004376889020204544, 0.0, 0.0, 0.0, 0.0, -0.0023858960697555045, -0.00173898830110956], "(1, -4, 0, 0)": [-0.00881978991264094, -0.006855373308986964, -0.0069825305721361725, -0.002097505838193281, -0.004531834423499282, -0.0029561229824938014, -0.0027785353943871422, 0.01248431985532355, -0.0023221087802228722, -0.003815841477908742, -0.0035270174255945946], "(1, 0, 0, 0)": [0.6505013668033917, 0.14588875377770663, 0.2990066533059391, 0.2114340921748626, 0.3616231576791814, 0.3592450101249975, 0.31857896387003937, 0.41698719311807764, 0.2144843782376387, 0.24361326666962344, 0.21992505126520517], "(1, 2, 0, 0)": [0.34482547075337644, 0.7567990925913558, 0.4673549972692079, 0.5707739687839193, 0.361912197386893, 0.3474135464453341, 0.4705867629281112, 0.5439152246957446, 0.33262815814390534, 0.6104288995941816, 0.5935411641758366], "(1, 3, 0, 0)": [0.0, 0.010511189264158087, 0.27822573087004154, 0.0, 0.021478939592940956, 0.005409516041783304, 0.004043622281310813, 0.015169152550284766, 0.0, 0.0, 0.0], "(-2, 1, 0, 0)": [0.5209548062627617, 0.4911976704902777, 0.44672396387181607, 0.47358389804709744, 0.408220029395853, 0.47375419866836443, 0.4726818740725226, 0.4606531975683622, 0.4569087481464963, 0.49404811585099623, 0.441609164589966], "(-2, 0, 0, 0)": [0.5126121879598422, 0.5243668556684103, 0.5113873204845404, 0.5291083586214373, 0.5174581868652095, 0.5271677363903121, 0.5318204215240362, 0.5247031226682138, 0.5282894935557579, 0.5482132166639816, 0.5322823598397496], "(-2, -1, 0, 0)": [0.1428052311765644, 0.0806804913903158, 0.17952802386328928, 0.011070002239378075, 0.15762857650109222, 0.07723513420578176, 0.08892487607079406, 0.09262053613392406, 0.557144586749171, 0.001994048058986664, 0.008161949482311751],