{"q_values": {"(0, 0, 0, 0)": [0.764241077278648, 0.7287989014456925, 0.7577868464417378, 0.7538916703965063, 0.7691497511372144, 0.7528388581134686, 0.7572130058623181, 0.7325381033835139, 0.7559310250174945, 0.74123442233542, 0.8131690095973869], "(0, 1, 0, 0)": [0.7527109855978266, 0.7784359088952353, 0.7596370531476655, 0.7462502082863368, 0.7601145889506125, 0.7547691057740261, 0.7398221802720044, 0.7536395204859124, 0.7514238042157988, 0.7537806466540019, 0.7540006789387741], "(0, 2, 0, 0)": [0.6615215190389447, 0.5804206057118386, 0.5669939265181678, 0.5614754180063228, 0.5368549009037792, 0.6083026157167897, 0.5417145757284774, 0.5640329773569593, 0.4872085939995416, 0.5847679014209608, 0.5682434030339036], "(0, 3, 0, 0)": [0.2646067426987861, 0.16477038454403967, 0.12710190017373776, 0.13432849692918725, 0.13350249541784387, 0.12674487637828888, 0.1103238921221199, 0.12157208664117757, 0.12135224417305167, 0.11038311449435369, 0.11504612829883722], "(0, 4, 0, 0)": [0.018523526531405522, 0.01384973791743324, 0.016564505443272357, 0.014974157855195992, 0.007081363611082511, 0.013480399063889249, 0.008613931449871388, 0.013995691545631331, 0.017470084146204178, 0.008107325469318367, 0.017429421594699956], "(0, -2, 0, 0)": [0.4242165198755407, 0.43409217338712613, 0.41981827960793744, 0.4264543282240922, 0.3791510649888561, 0.3706161768768781, 0.468863344169419, 0.4309599973803581, 0.4546952291577204, 0.4264389769254135, 0.6746757055027813], "(0, -3, 0, 0)": [0.11567767527049654, 0.1337883577025442, 0.1171415684633139, 0.13633641387059572, 0.09969867709546588, 0.08035958484203617, 0.10751265524161986, 0.14464735501953982, 0.14029460941863672, 0.18393539745130155, 0.23814079521352852], "(0, -4, 0, 0)": [0.010016931588497379, 0.007835984986283103, 0.009240711261124704, 0.009149394634901577, 0.006629118338544881, 0.018028639009142908, 0.008638938339662955, 0.008525379274405335, 0.00861069228128649, 0.007920956526928315, -0.001176854389572094], "(0, -1, 0, 0)": [0.7040879238844291, 0.6025714899917481, 0.6782349218018339, 0.6806946267666011, 0.6663177847182242, 0.6835660025636036, 0.6807171814627669, 0.7016174138188738, 0.8100018001363501, 0.6982946302910406, 0.6840165400957786], "(-1, 3, 0, 0)": [0.06965591792871875, 0.08547503624860898, 0.038314168025463766, 0.07505320044253994, 0.052511715983264595, 0.06070686897339088, 0.04628347584418291, 0.06416208245180188, 0.07612303922865403, 0.06782498254862077, 0.053781715149458356], "(-1, 4, 0, 0)": [-0.000766030094667026, 0.015965273080278918, -0.002405578601356751, -0.00022483781959172552, 1.063779197368886e-05, -0.0026685167570283403, -0.0082491106624456, -0.00011787501910626164, -0.0019631392625559145, -0.004094788755443236, -0.0003966361549088745], "(-1, -2, 0, 0)": [0.007223380295146497, 0.02823237942571786, 0.22730092871470284, 0.01947238873961274, 0.013859264669905079, 0.03998110067065536, 0.016875609564840792, 0.03486624410864271, 0.022937341302728162, 0.026170750187681235, 0.04097293994059201], "(-1, -3, 0, 0)": [0.04558973531079371, 0.05607478855606529, 0.06816364132913148, 0.09572595198939642, 0.08345139656812268, 0.09584392043728403, 0.09531695122743802, 0.09047483745949671, 0.03589629434331761, 0.22063397762867015, 0.07306021004533798], "(-1, -4, 0, 0)": [0.025797587788659225, 0.03339569666952261, 0.007577475087171626, 0.008204452143796342, 0.009970201843125552, 0.015484153422363969, 0.044527906165402156, -0.004362856969237328, 0.0070977795511614, 0.08397325004251856, 0.010586837353871635], "(-1, -1, 0, 0)": [0.23560863699108006, 0.013207288610473902, 0.015698623556891254, 0.06388034636421946, 0.06827741856652515, 0.008807146606259315, 0.006818691486270592, 0.031140237555630997, 0.020984947467173835, 0.023520848951486744, 0.029760297146699123], "(-1, 0, 0, 0)": [0.5951141454965444, 0.5634216570177076, 0.5194260572268838, 0.5518416812134376, 0.5612869901555088, 0.619029934176234, 0.6759953557666744, 0.5444199285464241, 0.5780963338749865, 0.5573201947036154, 0.5050066488770577], "(-1, 1, 0, 0)": [0.6444831387218166, 0.5843211426574509, 0.6133930970213948, 0.6236312418053255, 0.5895033067350482, 0.5890849938489511, 0.5838359744002777, 0.5830214856548357, 0.5874505826969842, 0.5929700041038892, 0.5998555833111435], "(-1, 2, 0, 0)": [0.4058347564765689, 0.23037463622093074, 0.31542195336257445, 0.31083843018714796, 0.2868698739250608, 0.3077520416259093, 0.32480778520367914, 0.29496445649453984, 0.3192976193883803, 0.31661196383635704, 0.3408510204274726], "(-2, 2, 0, 0)": [0.22221004875764883, 0.08205421164105095, 0.09848408502303428, 0.005486940803177834, 0.08977035995515359, 0.10861123779235454, 0.07678630527675968, 0.06188451273945028, 0.02868835673541259, 0.08918324894081017, 0.07956675478641567], "(-2, 3, 0, 0)": [0.00219528465994373, 0.011721618475173126, 0.026031433937106187, 0.0267772516746751, 0.0035845131818475094, 0.009112551497305992, 0.00951008951400404, 0.024554363703616647, 0.011555669553237561, 0.03465593184464088, 0.02104023282032298], "(-2, 4, 0, 0)": [-0.011403624030049176, -0.012102512983722946, -0.011462312617064409, -0.01120388981251874, -0.011400262677128164, -0.011167042444647073, -0.01096996491412734, -0.011487346567549944, -0.011031237985945986, -0.011747678276379903, -0.011531564305769921], "(1, -1, 0, 0)": [0.4965342037346886, 0.40268634420625116, 0.3613280795153371, 0.39440878117815015, 0.4070292201695593, 0.4097883123335173, 0.4093604799334125, 0.4071176126097126, 0.4143685384891547, 0.41509861476168114, 0.38947433696260103], "(1, -2, 0, 0)": [0.23722388749340528, 0.23873094728451555, 0.213323396910297, 0.2711528381535544, 0.22922981424527705, 0.2744462954209502, 0.19433265027382784, 0.22564793422386714, 0.23027180963847213, 0.2405401323425304, 0.3355040185981472], "(1, -3, 0, 0)": [0.05131058275059025, 0.08976833767809242, 0.059977144524464246, 0.10573901413057658, 0.07331321311765962, 0.06301980723117326, 0.10917429176371851, 0.07301496970774302, 0.05319189249142472, 0.10627990705137866, 0.21152210032177096], "(1, 4, 0, 0)": [0.013268555967389215, -0.00435933955013752, -0.004368335008621216, 0.0, -0.004376889020204544, 0.0, 0.0, 0.0, 0.0, -0.0023858960697555045, -0.00173898830110956], "(1, -4, 0, 0)": [-0.013285703534983564, -0.003111603019051927, -0.0032652126539746036, -0.00028504751659525363, -0.004531834423499282, 0.017190456042323533, -0.0030430069356076174, -0.0069883996781136895, -0.0023221087802228722, -0.001694773733545588, -0.009291358515225969], "(1, 0, 0, 0)": [0.6107927905927145, 0.14588875377770663, 0.11059959451414081, 0.11126608784940331, 0.2906961476504054, 0.18143187903638303, 0.23870935880146527, 0.27560390162776677, 0.19365899657180996, 0.24361326666962344, 0.09837500827438642], "(1, 2, 0, 0)": [0.16256651810481224, 0.6798359642162602, 0.33686065058387693, 0.2613903847141556, 0.21956212148421603, 0.3474135464453341, 0.3274141638524833, 0.3176206385167696, 0.17600561788059868, 0.24564490058955774, 0.28991323582370476], "(1, 3, 0, 0)": [0.0, 0.010511189264158087, 0.03733491438802653, 0.0, 0.021478939592940956, 0.005409516041783304, 0.004043622281310813, 0.015169152550284766, 0.0, 0.0, 0.0], "(-2, 1, 0, 0)": [0.5050158511969067, 0.42172971144917565, 0.44573546137867875, 0.43045792207094763, 0.47106157833057805, 0.40044750189415623, 0.4472705858708296, 0.39547577145595525, 0.4271553081936753, 0.44601659532983984, 0.43125508095096554], "(-2, 0, 0, 0)": [0.3842920942075415, 0.3141877045528013, 0.3943711857248947, 0.33185342492896586, 0.32358187127068244, 0.36887713280512124, 0.3734494611271625, 0.2969892688400027, 0.23912327007910344, 0.3080561609858311, 0.5367926029977481], "(-2, -1, 0, 0)": [0.1428052311765644, 0.0806804913903158, 0.17952802386328928, 0.011070002239378075, 0.062289435236948715, 0.07723513420578176, 0.08892487607079406, 0.001991705968976021, 0.3819171493533868, 0.001994048058986664, 0.008161949482311751],