{"q_values": {"(0, 0, 0, 0)": [0.6920495873970737, 0.7045365578572751, 0.7043598869476095, 0.7120277094282232, 0.6822659746900362, 0.6986587915761475, 0.6896274042816213, 0.7012226325286451, 0.7042150136632677, 0.696993301550912, 0.7518491729282271], "(0, 1, 0, 0)": [0.6899427266559107, 0.6979693380527128, 0.6978359915508472, 0.6656661159471094, 0.6812918267092148, 0.6922196395596835, 0.6887315108181526, 0.7011182651489524, 0.6710283491071681, 0.6674552620062368, 0.7003271818178172], "(0, 2, 0, 0)": [0.6890714251212665, 0.41440940878029986, 0.4490185668136667, 0.47613509677905047, 0.3747165834752442, 0.5034840352755948, 0.41904273332122344, 0.4977313892918727, 0.4872085939995416, 0.5454141891912566, 0.42237256527216865], "(0, 3, 0, 0)": [0.2642947546867606, 0.12413559527640314, 0.12710190017373776, 0.13432849692918725, 0.13350249541784387, 0.12674487637828888, 0.1103238921221199, 0.12157208664117757, 0.12135224417305167, 0.11038311449435369, 0.11504612829883722], "(0, 4, 0, 0)": [0.018523526531405522, 0.01384973791743324, 0.016564505443272357, 0.014974157855195992, 0.007081363611082511, 0.013480399063889249, 0.008613931449871388, 0.013995691545631331, 0.019002512237030166, 0.008107325469318367, 0.02290180606726076], "(0, -2, 0, 0)": [0.4024113465695814, 0.37677693063165624, 0.40547458820854226, 0.45124271875388444, 0.3791510649888561, 0.3706161768768781, 0.38160480119294515, 0.4075231939423273, 0.4029109333872513, 0.6499690914884403, 0.39983728503711014], "(0, -3, 0, 0)": [0.11567767527049654, 0.1337883577025442, 0.1171415684633139, 0.13633641387059572, 0.09969867709546588, 0.08035958484203617, 0.10751265524161986, 0.14464735501953982, 0.14029460941863672, 0.14683547488201512, 0.21975568480003915], "(0, -4, 0, 0)": [0.010016931588497379, 0.007835984986283103, 0.009240711261124704, 0.009149394634901577, 0.006629118338544881, 0.022242349606063437, 0.008638938339662955, 0.008525379274405335, 0.00861069228128649, 0.007920956526928315, -0.001176854389572094], "(0, -1, 0, 0)": [0.6155894655525361, 0.5990321883322177, 0.6286896002470798, 0.6368637642827104, 0.6410101882413977, 0.5765922112027687, 0.6455681266723142, 0.6184829020177767, 0.6441710966277492, 0.7503591988570288, 0.620425547898619], "(-1, 3, 0, 0)": [0.061382997309658696, 0.08191104809107659, 0.038314168025463766, 0.06334408135608, 0.052511715983264595, 0.048902371453415076, 0.04628347584418291, 0.06416208245180188, 0.07188046542652919, 0.06782498254862077, 0.053781715149458356], "(-1, 4, 0, 0)": [-0.000766030094667026, 0.0044763472391103985, -0.002405578601356751, -0.00022483781959172552, 1.063779197368886e-05, -0.0026685167570283403, -0.0082491106624456, -0.00011787501910626164, -0.0019631392625559145, -0.004094788755443236, -0.0003966361549088745], "(-1, -2, 0, 0)": [0.007223380295146497, 0.02823237942571786, 0.20183591440107126, 0.01947238873961274, 0.013859264669905079, 0.03998110067065536, 0.016875609564840792, 0.03486624410864271, 0.022937341302728162, 0.026170750187681235, 0.04097293994059201], "(-1, -3, 0, 0)": [0.04558973531079371, 0.05607478855606529, 0.06816364132913148, 0.09572595198939642, 0.08345139656812268, 0.07611103235951534, 0.09531695122743802, 0.06785528303146654, 0.03589629434331761, 0.14897521556376592, 0.07306021004533798], "(-1, -4, 0, 0)": [0.025797587788659225, 0.04718766996600192, 0.007577475087171626, 0.008204452143796342, 0.009970201843125552, 0.015484153422363969, 0.027358564527582195, -0.004362856969237328, 0.0070977795511614, 0.08279665583317365, 0.010586837353871635], "(-1, -1, 0, 0)": [0.20056737059212368, 0.013207288610473902, 0.015698623556891254, 0.06388034636421946, 0.02898235324003006, 0.008807146606259315, 0.006818691486270592, 0.031140237555630997, 0.020984947467173835, 0.023520848951486744, 0.029760297146699123], "(-1, 0, 0, 0)": [0.4438099295698422, 0.4107975559906054, 0.35950232133073146, 0.43406514647510386, 0.3891678100914788, 0.37415098020282817, 0.34937470104310225, 0.3092676262288964, 0.569995029373085, 0.3565569021613111, 0.21811829914646777], "(-1, 1, 0, 0)": [0.5584283976074167, 0.5021961447652227, 0.516160810716049, 0.5372948909810337, 0.5246778236856019, 0.5165111589542926, 0.5356307261786992, 0.4522973649410545, 0.4803164939246237, 0.4823433558597923, 0.4818452441487685], "(-1, 2, 0, 0)": [0.46222971119355594, 0.16958907169338353, 0.2414217195266454, 0.2962391219637266, 0.25404286358476824, 0.28770506861742107, 0.2717106605870478, 0.2916840261717039, 0.29741916365371274, 0.23362966905297727, 0.21808201793459653], "(-2, 2, 0, 0)": [0.17367030015530546, 0.027945802749716968, 0.08709785965963644, 0.005486940803177834, 0.09225627356828997, 0.08712462723499301, 0.014721014213652298, 0.06188451273945028, 0.02868835673541259, 0.047399401421170065, 0.04896140262850539], "(-2, 3, 0, 0)": [0.00219528465994373, 0.011721618475173126, 0.014104544341169025, 0.014924677408187691, 0.0035845131818475094, 0.009112551497305992, 0.001854037679731846, 0.024554363703616647, 0.011555669553237561, 0.03670335257545698, 0.01401735071265775], "(-2, 4, 0, 0)": [-0.008210113268661499, -0.007356713934032541, -0.008009506349051978, -0.008350326813039604, -0.005926209551554543, -0.007600273492391182, -0.007267171675850319, -0.007897966135382663, -0.007261548545871452, -0.007593522372052002, -0.007159337029552147], "(1, -1, 0, 0)": [0.40340981320132907, 0.3792839150748813, 0.3613280795153371, 0.3989150964086396, 0.4073775973450436, 0.4241077122499344, 0.40750092435725066, 0.4014867815606295, 0.44057821150325677, 0.4298632739680235, 0.43162860666231145], "(1, -2, 0, 0)": [0.22848152299050617, 0.21428092634311746, 0.213323396910297, 0.2079928173601026, 0.2580359299542307, 0.21237785648813973, 0.19433265027382784, 0.2082356284134381, 0.24501587461067198, 0.23979247435065237, 0.2911544756565193], "(1, -3, 0, 0)": [0.05131058275059025, 0.08976833767809242, 0.059977144524464246, 0.06682702623532177, 0.07331321311765962, 0.06301980723117326, 0.07378665335748436, 0.07301496970774302, 0.06252511545932765, 0.07429203652377259, 0.10991209003815085], "(1, 4, 0, 0)": [0.013268555967389215, -0.00435933955013752, -0.004368335008621216, 0.0, -0.004376889020204544, 0.0, 0.0, 0.0, 0.0, -0.0023858960697555045, -0.00173898830110956], "(1, -4, 0, 0)": [-0.013285703534983564, -0.003111603019051927, -0.0032652126539746036, -0.00028504751659525363, -0.004531834423499282, 0.006158783528364192, -0.0030430069356076174, -0.0069883996781136895, -0.0023221087802228722, -0.001694773733545588, -0.009291358515225969], "(1, 0, 0, 0)": [0.4828359991627604, 0.14588875377770663, 0.11059959451414081, 0.11126608784940331, 0.2906961476504054, 0.10641553554173006, 0.16929505705137668, 0.18493405978584385, 0.19365899657180996, 0.20417812360626011, 0.09837500827438642], "(1, 2, 0, 0)": [0.16256651810481224, 0.5174875046050238, 0.33686065058387693, 0.15392905669208307, 0.21956212148421603, 0.2746233312020414, 0.25401740567942427, 0.3176206385167696, 0.17600561788059868, 0.24564490058955774, 0.19356866484089338], "(1, 3, 0, 0)": [0.0, 0.010511189264158087, 0.03733491438802653, 0.0, 0.021478939592940956, 0.005409516041783304, 0.004043622281310813, 0.015169152550284766, 0.0, 0.0, 0.0], "(-2, 1, 0, 0)": [0.42556688341692117, 0.23261731429224589, 0.237242661691006, 0.2209803485035028, 0.22411630611605848, 0.20806419863158843, 0.2494829283769707, 0.2414413370475397, 0.2508610505334169, 0.23322985104658459, 0.37154745810109135], "(-2, 0, 0, 0)": [0.3165566557299832, 0.23345018853395252, 0.25288048710564687, 0.2938523561554623, 0.2878734452243443, 0.3127511181116971, 0.3014355293384155, 0.2969892688400027, 0.22552098649795785, 0.21213458403338684, 0.4240645963318113], "(-2, -1, 0, 0)": [0.1428052311765644, 0.0806804913903158, 0.17952802386328928, 0.011070002239378075, 0.062289435236948715, 0.07723513420578176, 0.08892487607079406, 0.001991705968976021, 0.3819171493533868, 0.001994048058986664, 0.008161949482311751],