{"q_values": {"(0, 0, 0, 0)": [0.7742055899422048, 0.7666263455173111, 0.7733063000540242, 0.789761910145393, 0.7728333776352946, 0.7662053367092578, 0.7869120162789313, 0.8139015273509488, 0.765595607112967, 0.762770191034001, 0.7384900118588796], "(0, 1, 0, 0)": [0.7827708675943107, 0.7850285163428758, 0.7679307940782566, 0.788164536847846, 0.7644419341027784, 0.7862697675665257, 0.7832680564987164, 0.7889973202274323, 0.7798263226509841, 0.7848602074617131, 0.7644760918392767], "(0, 2, 0, 0)": [0.6979605111651608, 0.5522378648998054, 0.5285539787913051, 0.5895604431788457, 0.6607104358448773, 0.5493001003812479, 0.624234287104382, 0.605641923499692, 0.6287069092778498, 0.5735362431944471, 0.5966249373656629], "(0, 3, 0, 0)": [0.4226992167114755, 0.14996610366179847, 0.12710190017373776, 0.13432849692918725, 0.13350249541784387, 0.12674487637828888, 0.1103238921221199, 0.14713561374834444, 0.12135224417305167, 0.15906638612202614, 0.11504612829883722], "(0, 4, 0, 0)": [0.06324804079646358, 0.01384973791743324, 0.016564505443272357, 0.014974157855195992, 0.030105322943431927, 0.013480399063889249, 0.008613931449871388, 0.013995691545631331, 0.017470084146204178, 0.008107325469318367, 0.017429421594699956], "(0, -2, 0, 0)": [0.44890383983892723, 0.4420462253873661, 0.4351308935570257, 0.474325711776829, 0.3791510649888561, 0.4301400291963389, 0.4753742306962013, 0.49388868143121895, 0.5425549946508159, 0.4805113756982749, 0.4272842927335013], "(0, -3, 0, 0)": [0.11567767527049654, 0.1337883577025442, 0.1171415684633139, 0.16255061190022604, 0.09969867709546588, 0.10032945301496399, 0.10751265524161986, 0.14464735501953982, 0.14029460941863672, 0.1806703218779741, 0.14283998747765253], "(0, -4, 0, 0)": [0.010016931588497379, 0.007835984986283103, 0.009240711261124704, 0.009149394634901577, 0.006629118338544881, 0.008773018305596587, 0.008638938339662955, 0.008525379274405335, 0.00861069228128649, 0.007920956526928315, -0.001176854389572094], "(0, -1, 0, 0)": [0.6586061360023581, 0.6604551021454178, 0.651939571340942, 0.6517877947602331, 0.6827567879331508, 0.6529083017528142, 0.66762796358262, 0.6603218461455721, 0.6597655705175125, 0.8044566762367475, 0.6570367079622788], "(-1, 3, 0, 0)": [0.09006523431659305, 0.07530075637758274, 0.038314168025463766, 0.06796869407771333, 0.052511715983264595, 0.06070686897339088, 0.04628347584418291, 0.06416208245180188, 0.06284351486580456, 0.06782498254862077, 0.053781715149458356], "(-1, 4, 0, 0)": [-0.000766030094667026, -0.002798396169376745, -0.002405578601356751, 0.007769620720579198, -0.0017004600437898181, -0.0026685167570283403, -0.0082491106624456, -0.00042351452943876003, -0.0019631392625559145, -0.004094788755443236, -0.0003966361549088745], "(-1, -2, 0, 0)": [0.007223380295146497, 0.02823237942571786, 0.2631858965379946, 0.01947238873961274, 0.013859264669905079, 0.03998110067065536, 0.016875609564840792, 0.03486624410864271, 0.022937341302728162, 0.026170750187681235, 0.04097293994059201], "(-1, -3, 0, 0)": [0.04558973531079371, 0.05607478855606529, 0.09671613777235745, 0.09572595198939642, 0.08345139656812268, 0.09584392043728403, 0.1177075091709418, 0.09047483745949671, 0.03589629434331761, 0.22715754544384387, 0.07306021004533798], "(-1, -4, 0, 0)": [0.025797587788659225, 0.04699993868901939, 0.007577475087171626, 0.008204452143796342, 0.009970201843125552, 0.015484153422363969, 0.044527906165402156, -0.004362856969237328, 0.0070977795511614, 0.14989384086612575, 0.010586837353871635], "(-1, -1, 0, 0)": [0.2926187679897112, 0.013207288610473902, 0.015698623556891254, 0.06388034636421946, 0.06827741856652515, 0.008807146606259315, 0.006818691486270592, 0.031140237555630997, 0.020984947467173835, 0.023520848951486744, 0.029760297146699123], "(-1, 0, 0, 0)": [0.6523612206354928, 0.6386272242931449, 0.6388930978240207, 0.651357900678779, 0.6748289018442812, 0.6635594186179136, 0.6336498398574669, 0.6211653314084172, 0.6564828856704912, 0.6572804882715826, 0.6837894219124636], "(-1, 1, 0, 0)": [0.6451452438815375, 0.6433731676507757, 0.6200207470610214, 0.6233483600364507, 0.6314656267829388, 0.644477428444118, 0.6364277730922837, 0.6240740781338467, 0.6145678010733512, 0.6147971131709837, 0.6289077730582502], "(-1, 2, 0, 0)": [0.32992600625123186, 0.2616209978745599, 0.28861007432564245, 0.3102726564219194, 0.2868698739250608, 0.3077520416259093, 0.2831858099818157, 0.28704434431522424, 0.27948739588863114, 0.32482249658534385, 0.278121949306372], "(-2, 2, 0, 0)": [0.0960823639460691, 0.12804623571097126, 0.09710493051978898, 0.0840816068674709, 0.08977035995515359, 0.08986081967957128, 0.09688487047785316, 0.06188451273945028, 0.09291772997818004, 0.08918324894081017, 0.09569481125536701], "(-2, 3, 0, 0)": [0.016743331406440413, 0.011721618475173126, 0.026031433937106187, 0.0267772516746751, 0.012293912694604066, 0.01594772329740096, 0.00951008951400404, 0.03301564037086133, 0.011555669553237561, 0.027095934369946992, 0.02104023282032298], "(-2, 4, 0, 0)": [-0.011686770332542281, -0.012102512983722946, -0.011657478460310988, -0.01221370465819303, -0.012123691429251645, -0.012151957899783142, -0.011772152718781584, -0.012068055036220847, -0.011833257148277546, -0.011747678276379903, -0.009170396114173312], "(1, -1, 0, 0)": [0.42059306410660646, 0.41229863659158195, 0.3613280795153371, 0.4173188745095474, 0.4157931355998717, 0.4184642132489933, 0.4093604799334125, 0.3982484569939199, 0.39539491845075525, 0.4033329144814257, 0.38947433696260103], "(1, -2, 0, 0)": [0.27288242980303423, 0.27508620529419525, 0.2560174057773334, 0.28796065969063833, 0.22922981424527705, 0.27194296879506713, 0.25349881836873395, 0.26322602944927753, 0.28336843509676224, 0.28041107526154124, 0.288220280637914], "(1, -3, 0, 0)": [0.05131058275059025, 0.08214536344659625, 0.07971542234699965, 0.08395546036666725, 0.08385237553373628, 0.06301980723117326, 0.0857429681236647, 0.07301496970774302, 0.07326808625899607, 0.08144978506847006, 0.0889217420886603], "(1, 4, 0, 0)": [0.024357687980117025, -0.00435933955013752, -0.004368335008621216, 0.0, -0.004376889020204544, 0.0, 0.0, 0.0, 0.0, -0.0023858960697555045, -0.00173898830110956], "(1, -4, 0, 0)": [-0.013285703534983564, -0.006855373308986964, -0.0032652126539746036, -0.00028504751659525363, -0.004531834423499282, 0.005994956651462916, -0.006805554641398768, -0.0013795587434022143, -0.0023221087802228722, -0.001694773733545588, -0.009291358515225969], "(1, 0, 0, 0)": [0.5503883434914958, 0.14588875377770663, 0.11059959451414081, 0.11126608784940331, 0.2906961476504054, 0.2676475094720442, 0.23870935880146527, 0.27560390162776677, 0.2144843782376387, 0.24361326666962344, 0.09837500827438642], "(1, 2, 0, 0)": [0.24859804011381864, 0.7435535947284646, 0.33686065058387693, 0.2613903847141556, 0.28403300220468186, 0.3474135464453341, 0.3274141638524833, 0.3176206385167696, 0.25935127906461575, 0.39482349803846395, 0.3764026385478404], "(1, 3, 0, 0)": [0.0, 0.010511189264158087, 0.08242815393841027, 0.0, 0.021478939592940956, 0.005409516041783304, 0.004043622281310813, 0.015169152550284766, 0.0, 0.0, 0.0], "(-2, 1, 0, 0)": [0.4666147671038577, 0.44328792969854675, 0.41894649799994754, 0.4567354395509411, 0.4491142510271572, 0.4129707604113587, 0.4478877432137466, 0.45446411998033576, 0.4166285221606919, 0.4344320746546221, 0.44540636479411666], "(-2, 0, 0, 0)": [0.4169331364668839, 0.3935433022340816, 0.3943711857248947, 0.36489250763516123, 0.4426713254492135, 0.447163015762599, 0.3734494611271625, 0.3424826651796983, 0.34062614387005274, 0.38539822432011, 0.529434284622118], "(-2, -1, 0, 0)": [0.1428052311765644, 0.0806804913903158, 0.17952802386328928, 0.011070002239378075, 0.062289435236948715, 0.07723513420578176, 0.08892487607079406, 0.001991705968976021, 0.3819171493533868, 0.001994048058986664, 0.008161949482311751],