{"q_values": {"(0, 0, 0, 0)": [0.23322712640585105, 0.23842583929592054, 0.24608114474286136, 0.24219571425850822, 0.23062105853831844, 0.23345092736550652, 0.24035576098188288, 0.2381126970043611, 0.23667121826519188, 0.23133200560744543, 0.2285920807988226], "(0, 1, 0, 0)": [0.22367471218757437, 0.20093900868527625, 0.21298781475378298, 0.21167015600416014, 0.2123126595192443, 0.2013096414043739, 0.20971861118234061, 0.2015118792749551, 0.19818430886218588, 0.21176567323719736, 0.21059982816385078], "(0, 2, 0, 0)": [0.11731268667119549, 0.13016189417210303, 0.13722767302842032, 0.1219415176707514, 0.14498053471394812, 0.1318516103152825, 0.1320837460970759, 0.11814534311729652, 0.13273940406907817, 0.13642113994736654, 0.1357688644779102], "(0, 3, 0, 0)": [0.05019098114074097, 0.048934462173125665, 0.054935061425373743, 0.05777584846336858, 0.050739059059759645, 0.032751677972949395, 0.06852025983939641, 0.046672905712359894, 0.05285986433178244, 0.05250134146473287, 0.052470008879413825], "(0, 4, 0, 0)": [0.001347733157068036, 0.003574321230930053, -0.0050720342118739685, 0.007683753447585998, 0.00841158627204753, 0.0037753439617611365, 0.0020768917433213307, 0.013676038620178719, 0.00590050746973253, -0.003435291689512213, -0.0052891639466801504], "(0, -2, 0, 0)": [0.16569644221200083, 0.185890238929557, 0.15862317636837128, 0.17056022350051844, 0.17809232743041167, 0.18083034030963577, 0.1811700552995108, 0.17931441790017993, 0.1737299290888742, 0.17743107686617013, 0.1753740274360665], "(0, -3, 0, 0)": [0.06861167136970148, 0.07985506384658626, 0.07614184414025701, 0.0698509366013335, 0.07162021951076848, 0.07689593147984645, 0.06494756579660783, 0.07283516764334298, 0.07963990370423878, 0.06299878286267886, 0.07440304663773545], "(0, -4, 0, 0)": [0.009475888087341617, 0.008831906153765773, 0.00907236374397953, 0.004730984853526985, 0.010863681487662587, 0.002082542240193745, 0.008856417954535805, 0.008949285547110757, 0.0036223838210405687, 0.0009544255010135927, 0.003811232651105485], "(0, -1, 0, 0)": [0.24861191850644415, 0.2531645263215471, 0.24382498532722507, 0.21816106305429914, 0.24253951248575178, 0.24576831154286785, 0.2060244296728532, 0.23812469089556682, 0.23193094163217726, 0.24811846217173855, 0.24621502689827046], "(-1, 3, 0, 0)": [0.0017376624047756196, 0.0, 0.0018500711768865586, 0.0, 0.0021791260339319705, 0.008179875364387638, 0.002156786611303687, 0.004489509615328914, 0.002205742860585451, 0.0018159905448555946, 0.004394277013838292], "(-1, 4, 0, 0)": [0.0, 0.0, 0.0, 0.0016606515273451805, 0.0, 0.0, -0.0005802344362139701, 0.0, 0.0017149697989225388, 0.0, -0.004356790333986282], "(-1, -2, 0, 0)": [0.0019410135224461557, 0.001919562928378582, 0.009481343765147305, 0.004886971983373165, 0.001893226243555546, 0.0, 0.0029747903029143756, 0.0, 0.0, 0.0, 0.0], "(-1, -3, 0, 0)": [0.004251749595662263, 0.0043458110593006406, 0.0, 0.0017972098663449289, 0.0, 0.00912992940429915, 0.0, 0.001855779066681862, 0.012076561376318743, 0.006993828571683999, 0.0], "(-1, -4, 0, 0)": [-0.0010116964486722472, 0.0016979308798909189, 0.0, -0.0031780805114254864, 0.0, 0.0020475510861724614, 0.0, 0.0, 0.001652614213526249, 0.0, 0.0], "(-1, -1, 0, 0)": [0.0026847235865777733, 0.0, 0.0, 0.0, 0.0, 0.0, 0.0, 0.0, 0.0, 0.0, 0.0]}}