{"q_values": {"(0, 0, 0, 0)": [0.5617552743755183, 0.5473465736328426, 0.5571091589535498, 0.5479624859377469, 0.5437953398603882, 0.5367007507659062, 0.5648012141404583, 0.5412874374284204, 0.5355717066058786, 0.5375908709677695, 0.5299473929325924], "(0, 1, 0, 0)": [0.5126302945847849, 0.5019787483843373, 0.5333398925222479, 0.5162112494193446, 0.5175525746202889, 0.5285631146230557, 0.5052681683095166, 0.5172841471231144, 0.5275852031590943, 0.5231985709054794, 0.5143090045791014], "(0, 2, 0, 0)": [0.41792706581210143, 0.4181082185958483, 0.40858062618454283, 0.37037544153942287, 0.3941998223828377, 0.41567412415422467, 0.4161669827832604, 0.3580300217427458, 0.407286036996539, 0.397203925068456, 0.34006787087825135], "(0, 3, 0, 0)": [0.25384725838110367, 0.1496649842828815, 0.18795626010403038, 0.09136431826708656, 0.15976489476513966, 0.1371252154044455, 0.10626451377084725, 0.12311408945895569, 0.12135224417305167, 0.09676926294760531, 0.13494227315546994], "(0, 4, 0, 0)": [0.03664896744131089, 0.01384973791743324, 0.022839187380765777, 0.013570314380076437, 0.007081363611082511, 0.013480399063889249, 0.016228679179674795, 0.013995691545631331, 0.03252328096935806, 0.008107325469318367, 0.013963136243328244], "(0, -2, 0, 0)": [0.36718082257414925, 0.3766508319673577, 0.3734482248326195, 0.3451196895904786, 0.35710002252804784, 0.36950377170277826, 0.34741054500032587, 0.39157446655707207, 0.36554690400970086, 0.4486178931452978, 0.3951650136636427], "(0, -3, 0, 0)": [0.09922030484123297, 0.1337883577025442, 0.1171415684633139, 0.1435094553824137, 0.09969867709546588, 0.0947154093824823, 0.10751265524161986, 0.08102573090730333, 0.16366929307450293, 0.15992778979515992, 0.16861560038226514], "(0, -4, 0, 0)": [0.010542496597320133, 0.007835984986283103, 0.009240711261124704, 0.009149394634901577, 0.006629118338544881, 0.01351690965567949, 0.008638938339662955, 0.013743392556733389, 0.00861069228128649, 0.007920956526928315, 0.00399167069834477], "(0, -1, 0, 0)": [0.5426410225520155, 0.5530708551823457, 0.5478024971114045, 0.5204041678088517, 0.5365259703542676, 0.5366313664589893, 0.5062124852976965, 0.5464516100671599, 0.5425258048155469, 0.5335046696705951, 0.5809355712934615], "(-1, 3, 0, 0)": [0.03722391057598286, 0.070708818682844, 0.043394436344212195, 0.039563301205510604, 0.052511715983264595, 0.048902371453415076, 0.04628347584418291, 0.04176342813945404, 0.053665318510321136, 0.05189986215166378, 0.053781715149458356], "(-1, 4, 0, 0)": [-0.0021845220517155554, -0.003341750537557595, -0.0074098233074064955, -0.0033919104656021624, 8.784091179019592e-05, -0.0026685167570283403, -0.0082491106624456, -0.0035805604603137246, -0.0019631392625559145, -0.004094788755443236, -0.010412817040560799], "(-1, -2, 0, 0)": [0.007223380295146497, 0.02823237942571786, 0.1138211117668877, 0.01947238873961274, 0.013859264669905079, 0.03998110067065536, 0.016875609564840792, 0.03486624410864271, 0.022937341302728162, 0.026170750187681235, 0.04097293994059201], "(-1, -3, 0, 0)": [0.04558973531079371, 0.05607478855606529, 0.06003830399918619, 0.0665846072639069, 0.08345139656812268, 0.07611103235951534, 0.08428366327464998, 0.06785528303146654, 0.03589629434331761, 0.12074866830147087, 0.07306021004533798], "(-1, -4, 0, 0)": [-0.0010116964486722472, 0.0019235684788627549, 0.007577475087171626, 0.008204452143796342, 0.009970201843125552, 0.015484153422363969, 0.007651668553200033, -0.004362856969237328, 0.0070977795511614, 0.0770509951675691, 0.010586837353871635], "(-1, -1, 0, 0)": [0.12558384143974796, 0.013207288610473902, 0.015698623556891254, 0.029077955303792744, 0.02898235324003006, 0.008807146606259315, 0.006818691486270592, 0.031140237555630997, 0.020984947467173835, 0.023520848951486744, 0.029760297146699123], "(-1, 0, 0, 0)": [0.26274423768663296, 0.22471763627745028, 0.11633240685869442, 0.22398510870890495, 0.10341465042143679, 0.13172173954327812, 0.19941327036318748, 0.1590799777866235, 0.37663776584418107, 0.24591238288420658, 0.16978657031652455], "(-1, 1, 0, 0)": [0.29801405745808585, 0.349246340054238, 0.31330513865947424, 0.30565898621719473, 0.3296532544945277, 0.280285999228267, 0.30806112884814857, 0.29828655494112993, 0.29749214196971374, 0.3198589389508467, 0.3208942670255174], "(-1, 2, 0, 0)": [0.29187909405016427, 0.1520903527734599, 0.1480522838922583, 0.1837231243355605, 0.15712100028509926, 0.1438481712593025, 0.16667379166556612, 0.18214000879169048, 0.1455081502580595, 0.1483630555159086, 0.18319108771753537], "(-2, 2, 0, 0)": [0.13056251565093405, 0.002946046770299077, 0.035183533839403994, 0.005486940803177834, 0.005167654242480009, 0.02084010267407335, 0.014721014213652298, 0.002945382324258299, 0.02868835673541259, 0.02490664453428186, 0.0206207190190012], "(-2, 3, 0, 0)": [0.00219528465994373, 0.011721618475173126, 0.014104544341169025, 0.014924677408187691, 0.0035845131818475094, 0.009112551497305992, 0.001854037679731846, 0.007894952355271382, 0.0, 0.046941380897419546, 0.01401735071265775], "(-2, 4, 0, 0)": [-0.0043862685561180115, -0.0032791518981652263, -0.004054499052682654, -0.004131763449589409, -0.002984950320020491, -0.0034171921958108904, -0.004378936067223549, -0.004782362654140313, -0.002838537566033838, -0.0057296134103536605, -0.0043601408600807195], "(1, -1, 0, 0)": [0.28252350001781906, 0.27953527040940324, 0.2656313392158541, 0.24037521992319494, 0.2880337202045089, 0.2894945610663086, 0.2806507093464606, 0.2922276618269633, 0.27797793229436996, 0.2642289872859033, 0.29212911530743413], "(1, -2, 0, 0)": [0.18027601790641512, 0.18006969171481965, 0.18493288906243788, 0.16325856176949724, 0.18157396788368058, 0.17618793980084163, 0.17020609301985662, 0.171917131816753, 0.17381246631614616, 0.1772172430850432, 0.1633115562782353], "(1, -3, 0, 0)": [0.07668788639874091, 0.06251980770134614, 0.059977144524464246, 0.06765632566276591, 0.0626057239572226, 0.06943575171579802, 0.05159607995186985, 0.06373007261627725, 0.07856281994074771, 0.05933015032375629, 0.07042087962670537], "(1, 4, 0, 0)": [0.013268555967389215, -0.00435933955013752, -0.004368335008621216, 0.0, -0.004376889020204544, 0.0, 0.0, 0.0, 0.0, -0.0023858960697555045, -0.00173898830110956], "(1, -4, 0, 0)": [-0.013285703534983564, -0.001848558144859085, -0.0032652126539746036, -0.0033337478921892406, -0.004881383450943301, -0.002271237153878958, 0.003025200897394281, 0.0020561267086669642, -0.000784384413624422, -0.005708239832803206, -0.009291358515225969], "(1, 0, 0, 0)": [0.21595394532626577, 0.14588875377770663, 0.11059959451414081, 0.11126608784940331, 0.33648745166493343, 0.10641553554173006, 0.16929505705137668, 0.1206850676255412, 0.10683653774274304, 0.143301660395614, 0.09837500827438642], "(1, 2, 0, 0)": [0.16256651810481224, 0.40209187105624616, 0.2516663207950375, 0.1523060797853271, 0.15819653487143515, 0.2342683310293285, 0.25401740567942427, 0.2576783405427004, 0.17600561788059868, 0.19851700978391024, 0.14431791173122077], "(1, 3, 0, 0)": [0.0, 0.010511189264158087, 0.03733491438802653, 0.0, 0.021478939592940956, 0.005409516041783304, 0.004043622281310813, 0.015169152550284766, 0.0, 0.0, 0.0], "(-2, 1, 0, 0)": [0.22367064403453035, 0.06549504145665008, 0.02384632611721224, 0.05406688439663307, 0.07289452471456329, 0.06299835526535741, 0.060608990768422, 0.0586488639430167, 0.094404939854145, 0.008245841070633657, 0.06675638805949152], "(-2, 0, 0, 0)": [0.21623896851867028, 0.1752271929572225, 0.06562191782466643, 0.10738165059830991, 0.15413119826026914, 0.12333978528798227, 0.10757590876058455, 0.15528315498924541, 0.11975583679331517, 0.14865331725563063, 0.16054048264855614], "(-2, -1, 0, 0)": [0.041589073874344656, 0.010420333937188195, 0.02589639087587506, 0.011070002239378075, 0.01507062273152028, 0.01454083980835581, 0.025343701119274295, 0.001991705968976021, 0.2518174515046987, 0.001994048058986664, 0.008161949482311751],