{"q_values": {"(0, 0, 0, 0)": [0.35234948488316986, 0.3597791116277575, 0.3572880777141385, 0.3522033428438675, 0.3513464761369504, 0.36620786135744676, 0.34349828138373284, 0.3480339091490414, 0.3511908732193137, 0.3560604352512638, 0.35734966628512926], "(0, 1, 0, 0)": [0.3122832520662044, 0.283242071329579, 0.2521466915457578, 0.2807144147847257, 0.27601302239221304, 0.2848661038297886, 0.27363776694248537, 0.26490708980356803, 0.2805210298433624, 0.2915999780010632, 0.28046509813197024], "(0, 2, 0, 0)": [0.1522374135639668, 0.13837041004127826, 0.1514917730583892, 0.1395326142414182, 0.14996257022035436, 0.14615741803227894, 0.15238592211871602, 0.14450090372761012, 0.14793931811874528, 0.13869668431686177, 0.1415431405414748], "(0, 3, 0, 0)": [0.05446532300328864, 0.09121131442294479, 0.07543241235824201, 0.06918440673449411, 0.06497199404121684, 0.0679599777862505, 0.07001182119159984, 0.05436087998478206, 0.05101805246581899, 0.06244477305918057, 0.04932239377779566], "(0, 4, 0, 0)": [0.0032250518693000716, 0.00634135130772736, -0.004105622613622403, 0.006091626843996627, 0.003937444077911898, 0.006060572960661534, 0.002160400782347081, 0.007163216053597424, 0.0052076353795274385, 0.004682426786756708, 0.0036044010147594455], "(0, -2, 0, 0)": [0.18403815606411308, 0.20675285304900712, 0.16463448674033876, 0.21514271371819127, 0.20686242101887586, 0.20017455843916135, 0.19095503495123656, 0.2105403624424732, 0.19614014623123302, 0.20062357779834977, 0.16598933720794073], "(0, -3, 0, 0)": [0.07698908679690873, 0.07180926776348458, 0.07137502552325697, 0.0711472742257247, 0.06521972476946757, 0.0767633315808732, 0.07694475364077918, 0.06733268965928269, 0.06489270174093946, 0.0771055687031167, 0.07313554756437599], "(0, -4, 0, 0)": [0.0018639996476153328, -0.0018005244183486608, 0.005918143544495198, 0.002935372233136192, 0.0005596190670257789, 0.006012681663478911, 0.003459982085288308, 0.0032786802145299476, 0.004035514120593991, 0.005590949888308114, 0.005908753637770414], "(0, -1, 0, 0)": [0.3529870814898364, 0.3568399809930684, 0.360374680156528, 0.3554332969548824, 0.3373179138128338, 0.3592256099061229, 0.33957102726792054, 0.3631609033640204, 0.37673190514281896, 0.36091793324993604, 0.3287941660386198], "(-1, 3, 0, 0)": [0.0017376624047756196, 0.003824563277477384, 0.0018500711768865586, 0.0, 0.005579500421399236, 0.010605831823773192, 0.005494741854781271, 0.004489509615328914, 0.002205742860585451, 0.0018159905448555946, 0.008406023259291412], "(-1, 4, 0, 0)": [0.0, 0.0, 0.0, 0.0016606515273451805, 0.0, 0.0, -0.0005802344362139701, 0.0, 0.004728651414737106, 0.0, -0.007865164056420326], "(-1, -2, 0, 0)": [0.0038447956603020433, 0.005353907904564718, 0.02694952691091132, 0.012593371380805157, 0.009402384112076197, 0.008404691146673549, 0.0029747903029143756, 0.011361947308530872, 0.00982590095801757, 0.0109828916584465, 0.008373061721983032], "(-1, -3, 0, 0)": [0.018388683730262874, 0.010291633769488932, 0.00939239993396306, 0.004084637416969479, 0.011404582272929061, 0.011396086656506108, 0.004025152013504643, 0.008407409067315845, 0.02259972793512565, 0.019879411665922206, 0.00364159690411066], "(-1, -4, 0, 0)": [-0.0010116964486722472, 0.0020024895100474553, 0.0, 0.005311753358916474, 0.0022102433379272753, 0.0005577077713454, 0.0036018488394204493, 0.0, 0.001652614213526249, 0.0, 0.00267814283365486], "(-1, -1, 0, 0)": [0.022172422473984703, 0.009507444820599106, 0.00924401369418312, 0.0, 0.0, 0.0019753171131014825, 0.0, 0.0019574372097849848, 0.007541466353850156, 0.0, 0.0], "(-1, 0, 0, 0)": [0.011445635078232382, 0.0, 0.012569069912944448, 0.005139449992986344, 0.01841664262350267, 0.0019999995827674867, 0.001999942772090435, 0.007440987309973201, 0.008865231620004726, 0.0019971663132309914, 0.0035949819907546044], "(-1, 1, 0, 0)": [0.02376745719546701, 0.01615146575069583, 0.0027552863648940234, 0.019060469730757274, 0.01445054075176341, 0.011158391711117998, 0.0077127459644750545, 0.012078307007699615, 0.007088506526637137, 0.015423764800332595, 0.0], "(-1, 2, 0, 0)": [0.009014996280184913, 0.0030142849776461722, 0.007690897828844337, 0.002725515868254006, 0.003560060783672746, 0.0019468506798148155, 0.004742722029436047, 0.002438374119982645, 0.0, 0.0, 0.0], "(-2, 2, 0, 0)": [0.007861034809078455, 0.002946046770299077, 0.005889240219988108, 0.004505740509117246, 0.0, 0.0045754393834689785, 0.001870253309607506, 0.0, 0.0, 0.0, 0.005649715009170914], "(-2, 3, 0, 0)": [0.0, 0.0, 0.001745228096842766, 0.0, 0.0, 0.0, 0.001854037679731846, 0.0, 0.0, 0.0017786741256713868, 0.004005700864932686], "(-2, 4, 0, 0)": [0.0, 0.0, 0.0, 0.0, 0.0, -0.002774749443233013, 0.0, 0.0, 0.001708185486495495, 0.0, 0.0], "(1, -1, 0, 0)": [0.004334872142842557, 0.010449167811637777, 0.016175422438940698, 0.030283201046103207, 0.018796329724093497, 0.0, 0.01853966612427991, 0.013104704452999315, 0.0039303795635700235, 0.009060077494980993, 0.016855378584569623], "(1, -2, 0, 0)": [0.005017157863185116, 0.012432073505463895, 0.042867120446990044, 0.01187600029062193, 0.007827135364140867, 0.006759453416208339, 0.008103289917667353, 0.0, 0.015757929027589847, 0.006351144583735301, 0.007764847605239251], "(1, -3, 0, 0)": [0.052540428543742725, 0.0018053259700536728, 0.010769514042898505, 0.0048786322732071894, 0.003244202183580172, 0.0183170379823933, 0.00596524978135109, 0.003721674971432462, 0.0036542936898767953, 0.0032713416218757632, 0.0], "(1, 4, 0, 0)": [0.0, 0.0, 0.0, 0.0, -0.004376889020204544, 0.0, 0.0, 0.0, 0.0, 0.001659558154642582, 0.0], "(1, -4, 0, 0)": [-0.001055685163502091, 0.0, 0.0, 0.0005097951574258826, 0.0, 0.0026374244938671765, 0.0, 0.0, 0.0, 0.0, -0.0010369841234524535], "(1, 0, 0, 0)": [0.01895028446243527, 0.0, 0.004482345885422153, 0.007241687503011572, 0.0019971761852502824, 0.007242545586378919, 0.0, 0.0, 0.0, 0.004482099457468909, 0.0]}}