{"q_values": {"(0, 0, 0, 0)": [0.7691753766068511, 0.7758945108790296, 0.7517814501480438, 0.777200218478615, 0.7714044043317445, 0.778269534767929, 0.8075402604429749, 0.7660107352215323, 0.7720604615448905, 0.7705863009524142, 0.7669143827123514], "(0, 1, 0, 0)": [0.7594704010358786, 0.7611445099193263, 0.7679508838264416, 0.7523078508518592, 0.755627014963019, 0.7490398000418386, 0.7569726078218009, 0.7791929862270227, 0.7610434997860764, 0.6980565554085981, 0.7567113507876584], "(0, 2, 0, 0)": [0.690693163189503, 0.6194387322856262, 0.4965536049863418, 0.5614754180063228, 0.5799958113230644, 0.5236227368152879, 0.5783124153083213, 0.5102327153708818, 0.614304547429535, 0.5009393885450178, 0.5966249373656629], "(0, 3, 0, 0)": [0.22519778436434218, 0.14996610366179847, 0.12710190017373776, 0.13432849692918725, 0.13350249541784387, 0.12674487637828888, 0.1103238921221199, 0.14713561374834444, 0.12135224417305167, 0.15906638612202614, 0.11504612829883722], "(0, 4, 0, 0)": [0.06324804079646358, 0.01384973791743324, 0.016564505443272357, 0.014974157855195992, 0.030105322943431927, 0.013480399063889249, 0.008613931449871388, 0.013995691545631331, 0.017470084146204178, 0.008107325469318367, 0.017429421594699956], "(0, -2, 0, 0)": [0.48973792298754026, 0.4420462253873661, 0.3741457838648977, 0.4264543282240922, 0.3791510649888561, 0.3706161768768781, 0.468863344169419, 0.4309599973803581, 0.4546952291577204, 0.44997435335647196, 0.5795178572322108], "(0, -3, 0, 0)": [0.11567767527049654, 0.1337883577025442, 0.1171415684633139, 0.13633641387059572, 0.09969867709546588, 0.08035958484203617, 0.10751265524161986, 0.14464735501953982, 0.14029460941863672, 0.18981550233407038, 0.18121353319313918], "(0, -4, 0, 0)": [0.010016931588497379, 0.007835984986283103, 0.009240711261124704, 0.009149394634901577, 0.006629118338544881, 0.01729106442312078, 0.008638938339662955, 0.008525379274405335, 0.00861069228128649, 0.007920956526928315, -0.001176854389572094], "(0, -1, 0, 0)": [0.6927779226266554, 0.6889735965556093, 0.694361011741897, 0.7023821634194053, 0.6947241484737747, 0.6850329510380682, 0.6956770453342189, 0.6694728185113048, 0.6938931317953468, 0.6786306080447765, 0.6849597039670622], "(-1, 3, 0, 0)": [0.06965591792871875, 0.06792462709099616, 0.038314168025463766, 0.0711196194389057, 0.052511715983264595, 0.06070686897339088, 0.04628347584418291, 0.06416208245180188, 0.07306289432105571, 0.06782498254862077, 0.053781715149458356], "(-1, 4, 0, 0)": [-0.000766030094667026, -0.002798396169376745, -0.002405578601356751, -0.00022483781959172552, 1.063779197368886e-05, -0.0026685167570283403, -0.0082491106624456, -0.00011787501910626164, -0.0019631392625559145, -0.004094788755443236, -0.0003966361549088745], "(-1, -2, 0, 0)": [0.007223380295146497, 0.02823237942571786, 0.2495889118778981, 0.01947238873961274, 0.013859264669905079, 0.03998110067065536, 0.016875609564840792, 0.03486624410864271, 0.022937341302728162, 0.026170750187681235, 0.04097293994059201], "(-1, -3, 0, 0)": [0.04558973531079371, 0.05607478855606529, 0.09671613777235745, 0.09572595198939642, 0.08345139656812268, 0.09584392043728403, 0.1177075091709418, 0.09047483745949671, 0.03589629434331761, 0.19388880833045868, 0.07306021004533798], "(-1, -4, 0, 0)": [0.025797587788659225, 0.04699993868901939, 0.007577475087171626, 0.008204452143796342, 0.009970201843125552, 0.015484153422363969, 0.044527906165402156, -0.004362856969237328, 0.0070977795511614, 0.13187764111882627, 0.010586837353871635], "(-1, -1, 0, 0)": [0.2798146856175635, 0.013207288610473902, 0.015698623556891254, 0.06388034636421946, 0.06827741856652515, 0.008807146606259315, 0.006818691486270592, 0.031140237555630997, 0.020984947467173835, 0.023520848951486744, 0.029760297146699123], "(-1, 0, 0, 0)": [0.6097408007577891, 0.6194849814100774, 0.6099192252051834, 0.6013787470827024, 0.5668517226852832, 0.6114137338571433, 0.6002166355443763, 0.6521231441952643, 0.6131899376163681, 0.5843469043194596, 0.6048803390689804], "(-1, 1, 0, 0)": [0.624677930894864, 0.6128311176860627, 0.5302221717771414, 0.6027609071411382, 0.6108593848533492, 0.5878531225168346, 0.6255845312216906, 0.5929626072982012, 0.6074696561017583, 0.6007108203826715, 0.6138510782948019], "(-1, 2, 0, 0)": [0.30964726425662936, 0.23037463622093074, 0.31542195336257445, 0.31083843018714796, 0.2868698739250608, 0.3077520416259093, 0.2831858099818157, 0.29496445649453984, 0.27948739588863114, 0.3508051006327689, 0.278121949306372], "(-2, 2, 0, 0)": [0.12271775190585472, 0.10342402778998488, 0.12208749625714518, 0.0840816068674709, 0.08977035995515359, 0.11570754919124528, 0.11398795015283499, 0.06188451273945028, 0.09291772997818004, 0.08918324894081017, 0.12270644207047941], "(-2, 3, 0, 0)": [0.009266040013373389, 0.011721618475173126, 0.026031433937106187, 0.0267772516746751, 0.012293912694604066, 0.01594772329740096, 0.00951008951400404, 0.028450719886631642, 0.011555669553237561, 0.03594194766196192, 0.02104023282032298], "(-2, 4, 0, 0)": [-0.01041476574673093, -0.012102512983722946, -0.011462312617064409, -0.011502017165197177, -0.010220600299141428, -0.011457524399179266, -0.011772152718781584, -0.011487346567549944, -0.011833257148277546, -0.011747678276379903, -0.011531564305769921], "(1, -1, 0, 0)": [0.42935961829626873, 0.40268634420625116, 0.3613280795153371, 0.42203639499743545, 0.4070292201695593, 0.4097883123335173, 0.4093604799334125, 0.42811021688765105, 0.4143685384891547, 0.41509861476168114, 0.38947433696260103], "(1, -2, 0, 0)": [0.23722388749340528, 0.27698684038339466, 0.30253839659028736, 0.2711528381535544, 0.22922981424527705, 0.30713765579058344, 0.19433265027382784, 0.26322602944927753, 0.2645882050907169, 0.3012481108859521, 0.3528386864747822], "(1, -3, 0, 0)": [0.05131058275059025, 0.08976833767809242, 0.07971542234699965, 0.10573901413057658, 0.10440747821828694, 0.06301980723117326, 0.10917429176371851, 0.07301496970774302, 0.05319189249142472, 0.10627990705137866, 0.10993106350618617], "(1, 4, 0, 0)": [0.024357687980117025, -0.00435933955013752, -0.004368335008621216, 0.0, -0.004376889020204544, 0.0, 0.0, 0.0, 0.0, -0.0023858960697555045, -0.00173898830110956], "(1, -4, 0, 0)": [-0.013285703534983564, -0.006855373308986964, -0.0032652126539746036, -0.00028504751659525363, -0.004531834423499282, 0.016782452726170013, -0.0030430069356076174, -0.0069883996781136895, -0.0023221087802228722, -0.001694773733545588, -0.009291358515225969], "(1, 0, 0, 0)": [0.6155277921432889, 0.14588875377770663, 0.11059959451414081, 0.11126608784940331, 0.2906961476504054, 0.18143187903638303, 0.23870935880146527, 0.27560390162776677, 0.19365899657180996, 0.24361326666962344, 0.09837500827438642], "(1, 2, 0, 0)": [0.16256651810481224, 0.5650042139142056, 0.33686065058387693, 0.2613903847141556, 0.21956212148421603, 0.3474135464453341, 0.3274141638524833, 0.3176206385167696, 0.17600561788059868, 0.39482349803846395, 0.340608675180901], "(1, 3, 0, 0)": [0.0, 0.010511189264158087, 0.08242815393841027, 0.0, 0.021478939592940956, 0.005409516041783304, 0.004043622281310813, 0.015169152550284766, 0.0, 0.0, 0.0], "(-2, 1, 0, 0)": [0.46048440238179683, 0.41764028819433824, 0.4010994382150652, 0.3747369746596898, 0.36498413907457733, 0.40715191117356986, 0.42748902371210656, 0.40871924955143446, 0.37660047108391365, 0.3526223303773043, 0.41516724751185075], "(-2, 0, 0, 0)": [0.3842920942075415, 0.35646012661852833, 0.3943711857248947, 0.33185342492896586, 0.4196712583077337, 0.4214073519052052, 0.3734494611271625, 0.3424826651796983, 0.30007621194182704, 0.3080561609858311, 0.47651276916805835], "(-2, -1, 0, 0)": [0.1428052311765644, 0.0806804913903158, 0.17952802386328928, 0.011070002239378075, 0.062289435236948715, 0.07723513420578176, 0.08892487607079406, 0.001991705968976021, 0.3819171493533868, 0.001994048058986664, 0.008161949482311751],