{"q_values": {"(0, 0, 0, 0)": [0.6892111570997621, 0.635131095217419, 0.6326143080443966, 0.649701602597023, 0.6152482317538261, 0.6417112891384168, 0.6060213127608682, 0.6410258948856526, 0.6325689232679141, 0.6425476916849473, 0.6322447307636568], "(0, 1, 0, 0)": [0.6854068569085161, 0.6291614215454835, 0.5968878499564424, 0.6116238590029969, 0.6284380547699461, 0.6173793455118195, 0.6167605586748397, 0.6266923687625119, 0.5987173736916889, 0.6087633129554143, 0.6478294735152864], "(0, 2, 0, 0)": [0.6661196917397987, 0.35415487557919795, 0.37815467242166434, 0.3490750432998845, 0.3747165834752442, 0.42225046245367254, 0.36814697159597265, 0.39937305779504834, 0.4299176494774257, 0.4742940937207204, 0.35823503351283315], "(0, 3, 0, 0)": [0.13386181886815854, 0.12413559527640314, 0.12710190017373776, 0.12781735470532016, 0.13350249541784387, 0.12674487637828888, 0.1103238921221199, 0.11572842156740354, 0.12135224417305167, 0.11038311449435369, 0.11504612829883722], "(0, 4, 0, 0)": [0.018523526531405522, 0.01384973791743324, 0.016564505443272357, 0.014974157855195992, 0.007081363611082511, 0.013480399063889249, 0.008613931449871388, 0.013995691545631331, 0.019002512237030166, 0.008107325469318367, 0.02290180606726076], "(0, -2, 0, 0)": [0.4024113465695814, 0.4212217366254758, 0.40547458820854226, 0.40284550467331465, 0.3791510649888561, 0.3706161768768781, 0.38160480119294515, 0.4075231939423273, 0.41941414182000863, 0.41460937394283837, 0.39983728503711014], "(0, -3, 0, 0)": [0.11567767527049654, 0.1337883577025442, 0.1171415684633139, 0.13633641387059572, 0.09969867709546588, 0.08035958484203617, 0.10751265524161986, 0.14464735501953982, 0.14029460941863672, 0.14683547488201512, 0.15704916201216623], "(0, -4, 0, 0)": [0.010016931588497379, 0.007835984986283103, 0.009240711261124704, 0.009149394634901577, 0.006629118338544881, 0.021707158342968488, 0.008638938339662955, 0.008525379274405335, 0.00861069228128649, 0.007920956526928315, -0.001176854389572094], "(0, -1, 0, 0)": [0.6155894655525361, 0.5990321883322177, 0.5984385553218282, 0.6274381066311168, 0.6089878842819595, 0.5920640225658484, 0.5610691498397314, 0.6184829020177767, 0.6026524193248114, 0.6542256028575687, 0.6051007564498032], "(-1, 3, 0, 0)": [0.061382997309658696, 0.0807324201905045, 0.038314168025463766, 0.06334408135608, 0.052511715983264595, 0.048902371453415076, 0.04628347584418291, 0.06416208245180188, 0.06588029764375435, 0.062470886982275355, 0.053781715149458356], "(-1, 4, 0, 0)": [-0.000766030094667026, 0.0060591911457156065, -0.002405578601356751, -0.00022483781959172552, 1.063779197368886e-05, -0.0026685167570283403, -0.0082491106624456, -0.00011787501910626164, -0.0019631392625559145, -0.004094788755443236, -0.0003966361549088745], "(-1, -2, 0, 0)": [0.007223380295146497, 0.02823237942571786, 0.19819012630922367, 0.01947238873961274, 0.013859264669905079, 0.03998110067065536, 0.016875609564840792, 0.03486624410864271, 0.022937341302728162, 0.026170750187681235, 0.04097293994059201], "(-1, -3, 0, 0)": [0.04558973531079371, 0.05607478855606529, 0.06003830399918619, 0.09572595198939642, 0.08345139656812268, 0.07611103235951534, 0.09531695122743802, 0.06785528303146654, 0.03589629434331761, 0.1664199517085413, 0.07306021004533798], "(-1, -4, 0, 0)": [0.025797587788659225, 0.04718766996600192, 0.007577475087171626, 0.008204452143796342, 0.009970201843125552, 0.015484153422363969, 0.027358564527582195, -0.004362856969237328, 0.0070977795511614, 0.07323064071762704, 0.010586837353871635], "(-1, -1, 0, 0)": [0.19608146805617954, 0.013207288610473902, 0.015698623556891254, 0.06388034636421946, 0.02898235324003006, 0.008807146606259315, 0.006818691486270592, 0.031140237555630997, 0.020984947467173835, 0.023520848951486744, 0.029760297146699123], "(-1, 0, 0, 0)": [0.37905378172929216, 0.27726153050763536, 0.17771603969663824, 0.30332736762113277, 0.3036024345268307, 0.25240398981356627, 0.340407567282475, 0.3092676262288964, 0.5054845338781159, 0.24591238288420658, 0.21811829914646777], "(-1, 1, 0, 0)": [0.36019606382014774, 0.49083332378723465, 0.42211289119711576, 0.4304733755162551, 0.4408334103117336, 0.4103214301270331, 0.4287514039752542, 0.4156608570376464, 0.44013767580182045, 0.42897077044044496, 0.3677923396969622], "(-1, 2, 0, 0)": [0.34030090272955527, 0.16958907169338353, 0.2414217195266454, 0.2962391219637266, 0.25404286358476824, 0.28770506861742107, 0.2717106605870478, 0.2916840261717039, 0.3011592347509783, 0.23362966905297727, 0.21808201793459653], "(-2, 2, 0, 0)": [0.12729661419052196, 0.027945802749716968, 0.08709785965963644, 0.005486940803177834, 0.07678534215650067, 0.07035698474801733, 0.014721014213652298, 0.06188451273945028, 0.02868835673541259, 0.047399401421170065, 0.04896140262850539], "(-2, 3, 0, 0)": [0.00219528465994373, 0.011721618475173126, 0.014104544341169025, 0.014924677408187691, 0.0035845131818475094, 0.009112551497305992, 0.001854037679731846, 0.024554363703616647, 0.011555669553237561, 0.03325679218101085, 0.01401735071265775], "(-2, 4, 0, 0)": [-0.006530244171619416, -0.006818922326887891, -0.008009506349051978, -0.006707844525079708, -0.006468031059598997, -0.007600273492391182, -0.007267171675850319, -0.007897966135382663, -0.007261548545871452, -0.007593522372052002, -0.007159337029552147], "(1, -1, 0, 0)": [0.413556130047475, 0.3792839150748813, 0.32291793013623715, 0.37079956938638203, 0.392845522594993, 0.3933090470456032, 0.37290794689094736, 0.39719766681213065, 0.4071010625688275, 0.38940428100770946, 0.35837357362871897], "(1, -2, 0, 0)": [0.22848152299050617, 0.21428092634311746, 0.213323396910297, 0.2079928173601026, 0.23440728985566572, 0.21237785648813973, 0.19433265027382784, 0.2082356284134381, 0.21715778926598955, 0.2958495182854915, 0.24022277140569853], "(1, -3, 0, 0)": [0.05131058275059025, 0.08976833767809242, 0.059977144524464246, 0.06682702623532177, 0.07331321311765962, 0.06301980723117326, 0.07378665335748436, 0.07301496970774302, 0.06252511545932765, 0.07429203652377259, 0.12699135979325935], "(1, 4, 0, 0)": [0.013268555967389215, -0.00435933955013752, -0.004368335008621216, 0.0, -0.004376889020204544, 0.0, 0.0, 0.0, 0.0, -0.0023858960697555045, -0.00173898830110956], "(1, -4, 0, 0)": [-0.013285703534983564, -0.003111603019051927, -0.0032652126539746036, -0.00028504751659525363, -0.004531834423499282, 0.0038226637973839735, -0.0030430069356076174, -0.0069883996781136895, -0.0023221087802228722, -0.001694773733545588, -0.009291358515225969], "(1, 0, 0, 0)": [0.46269810788382704, 0.14588875377770663, 0.11059959451414081, 0.11126608784940331, 0.2906961476504054, 0.10641553554173006, 0.16929505705137668, 0.1206850676255412, 0.19365899657180996, 0.20417812360626011, 0.09837500827438642], "(1, 2, 0, 0)": [0.16256651810481224, 0.45799561195998406, 0.3143950066775386, 0.1523060797853271, 0.15819653487143515, 0.2746233312020414, 0.25401740567942427, 0.3176206385167696, 0.17600561788059868, 0.24564490058955774, 0.19356866484089338], "(1, 3, 0, 0)": [0.0, 0.010511189264158087, 0.03733491438802653, 0.0, 0.021478939592940956, 0.005409516041783304, 0.004043622281310813, 0.015169152550284766, 0.0, 0.0, 0.0], "(-2, 1, 0, 0)": [0.344690984503932, 0.12449010322951379, 0.1433103447363815, 0.11517723446219405, 0.10672885037993912, 0.1498611623156107, 0.1535482201765151, 0.0586488639430167, 0.15021723308982743, 0.11304352145460486, 0.16777372102576063], "(-2, 0, 0, 0)": [0.3770357178469402, 0.23345018853395252, 0.16167616253357153, 0.19492002024613392, 0.26302219234110763, 0.22007006831252263, 0.2783617919229214, 0.230505194923244, 0.18333532022151122, 0.1796633074191219, 0.28696690358467], "(-2, -1, 0, 0)": [0.1428052311765644, 0.010420333937188195, 0.1357940127690215, 0.011070002239378075, 0.062289435236948715, 0.07723513420578176, 0.08892487607079406, 0.001991705968976021, 0.31339122357596433, 0.001994048058986664, 0.008161949482311751],