{"q_values": {"(0, 0, 0, 0)": [0.7903104753945677, 0.7953307695172451, 0.7947173899241545, 0.8046653806038785, 0.806799052170953, 0.8015676644182305, 0.8081824822937459, 0.810204718191898, 0.8079876985474342, 0.7993869365194198, 0.8009498979344406], "(0, 1, 0, 0)": [0.8062285756332831, 0.7717051662233088, 0.777564524331918, 0.7712682413619198, 0.7794089329925828, 0.7869678657710137, 0.7709332226923193, 0.7784976068384073, 0.7749683906052042, 0.7621757415337893, 0.7721694048662114], "(0, 2, 0, 0)": [0.7238776946652178, 0.5828075807182841, 0.5847532278564632, 0.5374523538583549, 0.5186293484337248, 0.5845661025262747, 0.6049508658493382, 0.580981681344973, 0.5367798799727536, 0.568983035504192, 0.6108495126973646], "(0, 3, 0, 0)": [0.19416746276412744, 0.14996610366179847, 0.12710190017373776, 0.19269593022223422, 0.13350249541784387, 0.1610568702963748, 0.1549621617890345, 0.14713561374834444, 0.12135224417305167, 0.19138637564784303, 0.17277382082038945], "(0, 4, 0, 0)": [0.045727977793959776, 0.01384973791743324, 0.016564505443272357, 0.014974157855195992, 0.030105322943431927, 0.013480399063889249, 0.008613931449871388, 0.013995691545631331, 0.017470084146204178, 0.02108253371362287, 0.00958740967091778], "(0, -2, 0, 0)": [0.42383016689554137, 0.4420605617296117, 0.4515694328378, 0.4466208084045382, 0.42763853087628073, 0.4402015363919118, 0.46270255112955216, 0.45928613844271193, 0.3973631829819759, 0.4226187844331494, 0.6526094229332658], "(0, -3, 0, 0)": [0.12650999590624107, 0.11466597249240887, 0.1171415684633139, 0.1242295043167663, 0.09969867709546588, 0.10032945301496399, 0.10751265524161986, 0.12451277924937293, 0.12196353551301278, 0.12411947908278884, 0.1125101395033618], "(0, -4, 0, 0)": [0.00819333504647255, 0.010494597218644848, 0.005690884426885641, 0.008007771962149125, 0.006629118338544881, 0.006712806323203754, 0.007453981352586188, 0.008525379274405335, 0.00861069228128649, 0.007920956526928315, -0.001176854389572094], "(0, -1, 0, 0)": [0.727543278191569, 0.7033222828308973, 0.7437254824894739, 0.7430086510991614, 0.7388183798160174, 0.7168309352690635, 0.653070206046822, 0.7447004247179145, 0.7181805364555206, 0.7217957653100094, 0.7918975557534041], "(-1, 3, 0, 0)": [0.11055605206674349, 0.07927581933546615, 0.06162697311586951, 0.07925003577098533, 0.08921953332370088, 0.06070686897339088, 0.07640214379498442, 0.06416208245180188, 0.06284351486580456, 0.06388016477814458, 0.053781715149458356], "(-1, 4, 0, 0)": [0.01623349314895074, -0.001963421406049652, -0.002405578601356751, -0.001985418459679261, -0.0017004600437898181, -0.0026685167570283403, -0.0082491106624456, -0.0020388922182156214, -0.0019631392625559145, 0.0034117762570381703, -0.0009012977964544455], "(-1, -2, 0, 0)": [0.007223380295146497, 0.02823237942571786, 0.2955860116878899, 0.01947238873961274, 0.013859264669905079, 0.03998110067065536, 0.07608014430516183, 0.03486624410864271, 0.022937341302728162, 0.0885247009878057, 0.04097293994059201], "(-1, -3, 0, 0)": [0.04558973531079371, 0.05607478855606529, 0.13627804453570874, 0.14152061782140368, 0.12634804132558436, 0.13858296663593342, 0.1177075091709418, 0.13549888801810211, 0.09656959043852426, 0.296004897601442, 0.07134711874104574], "(-1, -4, 0, 0)": [0.025797587788659225, 0.07346811522814778, 0.007577475087171626, 0.008204452143796342, 0.009970201843125552, 0.015484153422363969, 0.044527906165402156, -0.004362856969237328, 0.0070977795511614, 0.1375833018583207, 0.010586837353871635], "(-1, -1, 0, 0)": [0.2820734508503125, 0.013207288610473902, 0.015698623556891254, 0.06388034636421946, 0.06827741856652515, 0.008807146606259315, 0.006818691486270592, 0.031140237555630997, 0.020984947467173835, 0.023520848951486744, 0.029760297146699123], "(-1, 0, 0, 0)": [0.6282069413030376, 0.6748944368686445, 0.6306696554134369, 0.6620570176880964, 0.6116109504101321, 0.6779346749803142, 0.6787368762787671, 0.6761199328227828, 0.6787762241492515, 0.6937893527058537, 0.6781573780472969], "(-1, 1, 0, 0)": [0.6665751547987273, 0.7339914299232072, 0.6555329681986106, 0.6699576347997797, 0.6573461406690166, 0.6575225029332975, 0.6496818220634715, 0.641093155135595, 0.6467405023855023, 0.644796325144149, 0.6719982135577623], "(-1, 2, 0, 0)": [0.2899919714553654, 0.28510164387248593, 0.2864571717657782, 0.2799657945459829, 0.28439132674611367, 0.2836127743337225, 0.30131862319790104, 0.27506722200144273, 0.2753027917532267, 0.2878350773652588, 0.2918172651116046], "(-2, 2, 0, 0)": [0.2695616062797418, 0.13703163360194703, 0.09191417096855657, 0.0840816068674709, 0.11211572789431437, 0.10884484380041749, 0.09123172309508054, 0.12180467798578051, 0.11925449723030289, 0.10148535033625095, 0.09682395611448538], "(-2, 3, 0, 0)": [0.016743331406440413, 0.017592214699507863, 0.026031433937106187, 0.0267772516746751, 0.01959381800859143, 0.01594772329740096, 0.00951008951400404, 0.03321340846428194, 0.011555669553237561, 0.027095934369946992, 0.02601273945106815], "(-2, 4, 0, 0)": [-0.005950054126417442, -0.012102512983722946, -0.012333024323615879, -0.01221370465819303, -0.012123691429251645, -0.012151957899783142, -0.011772152718781584, -0.012068055036220847, -0.011833257148277546, -0.013771243393603961, -0.012330241720219504], "(1, -1, 0, 0)": [0.6081717272571888, 0.41229863659158195, 0.3613280795153371, 0.43153009592569036, 0.4157931355998717, 0.42459474119212054, 0.4093604799334125, 0.43894134559896664, 0.39539491845075525, 0.51373814099024, 0.45205947537618807], "(1, -2, 0, 0)": [0.2926957115045435, 0.2851830047435075, 0.272062040805475, 0.3035149519901561, 0.2856703744791522, 0.29022657126833445, 0.25349881836873395, 0.26322602944927753, 0.30920725769718865, 0.2951571878740507, 0.2706162688010697], "(1, -3, 0, 0)": [0.09457786577503899, 0.09896047053485649, 0.10764488653445102, 0.09918469448193931, 0.12211616483713218, 0.11977975958607592, 0.0857429681236647, 0.11155370324277525, 0.08885405379561645, 0.08144978506847006, 0.19888820729444737], "(1, 4, 0, 0)": [0.024357687980117025, -0.00435933955013752, -0.004368335008621216, 0.0, -0.004376889020204544, 0.0, 0.0, 0.0, 0.0, -0.0023858960697555045, -0.00173898830110956], "(1, -4, 0, 0)": [-0.013285703534983564, -0.006855373308986964, -0.0032652126539746036, -0.00028504751659525363, -0.004531834423499282, 0.0035234953672882152, -0.0008736240482427665, 0.023680748896021724, -0.0023221087802228722, -0.001694773733545588, -0.0006171443146852761], "(1, 0, 0, 0)": [0.7281036041950102, 0.14588875377770663, 0.11059959451414081, 0.11126608784940331, 0.2906961476504054, 0.2676475094720442, 0.23870935880146527, 0.36470762656163574, 0.2144843782376387, 0.24361326666962344, 0.21992505126520517], "(1, 2, 0, 0)": [0.24859804011381864, 0.6448951330569566, 0.3914061337988235, 0.3461226752111042, 0.28403300220468186, 0.3474135464453341, 0.4093083672189352, 0.3176206385167696, 0.3518348057502174, 0.39482349803846395, 0.5169734844619978], "(1, 3, 0, 0)": [0.0, 0.010511189264158087, 0.30307872360865773, 0.0, 0.021478939592940956, 0.005409516041783304, 0.004043622281310813, 0.015169152550284766, 0.0, 0.0, 0.0], "(-2, 1, 0, 0)": [0.5007651314122805, 0.5026428809227884, 0.5101699327784751, 0.47212649102006526, 0.5182000330098161, 0.5243723578053205, 0.5162654900808585, 0.507530072744855, 0.5279154594274923, 0.4926442726565222, 0.5262143293890564], "(-2, 0, 0, 0)": [0.48698101113863207, 0.5060612502248122, 0.4780001356229774, 0.4763894716243281, 0.5300729646844127, 0.5099981214597074, 0.4900188665233301, 0.47971584770649056, 0.48288791108279905, 0.5093769675757209, 0.5613999025589461], "(-2, -1, 0, 0)": [0.1428052311765644, 0.0806804913903158, 0.17952802386328928, 0.011070002239378075, 0.062289435236948715, 0.07723513420578176, 0.08892487607079406, 0.001991705968976021, 0.42098394209260576, 0.001994048058986664, 0.008161949482311751],