{"q_values": {"(0, 0, 0, 0)": [0.8034413277481619, 0.8043406877840653, 0.8074167073460392, 0.804814638365189, 0.7993744144012579, 0.787194045821228, 0.8051534381304009, 0.808387593293924, 0.8212919027711072, 0.8031072920204783, 0.8156520350181223], "(0, 1, 0, 0)": [0.7859506422278071, 0.7809096432403503, 0.7862189290487173, 0.7862552253433149, 0.7673896389274967, 0.7835307517838717, 0.7734160118628919, 0.7906035770286027, 0.7854594174231329, 0.7737173837421336, 0.7649795558977579], "(0, 2, 0, 0)": [0.6599317602947659, 0.6215649996326933, 0.5841229336257626, 0.5958740769096786, 0.5916557498307455, 0.5863336610711536, 0.6161951457965723, 0.6252943485904157, 0.596400416103817, 0.6304573308867081, 0.5913862291585261], "(0, 3, 0, 0)": [0.33824710940071356, 0.14996610366179847, 0.12710190017373776, 0.13432849692918725, 0.13350249541784387, 0.12674487637828888, 0.1549621617890345, 0.14713561374834444, 0.12135224417305167, 0.15906638612202614, 0.17277382082038945], "(0, 4, 0, 0)": [0.04867912510181566, 0.01384973791743324, 0.016564505443272357, 0.014974157855195992, 0.030105322943431927, 0.013480399063889249, 0.008613931449871388, 0.013995691545631331, 0.017470084146204178, 0.02108253371362287, 0.017429421594699956], "(0, -2, 0, 0)": [0.3971783389092365, 0.4420605617296117, 0.4515694328378, 0.4466208084045382, 0.3791510649888561, 0.4402015363919118, 0.5317346983476714, 0.42381609873440423, 0.3973631829819759, 0.4226187844331494, 0.715587085992241], "(0, -3, 0, 0)": [0.12650999590624107, 0.1337883577025442, 0.1171415684633139, 0.1242295043167663, 0.09969867709546588, 0.10032945301496399, 0.10751265524161986, 0.13669563552826466, 0.12196353551301278, 0.12411947908278884, 0.21542893366091181], "(0, -4, 0, 0)": [0.00819333504647255, 0.007835984986283103, 0.005690884426885641, 0.008007771962149125, 0.006629118338544881, 0.01049619307857322, 0.011145870044911303, 0.008525379274405335, 0.00861069228128649, 0.007920956526928315, -0.001176854389572094], "(0, -1, 0, 0)": [0.727543278191569, 0.6807595155518951, 0.7164085948045131, 0.7109126679882258, 0.6941834594371202, 0.729293873795876, 0.653070206046822, 0.7271272217052234, 0.678984445663752, 0.7134293809461588, 0.8268552813490935], "(-1, 3, 0, 0)": [0.09397824922776687, 0.07123736030131037, 0.038314168025463766, 0.06858544207149322, 0.06811082274002143, 0.06070686897339088, 0.06511246061717513, 0.06416208245180188, 0.06284351486580456, 0.06388016477814458, 0.053781715149458356], "(-1, 4, 0, 0)": [0.009429998263902641, -0.001963421406049652, -0.002405578601356751, -0.001985418459679261, -0.0017004600437898181, -0.0026685167570283403, -0.0082491106624456, -0.0020388922182156214, -0.0019631392625559145, -0.004094788755443236, -0.0009012977964544455], "(-1, -2, 0, 0)": [0.007223380295146497, 0.02823237942571786, 0.33367757939030707, 0.01947238873961274, 0.013859264669905079, 0.03998110067065536, 0.07608014430516183, 0.03486624410864271, 0.022937341302728162, 0.026170750187681235, 0.04097293994059201], "(-1, -3, 0, 0)": [0.04558973531079371, 0.05607478855606529, 0.13627804453570874, 0.14152061782140368, 0.12634804132558436, 0.13858296663593342, 0.1177075091709418, 0.13549888801810211, 0.09656959043852426, 0.28639605972659715, 0.07134711874104574], "(-1, -4, 0, 0)": [0.025797587788659225, 0.07346811522814778, 0.007577475087171626, 0.008204452143796342, 0.009970201843125552, 0.015484153422363969, 0.044527906165402156, -0.004362856969237328, 0.0070977795511614, 0.10822384624516629, 0.010586837353871635], "(-1, -1, 0, 0)": [0.32805735683159154, 0.013207288610473902, 0.015698623556891254, 0.06388034636421946, 0.06827741856652515, 0.008807146606259315, 0.006818691486270592, 0.031140237555630997, 0.020984947467173835, 0.023520848951486744, 0.029760297146699123], "(-1, 0, 0, 0)": [0.6793370961464024, 0.683472865495162, 0.6823550974708305, 0.6585671642782486, 0.6939047120571695, 0.6858709406727228, 0.690720207362159, 0.6844638497425757, 0.6894433125315337, 0.6804486647072109, 0.7097622530445155], "(-1, 1, 0, 0)": [0.6492949338717968, 0.6613064925230897, 0.6487871005333987, 0.6681331060202438, 0.6735304288494237, 0.6812070645961864, 0.6829274055033074, 0.6545509175958044, 0.6821122774442867, 0.7132825271233333, 0.6790251030413834], "(-1, 2, 0, 0)": [0.32444354673085174, 0.31201420827670906, 0.31316873965908965, 0.2799657945459829, 0.3099101614594921, 0.3030732527280699, 0.29516846558631915, 0.3194407033806933, 0.3051841966318051, 0.2867310344253943, 0.31258847863585193], "(-2, 2, 0, 0)": [0.18188270523182265, 0.13703163360194703, 0.09191417096855657, 0.0840816068674709, 0.11211572789431437, 0.08986081967957128, 0.09123172309508054, 0.12180467798578051, 0.11925449723030289, 0.10148535033625095, 0.09682395611448538], "(-2, 3, 0, 0)": [0.016743331406440413, 0.017592214699507863, 0.026031433937106187, 0.0267772516746751, 0.01959381800859143, 0.01594772329740096, 0.00951008951400404, 0.039547642753296405, 0.011555669553237561, 0.027095934369946992, 0.02104023282032298], "(-2, 4, 0, 0)": [-0.007330244991260429, -0.012102512983722946, -0.012333024323615879, -0.01221370465819303, -0.012123691429251645, -0.012151957899783142, -0.011772152718781584, -0.012068055036220847, -0.011833257148277546, -0.011747678276379903, -0.012330241720219504], "(1, -1, 0, 0)": [0.607618806493154, 0.41229863659158195, 0.3613280795153371, 0.43153009592569036, 0.4157931355998717, 0.42459474119212054, 0.4093604799334125, 0.43894134559896664, 0.39539491845075525, 0.51373814099024, 0.38947433696260103], "(1, -2, 0, 0)": [0.2926957115045435, 0.3032631265174498, 0.272062040805475, 0.3035149519901561, 0.2856703744791522, 0.29022657126833445, 0.25349881836873395, 0.26322602944927753, 0.30728362333931386, 0.3165245885034105, 0.2706162688010697], "(1, -3, 0, 0)": [0.05131058275059025, 0.09896047053485649, 0.1038042081177758, 0.09918469448193931, 0.12211616483713218, 0.08548456980132155, 0.0857429681236647, 0.07301496970774302, 0.08885405379561645, 0.08144978506847006, 0.14281916428570732], "(1, 4, 0, 0)": [0.024357687980117025, -0.00435933955013752, -0.004368335008621216, 0.0, -0.004376889020204544, 0.0, 0.0, 0.0, 0.0, -0.0023858960697555045, -0.00173898830110956], "(1, -4, 0, 0)": [-0.013285703534983564, -0.006855373308986964, -0.0032652126539746036, -0.00028504751659525363, -0.004531834423499282, 0.0035234953672882152, -0.0008736240482427665, 0.025108882724526327, -0.0023221087802228722, -0.001694773733545588, -0.0006171443146852761], "(1, 0, 0, 0)": [0.6567747397727777, 0.14588875377770663, 0.11059959451414081, 0.11126608784940331, 0.2906961476504054, 0.2676475094720442, 0.23870935880146527, 0.27560390162776677, 0.2144843782376387, 0.24361326666962344, 0.21992505126520517], "(1, 2, 0, 0)": [0.24859804011381864, 0.7155492079684205, 0.3914061337988235, 0.3461226752111042, 0.28403300220468186, 0.3474135464453341, 0.4093083672189352, 0.3176206385167696, 0.3518348057502174, 0.39482349803846395, 0.5169734844619978], "(1, 3, 0, 0)": [0.0, 0.010511189264158087, 0.22767208310101053, 0.0, 0.021478939592940956, 0.005409516041783304, 0.004043622281310813, 0.015169152550284766, 0.0, 0.0, 0.0], "(-2, 1, 0, 0)": [0.48700804354447474, 0.5089470914049707, 0.5122062966554661, 0.4691235655229802, 0.49998229648057974, 0.5101762481207246, 0.459170279944996, 0.509309366000757, 0.46673858223836934, 0.505895883633112, 0.49988936674054746], "(-2, 0, 0, 0)": [0.4657105146929614, 0.5060612502248122, 0.4780001356229774, 0.4329001070727735, 0.5901635081471879, 0.5054770588120325, 0.4900188665233301, 0.457159496596632, 0.48288791108279905, 0.527623187854987, 0.5231723302626843], "(-2, -1, 0, 0)": [0.1428052311765644, 0.0806804913903158, 0.17952802386328928, 0.011070002239378075, 0.062289435236948715, 0.07723513420578176, 0.08892487607079406, 0.001991705968976021, 0.42098394209260576, 0.001994048058986664, 0.008161949482311751],