{"q_values": {"(0, 0, 0, 0)": [0.7971011482207638, 0.7916798754866846, 0.7931402051173055, 0.7999510450340459, 0.7883953592327653, 0.78828318876789, 0.7787135511132042, 0.8282838003274394, 0.7963854808090991, 0.8011595839358561, 0.7666470740317249], "(0, 1, 0, 0)": [0.8524144427290964, 0.7749993740048158, 0.7921078372279113, 0.7766028222546206, 0.7823560469589943, 0.7733404714251012, 0.7387144313789142, 0.787157982110062, 0.7848994040797492, 0.8129979326245511, 0.7881739519732246], "(0, 2, 0, 0)": [0.8200493716845568, 0.5924811027628939, 0.5639698629810048, 0.6563308744326213, 0.6607104358448773, 0.5493001003812479, 0.662556015465312, 0.6577530246970125, 0.6599126107100761, 0.606411255027894, 0.660512638185708], "(0, 3, 0, 0)": [0.3575250033986557, 0.14996610366179847, 0.12710190017373776, 0.13432849692918725, 0.13350249541784387, 0.12674487637828888, 0.1103238921221199, 0.14713561374834444, 0.12135224417305167, 0.15906638612202614, 0.11504612829883722], "(0, 4, 0, 0)": [0.06741591522426357, 0.01384973791743324, 0.016564505443272357, 0.014974157855195992, 0.030105322943431927, 0.013480399063889249, 0.008613931449871388, 0.013995691545631331, 0.017470084146204178, 0.02108253371362287, 0.017429421594699956], "(0, -2, 0, 0)": [0.44890383983892723, 0.4420462253873661, 0.4351308935570257, 0.4412648912734116, 0.3791510649888561, 0.4301400291963389, 0.4753742306962013, 0.4883887343276553, 0.44992011657336434, 0.5095818311186961, 0.4272842927335013], "(0, -3, 0, 0)": [0.11567767527049654, 0.1337883577025442, 0.1171415684633139, 0.1406806901156837, 0.09969867709546588, 0.10032945301496399, 0.10751265524161986, 0.15607608212890783, 0.14029460941863672, 0.1417686889080858, 0.14283998747765253], "(0, -4, 0, 0)": [0.00819333504647255, 0.007835984986283103, 0.005690884426885641, 0.008768203717776923, 0.006629118338544881, 0.008773018305596587, 0.008638938339662955, 0.008525379274405335, 0.00861069228128649, 0.007920956526928315, -0.001176854389572094], "(0, -1, 0, 0)": [0.6667234036882027, 0.6599393383999405, 0.6563607534509248, 0.6535709241420905, 0.6632861922595866, 0.6736244625935806, 0.6636486259880074, 0.6739202032133228, 0.6397404592681503, 0.7470540298714194, 0.6749823790397557], "(-1, 3, 0, 0)": [0.06696544591403475, 0.0649568150903294, 0.038314168025463766, 0.05765235123196098, 0.052511715983264595, 0.06070686897339088, 0.05482517996070374, 0.06416208245180188, 0.06284351486580456, 0.06296636068162367, 0.053781715149458356], "(-1, 4, 0, 0)": [-0.000766030094667026, -0.001963421406049652, -0.002405578601356751, -0.001985418459679261, -0.0017004600437898181, -0.0026685167570283403, -0.0082491106624456, -0.00042351452943876003, -0.0019631392625559145, -0.004094788755443236, -0.0003966361549088745], "(-1, -2, 0, 0)": [0.007223380295146497, 0.02823237942571786, 0.2655747011049299, 0.01947238873961274, 0.013859264669905079, 0.03998110067065536, 0.016875609564840792, 0.03486624410864271, 0.022937341302728162, 0.026170750187681235, 0.04097293994059201], "(-1, -3, 0, 0)": [0.04558973531079371, 0.05607478855606529, 0.13627804453570874, 0.09572595198939642, 0.12634804132558436, 0.13858296663593342, 0.1177075091709418, 0.09047483745949671, 0.03589629434331761, 0.27898296202475814, 0.07306021004533798], "(-1, -4, 0, 0)": [0.025797587788659225, 0.07346811522814778, 0.007577475087171626, 0.008204452143796342, 0.009970201843125552, 0.015484153422363969, 0.044527906165402156, -0.004362856969237328, 0.0070977795511614, 0.14637489351082306, 0.010586837353871635], "(-1, -1, 0, 0)": [0.27100518278804864, 0.013207288610473902, 0.015698623556891254, 0.06388034636421946, 0.06827741856652515, 0.008807146606259315, 0.006818691486270592, 0.031140237555630997, 0.020984947467173835, 0.023520848951486744, 0.029760297146699123], "(-1, 0, 0, 0)": [0.6100674507159703, 0.6331952229556522, 0.665892316267923, 0.6479246069278903, 0.646188255765759, 0.6594673790678879, 0.6803689365728057, 0.659815280511744, 0.6669082245519551, 0.726320413184018, 0.6836657418907515], "(-1, 1, 0, 0)": [0.6894512761067673, 0.6543110797344438, 0.5989798490517956, 0.6910205119373143, 0.6187279244671772, 0.6521536852832509, 0.6319704419138149, 0.6520173373225846, 0.65700960051797, 0.6786511928743753, 0.6584395796089051], "(-1, 2, 0, 0)": [0.4004013858909827, 0.31201420827670906, 0.28861007432564245, 0.2799657945459829, 0.30080129284120916, 0.3077520416259093, 0.2831858099818157, 0.3194407033806933, 0.2948454994030184, 0.3074980054685482, 0.278121949306372], "(-2, 2, 0, 0)": [0.11749985835141039, 0.09108436852227582, 0.09191417096855657, 0.0840816068674709, 0.08977035995515359, 0.08986081967957128, 0.09123172309508054, 0.06188451273945028, 0.08613900423024416, 0.08918324894081017, 0.08912990329526359], "(-2, 3, 0, 0)": [0.016743331406440413, 0.017592214699507863, 0.026031433937106187, 0.0267772516746751, 0.012293912694604066, 0.01594772329740096, 0.00951008951400404, 0.03673731469717948, 0.011555669553237561, 0.027095934369946992, 0.02104023282032298], "(-2, 4, 0, 0)": [-0.011686770332542281, -0.012102512983722946, -0.011657478460310988, -0.01221370465819303, -0.012123691429251645, -0.012151957899783142, -0.011772152718781584, -0.012068055036220847, -0.011833257148277546, -0.011747678276379903, -0.009145779961735634], "(1, -1, 0, 0)": [0.5473375855977832, 0.41229863659158195, 0.3613280795153371, 0.43153009592569036, 0.4157931355998717, 0.42459474119212054, 0.4093604799334125, 0.43894134559896664, 0.39539491845075525, 0.4287310735552492, 0.38947433696260103], "(1, -2, 0, 0)": [0.27288242980303423, 0.27508620529419525, 0.272062040805475, 0.29812614800483994, 0.2767689601754403, 0.27194296879506713, 0.25349881836873395, 0.26322602944927753, 0.31637911080684444, 0.2959607173752608, 0.4062830654995848], "(1, -3, 0, 0)": [0.05131058275059025, 0.11524860771297381, 0.07971542234699965, 0.08395546036666725, 0.08385237553373628, 0.06301980723117326, 0.0857429681236647, 0.07301496970774302, 0.07326808625899607, 0.08144978506847006, 0.1738299145942758], "(1, 4, 0, 0)": [0.024357687980117025, -0.00435933955013752, -0.004368335008621216, 0.0, -0.004376889020204544, 0.0, 0.0, 0.0, 0.0, -0.0023858960697555045, -0.00173898830110956], "(1, -4, 0, 0)": [-0.013285703534983564, -0.006855373308986964, -0.0032652126539746036, -0.00028504751659525363, -0.004531834423499282, 0.014433704156493862, -0.0008736240482427665, -0.0013795587434022143, -0.0023221087802228722, -0.001694773733545588, -0.009291358515225969], "(1, 0, 0, 0)": [0.5956790806632187, 0.14588875377770663, 0.11059959451414081, 0.11126608784940331, 0.2906961476504054, 0.2676475094720442, 0.23870935880146527, 0.27560390162776677, 0.2144843782376387, 0.24361326666962344, 0.09837500827438642], "(1, 2, 0, 0)": [0.24859804011381864, 0.6812617122547013, 0.33686065058387693, 0.2613903847141556, 0.28403300220468186, 0.3474135464453341, 0.3274141638524833, 0.3176206385167696, 0.25935127906461575, 0.39482349803846395, 0.3764026385478404], "(1, 3, 0, 0)": [0.0, 0.010511189264158087, 0.17844777516588325, 0.0, 0.021478939592940956, 0.005409516041783304, 0.004043622281310813, 0.015169152550284766, 0.0, 0.0, 0.0], "(-2, 1, 0, 0)": [0.5199017954461291, 0.47183813944307496, 0.4737994148139564, 0.42976184892264463, 0.44838744210143255, 0.4336619936357312, 0.4234179024270982, 0.4425932036917865, 0.47144910176288907, 0.4053836472381347, 0.4734139333083807], "(-2, 0, 0, 0)": [0.44754803296323986, 0.44888215834026424, 0.3943711857248947, 0.36489250763516123, 0.45893141771585994, 0.47179873096422564, 0.41171801655487084, 0.3424826651796983, 0.34062614387005274, 0.4195037537969657, 0.5557632950558715], "(-2, -1, 0, 0)": [0.1428052311765644, 0.0806804913903158, 0.17952802386328928, 0.011070002239378075, 0.062289435236948715, 0.07723513420578176, 0.08892487607079406, 0.001991705968976021, 0.42098394209260576, 0.001994048058986664, 0.008161949482311751],