{"q_values": {"(0, 0, 0, 0)": [0.5157207216565121, 0.5323017886718667, 0.4964509833292601, 0.5176228514334772, 0.5480501743998188, 0.5436286805357567, 0.5631261228994673, 0.5447435389954491, 0.5453022051728557, 0.5483414294023337, 0.5480496337109415], "(0, 1, 0, 0)": [0.46330323256369915, 0.44079519627876484, 0.481682731616841, 0.46851769814537886, 0.4803805995715907, 0.4904805406364056, 0.487555055290682, 0.48855036586737977, 0.4794742427604599, 0.47983926797474213, 0.48869117766831693], "(0, 2, 0, 0)": [0.37891156636834944, 0.35008890971994117, 0.31034769099154835, 0.2954569964431762, 0.31845731405568867, 0.3463362711307112, 0.31776316667054527, 0.32816898800359234, 0.35360160881214997, 0.32348417935818713, 0.35467160549783233], "(0, 3, 0, 0)": [0.08208233766402591, 0.09692616186571168, 0.07951295651142365, 0.07664236699846504, 0.06056335090160095, 0.07864909581689122, 0.07373498411486432, 0.07815632395514932, 0.0694325283330712, 0.07677405975663679, 0.07739878749758292], "(0, 4, 0, 0)": [0.02720755509418339, 0.005272246752521921, 0.0013639431729752316, 0.0039253966667408356, 0.008467617641964392, 0.013480399063889249, 0.005858011008078465, 0.0078683557667396, 0.011968431581230461, 0.0013090782992362156, 0.0009861802702217353], "(0, -2, 0, 0)": [0.42027847143722175, 0.3973001931136732, 0.39180507061111236, 0.4081226028166183, 0.38461729676821993, 0.4013766562688863, 0.38751121465191096, 0.3882751022241651, 0.40112237860272143, 0.4212760086648156, 0.4580835647044684], "(0, -3, 0, 0)": [0.09190683114340976, 0.09820851397651863, 0.080220325888567, 0.08054836998543442, 0.101071848042189, 0.09712605589740123, 0.09687811812135123, 0.09886261746985264, 0.09697691337539092, 0.08252763737283193, 0.09490897504889555], "(0, -4, 0, 0)": [0.007672744301926477, 0.016739471773440776, 0.015714706136580967, 0.012347766846008197, 0.012174726033049501, 0.01008403408652157, 0.013810748817709561, 0.009137429191729676, 0.006837509930159461, 0.01080132015338053, 0.00399167069834477], "(0, -1, 0, 0)": [0.5261790310294578, 0.5195441365062226, 0.4676203868725102, 0.5220501223717735, 0.5217067702381307, 0.5047976355574569, 0.4917345614050823, 0.5094674042720575, 0.5224310743476577, 0.5471395470550409, 0.518317781872618], "(-1, 3, 0, 0)": [0.02997431331799323, 0.0307637510181724, 0.03879021038018691, 0.03941768624901772, 0.047325663067117135, 0.04092482252583924, 0.03358690102763577, 0.04513881042462989, 0.02560525657465422, 0.028462001527845247, 0.04318978463394854], "(-1, 4, 0, 0)": [-0.004444452256501517, -0.0070246637600121405, -0.0009500157473567431, -0.008247707503402127, -0.004261822814805089, -0.010685242846608161, -0.0082491106624456, -0.001104024500577879, -0.005493343383569492, -0.003708182020041929, -0.00398248626459104], "(-1, -2, 0, 0)": [0.007223380295146497, 0.02823237942571786, 0.08535622452291731, 0.01947238873961274, 0.013859264669905079, 0.024950072881194406, 0.016875609564840792, 0.03486624410864271, 0.022937341302728162, 0.026170750187681235, 0.023582279547836853], "(-1, -3, 0, 0)": [0.04558973531079371, 0.05607478855606529, 0.044257241514042645, 0.05011946015996985, 0.04332775262494406, 0.060296083938666326, 0.0588454078722378, 0.059572130342987334, 0.03589629434331761, 0.07084572092224624, 0.05947435529920726], "(-1, -4, 0, 0)": [-0.0010116964486722472, 0.0019235684788627549, 0.007577475087171626, 0.008204452143796342, 0.009970201843125552, -0.0018573569571208683, 0.007651668553200033, -0.004362856969237328, 0.0070977795511614, 0.010797046423157442, -0.002228876597329157], "(-1, -1, 0, 0)": [0.0631492352836536, 0.013207288610473902, 0.015698623556891254, 0.029077955303792744, 0.02898235324003006, 0.008807146606259315, 0.006818691486270592, 0.011132200135271286, 0.020984947467173835, 0.023520848951486744, 0.014007014581091127], "(-1, 0, 0, 0)": [0.07405449915526836, 0.14273081235486237, 0.11633240685869442, 0.1408377334308359, 0.10341465042143679, 0.13172173954327812, 0.14461246487290727, 0.12070286941140909, 0.2543544845795889, 0.11507051643092919, 0.14515444952303222], "(-1, 1, 0, 0)": [0.1994727818877752, 0.20785575543155374, 0.19147620275189686, 0.15434066868936447, 0.21795057017102704, 0.2046591257500704, 0.20223277404755352, 0.17161641509072273, 0.18410059395572495, 0.19955382518863127, 0.20099436648735888], "(-1, 2, 0, 0)": [0.12474112441761717, 0.1586953388304943, 0.1344446169573844, 0.13751433182526682, 0.10806801137737512, 0.12588237391138105, 0.12318478349724077, 0.1442665932852294, 0.11859713524588303, 0.12691410644109236, 0.13105495903096698], "(-2, 2, 0, 0)": [0.04513175542152467, 0.002946046770299077, 0.0300005313103038, 0.005486940803177834, 0.005167654242480009, 0.012063758711092176, 0.014721014213652298, 0.002945382324258299, 0.02868835673541259, 0.02490664453428186, 0.0206207190190012], "(-2, 3, 0, 0)": [0.00219528465994373, 0.002173369896039367, 0.014104544341169025, 0.00690072232127455, 0.0035845131818475094, 0.009112551497305992, 0.001854037679731846, 0.007894952355271382, 0.0, 0.036807355772582005, 0.00932915182410178], "(-2, 4, 0, 0)": [-0.0043862685561180115, -0.0013549674410634266, 0.0, -0.0014035267561037035, -0.0016868700999021534, -0.002774749443233013, 0.0, -0.00439077839255333, -0.00141715825728798, 0.0, -0.0043601408600807195], "(1, -1, 0, 0)": [0.20792494516426038, 0.1701100570945708, 0.18394061246231536, 0.15026494867555856, 0.15584225962585868, 0.22694847003432547, 0.17695336590702854, 0.18270876119151716, 0.18170846441163052, 0.16428792245946533, 0.19794049654621662], "(1, -2, 0, 0)": [0.18157092817358847, 0.13427724759525916, 0.1524613427652906, 0.17673387262392326, 0.17527866070408699, 0.16251697108519508, 0.1813577407566459, 0.1674327230461844, 0.17937887146494497, 0.1875732400577294, 0.1843256343729014], "(1, -3, 0, 0)": [0.0655336268190128, 0.04823314864672831, 0.04675918562440895, 0.06393674922435637, 0.06209667414073543, 0.06069688981606051, 0.056321450026630596, 0.058560387800201626, 0.07424105757411975, 0.06394688692251066, 0.05662996414593244], "(1, 4, 0, 0)": [0.0, -0.00435933955013752, -0.004368335008621216, 0.0, -0.004376889020204544, 0.0, 0.0, 0.0, 0.0, -0.0023858960697555045, -0.00173898830110956], "(1, -4, 0, 0)": [-0.005106456597380201, -0.003053521164902101, -0.0034592403352184907, -0.00454307237236807, -0.002481396241351417, -0.004614231711852509, -0.0033680405140933058, -0.0027738446663311397, -0.0041539897946814, -0.005708239832803206, -0.0029159418220064204], "(1, 0, 0, 0)": [0.10294676821554663, 0.11214488890493612, 0.06575323340920879, 0.07581388223756816, 0.20171858195347406, 0.07783426489472488, 0.06928885085109585, 0.1206850676255412, 0.07977292165904315, 0.07697551027415202, 0.09837500827438642], "(1, 2, 0, 0)": [0.08616821568452997, 0.21641799649103927, 0.06264228492867052, 0.0658021437572322, 0.07029010108854367, 0.138143799047192, 0.11397891651499396, 0.07401657632346237, 0.12351268530374526, 0.11227147316089159, 0.07671426585216944], "(1, 3, 0, 0)": [0.0, 0.010511189264158087, 0.03894794495337914, 0.0, 0.021478939592940956, 0.005409516041783304, 0.004043622281310813, 0.015169152550284766, 0.0, 0.0, 0.0], "(-2, 1, 0, 0)": [0.0739672831738529, 0.024496860484751228, 0.02384632611721224, 0.02051724716739232, 0.02953413724871591, 0.022925507010594037, 0.009134420936359288, 0.02190888613908684, 0.04768811050723899, 0.008245841070633657, 0.027469752905524655], "(-2, 0, 0, 0)": [0.07147473382104948, 0.04570290200454239, 0.027123022835972666, 0.041420018019125045, 0.0449425571400988, 0.031657587848238494, 0.028680808251371176, 0.05705231718716831, 0.03643130975951768, 0.03426856904131461, 0.05952441339490278], "(-2, -1, 0, 0)": [0.014083522814922486, 0.010420333937188195, 0.014574489982307348, 0.011070002239378075, 0.01507062273152028, 0.01454083980835581, 0.025343701119274295, 0.001991705968976021, 0.05808491619663474, 0.001994048058986664, 0.008161949482311751],