{"q_values": {"(-1, 3, -1, -8)": [0.0, 0.0, 0.0, 0.0, 0.0009987347759306431], "(-1, 4, 1, 16)": [0.0, 0.0, 0.0, 0.0, 0.0009985171258449555], "(-1, 4, 2, 39)": [0.0, 0.0009982638992369175, 0.0, 0.0, 0.0], "(-1, 4, 2, 26)": [0.0, 0.0, 0.0009980461560189725, 0.0, 0.0], "(-1, 4, 1, 25)": [0.0, 0.0, 0.0, 0.0, 0.0009976970963180066], "(-1, 5, 3, 47)": [0.0, 0.0, 0.0009972305968403816, 0.0, 0.0], "(-1, 5, 3, 45)": [0.0, 0.0009968179278075696, 0.0, 0.0, 0.0], "(-1, 6, 2, 32)": [0.0, 0.0009965280070900917, 0.0, 0.0, 0.0], "(-1, 6, 1, 20)": [0.0, 0.0, 0.0, 0.0, 0.000996125303208828], "(-1, 6, 2, 43)": [0.0, 0.0009956631809473037, 0.0, 0.0, 0.0], "(-1, 7, 1, 30)": [0.0, 0.0, 0.0, 0.000995161198079586, 0.0], "(-1, 7, 2, 42)": [0.0, 0.0, 0.0009945661760866642, 0.0, 0.0], "(-1, 7, 2, 41)": [0.0, 0.0009940487332642078, 0.0, 0.0, 0.0], "(-1, 8, 1, 29)": [0.0, 0.0, 0.0, 0.0009934816509485245, 0.0], "(-1, 8, 2, 41)": [0.0, 0.0, 0.000992803368717432, 0.000991976633667946, 0.0], "(-1, 9, 2, 52)": [0.0, 0.0, 0.0009910186752676963, 0.0, 0.0], "(-1, 9, 2, 51)": [0.0, 0.0, 0.0, 0.0, 0.000989754032343626], "(-1, 10, 4, 74)": [0.0, 0.0009883595630526543, 0.0, 0.0, 0.0], "(-1, 11, 3, 61)": [0.0, 0.0, 0.0, 0.0009868652559816837, 0.0], "(-1, 11, 3, 71)": [0.0, 0.0009853394702076911, 0.0, 0.0, 0.0], "(-1, 12, 2, 59)": [0.0, 0.0, 0.0, 0.0, 0.0009835336357355117], "(-1, 13, 4, 82)": [0.0, 0.0, 0.0, 0.0009811964817345142, 0.0], "(-1, 14, 4, 92)": [0.0, 0.0, 0.0, 0.0009784155525267124, 0.0], "(-1, 15, 5, 101)": [0.0, 0.0, 0.000975348148494959, 0.0, 0.0], "(-1, 16, 4, 99)": [0.0, 0.0, 0.0, 0.0009719188325107098, 0.0], "(-1, 17, 5, 109)": [0.0, 0.0, 0.0, 0.0009679227136075498, 0.0], "(0, 18, 5, 119)": [0.0, 0.0009637921117246151, 0.0, 0.0, 0.0], "(0, 19, 4, 105)": [0.0, 0.0, 0.0, 0.0, 0.00095914201810956], "(0, 20, 6, 127)": [0.0, 0.0009541228413581849, 0.0, 0.0, 0.0], "(0, 21, 5, 114)": [0.0, 0.0009493512101471425, 0.0, 0.0, 0.0], "(0, 23, 4, 103)": [0.0, 0.0, 0.0, 0.0009442486800253392, 0.0], "(0, 24, 4, 115)": [0.0, 0.0, 0.0, 0.0, 0.0009380079805850983], "(0, 25, 5, 137)": [0.0, 0.0009312658570706845, 0.0, 0.0, 0.0], "(0, 26, 4, 126)": [0.0, 0.0009247501380741596, 0.0, 0.0, 0.0], "(0, 27, 3, 116)": [0.0, 0.0, 0.0, 0.0009177591651678086, 0.0], "(0, 29, 4, 129)": [0.0009107855148613453, 0.0, 0.0, 0.0, 0.0], "(0, 30, 2, 110)": [0.0, 0.0, 0.0, 0.0, 0.0009031642228364945], "(0, 31, 4, 135)": [0.0008952124975621701, 0.0, 0.0, 0.0, 0.0], "(0, 32, 2, 116)": [0.0, 0.0, 0.0, 0.0008869076147675515, 0.0], "(0, 34, 3, 131)": [0.0, 0.0, 0.000877678394317627, 0.0, 0.0], "(0, 35, 3, 135)": [0.0, 0.0, 0.0008677825331687927, 0.0, 0.0], "(0, 36, 3, 139)": [0.0, 0.0, 0.0008571609854698182, 0.0, 0.0], "(0, 38, 3, 144)": [0.0, 0.0008461970835924149, 0.0, 0.0, 0.0], "(0, 39, 2, 139)": [0.0008356403559446335, 0.0, 0.0, 0.0, 0.0], "(0, 41, 1, 125)": [0.0, 0.0008253318257629872, 0.0, 0.0, 0.0], "(0, 42, 0, 123)": [0.0, 0.0, 0.0, 0.0, -0.00218657273799181]}}