{"q_values": {"(0, 1, 0, -2)": [0.0, 0.0, 0.0, 0.0, 9.987347759306431e-05], "(0, 1, 0, 3)": [0.0, 0.0, 0.0, 0.0, 9.985171258449555e-05], "(0, 1, 0, 8)": [0.0, 0.0001982329993508756, 0.00010044489886891097, 0.0, 0.0], "(0, 1, 0, 5)": [0.0, 0.0, 9.980461560189724e-05, 0.0, 9.976970963180065e-05], "(0, 1, 0, 9)": [0.0, 0.00019923785567469896, 9.972305968403817e-05, 0.0, 0.0], "(0, 1, 0, 6)": [0.0, 9.965280070900917e-05, 0.0, 0.00010050440106820316, 0.0], "(0, 1, 0, 4)": [0.0, 0.0, 0.0, 0.0, 0.00010059978861175477], "(0, 2, 0, 6)": [0.0, 0.0, 0.0, 9.934816509485245e-05, 0.0], "(0, 2, 0, 8)": [0.0, 0.0, 9.92803368717432e-05, 9.91976633667946e-05, 0.0], "(0, 2, 0, 10)": [0.0, 0.0, 9.910186752676964e-05, 0.0, 9.89754032343626e-05], "(0, 2, 0, 15)": [0.0, 9.883595630526543e-05, 0.0, 0.0, 0.0], "(0, 2, 0, 12)": [0.0, 0.0, 0.0, 9.868652559816838e-05, 9.835336357355117e-05], "(0, 2, 0, 14)": [0.0, 9.9510943624191e-05, 0.0, 0.0, 0.0], "(0, 3, 0, 16)": [0.0, 0.0, 0.0, 9.811964817345142e-05, 0.0], "(0, 3, 0, 18)": [0.0, 0.0, 0.0, 9.784155525267125e-05, 0.0], "(0, 3, 0, 20)": [0.0, 0.0, 9.75348148494959e-05, 9.719188325107098e-05, 0.0], "(0, 3, 0, 22)": [0.0, 0.0, 0.0, 9.679227136075497e-05, 0.0], "(0, 4, 1, 24)": [0.0, 9.637921117246151e-05, 0.0, 0.0, 0.0], "(0, 4, 0, 21)": [0.0, 0.0, 0.0, 0.0, 9.5914201810956e-05], "(0, 4, 1, 25)": [0.0, 9.541228413581848e-05, 0.0, 0.0, 0.0], "(0, 4, 0, 23)": [0.0, 9.493512101471424e-05, 0.0, 0.0, 0.0], "(0, 5, 0, 21)": [0.0, 0.0, 0.0, 9.442486800253392e-05, 0.0], "(0, 5, 0, 23)": [0.0, 0.0, 0.0, 9.177591651678085e-05, 9.380079805850982e-05], "(0, 5, 1, 27)": [0.0, 9.312658570706845e-05, 0.0, 0.0, 0.0], "(0, 5, 0, 25)": [0.0, 9.340364170819521e-05, 0.0, 0.0, 0.0], "(0, 6, 0, 26)": [9.107855148613453e-05, 0.0, 0.0, 0.0, 0.0], "(0, 6, 0, 22)": [0.0, 0.0, 0.0, 0.0, 9.031642228364945e-05], "(0, 6, 0, 27)": [8.952124975621701e-05, 0.0, 0.0, 0.0, 0.0], "(0, 6, 0, 23)": [0.0, 0.0, 0.0, 8.869076147675514e-05, 0.0], "(0, 7, 0, 26)": [0.0, 0.0, 8.77678394317627e-05, 0.0, 0.0], "(0, 7, 0, 27)": [0.0, 0.0, 8.677825331687927e-05, 0.0, 0.0], "(0, 7, 0, 28)": [0.0, 0.0, 8.571609854698182e-05, 0.0, 0.0], "(0, 8, 0, 29)": [0.0, 8.461970835924149e-05, 0.0, 0.0, 0.0], "(0, 8, 0, 28)": [8.356403559446335e-05, 0.0, 0.0, 0.0, 0.0], "(0, 8, 0, 25)": [0.0, 8.253318257629872e-05, 0.0, 0.0, -0.00021865727379918098]}}